{"_id":{"$oid":"5cb552e5e0f627212ff3a7aa"},"stDate":"2017/10/17","teamAbbr":"ATL","rank":2,"rankOrd":"2nd","gameWon":0,"gameLost":0,"stk":"-","homeWin":0,"homeLoss":0,"awayWin":0,"awayLoss":0}
{"_id":{"$oid":"5cb552e5e0f627212ff3a7b3"},"stDate":"2017/10/18","teamAbbr":"ATL","rank":1,"rankOrd":"1st","gameWon":1,"gameLost":0,"stk":"W1","homeWin":0,"homeLoss":0,"awayWin":1,"awayLoss":0}
{"_id":{"$oid":"5cb552e5e0f627212ff3a7d1"},"stDate":"2017/10/19","teamAbbr":"ATL","rank":1,"rankOrd":"1st","gameWon":1,"gameLost":0,"stk":"W1","homeWin":0,"homeLoss":0,"awayWin":1,"awayLoss":0}
{"_id":{"$oid":"5cb552e5e0f627212ff3a7e8"},"stDate":"2017/10/20","teamAbbr":"ATL","rank":4,"rankOrd":"4th","gameWon":1,"gameLost":1,"stk":"L1","homeWin":0,"homeLoss":0,"awayWin":1,"awayLoss":1}
{"_id":{"$oid":"5cb552e5e0f627212ff3a80d"},"stDate":"2017/10/21","teamAbbr":"ATL","rank":7,"rankOrd":"7th","gameWon":1,"gameLost":1,"stk":"L1","homeWin":0,"homeLoss":0,"awayWin":1,"awayLoss":1}
{"_id":{"$oid":"5cb552e5e0f627212ff3a829"},"stDate":"2017/10/22","teamAbbr":"ATL","rank":10,"rankOrd":"10th","gameWon":1,"gameLost":2,"stk":"L2","homeWin":0,"homeLoss":0,"awayWin":1,"awayLoss":2}
{"_id":{"$oid":"5cb552e5e0f627212ff3a848"},"stDate":"2017/10/23","teamAbbr":"ATL","rank":12,"rankOrd":"12th","gameWon":1,"gameLost":3,"stk":"L3","homeWin":0,"homeLoss":0,"awayWin":1,"awayLoss":3}
{"_id":{"$oid":"5cb552e5e0f627212ff3a868"},"stDate":"2017/10/24","teamAbbr":"ATL","rank":12,"rankOrd":"12th","gameWon":1,"gameLost":3,"stk":"L3","homeWin":0,"homeLoss":0,"awayWin":1,"awayLoss":3}
{"_id":{"$oid":"5cb552e5e0f627212ff3a885"},"stDate":"2017/10/25","teamAbbr":"ATL","rank":12,"rankOrd":"12th","gameWon":1,"gameLost":3,"stk":"L3","homeWin":0,"homeLoss":0,"awayWin":1,"awayLoss":3}
{"_id":{"$oid":"5cb552e5e0f627212ff3a8a3"},"stDate":"2017/10/26","teamAbbr":"ATL","rank":13,"rankOrd":"13th","gameWon":1,"gameLost":4,"stk":"L4","homeWin":0,"homeLoss":0,"awayWin":1,"awayLoss":4}
{"_id":{"$oid":"5cb552e5e0f627212ff3a8c1"},"stDate":"2017/10/27","teamAbbr":"ATL","rank":15,"rankOrd":"15th","gameWon":1,"gameLost":5,"stk":"L5","homeWin":0,"homeLoss":1,"awayWin":1,"awayLoss":4}
{"_id":{"$oid":"5cb552e5e0f627212ff3a8de"},"stDate":"2017/10/28","teamAbbr":"ATL","rank":15,"rankOrd":"15th","gameWon":1,"gameLost":5,"stk":"L5","homeWin":0,"homeLoss":1,"awayWin":1,"awayLoss":4}
{"_id":{"$oid":"5cb552e5e0f627212ff3a8fc"},"stDate":"2017/10/29","teamAbbr":"ATL","rank":15,"rankOrd":"15th","gameWon":1,"gameLost":6,"stk":"L6","homeWin":0,"homeLoss":2,"awayWin":1,"awayLoss":4}
{"_id":{"$oid":"5cb552e5e0f627212ff3a91c"},"stDate":"2017/10/30","teamAbbr":"ATL","rank":15,"rankOrd":"15th","gameWon":1,"gameLost":6,"stk":"L6","homeWin":0,"homeLoss":2,"awayWin":1,"awayLoss":4}
{"_id":{"$oid":"5cb552e5e0f627212ff3a939"},"stDate":"2017/10/31","teamAbbr":"ATL","rank":15,"rankOrd":"15th","gameWon":1,"gameLost":6,"stk":"L6","homeWin":0,"homeLoss":2,"awayWin":1,"awayLoss":4}
{"_id":{"$oid":"5cb552e5e0f627212ff3a957"},"stDate":"2017/11/1","teamAbbr":"ATL","rank":15,"rankOrd":"15th","gameWon":1,"gameLost":7,"stk":"L7","homeWin":0,"homeLoss":2,"awayWin":1,"awayLoss":5}
{"_id":{"$oid":"5cb552e5e0f627212ff3a975"},"stDate":"2017/11/2","teamAbbr":"ATL","rank":15,"rankOrd":"15th","gameWon":1,"gameLost":7,"stk":"L7","homeWin":0,"homeLoss":2,"awayWin":1,"awayLoss":5}
{"_id":{"$oid":"5cb552e5e0f627212ff3a990"},"stDate":"2017/11/3","teamAbbr":"ATL","rank":15,"rankOrd":"15th","gameWon":1,"gameLost":8,"stk":"L8","homeWin":0,"homeLoss":3,"awayWin":1,"awayLoss":5}
{"_id":{"$oid":"5cb552e5e0f627212ff3a9b0"},"stDate":"2017/11/4","teamAbbr":"ATL","rank":15,"rankOrd":"15th","gameWon":1,"gameLost":8,"stk":"L8","homeWin":0,"homeLoss":3,"awayWin":1,"awayLoss":5}
{"_id":{"$oid":"5cb552e5e0f627212ff3a9d3"},"stDate":"2017/11/5","teamAbbr":"ATL","rank":15,"rankOrd":"15th","gameWon":2,"gameLost":8,"stk":"W1","homeWin":0,"homeLoss":3,"awayWin":2,"awayLoss":5}
{"_id":{"$oid":"5cb552e5e0f627212ff3a9ed"},"stDate":"2017/11/6","teamAbbr":"ATL","rank":15,"rankOrd":"15th","gameWon":2,"gameLost":9,"stk":"L1","homeWin":0,"homeLoss":4,"awayWin":2,"awayLoss":5}
{"_id":{"$oid":"5cb552e5e0f627212ff3aa0b"},"stDate":"2017/11/7","teamAbbr":"ATL","rank":15,"rankOrd":"15th","gameWon":2,"gameLost":9,"stk":"L1","homeWin":0,"homeLoss":4,"awayWin":2,"awayLoss":5}
{"_id":{"$oid":"5cb552e5e0f627212ff3aa29"},"stDate":"2017/11/8","teamAbbr":"ATL","rank":15,"rankOrd":"15th","gameWon":2,"gameLost":9,"stk":"L1","homeWin":0,"homeLoss":4,"awayWin":2,"awayLoss":5}
{"_id":{"$oid":"5cb552e5e0f627212ff3aa47"},"stDate":"2017/11/9","teamAbbr":"ATL","rank":15,"rankOrd":"15th","gameWon":2,"gameLost":9,"stk":"L1","homeWin":0,"homeLoss":4,"awayWin":2,"awayLoss":5}
{"_id":{"$oid":"5cb552e5e0f627212ff3aa65"},"stDate":"2017/11/10","teamAbbr":"ATL","rank":15,"rankOrd":"15th","gameWon":2,"gameLost":10,"stk":"L2","homeWin":0,"homeLoss":4,"awayWin":2,"awayLoss":6}
{"_id":{"$oid":"5cb552e5e0f627212ff3aa83"},"stDate":"2017/11/11","teamAbbr":"ATL","rank":15,"rankOrd":"15th","gameWon":2,"gameLost":11,"stk":"L3","homeWin":0,"homeLoss":4,"awayWin":2,"awayLoss":7}
{"_id":{"$oid":"5cb552e5e0f627212ff3aaa0"},"stDate":"2017/11/12","teamAbbr":"ATL","rank":15,"rankOrd":"15th","gameWon":2,"gameLost":11,"stk":"L3","homeWin":0,"homeLoss":4,"awayWin":2,"awayLoss":7}
{"_id":{"$oid":"5cb552e5e0f627212ff3aabe"},"stDate":"2017/11/13","teamAbbr":"ATL","rank":15,"rankOrd":"15th","gameWon":2,"gameLost":12,"stk":"L4","homeWin":0,"homeLoss":4,"awayWin":2,"awayLoss":8}
{"_id":{"$oid":"5cb552e5e0f627212ff3aadd"},"stDate":"2017/11/14","teamAbbr":"ATL","rank":15,"rankOrd":"15th","gameWon":2,"gameLost":12,"stk":"L4","homeWin":0,"homeLoss":4,"awayWin":2,"awayLoss":8}
{"_id":{"$oid":"5cb552e5e0f627212ff3aafa"},"stDate":"2017/11/15","teamAbbr":"ATL","rank":15,"rankOrd":"15th","gameWon":3,"gameLost":12,"stk":"W1","homeWin":1,"homeLoss":4,"awayWin":2,"awayLoss":8}
{"_id":{"$oid":"5cb552e5e0f627212ff3ab15"},"stDate":"2017/11/16","teamAbbr":"ATL","rank":15,"rankOrd":"15th","gameWon":3,"gameLost":12,"stk":"W1","homeWin":1,"homeLoss":4,"awayWin":2,"awayLoss":8}
{"_id":{"$oid":"5cb552e5e0f627212ff3ab37"},"stDate":"2017/11/17","teamAbbr":"ATL","rank":15,"rankOrd":"15th","gameWon":3,"gameLost":12,"stk":"W1","homeWin":1,"homeLoss":4,"awayWin":2,"awayLoss":8}
{"_id":{"$oid":"5cb552e5e0f627212ff3ab55"},"stDate":"2017/11/18","teamAbbr":"ATL","rank":15,"rankOrd":"15th","gameWon":3,"gameLost":13,"stk":"L1","homeWin":1,"homeLoss":5,"awayWin":2,"awayLoss":8}
{"_id":{"$oid":"5cb552e5e0f627212ff3ab72"},"stDate":"2017/11/19","teamAbbr":"ATL","rank":15,"rankOrd":"15th","gameWon":3,"gameLost":13,"stk":"L1","homeWin":1,"homeLoss":5,"awayWin":2,"awayLoss":8}
{"_id":{"$oid":"5cb552e5e0f627212ff3ab92"},"stDate":"2017/11/20","teamAbbr":"ATL","rank":15,"rankOrd":"15th","gameWon":3,"gameLost":14,"stk":"L2","homeWin":1,"homeLoss":5,"awayWin":2,"awayLoss":9}
{"_id":{"$oid":"5cb552e5e0f627212ff3abae"},"stDate":"2017/11/21","teamAbbr":"ATL","rank":15,"rankOrd":"15th","gameWon":3,"gameLost":14,"stk":"L2","homeWin":1,"homeLoss":5,"awayWin":2,"awayLoss":9}
{"_id":{"$oid":"5cb552e5e0f627212ff3abcd"},"stDate":"2017/11/22","teamAbbr":"ATL","rank":15,"rankOrd":"15th","gameWon":3,"gameLost":15,"stk":"L3","homeWin":1,"homeLoss":6,"awayWin":2,"awayLoss":9}
{"_id":{"$oid":"5cb552e5e0f627212ff3abea"},"stDate":"2017/11/24","teamAbbr":"ATL","rank":14,"rankOrd":"14th","gameWon":4,"gameLost":15,"stk":"W1","homeWin":2,"homeLoss":6,"awayWin":2,"awayLoss":9}
{"_id":{"$oid":"5cb552e5e0f627212ff3ac0b"},"stDate":"2017/11/25","teamAbbr":"ATL","rank":15,"rankOrd":"15th","gameWon":4,"gameLost":16,"stk":"L1","homeWin":2,"homeLoss":7,"awayWin":2,"awayLoss":9}
{"_id":{"$oid":"5cb552e5e0f627212ff3ac27"},"stDate":"2017/11/26","teamAbbr":"ATL","rank":14,"rankOrd":"14th","gameWon":4,"gameLost":16,"stk":"L1","homeWin":2,"homeLoss":7,"awayWin":2,"awayLoss":9}
{"_id":{"$oid":"5cb552e5e0f627212ff3ac46"},"stDate":"2017/11/27","teamAbbr":"ATL","rank":14,"rankOrd":"14th","gameWon":4,"gameLost":16,"stk":"L1","homeWin":2,"homeLoss":7,"awayWin":2,"awayLoss":9}
{"_id":{"$oid":"5cb552e5e0f627212ff3ac64"},"stDate":"2017/11/28","teamAbbr":"ATL","rank":14,"rankOrd":"14th","gameWon":4,"gameLost":16,"stk":"L1","homeWin":2,"homeLoss":7,"awayWin":2,"awayLoss":9}
{"_id":{"$oid":"5cb552e5e0f627212ff3ac7f"},"stDate":"2017/11/29","teamAbbr":"ATL","rank":14,"rankOrd":"14th","gameWon":4,"gameLost":16,"stk":"L1","homeWin":2,"homeLoss":7,"awayWin":2,"awayLoss":9}
{"_id":{"$oid":"5cb552e5e0f627212ff3ac9c"},"stDate":"2017/11/30","teamAbbr":"ATL","rank":14,"rankOrd":"14th","gameWon":4,"gameLost":17,"stk":"L2","homeWin":2,"homeLoss":8,"awayWin":2,"awayLoss":9}
{"_id":{"$oid":"5cb552e5e0f627212ff3acbe"},"stDate":"2017/12/1","teamAbbr":"ATL","rank":14,"rankOrd":"14th","gameWon":4,"gameLost":17,"stk":"L2","homeWin":2,"homeLoss":8,"awayWin":2,"awayLoss":9}
{"_id":{"$oid":"5cb552e5e0f627212ff3acdb"},"stDate":"2017/12/2","teamAbbr":"ATL","rank":14,"rankOrd":"14th","gameWon":5,"gameLost":17,"stk":"W1","homeWin":2,"homeLoss":8,"awayWin":3,"awayLoss":9}
{"_id":{"$oid":"5cb552e5e0f627212ff3ad10"},"stDate":"2017/12/3","teamAbbr":"ATL","rank":14,"rankOrd":"14th","gameWon":5,"gameLost":17,"stk":"W1","homeWin":2,"homeLoss":8,"awayWin":3,"awayLoss":9}
{"_id":{"$oid":"5cb552e5e0f627212ff3ad16"},"stDate":"2017/12/4","teamAbbr":"ATL","rank":14,"rankOrd":"14th","gameWon":5,"gameLost":18,"stk":"L1","homeWin":2,"homeLoss":9,"awayWin":3,"awayLoss":9}
{"_id":{"$oid":"5cb552e5e0f627212ff3ad30"},"stDate":"2017/12/5","teamAbbr":"ATL","rank":14,"rankOrd":"14th","gameWon":5,"gameLost":18,"stk":"L1","homeWin":2,"homeLoss":9,"awayWin":3,"awayLoss":9}
{"_id":{"$oid":"5cb552e5e0f627212ff3ad54"},"stDate":"2017/12/6","teamAbbr":"ATL","rank":14,"rankOrd":"14th","gameWon":5,"gameLost":19,"stk":"L2","homeWin":2,"homeLoss":9,"awayWin":3,"awayLoss":10}
{"_id":{"$oid":"5cb552e5e0f627212ff3ad71"},"stDate":"2017/12/7","teamAbbr":"ATL","rank":14,"rankOrd":"14th","gameWon":5,"gameLost":19,"stk":"L2","homeWin":2,"homeLoss":9,"awayWin":3,"awayLoss":10}
{"_id":{"$oid":"5cb552e5e0f627212ff3ad8e"},"stDate":"2017/12/8","teamAbbr":"ATL","rank":14,"rankOrd":"14th","gameWon":5,"gameLost":19,"stk":"L2","homeWin":2,"homeLoss":9,"awayWin":3,"awayLoss":10}
{"_id":{"$oid":"5cb552e5e0f627212ff3adae"},"stDate":"2017/12/9","teamAbbr":"ATL","rank":14,"rankOrd":"14th","gameWon":6,"gameLost":19,"stk":"W1","homeWin":3,"homeLoss":9,"awayWin":3,"awayLoss":10}
{"_id":{"$oid":"5cb552e5e0f627212ff3adcc"},"stDate":"2017/12/10","teamAbbr":"ATL","rank":14,"rankOrd":"14th","gameWon":6,"gameLost":20,"stk":"L1","homeWin":3,"homeLoss":9,"awayWin":3,"awayLoss":11}
{"_id":{"$oid":"5cb552e5e0f627212ff3adec"},"stDate":"2017/12/11","teamAbbr":"ATL","rank":14,"rankOrd":"14th","gameWon":6,"gameLost":20,"stk":"L1","homeWin":3,"homeLoss":9,"awayWin":3,"awayLoss":11}
{"_id":{"$oid":"5cb552e5e0f627212ff3ae08"},"stDate":"2017/12/12","teamAbbr":"ATL","rank":15,"rankOrd":"15th","gameWon":6,"gameLost":21,"stk":"L2","homeWin":3,"homeLoss":9,"awayWin":3,"awayLoss":12}
{"_id":{"$oid":"5cb552e5e0f627212ff3ae26"},"stDate":"2017/12/13","teamAbbr":"ATL","rank":15,"rankOrd":"15th","gameWon":6,"gameLost":21,"stk":"L2","homeWin":3,"homeLoss":9,"awayWin":3,"awayLoss":12}
{"_id":{"$oid":"5cb552e5e0f627212ff3ae44"},"stDate":"2017/12/14","teamAbbr":"ATL","rank":15,"rankOrd":"15th","gameWon":6,"gameLost":22,"stk":"L3","homeWin":3,"homeLoss":10,"awayWin":3,"awayLoss":12}
{"_id":{"$oid":"5cb552e5e0f627212ff3ae63"},"stDate":"2017/12/15","teamAbbr":"ATL","rank":15,"rankOrd":"15th","gameWon":6,"gameLost":23,"stk":"L4","homeWin":3,"homeLoss":10,"awayWin":3,"awayLoss":13}
{"_id":{"$oid":"5cb552e5e0f627212ff3ae80"},"stDate":"2017/12/16","teamAbbr":"ATL","rank":15,"rankOrd":"15th","gameWon":6,"gameLost":23,"stk":"L4","homeWin":3,"homeLoss":10,"awayWin":3,"awayLoss":13}
{"_id":{"$oid":"5cb552e5e0f627212ff3ae9e"},"stDate":"2017/12/17","teamAbbr":"ATL","rank":15,"rankOrd":"15th","gameWon":6,"gameLost":23,"stk":"L4","homeWin":3,"homeLoss":10,"awayWin":3,"awayLoss":13}
{"_id":{"$oid":"5cb552e5e0f627212ff3aebd"},"stDate":"2017/12/18","teamAbbr":"ATL","rank":15,"rankOrd":"15th","gameWon":7,"gameLost":23,"stk":"W1","homeWin":4,"homeLoss":10,"awayWin":3,"awayLoss":13}
{"_id":{"$oid":"5cb552e5e0f627212ff3aedb"},"stDate":"2017/12/19","teamAbbr":"ATL","rank":15,"rankOrd":"15th","gameWon":7,"gameLost":23,"stk":"W1","homeWin":4,"homeLoss":10,"awayWin":3,"awayLoss":13}
{"_id":{"$oid":"5cb552e5e0f627212ff3aef8"},"stDate":"2017/12/20","teamAbbr":"ATL","rank":15,"rankOrd":"15th","gameWon":7,"gameLost":24,"stk":"L1","homeWin":4,"homeLoss":11,"awayWin":3,"awayLoss":13}
{"_id":{"$oid":"5cb552e5e0f627212ff3af15"},"stDate":"2017/12/21","teamAbbr":"ATL","rank":15,"rankOrd":"15th","gameWon":7,"gameLost":24,"stk":"L1","homeWin":4,"homeLoss":11,"awayWin":3,"awayLoss":13}
{"_id":{"$oid":"5cb552e5e0f627212ff3af34"},"stDate":"2017/12/22","teamAbbr":"ATL","rank":15,"rankOrd":"15th","gameWon":7,"gameLost":25,"stk":"L2","homeWin":4,"homeLoss":11,"awayWin":3,"awayLoss":14}
{"_id":{"$oid":"5cb552e5e0f627212ff3af52"},"stDate":"2017/12/23","teamAbbr":"ATL","rank":15,"rankOrd":"15th","gameWon":8,"gameLost":25,"stk":"W1","homeWin":5,"homeLoss":11,"awayWin":3,"awayLoss":14}
{"_id":{"$oid":"5cb552e5e0f627212ff3af71"},"stDate":"2017/12/25","teamAbbr":"ATL","rank":15,"rankOrd":"15th","gameWon":8,"gameLost":25,"stk":"W1","homeWin":5,"homeLoss":11,"awayWin":3,"awayLoss":14}
{"_id":{"$oid":"5cb552e5e0f627212ff3af8d"},"stDate":"2017/12/26","teamAbbr":"ATL","rank":15,"rankOrd":"15th","gameWon":8,"gameLost":25,"stk":"W1","homeWin":5,"homeLoss":11,"awayWin":3,"awayLoss":14}
{"_id":{"$oid":"5cb552e5e0f627212ff3afad"},"stDate":"2017/12/27","teamAbbr":"ATL","rank":15,"rankOrd":"15th","gameWon":9,"gameLost":25,"stk":"W2","homeWin":6,"homeLoss":11,"awayWin":3,"awayLoss":14}
{"_id":{"$oid":"5cb552e5e0f627212ff3afcb"},"stDate":"2017/12/28","teamAbbr":"ATL","rank":15,"rankOrd":"15th","gameWon":9,"gameLost":25,"stk":"W2","homeWin":6,"homeLoss":11,"awayWin":3,"awayLoss":14}
{"_id":{"$oid":"5cb552e5e0f627212ff3afea"},"stDate":"2017/12/29","teamAbbr":"ATL","rank":15,"rankOrd":"15th","gameWon":9,"gameLost":26,"stk":"L1","homeWin":6,"homeLoss":11,"awayWin":3,"awayLoss":15}
{"_id":{"$oid":"5cb552e5e0f627212ff3b001"},"stDate":"2017/12/30","teamAbbr":"ATL","rank":15,"rankOrd":"15th","gameWon":10,"gameLost":26,"stk":"W1","homeWin":7,"homeLoss":11,"awayWin":3,"awayLoss":15}
{"_id":{"$oid":"5cb552e5e0f627212ff3b025"},"stDate":"2017/12/31","teamAbbr":"ATL","rank":15,"rankOrd":"15th","gameWon":10,"gameLost":26,"stk":"W1","homeWin":7,"homeLoss":11,"awayWin":3,"awayLoss":15}
{"_id":{"$oid":"5cb552e5e0f627212ff3b043"},"stDate":"2018/1/1","teamAbbr":"ATL","rank":15,"rankOrd":"15th","gameWon":10,"gameLost":26,"stk":"W1","homeWin":7,"homeLoss":11,"awayWin":3,"awayLoss":15}
{"_id":{"$oid":"5cb552e5e0f627212ff3b05a"},"stDate":"2018/1/2","teamAbbr":"ATL","rank":15,"rankOrd":"15th","gameWon":10,"gameLost":27,"stk":"L1","homeWin":7,"homeLoss":11,"awayWin":3,"awayLoss":16}
{"_id":{"$oid":"5cb552e5e0f627212ff3b07f"},"stDate":"2018/1/3","teamAbbr":"ATL","rank":15,"rankOrd":"15th","gameWon":10,"gameLost":27,"stk":"L1","homeWin":7,"homeLoss":11,"awayWin":3,"awayLoss":16}
{"_id":{"$oid":"5cb552e5e0f627212ff3b09d"},"stDate":"2018/1/4","teamAbbr":"ATL","rank":15,"rankOrd":"15th","gameWon":10,"gameLost":27,"stk":"L1","homeWin":7,"homeLoss":11,"awayWin":3,"awayLoss":16}
{"_id":{"$oid":"5cb552e5e0f627212ff3b0b4"},"stDate":"2018/1/5","teamAbbr":"ATL","rank":15,"rankOrd":"15th","gameWon":10,"gameLost":28,"stk":"L2","homeWin":7,"homeLoss":11,"awayWin":3,"awayLoss":17}
{"_id":{"$oid":"5cb552e5e0f627212ff3b0d9"},"stDate":"2018/1/6","teamAbbr":"ATL","rank":15,"rankOrd":"15th","gameWon":10,"gameLost":28,"stk":"L2","homeWin":7,"homeLoss":11,"awayWin":3,"awayLoss":17}
{"_id":{"$oid":"5cb552e5e0f627212ff3b0f7"},"stDate":"2018/1/7","teamAbbr":"ATL","rank":15,"rankOrd":"15th","gameWon":10,"gameLost":29,"stk":"L3","homeWin":7,"homeLoss":11,"awayWin":3,"awayLoss":18}
{"_id":{"$oid":"5cb552e5e0f627212ff3b115"},"stDate":"2018/1/8","teamAbbr":"ATL","rank":15,"rankOrd":"15th","gameWon":10,"gameLost":30,"stk":"L4","homeWin":7,"homeLoss":11,"awayWin":3,"awayLoss":19}
{"_id":{"$oid":"5cb552e5e0f627212ff3b12c"},"stDate":"2018/1/9","teamAbbr":"ATL","rank":15,"rankOrd":"15th","gameWon":10,"gameLost":30,"stk":"L4","homeWin":7,"homeLoss":11,"awayWin":3,"awayLoss":19}
{"_id":{"$oid":"5cb552e5e0f627212ff3b14f"},"stDate":"2018/1/10","teamAbbr":"ATL","rank":15,"rankOrd":"15th","gameWon":11,"gameLost":30,"stk":"W1","homeWin":7,"homeLoss":11,"awayWin":4,"awayLoss":19}
{"_id":{"$oid":"5cb552e5e0f627212ff3b16f"},"stDate":"2018/1/11","teamAbbr":"ATL","rank":15,"rankOrd":"15th","gameWon":11,"gameLost":30,"stk":"W1","homeWin":7,"homeLoss":11,"awayWin":4,"awayLoss":19}
{"_id":{"$oid":"5cb552e5e0f627212ff3b18d"},"stDate":"2018/1/12","teamAbbr":"ATL","rank":15,"rankOrd":"15th","gameWon":11,"gameLost":31,"stk":"L1","homeWin":7,"homeLoss":12,"awayWin":4,"awayLoss":19}
{"_id":{"$oid":"5cb552e5e0f627212ff3b1a5"},"stDate":"2018/1/13","teamAbbr":"ATL","rank":15,"rankOrd":"15th","gameWon":11,"gameLost":31,"stk":"L1","homeWin":7,"homeLoss":12,"awayWin":4,"awayLoss":19}
{"_id":{"$oid":"5cb552e5e0f627212ff3b1c9"},"stDate":"2018/1/14","teamAbbr":"ATL","rank":15,"rankOrd":"15th","gameWon":11,"gameLost":31,"stk":"L1","homeWin":7,"homeLoss":12,"awayWin":4,"awayLoss":19}
{"_id":{"$oid":"5cb552e5e0f627212ff3b1e6"},"stDate":"2018/1/15","teamAbbr":"ATL","rank":14,"rankOrd":"14th","gameWon":12,"gameLost":31,"stk":"W1","homeWin":8,"homeLoss":12,"awayWin":4,"awayLoss":19}
{"_id":{"$oid":"5cb552e5e0f627212ff3b205"},"stDate":"2018/1/16","teamAbbr":"ATL","rank":15,"rankOrd":"15th","gameWon":12,"gameLost":31,"stk":"W1","homeWin":8,"homeLoss":12,"awayWin":4,"awayLoss":19}
{"_id":{"$oid":"5cb552e5e0f627212ff3b222"},"stDate":"2018/1/17","teamAbbr":"ATL","rank":14,"rankOrd":"14th","gameWon":13,"gameLost":31,"stk":"W2","homeWin":9,"homeLoss":12,"awayWin":4,"awayLoss":19}
{"_id":{"$oid":"5cb552e5e0f627212ff3b241"},"stDate":"2018/1/18","teamAbbr":"ATL","rank":14,"rankOrd":"14th","gameWon":13,"gameLost":31,"stk":"W2","homeWin":9,"homeLoss":12,"awayWin":4,"awayLoss":19}
{"_id":{"$oid":"5cb552e5e0f627212ff3b260"},"stDate":"2018/1/19","teamAbbr":"ATL","rank":14,"rankOrd":"14th","gameWon":13,"gameLost":31,"stk":"W2","homeWin":9,"homeLoss":12,"awayWin":4,"awayLoss":19}
{"_id":{"$oid":"5cb552e5e0f627212ff3b27d"},"stDate":"2018/1/20","teamAbbr":"ATL","rank":14,"rankOrd":"14th","gameWon":13,"gameLost":32,"stk":"L1","homeWin":9,"homeLoss":13,"awayWin":4,"awayLoss":19}
{"_id":{"$oid":"5cb552e5e0f627212ff3b29b"},"stDate":"2018/1/21","teamAbbr":"ATL","rank":15,"rankOrd":"15th","gameWon":13,"gameLost":32,"stk":"L1","homeWin":9,"homeLoss":13,"awayWin":4,"awayLoss":19}
{"_id":{"$oid":"5cb552e5e0f627212ff3b2b3"},"stDate":"2018/1/22","teamAbbr":"ATL","rank":14,"rankOrd":"14th","gameWon":14,"gameLost":32,"stk":"W1","homeWin":10,"homeLoss":13,"awayWin":4,"awayLoss":19}
{"_id":{"$oid":"5cb552e5e0f627212ff3b2d5"},"stDate":"2018/1/23","teamAbbr":"ATL","rank":14,"rankOrd":"14th","gameWon":14,"gameLost":32,"stk":"W1","homeWin":10,"homeLoss":13,"awayWin":4,"awayLoss":19}
{"_id":{"$oid":"5cb552e5e0f627212ff3b2f5"},"stDate":"2018/1/24","teamAbbr":"ATL","rank":14,"rankOrd":"14th","gameWon":14,"gameLost":33,"stk":"L1","homeWin":10,"homeLoss":14,"awayWin":4,"awayLoss":19}
{"_id":{"$oid":"5cb552e5e0f627212ff3b312"},"stDate":"2018/1/25","teamAbbr":"ATL","rank":14,"rankOrd":"14th","gameWon":14,"gameLost":33,"stk":"L1","homeWin":10,"homeLoss":14,"awayWin":4,"awayLoss":19}
{"_id":{"$oid":"5cb552e5e0f627212ff3b331"},"stDate":"2018/1/26","teamAbbr":"ATL","rank":15,"rankOrd":"15th","gameWon":14,"gameLost":34,"stk":"L2","homeWin":10,"homeLoss":14,"awayWin":4,"awayLoss":20}
{"_id":{"$oid":"5cb552e5e0f627212ff3b350"},"stDate":"2018/1/27","teamAbbr":"ATL","rank":15,"rankOrd":"15th","gameWon":14,"gameLost":35,"stk":"L3","homeWin":10,"homeLoss":15,"awayWin":4,"awayLoss":20}
{"_id":{"$oid":"5cb552e5e0f627212ff3b36e"},"stDate":"2018/1/28","teamAbbr":"ATL","rank":15,"rankOrd":"15th","gameWon":14,"gameLost":35,"stk":"L3","homeWin":10,"homeLoss":15,"awayWin":4,"awayLoss":20}
{"_id":{"$oid":"5cb552e5e0f627212ff3b38b"},"stDate":"2018/1/29","teamAbbr":"ATL","rank":14,"rankOrd":"14th","gameWon":15,"gameLost":35,"stk":"W1","homeWin":11,"homeLoss":15,"awayWin":4,"awayLoss":20}
{"_id":{"$oid":"5cb552e5e0f627212ff3b3aa"},"stDate":"2018/1/30","teamAbbr":"ATL","rank":14,"rankOrd":"14th","gameWon":15,"gameLost":35,"stk":"W1","homeWin":11,"homeLoss":15,"awayWin":4,"awayLoss":20}
{"_id":{"$oid":"5cb552e5e0f627212ff3b3c9"},"stDate":"2018/1/31","teamAbbr":"ATL","rank":15,"rankOrd":"15th","gameWon":15,"gameLost":36,"stk":"L1","homeWin":11,"homeLoss":16,"awayWin":4,"awayLoss":20}
{"_id":{"$oid":"5cb552e5e0f627212ff3b3e3"},"stDate":"2018/2/1","teamAbbr":"ATL","rank":15,"rankOrd":"15th","gameWon":15,"gameLost":36,"stk":"L1","homeWin":11,"homeLoss":16,"awayWin":4,"awayLoss":20}
{"_id":{"$oid":"5cb552e5e0f627212ff3b404"},"stDate":"2018/2/2","teamAbbr":"ATL","rank":15,"rankOrd":"15th","gameWon":15,"gameLost":37,"stk":"L2","homeWin":11,"homeLoss":16,"awayWin":4,"awayLoss":21}
{"_id":{"$oid":"5cb552e5e0f627212ff3b424"},"stDate":"2018/2/3","teamAbbr":"ATL","rank":15,"rankOrd":"15th","gameWon":15,"gameLost":37,"stk":"L2","homeWin":11,"homeLoss":16,"awayWin":4,"awayLoss":21}
{"_id":{"$oid":"5cb552e5e0f627212ff3b439"},"stDate":"2018/2/4","teamAbbr":"ATL","rank":14,"rankOrd":"14th","gameWon":16,"gameLost":37,"stk":"W1","homeWin":11,"homeLoss":16,"awayWin":5,"awayLoss":21}
{"_id":{"$oid":"5cb552e5e0f627212ff3b45c"},"stDate":"2018/2/5","teamAbbr":"ATL","rank":15,"rankOrd":"15th","gameWon":16,"gameLost":37,"stk":"W1","homeWin":11,"homeLoss":16,"awayWin":5,"awayLoss":21}
{"_id":{"$oid":"5cb552e5e0f627212ff3b47e"},"stDate":"2018/2/6","teamAbbr":"ATL","rank":15,"rankOrd":"15th","gameWon":17,"gameLost":37,"stk":"W2","homeWin":12,"homeLoss":16,"awayWin":5,"awayLoss":21}
{"_id":{"$oid":"5cb552e5e0f627212ff3b49a"},"stDate":"2018/2/7","teamAbbr":"ATL","rank":15,"rankOrd":"15th","gameWon":17,"gameLost":37,"stk":"W2","homeWin":12,"homeLoss":16,"awayWin":5,"awayLoss":21}
{"_id":{"$oid":"5cb552e5e0f627212ff3b4b8"},"stDate":"2018/2/8","teamAbbr":"ATL","rank":15,"rankOrd":"15th","gameWon":17,"gameLost":38,"stk":"L1","homeWin":12,"homeLoss":16,"awayWin":5,"awayLoss":22}
{"_id":{"$oid":"5cb552e5e0f627212ff3b4d5"},"stDate":"2018/2/9","teamAbbr":"ATL","rank":15,"rankOrd":"15th","gameWon":17,"gameLost":39,"stk":"L2","homeWin":12,"homeLoss":17,"awayWin":5,"awayLoss":22}
{"_id":{"$oid":"5cb552e5e0f627212ff3b4f3"},"stDate":"2018/2/10","teamAbbr":"ATL","rank":15,"rankOrd":"15th","gameWon":17,"gameLost":39,"stk":"L2","homeWin":12,"homeLoss":17,"awayWin":5,"awayLoss":22}
{"_id":{"$oid":"5cb552e5e0f627212ff3b512"},"stDate":"2018/2/11","teamAbbr":"ATL","rank":15,"rankOrd":"15th","gameWon":18,"gameLost":39,"stk":"W1","homeWin":13,"homeLoss":17,"awayWin":5,"awayLoss":22}
{"_id":{"$oid":"5cb552e5e0f627212ff3b52f"},"stDate":"2018/2/12","teamAbbr":"ATL","rank":15,"rankOrd":"15th","gameWon":18,"gameLost":39,"stk":"W1","homeWin":13,"homeLoss":17,"awayWin":5,"awayLoss":22}
{"_id":{"$oid":"5cb552e5e0f627212ff3b547"},"stDate":"2018/2/13","teamAbbr":"ATL","rank":15,"rankOrd":"15th","gameWon":18,"gameLost":40,"stk":"L1","homeWin":13,"homeLoss":17,"awayWin":5,"awayLoss":23}
{"_id":{"$oid":"5cb552e5e0f627212ff3b56c"},"stDate":"2018/2/14","teamAbbr":"ATL","rank":15,"rankOrd":"15th","gameWon":18,"gameLost":41,"stk":"L2","homeWin":13,"homeLoss":17,"awayWin":5,"awayLoss":24}
{"_id":{"$oid":"5cb552e5e0f627212ff3b58a"},"stDate":"2018/2/15","teamAbbr":"ATL","rank":15,"rankOrd":"15th","gameWon":18,"gameLost":41,"stk":"L2","homeWin":13,"homeLoss":17,"awayWin":5,"awayLoss":24}
{"_id":{"$oid":"5cb552e5e0f627212ff3b5a7"},"stDate":"2018/2/22","teamAbbr":"ATL","rank":15,"rankOrd":"15th","gameWon":18,"gameLost":41,"stk":"L2","homeWin":13,"homeLoss":17,"awayWin":5,"awayLoss":24}
{"_id":{"$oid":"5cb552e5e0f627212ff3b5c5"},"stDate":"2018/2/23","teamAbbr":"ATL","rank":15,"rankOrd":"15th","gameWon":18,"gameLost":42,"stk":"L3","homeWin":13,"homeLoss":17,"awayWin":5,"awayLoss":25}
{"_id":{"$oid":"5cb552e5e0f627212ff3b5e3"},"stDate":"2018/2/24","teamAbbr":"ATL","rank":15,"rankOrd":"15th","gameWon":18,"gameLost":42,"stk":"L3","homeWin":13,"homeLoss":17,"awayWin":5,"awayLoss":25}
{"_id":{"$oid":"5cb552e5e0f627212ff3b603"},"stDate":"2018/2/25","teamAbbr":"ATL","rank":15,"rankOrd":"15th","gameWon":18,"gameLost":42,"stk":"L3","homeWin":13,"homeLoss":17,"awayWin":5,"awayLoss":25}
{"_id":{"$oid":"5cb552e5e0f627212ff3b620"},"stDate":"2018/2/26","teamAbbr":"ATL","rank":15,"rankOrd":"15th","gameWon":18,"gameLost":43,"stk":"L4","homeWin":13,"homeLoss":18,"awayWin":5,"awayLoss":25}
{"_id":{"$oid":"5cb552e5e0f627212ff3b63d"},"stDate":"2018/2/27","teamAbbr":"ATL","rank":15,"rankOrd":"15th","gameWon":18,"gameLost":43,"stk":"L4","homeWin":13,"homeLoss":18,"awayWin":5,"awayLoss":25}
{"_id":{"$oid":"5cb552e5e0f627212ff3b65c"},"stDate":"2018/2/28","teamAbbr":"ATL","rank":14,"rankOrd":"14th","gameWon":19,"gameLost":43,"stk":"W1","homeWin":14,"homeLoss":18,"awayWin":5,"awayLoss":25}
{"_id":{"$oid":"5cb552e5e0f627212ff3b67a"},"stDate":"2018/3/1","teamAbbr":"ATL","rank":14,"rankOrd":"14th","gameWon":19,"gameLost":43,"stk":"W1","homeWin":14,"homeLoss":18,"awayWin":5,"awayLoss":25}
{"_id":{"$oid":"5cb552e5e0f627212ff3b69a"},"stDate":"2018/3/2","teamAbbr":"ATL","rank":15,"rankOrd":"15th","gameWon":19,"gameLost":44,"stk":"L1","homeWin":14,"homeLoss":19,"awayWin":5,"awayLoss":25}
{"_id":{"$oid":"5cb552e5e0f627212ff3b6b5"},"stDate":"2018/3/3","teamAbbr":"ATL","rank":15,"rankOrd":"15th","gameWon":19,"gameLost":44,"stk":"L1","homeWin":14,"homeLoss":19,"awayWin":5,"awayLoss":25}
{"_id":{"$oid":"5cb552e5e0f627212ff3b6d4"},"stDate":"2018/3/4","teamAbbr":"ATL","rank":14,"rankOrd":"14th","gameWon":20,"gameLost":44,"stk":"W1","homeWin":15,"homeLoss":19,"awayWin":5,"awayLoss":25}
{"_id":{"$oid":"5cb552e5e0f627212ff3b6eb"},"stDate":"2018/3/5","teamAbbr":"ATL","rank":13,"rankOrd":"13th","gameWon":20,"gameLost":44,"stk":"W1","homeWin":15,"homeLoss":19,"awayWin":5,"awayLoss":25}
{"_id":{"$oid":"5cb552e5e0f627212ff3b70a"},"stDate":"2018/3/6","teamAbbr":"ATL","rank":14,"rankOrd":"14th","gameWon":20,"gameLost":45,"stk":"L1","homeWin":15,"homeLoss":19,"awayWin":5,"awayLoss":26}
{"_id":{"$oid":"5cb552e5e0f627212ff3b72e"},"stDate":"2018/3/7","teamAbbr":"ATL","rank":13,"rankOrd":"13th","gameWon":20,"gameLost":45,"stk":"L1","homeWin":15,"homeLoss":19,"awayWin":5,"awayLoss":26}
{"_id":{"$oid":"5cb552e5e0f627212ff3b74d"},"stDate":"2018/3/8","teamAbbr":"ATL","rank":14,"rankOrd":"14th","gameWon":20,"gameLost":45,"stk":"L1","homeWin":15,"homeLoss":19,"awayWin":5,"awayLoss":26}
{"_id":{"$oid":"5cb552e5e0f627212ff3b769"},"stDate":"2018/3/9","teamAbbr":"ATL","rank":14,"rankOrd":"14th","gameWon":20,"gameLost":46,"stk":"L2","homeWin":15,"homeLoss":19,"awayWin":5,"awayLoss":27}
{"_id":{"$oid":"5cb552e5e0f627212ff3b789"},"stDate":"2018/3/10","teamAbbr":"ATL","rank":14,"rankOrd":"14th","gameWon":20,"gameLost":46,"stk":"L2","homeWin":15,"homeLoss":19,"awayWin":5,"awayLoss":27}
{"_id":{"$oid":"5cb552e5e0f627212ff3b7a7"},"stDate":"2018/3/11","teamAbbr":"ATL","rank":14,"rankOrd":"14th","gameWon":20,"gameLost":47,"stk":"L3","homeWin":15,"homeLoss":20,"awayWin":5,"awayLoss":27}
{"_id":{"$oid":"5cb552e5e0f627212ff3b7c4"},"stDate":"2018/3/12","teamAbbr":"ATL","rank":14,"rankOrd":"14th","gameWon":20,"gameLost":47,"stk":"L3","homeWin":15,"homeLoss":20,"awayWin":5,"awayLoss":27}
{"_id":{"$oid":"5cb552e5e0f627212ff3b7e6"},"stDate":"2018/3/13","teamAbbr":"ATL","rank":14,"rankOrd":"14th","gameWon":20,"gameLost":48,"stk":"L4","homeWin":15,"homeLoss":21,"awayWin":5,"awayLoss":27}
{"_id":{"$oid":"5cb552e5e0f627212ff3b801"},"stDate":"2018/3/14","teamAbbr":"ATL","rank":15,"rankOrd":"15th","gameWon":20,"gameLost":48,"stk":"L4","homeWin":15,"homeLoss":21,"awayWin":5,"awayLoss":27}
{"_id":{"$oid":"5cb552e5e0f627212ff3b822"},"stDate":"2018/3/15","teamAbbr":"ATL","rank":15,"rankOrd":"15th","gameWon":20,"gameLost":49,"stk":"L5","homeWin":15,"homeLoss":22,"awayWin":5,"awayLoss":27}
{"_id":{"$oid":"5cb552e5e0f627212ff3b83d"},"stDate":"2018/3/16","teamAbbr":"ATL","rank":15,"rankOrd":"15th","gameWon":20,"gameLost":49,"stk":"L5","homeWin":15,"homeLoss":22,"awayWin":5,"awayLoss":27}
{"_id":{"$oid":"5cb552e5e0f627212ff3b85a"},"stDate":"2018/3/17","teamAbbr":"ATL","rank":15,"rankOrd":"15th","gameWon":20,"gameLost":50,"stk":"L6","homeWin":15,"homeLoss":22,"awayWin":5,"awayLoss":28}
{"_id":{"$oid":"5cb552e5e0f627212ff3b879"},"stDate":"2018/3/18","teamAbbr":"ATL","rank":15,"rankOrd":"15th","gameWon":20,"gameLost":50,"stk":"L6","homeWin":15,"homeLoss":22,"awayWin":5,"awayLoss":28}
{"_id":{"$oid":"5cb552e5e0f627212ff3b899"},"stDate":"2018/3/19","teamAbbr":"ATL","rank":15,"rankOrd":"15th","gameWon":20,"gameLost":50,"stk":"L6","homeWin":15,"homeLoss":22,"awayWin":5,"awayLoss":28}
{"_id":{"$oid":"5cb552e5e0f627212ff3b8b6"},"stDate":"2018/3/20","teamAbbr":"ATL","rank":14,"rankOrd":"14th","gameWon":21,"gameLost":50,"stk":"W1","homeWin":15,"homeLoss":22,"awayWin":6,"awayLoss":28}
{"_id":{"$oid":"5cb552e5e0f627212ff3b8d4"},"stDate":"2018/3/21","teamAbbr":"ATL","rank":14,"rankOrd":"14th","gameWon":21,"gameLost":50,"stk":"W1","homeWin":15,"homeLoss":22,"awayWin":6,"awayLoss":28}
{"_id":{"$oid":"5cb552e5e0f627212ff3b8f1"},"stDate":"2018/3/22","teamAbbr":"ATL","rank":14,"rankOrd":"14th","gameWon":21,"gameLost":51,"stk":"L1","homeWin":15,"homeLoss":22,"awayWin":6,"awayLoss":29}
{"_id":{"$oid":"5cb552e5e0f627212ff3b90f"},"stDate":"2018/3/23","teamAbbr":"ATL","rank":15,"rankOrd":"15th","gameWon":21,"gameLost":52,"stk":"L2","homeWin":15,"homeLoss":22,"awayWin":6,"awayLoss":30}
{"_id":{"$oid":"5cb552e5e0f627212ff3b92c"},"stDate":"2018/3/24","teamAbbr":"ATL","rank":15,"rankOrd":"15th","gameWon":21,"gameLost":52,"stk":"L2","homeWin":15,"homeLoss":22,"awayWin":6,"awayLoss":30}
{"_id":{"$oid":"5cb552e5e0f627212ff3b94b"},"stDate":"2018/3/25","teamAbbr":"ATL","rank":15,"rankOrd":"15th","gameWon":21,"gameLost":53,"stk":"L3","homeWin":15,"homeLoss":22,"awayWin":6,"awayLoss":31}
{"_id":{"$oid":"5cb552e5e0f627212ff3b969"},"stDate":"2018/3/26","teamAbbr":"ATL","rank":15,"rankOrd":"15th","gameWon":21,"gameLost":53,"stk":"L3","homeWin":15,"homeLoss":22,"awayWin":6,"awayLoss":31}
{"_id":{"$oid":"5cb552e5e0f627212ff3b986"},"stDate":"2018/3/27","teamAbbr":"ATL","rank":15,"rankOrd":"15th","gameWon":21,"gameLost":53,"stk":"L3","homeWin":15,"homeLoss":22,"awayWin":6,"awayLoss":31}
{"_id":{"$oid":"5cb552e5e0f627212ff3b9a4"},"stDate":"2018/3/28","teamAbbr":"ATL","rank":15,"rankOrd":"15th","gameWon":21,"gameLost":54,"stk":"L4","homeWin":15,"homeLoss":22,"awayWin":6,"awayLoss":32}
{"_id":{"$oid":"5cb552e5e0f627212ff3b9c3"},"stDate":"2018/3/29","teamAbbr":"ATL","rank":15,"rankOrd":"15th","gameWon":21,"gameLost":54,"stk":"L4","homeWin":15,"homeLoss":22,"awayWin":6,"awayLoss":32}
{"_id":{"$oid":"5cb552e5e0f627212ff3b9e0"},"stDate":"2018/3/30","teamAbbr":"ATL","rank":15,"rankOrd":"15th","gameWon":21,"gameLost":55,"stk":"L5","homeWin":15,"homeLoss":23,"awayWin":6,"awayLoss":32}
{"_id":{"$oid":"5cb552e5e0f627212ff3b9fe"},"stDate":"2018/3/31","teamAbbr":"ATL","rank":15,"rankOrd":"15th","gameWon":21,"gameLost":55,"stk":"L5","homeWin":15,"homeLoss":23,"awayWin":6,"awayLoss":32}
{"_id":{"$oid":"5cb552e5e0f627212ff3ba1d"},"stDate":"2018/4/1","teamAbbr":"ATL","rank":15,"rankOrd":"15th","gameWon":22,"gameLost":55,"stk":"W1","homeWin":16,"homeLoss":23,"awayWin":6,"awayLoss":32}
{"_id":{"$oid":"5cb552e5e0f627212ff3ba3b"},"stDate":"2018/4/3","teamAbbr":"ATL","rank":15,"rankOrd":"15th","gameWon":22,"gameLost":56,"stk":"L1","homeWin":16,"homeLoss":23,"awayWin":6,"awayLoss":33}
{"_id":{"$oid":"5cb552e5e0f627212ff3ba59"},"stDate":"2018/4/4","teamAbbr":"ATL","rank":15,"rankOrd":"15th","gameWon":22,"gameLost":57,"stk":"L2","homeWin":16,"homeLoss":24,"awayWin":6,"awayLoss":33}
{"_id":{"$oid":"5cb552e5e0f627212ff3ba77"},"stDate":"2018/4/5","teamAbbr":"ATL","rank":15,"rankOrd":"15th","gameWon":22,"gameLost":57,"stk":"L2","homeWin":16,"homeLoss":24,"awayWin":6,"awayLoss":33}
{"_id":{"$oid":"5cb552e5e0f627212ff3ba95"},"stDate":"2018/4/6","teamAbbr":"ATL","rank":15,"rankOrd":"15th","gameWon":23,"gameLost":57,"stk":"W1","homeWin":16,"homeLoss":24,"awayWin":7,"awayLoss":33}
{"_id":{"$oid":"5cb552e5e0f627212ff3bab2"},"stDate":"2018/4/7","teamAbbr":"ATL","rank":15,"rankOrd":"15th","gameWon":23,"gameLost":57,"stk":"W1","homeWin":16,"homeLoss":24,"awayWin":7,"awayLoss":33}
{"_id":{"$oid":"5cb552e5e0f627212ff3bad1"},"stDate":"2018/4/8","teamAbbr":"ATL","rank":15,"rankOrd":"15th","gameWon":24,"gameLost":57,"stk":"W2","homeWin":16,"homeLoss":24,"awayWin":8,"awayLoss":33}
{"_id":{"$oid":"5cb552e5e0f627212ff3baef"},"stDate":"2018/4/9","teamAbbr":"ATL","rank":14,"rankOrd":"14th","gameWon":24,"gameLost":57,"stk":"W2","homeWin":16,"homeLoss":24,"awayWin":8,"awayLoss":33}
{"_id":{"$oid":"5cb552e5e0f627212ff3bb0d"},"stDate":"2018/4/10","teamAbbr":"ATL","rank":15,"rankOrd":"15th","gameWon":24,"gameLost":58,"stk":"L1","homeWin":16,"homeLoss":25,"awayWin":8,"awayLoss":33}
{"_id":{"$oid":"5cb552e5e0f627212ff3bb2a"},"stDate":"2018/4/11","teamAbbr":"ATL","rank":15,"rankOrd":"15th","gameWon":24,"gameLost":58,"stk":"L1","homeWin":16,"homeLoss":25,"awayWin":8,"awayLoss":33}
