{"_id":{"$oid":"5cb552f6e0f627212ff3bb50"},"gmDate":"2017/10/18","offLNm3":"Collins","offFNm3":"Derrick","teamAbbr":"IND","teamConf":"East","teamLoc":"Home","teamRslt":"Win","teamPTS":140,"teamAST":29,"teamTO":14,"teamSTL":12,"teamBLK":9,"teamPF":25,"teamFGA":102,"teamFGM":53,"team2PA":68,"team2PM":44,"team3PA":34,"team3PM":9,"teamFTA":32,"teamFTM":25,"teamORB":14,"teamDRB":33,"teamPTS1":29,"teamPTS2":36,"teamPTS3":41,"teamPTS4":34,"teamPTS5":0,"teamPTS6":0,"teamPTS7":0,"teamPTS8":0,"opptAbbr":"BKN","opptConf":"East","opptLoc":"Away","opptRslt":"Loss","opptPTS":131,"opptAST":22,"opptTO":20,"opptSTL":7,"opptBLK":2,"opptPF":25,"opptFGA":94,"opptFGM":45,"oppt2PA":64,"oppt2PM":33,"oppt3PA":30,"oppt3PM":12,"opptFTA":32,"opptFTM":29,"opptORB":11,"opptDRB":32,"opptPTS1":30,"opptPTS2":33,"opptPTS3":35,"opptPTS4":33,"opptPTS5":0,"opptPTS6":0,"opptPTS7":0,"opptPTS8":0}
{"_id":{"$oid":"5cb552f6e0f627212ff3bb62"},"gmDate":"2017/10/20","offLNm3":"Acosta","offFNm3":"Ray","teamAbbr":"BKN","teamConf":"East","teamLoc":"Home","teamRslt":"Win","teamPTS":126,"teamAST":22,"teamTO":18,"teamSTL":13,"teamBLK":6,"teamPF":17,"teamFGA":92,"teamFGM":46,"team2PA":65,"team2PM":37,"team3PA":27,"team3PM":9,"teamFTA":35,"teamFTM":25,"teamORB":15,"teamDRB":33,"teamPTS1":29,"teamPTS2":29,"teamPTS3":31,"teamPTS4":37,"teamPTS5":0,"teamPTS6":0,"teamPTS7":0,"teamPTS8":0,"opptAbbr":"ORL","opptConf":"East","opptLoc":"Away","opptRslt":"Loss","opptPTS":121,"opptAST":30,"opptTO":22,"opptSTL":9,"opptBLK":3,"opptPF":27,"opptFGA":89,"opptFGM":45,"oppt2PA":56,"oppt2PM":27,"oppt3PA":33,"oppt3PM":18,"opptFTA":15,"opptFTM":13,"opptORB":9,"opptDRB":31,"opptPTS1":27,"opptPTS2":28,"opptPTS3":36,"opptPTS4":30,"opptPTS5":0,"opptPTS6":0,"opptPTS7":0,"opptPTS8":0}
{"_id":{"$oid":"5cb552f6e0f627212ff3bb72"},"gmDate":"2017/10/22","offLNm3":"Ervin","offFNm3":"Mitchell","teamAbbr":"BKN","teamConf":"East","teamLoc":"Home","teamRslt":"Win","teamPTS":116,"teamAST":27,"teamTO":18,"teamSTL":12,"teamBLK":8,"teamPF":27,"teamFGA":87,"teamFGM":41,"team2PA":59,"team2PM":30,"team3PA":28,"team3PM":11,"teamFTA":34,"teamFTM":23,"teamORB":13,"teamDRB":38,"teamPTS1":19,"teamPTS2":37,"teamPTS3":35,"teamPTS4":25,"teamPTS5":0,"teamPTS6":0,"teamPTS7":0,"teamPTS8":0,"opptAbbr":"ATL","opptConf":"East","opptLoc":"Away","opptRslt":"Loss","opptPTS":104,"opptAST":21,"opptTO":16,"opptSTL":6,"opptBLK":2,"opptPF":25,"opptFGA":94,"opptFGM":32,"oppt2PA":67,"oppt2PM":25,"oppt3PA":27,"oppt3PM":7,"opptFTA":36,"opptFTM":33,"opptORB":16,"opptDRB":32,"opptPTS1":25,"opptPTS2":28,"opptPTS3":24,"opptPTS4":27,"opptPTS5":0,"opptPTS6":0,"opptPTS7":0,"opptPTS8":0}
{"_id":{"$oid":"5cb552f6e0f627212ff3bb81"},"gmDate":"2017/10/24","offLNm3":"Lewis","offFNm3":"Eric","teamAbbr":"ORL","teamConf":"East","teamLoc":"Home","teamRslt":"Win","teamPTS":125,"teamAST":20,"teamTO":11,"teamSTL":8,"teamBLK":5,"teamPF":23,"teamFGA":83,"teamFGM":41,"team2PA":60,"team2PM":33,"team3PA":23,"team3PM":8,"teamFTA":40,"teamFTM":35,"teamORB":6,"teamDRB":38,"teamPTS1":30,"teamPTS2":31,"teamPTS3":26,"teamPTS4":38,"teamPTS5":0,"teamPTS6":0,"teamPTS7":0,"teamPTS8":0,"opptAbbr":"BKN","opptConf":"East","opptLoc":"Away","opptRslt":"Loss","opptPTS":121,"opptAST":21,"opptTO":16,"opptSTL":8,"opptBLK":4,"opptPF":27,"opptFGA":96,"opptFGM":40,"oppt2PA":59,"oppt2PM":29,"oppt3PA":37,"oppt3PM":11,"opptFTA":34,"opptFTM":30,"opptORB":14,"opptDRB":35,"opptPTS1":30,"opptPTS2":31,"opptPTS3":35,"opptPTS4":25,"opptPTS5":0,"opptPTS6":0,"opptPTS7":0,"opptPTS8":0}
{"_id":{"$oid":"5cb552f6e0f627212ff3bb86"},"gmDate":"2017/10/25","offLNm3":"Wood","offFNm3":"Leon","teamAbbr":"BKN","teamConf":"East","teamLoc":"Home","teamRslt":"Win","teamPTS":112,"teamAST":22,"teamTO":13,"teamSTL":11,"teamBLK":3,"teamPF":22,"teamFGA":93,"teamFGM":40,"team2PA":47,"team2PM":23,"team3PA":46,"team3PM":17,"teamFTA":21,"teamFTM":15,"teamORB":10,"teamDRB":28,"teamPTS1":26,"teamPTS2":29,"teamPTS3":29,"teamPTS4":28,"teamPTS5":0,"teamPTS6":0,"teamPTS7":0,"teamPTS8":0,"opptAbbr":"CLE","opptConf":"East","opptLoc":"Away","opptRslt":"Loss","opptPTS":107,"opptAST":21,"opptTO":21,"opptSTL":5,"opptBLK":7,"opptPF":17,"opptFGA":81,"opptFGM":39,"oppt2PA":46,"oppt2PM":27,"oppt3PA":35,"oppt3PM":12,"opptFTA":26,"opptFTM":17,"opptORB":9,"opptDRB":38,"opptPTS1":23,"opptPTS2":29,"opptPTS3":21,"opptPTS4":34,"opptPTS5":0,"opptPTS6":0,"opptPTS7":0,"opptPTS8":0}
{"_id":{"$oid":"5cb552f6e0f627212ff3bb96"},"gmDate":"2017/10/27","offLNm3":"Sterling","offFNm3":"Jonathan","teamAbbr":"NY","teamConf":"East","teamLoc":"Home","teamRslt":"Win","teamPTS":107,"teamAST":19,"teamTO":12,"teamSTL":7,"teamBLK":6,"teamPF":19,"teamFGA":98,"teamFGM":44,"team2PA":71,"team2PM":35,"team3PA":27,"team3PM":9,"teamFTA":17,"teamFTM":10,"teamORB":19,"teamDRB":36,"teamPTS1":23,"teamPTS2":24,"teamPTS3":36,"teamPTS4":24,"teamPTS5":0,"teamPTS6":0,"teamPTS7":0,"teamPTS8":0,"opptAbbr":"BKN","opptConf":"East","opptLoc":"Away","opptRslt":"Loss","opptPTS":86,"opptAST":18,"opptTO":16,"opptSTL":5,"opptBLK":1,"opptPF":20,"opptFGA":74,"opptFGM":30,"oppt2PA":45,"oppt2PM":19,"oppt3PA":29,"oppt3PM":11,"opptFTA":21,"opptFTM":15,"opptORB":4,"opptDRB":30,"opptPTS1":28,"opptPTS2":14,"opptPTS3":24,"opptPTS4":20,"opptPTS5":0,"opptPTS6":0,"opptPTS7":0,"opptPTS8":0}
{"_id":{"$oid":"5cb552f6e0f627212ff3bba4"},"gmDate":"2017/10/29","offLNm3":"Garretson","offFNm3":"Ron","teamAbbr":"BKN","teamConf":"East","teamLoc":"Home","teamRslt":"Loss","teamPTS":111,"teamAST":24,"teamTO":15,"teamSTL":5,"teamBLK":4,"teamPF":18,"teamFGA":96,"teamFGM":39,"team2PA":65,"team2PM":27,"team3PA":31,"team3PM":12,"teamFTA":31,"teamFTM":21,"teamORB":17,"teamDRB":39,"teamPTS1":36,"teamPTS2":27,"teamPTS3":21,"teamPTS4":27,"teamPTS5":0,"teamPTS6":0,"teamPTS7":0,"teamPTS8":0,"opptAbbr":"DEN","opptConf":"West","opptLoc":"Away","opptRslt":"Win","opptPTS":124,"opptAST":23,"opptTO":6,"opptSTL":7,"opptBLK":7,"opptPF":22,"opptFGA":94,"opptFGM":47,"oppt2PA":74,"oppt2PM":36,"oppt3PA":20,"oppt3PM":11,"opptFTA":22,"opptFTM":19,"opptORB":4,"opptDRB":42,"opptPTS1":29,"opptPTS2":31,"opptPTS3":40,"opptPTS4":24,"opptPTS5":0,"opptPTS6":0,"opptPTS7":0,"opptPTS8":0}
{"_id":{"$oid":"5cb552f6e0f627212ff3bbb4"},"gmDate":"2017/10/31","offLNm3":"Brothers","offFNm3":"Tony","teamAbbr":"BKN","teamConf":"East","teamLoc":"Home","teamRslt":"Loss","teamPTS":114,"teamAST":15,"teamTO":7,"teamSTL":9,"teamBLK":4,"teamPF":22,"teamFGA":102,"teamFGM":42,"team2PA":71,"team2PM":33,"team3PA":31,"team3PM":9,"teamFTA":30,"teamFTM":21,"teamORB":7,"teamDRB":37,"teamPTS1":24,"teamPTS2":29,"teamPTS3":35,"teamPTS4":26,"teamPTS5":0,"teamPTS6":0,"teamPTS7":0,"teamPTS8":0,"opptAbbr":"PHO","opptConf":"West","opptLoc":"Away","opptRslt":"Win","opptPTS":122,"opptAST":18,"opptTO":20,"opptSTL":5,"opptBLK":5,"opptPF":26,"opptFGA":96,"opptFGM":45,"oppt2PA":74,"oppt2PM":35,"oppt3PA":22,"oppt3PM":10,"opptFTA":24,"opptFTM":22,"opptORB":10,"opptDRB":56,"opptPTS1":30,"opptPTS2":29,"opptPTS3":28,"opptPTS4":35,"opptPTS5":0,"opptPTS6":0,"opptPTS7":0,"opptPTS8":0}
{"_id":{"$oid":"5cb552f6e0f627212ff3bbcf"},"gmDate":"2017/11/3","offLNm3":"McCutchen","offFNm3":"Monty","teamAbbr":"LAL","teamConf":"West","teamLoc":"Home","teamRslt":"Win","teamPTS":124,"teamAST":26,"teamTO":16,"teamSTL":10,"teamBLK":7,"teamPF":29,"teamFGA":94,"teamFGM":48,"team2PA":73,"team2PM":39,"team3PA":21,"team3PM":9,"teamFTA":27,"teamFTM":19,"teamORB":7,"teamDRB":50,"teamPTS1":30,"teamPTS2":34,"teamPTS3":31,"teamPTS4":29,"teamPTS5":0,"teamPTS6":0,"teamPTS7":0,"teamPTS8":0,"opptAbbr":"BKN","opptConf":"East","opptLoc":"Away","opptRslt":"Loss","opptPTS":112,"opptAST":23,"opptTO":16,"opptSTL":8,"opptBLK":5,"opptPF":22,"opptFGA":91,"opptFGM":37,"oppt2PA":53,"oppt2PM":28,"oppt3PA":38,"oppt3PM":9,"opptFTA":38,"opptFTM":29,"opptORB":8,"opptDRB":35,"opptPTS1":29,"opptPTS2":26,"opptPTS3":29,"opptPTS4":28,"opptPTS5":0,"opptPTS6":0,"opptPTS7":0,"opptPTS8":0}
{"_id":{"$oid":"5cb552f6e0f627212ff3bbe0"},"gmDate":"2017/11/6","offLNm3":"Mauer","offFNm3":"Ken","teamAbbr":"PHO","teamConf":"West","teamLoc":"Home","teamRslt":"Loss","teamPTS":92,"teamAST":13,"teamTO":17,"teamSTL":8,"teamBLK":7,"teamPF":29,"teamFGA":86,"teamFGM":30,"team2PA":61,"team2PM":24,"team3PA":25,"team3PM":6,"teamFTA":35,"teamFTM":26,"teamORB":14,"teamDRB":38,"teamPTS1":19,"teamPTS2":22,"teamPTS3":27,"teamPTS4":24,"teamPTS5":0,"teamPTS6":0,"teamPTS7":0,"teamPTS8":0,"opptAbbr":"BKN","opptConf":"East","opptLoc":"Away","opptRslt":"Win","opptPTS":98,"opptAST":20,"opptTO":16,"opptSTL":10,"opptBLK":4,"opptPF":30,"opptFGA":87,"opptFGM":35,"oppt2PA":55,"oppt2PM":27,"oppt3PA":32,"oppt3PM":8,"opptFTA":29,"opptFTM":20,"opptORB":11,"opptDRB":37,"opptPTS1":28,"opptPTS2":19,"opptPTS3":25,"opptPTS4":26,"opptPTS5":0,"opptPTS6":0,"opptPTS7":0,"opptPTS8":0}
{"_id":{"$oid":"5cb552f6e0f627212ff3bbe8"},"gmDate":"2017/11/7","offLNm3":"Mott","offFNm3":"Rodney","teamAbbr":"DEN","teamConf":"West","teamLoc":"Home","teamRslt":"Win","teamPTS":112,"teamAST":26,"teamTO":19,"teamSTL":16,"teamBLK":9,"teamPF":21,"teamFGA":93,"teamFGM":44,"team2PA":59,"team2PM":35,"team3PA":34,"team3PM":9,"teamFTA":20,"teamFTM":15,"teamORB":9,"teamDRB":38,"teamPTS1":28,"teamPTS2":29,"teamPTS3":36,"teamPTS4":19,"teamPTS5":0,"teamPTS6":0,"teamPTS7":0,"teamPTS8":0,"opptAbbr":"BKN","opptConf":"East","opptLoc":"Away","opptRslt":"Loss","opptPTS":104,"opptAST":22,"opptTO":25,"opptSTL":12,"opptBLK":6,"opptPF":16,"opptFGA":89,"opptFGM":38,"oppt2PA":54,"oppt2PM":27,"oppt3PA":35,"oppt3PM":11,"opptFTA":22,"opptFTM":17,"opptORB":8,"opptDRB":39,"opptPTS1":21,"opptPTS2":25,"opptPTS3":27,"opptPTS4":31,"opptPTS5":0,"opptPTS6":0,"opptPTS7":0,"opptPTS8":0}
{"_id":{"$oid":"5cb552f6e0f627212ff3bbfe"},"gmDate":"2017/11/10","offLNm3":"Kennedy","offFNm3":"Bill","teamAbbr":"POR","teamConf":"West","teamLoc":"Home","teamRslt":"Loss","teamPTS":97,"teamAST":17,"teamTO":11,"teamSTL":4,"teamBLK":4,"teamPF":17,"teamFGA":95,"teamFGM":40,"team2PA":72,"team2PM":32,"team3PA":23,"team3PM":8,"teamFTA":11,"teamFTM":9,"teamORB":12,"teamDRB":39,"teamPTS1":28,"teamPTS2":24,"teamPTS3":18,"teamPTS4":27,"teamPTS5":0,"teamPTS6":0,"teamPTS7":0,"teamPTS8":0,"opptAbbr":"BKN","opptConf":"East","opptLoc":"Away","opptRslt":"Win","opptPTS":101,"opptAST":25,"opptTO":10,"opptSTL":7,"opptBLK":4,"opptPF":13,"opptFGA":91,"opptFGM":39,"oppt2PA":53,"oppt2PM":27,"oppt3PA":38,"oppt3PM":12,"opptFTA":19,"opptFTM":11,"opptORB":11,"opptDRB":38,"opptPTS1":21,"opptPTS2":25,"opptPTS3":31,"opptPTS4":24,"opptPTS5":0,"opptPTS6":0,"opptPTS7":0,"opptPTS8":0}
{"_id":{"$oid":"5cb552f6e0f627212ff3bc08"},"gmDate":"2017/11/11","offLNm3":"Malloy","offFNm3":"Ed","teamAbbr":"UTA","teamConf":"West","teamLoc":"Home","teamRslt":"Win","teamPTS":114,"teamAST":19,"teamTO":16,"teamSTL":13,"teamBLK":3,"teamPF":29,"teamFGA":85,"teamFGM":41,"team2PA":56,"team2PM":30,"team3PA":29,"team3PM":11,"teamFTA":25,"teamFTM":21,"teamORB":12,"teamDRB":32,"teamPTS1":25,"teamPTS2":36,"teamPTS3":24,"teamPTS4":29,"teamPTS5":0,"teamPTS6":0,"teamPTS7":0,"teamPTS8":0,"opptAbbr":"BKN","opptConf":"East","opptLoc":"Away","opptRslt":"Loss","opptPTS":106,"opptAST":13,"opptTO":17,"opptSTL":7,"opptBLK":4,"opptPF":22,"opptFGA":76,"opptFGM":35,"oppt2PA":53,"oppt2PM":28,"oppt3PA":23,"oppt3PM":7,"opptFTA":39,"opptFTM":29,"opptORB":10,"opptDRB":31,"opptPTS1":25,"opptPTS2":20,"opptPTS3":30,"opptPTS4":31,"opptPTS5":0,"opptPTS6":0,"opptPTS7":0,"opptPTS8":0}
{"_id":{"$oid":"5cb552f6e0f627212ff3bc16"},"gmDate":"2017/11/14","offLNm3":"Mauer","offFNm3":"Ken","teamAbbr":"BKN","teamConf":"East","teamLoc":"Home","teamRslt":"Loss","teamPTS":102,"teamAST":26,"teamTO":15,"teamSTL":4,"teamBLK":3,"teamPF":24,"teamFGA":89,"teamFGM":39,"team2PA":54,"team2PM":25,"team3PA":35,"team3PM":14,"teamFTA":16,"teamFTM":10,"teamORB":9,"teamDRB":34,"teamPTS1":21,"teamPTS2":31,"teamPTS3":19,"teamPTS4":31,"teamPTS5":0,"teamPTS6":0,"teamPTS7":0,"teamPTS8":0,"opptAbbr":"BOS","opptConf":"East","opptLoc":"Away","opptRslt":"Win","opptPTS":109,"opptAST":15,"opptTO":14,"opptSTL":8,"opptBLK":3,"opptPF":14,"opptFGA":86,"opptFGM":39,"oppt2PA":59,"oppt2PM":30,"oppt3PA":27,"oppt3PM":9,"opptFTA":27,"opptFTM":22,"opptORB":9,"opptDRB":40,"opptPTS1":30,"opptPTS2":22,"opptPTS3":28,"opptPTS4":29,"opptPTS5":0,"opptPTS6":0,"opptPTS7":0,"opptPTS8":0}
{"_id":{"$oid":"5cb552f6e0f627212ff3bc28"},"gmDate":"2017/11/17","offLNm3":"Foster","offFNm3":"Scott","teamAbbr":"BKN","teamConf":"East","teamLoc":"Home","teamRslt":"Win","teamPTS":118,"teamAST":27,"teamTO":13,"teamSTL":8,"teamBLK":2,"teamPF":21,"teamFGA":84,"teamFGM":43,"team2PA":47,"team2PM":26,"team3PA":37,"team3PM":17,"teamFTA":20,"teamFTM":15,"teamORB":4,"teamDRB":32,"teamPTS1":39,"teamPTS2":26,"teamPTS3":24,"teamPTS4":29,"teamPTS5":0,"teamPTS6":0,"teamPTS7":0,"teamPTS8":0,"opptAbbr":"UTA","opptConf":"West","opptLoc":"Away","opptRslt":"Loss","opptPTS":107,"opptAST":21,"opptTO":16,"opptSTL":6,"opptBLK":6,"opptPF":19,"opptFGA":79,"opptFGM":39,"oppt2PA":53,"oppt2PM":27,"oppt3PA":26,"oppt3PM":12,"opptFTA":24,"opptFTM":17,"opptORB":10,"opptDRB":29,"opptPTS1":25,"opptPTS2":24,"opptPTS3":31,"opptPTS4":27,"opptPTS5":0,"opptPTS6":0,"opptPTS7":0,"opptPTS8":0}
{"_id":{"$oid":"5cb552f6e0f627212ff3bc3a"},"gmDate":"2017/11/19","offLNm3":"Wall","offFNm3":"Scott","teamAbbr":"BKN","teamConf":"East","teamLoc":"Home","teamRslt":"Loss","teamPTS":111,"teamAST":24,"teamTO":13,"teamSTL":7,"teamBLK":2,"teamPF":21,"teamFGA":95,"teamFGM":34,"team2PA":47,"team2PM":18,"team3PA":48,"team3PM":16,"teamFTA":39,"teamFTM":27,"teamORB":13,"teamDRB":39,"teamPTS1":20,"teamPTS2":22,"teamPTS3":42,"teamPTS4":27,"teamPTS5":0,"teamPTS6":0,"teamPTS7":0,"teamPTS8":0,"opptAbbr":"GS","opptConf":"West","opptLoc":"Away","opptRslt":"Win","opptPTS":118,"opptAST":29,"opptTO":15,"opptSTL":8,"opptBLK":14,"opptPF":27,"opptFGA":90,"opptFGM":46,"oppt2PA":66,"oppt2PM":36,"oppt3PA":24,"oppt3PM":10,"opptFTA":23,"opptFTM":16,"opptORB":6,"opptDRB":51,"opptPTS1":32,"opptPTS2":32,"opptPTS3":34,"opptPTS4":20,"opptPTS5":0,"opptPTS6":0,"opptPTS7":0,"opptPTS8":0}
{"_id":{"$oid":"5cb552f6e0f627212ff3bc4b"},"gmDate":"2017/11/22","offLNm3":"Sterling","offFNm3":"Jonathan","teamAbbr":"CLE","teamConf":"East","teamLoc":"Home","teamRslt":"Win","teamPTS":119,"teamAST":21,"teamTO":10,"teamSTL":8,"teamBLK":2,"teamPF":19,"teamFGA":83,"teamFGM":43,"team2PA":49,"team2PM":29,"team3PA":34,"team3PM":14,"teamFTA":27,"teamFTM":19,"teamORB":4,"teamDRB":29,"teamPTS1":20,"teamPTS2":25,"teamPTS3":32,"teamPTS4":42,"teamPTS5":0,"teamPTS6":0,"teamPTS7":0,"teamPTS8":0,"opptAbbr":"BKN","opptConf":"East","opptLoc":"Away","opptRslt":"Loss","opptPTS":109,"opptAST":26,"opptTO":19,"opptSTL":5,"opptBLK":3,"opptPF":21,"opptFGA":81,"opptFGM":42,"oppt2PA":44,"oppt2PM":28,"oppt3PA":37,"oppt3PM":14,"opptFTA":16,"opptFTM":11,"opptORB":8,"opptDRB":34,"opptPTS1":17,"opptPTS2":29,"opptPTS3":31,"opptPTS4":32,"opptPTS5":0,"opptPTS6":0,"opptPTS7":0,"opptPTS8":0}
{"_id":{"$oid":"5cb552f6e0f627212ff3bc60"},"gmDate":"2017/11/24","offLNm3":"Collins","offFNm3":"Derrick","teamAbbr":"BKN","teamConf":"East","teamLoc":"Home","teamRslt":"Loss","teamPTS":125,"teamAST":25,"teamTO":9,"teamSTL":4,"teamBLK":6,"teamPF":22,"teamFGA":100,"teamFGM":50,"team2PA":75,"team2PM":40,"team3PA":25,"team3PM":10,"teamFTA":21,"teamFTM":15,"teamORB":13,"teamDRB":34,"teamPTS1":32,"teamPTS2":21,"teamPTS3":39,"teamPTS4":33,"teamPTS5":0,"teamPTS6":0,"teamPTS7":0,"teamPTS8":0,"opptAbbr":"POR","opptConf":"West","opptLoc":"Away","opptRslt":"Win","opptPTS":127,"opptAST":24,"opptTO":7,"opptSTL":5,"opptBLK":13,"opptPF":16,"opptFGA":96,"opptFGM":48,"oppt2PA":81,"oppt2PM":42,"oppt3PA":15,"oppt3PM":6,"opptFTA":35,"opptFTM":25,"opptORB":12,"opptDRB":33,"opptPTS1":23,"opptPTS2":28,"opptPTS3":41,"opptPTS4":35,"opptPTS5":0,"opptPTS6":0,"opptPTS7":0,"opptPTS8":0}
{"_id":{"$oid":"5cb552f6e0f627212ff3bc6e"},"gmDate":"2017/11/26","offLNm3":"Boland","offFNm3":"Matt","teamAbbr":"MEM","teamConf":"West","teamLoc":"Home","teamRslt":"Loss","teamPTS":88,"teamAST":15,"teamTO":14,"teamSTL":8,"teamBLK":3,"teamPF":24,"teamFGA":80,"teamFGM":32,"team2PA":55,"team2PM":24,"team3PA":25,"team3PM":8,"teamFTA":18,"teamFTM":16,"teamORB":11,"teamDRB":24,"teamPTS1":22,"teamPTS2":25,"teamPTS3":18,"teamPTS4":23,"teamPTS5":0,"teamPTS6":0,"teamPTS7":0,"teamPTS8":0,"opptAbbr":"BKN","opptConf":"East","opptLoc":"Away","opptRslt":"Win","opptPTS":98,"opptAST":19,"opptTO":19,"opptSTL":7,"opptBLK":7,"opptPF":22,"opptFGA":74,"opptFGM":33,"oppt2PA":45,"oppt2PM":20,"oppt3PA":29,"oppt3PM":13,"opptFTA":23,"opptFTM":19,"opptORB":12,"opptDRB":31,"opptPTS1":19,"opptPTS2":28,"opptPTS3":32,"opptPTS4":19,"opptPTS5":0,"opptPTS6":0,"opptPTS7":0,"opptPTS8":0}
{"_id":{"$oid":"5cb552f6e0f627212ff3bc73"},"gmDate":"2017/11/27","offLNm3":"Stafford","offFNm3":"Derrick","teamAbbr":"HOU","teamConf":"West","teamLoc":"Home","teamRslt":"Win","teamPTS":117,"teamAST":31,"teamTO":15,"teamSTL":8,"teamBLK":4,"teamPF":19,"teamFGA":86,"teamFGM":42,"team2PA":36,"team2PM":22,"team3PA":50,"team3PM":20,"teamFTA":20,"teamFTM":13,"teamORB":8,"teamDRB":34,"teamPTS1":43,"teamPTS2":23,"teamPTS3":30,"teamPTS4":21,"teamPTS5":0,"teamPTS6":0,"teamPTS7":0,"teamPTS8":0,"opptAbbr":"BKN","opptConf":"East","opptLoc":"Away","opptRslt":"Loss","opptPTS":103,"opptAST":24,"opptTO":14,"opptSTL":5,"opptBLK":4,"opptPF":19,"opptFGA":86,"opptFGM":40,"oppt2PA":47,"oppt2PM":30,"oppt3PA":39,"oppt3PM":10,"opptFTA":17,"opptFTM":13,"opptORB":6,"opptDRB":37,"opptPTS1":26,"opptPTS2":29,"opptPTS3":25,"opptPTS4":23,"opptPTS5":0,"opptPTS6":0,"opptPTS7":0,"opptPTS8":0}
{"_id":{"$oid":"5cb552f6e0f627212ff3bc83"},"gmDate":"2017/11/29","offLNm3":"Lewis","offFNm3":"Eric","teamAbbr":"DAL","teamConf":"West","teamLoc":"Home","teamRslt":"Loss","teamPTS":104,"teamAST":26,"teamTO":11,"teamSTL":5,"teamBLK":3,"teamPF":23,"teamFGA":84,"teamFGM":39,"team2PA":57,"team2PM":30,"team3PA":27,"team3PM":9,"teamFTA":21,"teamFTM":17,"teamORB":7,"teamDRB":37,"teamPTS1":27,"teamPTS2":20,"teamPTS3":29,"teamPTS4":28,"teamPTS5":0,"teamPTS6":0,"teamPTS7":0,"teamPTS8":0,"opptAbbr":"BKN","opptConf":"East","opptLoc":"Away","opptRslt":"Win","opptPTS":109,"opptAST":25,"opptTO":14,"opptSTL":5,"opptBLK":1,"opptPF":21,"opptFGA":90,"opptFGM":42,"oppt2PA":61,"oppt2PM":31,"oppt3PA":29,"oppt3PM":11,"opptFTA":25,"opptFTM":14,"opptORB":14,"opptDRB":38,"opptPTS1":21,"opptPTS2":27,"opptPTS3":32,"opptPTS4":29,"opptPTS5":0,"opptPTS6":0,"opptPTS7":0,"opptPTS8":0}
{"_id":{"$oid":"5cb552f6e0f627212ff3bc95"},"gmDate":"2017/12/2","offLNm3":"Capers","offFNm3":"James","teamAbbr":"BKN","teamConf":"East","teamLoc":"Home","teamRslt":"Loss","teamPTS":102,"teamAST":26,"teamTO":19,"teamSTL":1,"teamBLK":8,"teamPF":18,"teamFGA":82,"teamFGM":34,"team2PA":40,"team2PM":17,"team3PA":42,"team3PM":17,"teamFTA":21,"teamFTM":17,"teamORB":12,"teamDRB":34,"teamPTS1":22,"teamPTS2":23,"teamPTS3":30,"teamPTS4":27,"teamPTS5":0,"teamPTS6":0,"teamPTS7":0,"teamPTS8":0,"opptAbbr":"ATL","opptConf":"East","opptLoc":"Away","opptRslt":"Win","opptPTS":114,"opptAST":18,"opptTO":10,"opptSTL":12,"opptBLK":5,"opptPF":19,"opptFGA":99,"opptFGM":47,"oppt2PA":72,"oppt2PM":37,"oppt3PA":27,"oppt3PM":10,"opptFTA":14,"opptFTM":10,"opptORB":13,"opptDRB":34,"opptPTS1":25,"opptPTS2":29,"opptPTS3":27,"opptPTS4":33,"opptPTS5":0,"opptPTS6":0,"opptPTS7":0,"opptPTS8":0}
{"_id":{"$oid":"5cb552f6e0f627212ff3bca3"},"gmDate":"2017/12/4","offLNm3":"Washington","offFNm3":"Tom","teamAbbr":"ATL","teamConf":"East","teamLoc":"Home","teamRslt":"Loss","teamPTS":90,"teamAST":18,"teamTO":18,"teamSTL":9,"teamBLK":2,"teamPF":19,"teamFGA":82,"teamFGM":30,"team2PA":52,"team2PM":21,"team3PA":30,"team3PM":9,"teamFTA":27,"teamFTM":21,"teamORB":9,"teamDRB":29,"teamPTS1":32,"teamPTS2":22,"teamPTS3":15,"teamPTS4":21,"teamPTS5":0,"teamPTS6":0,"teamPTS7":0,"teamPTS8":0,"opptAbbr":"BKN","opptConf":"East","opptLoc":"Away","opptRslt":"Win","opptPTS":110,"opptAST":29,"opptTO":24,"opptSTL":7,"opptBLK":6,"opptPF":28,"opptFGA":85,"opptFGM":41,"oppt2PA":49,"oppt2PM":26,"oppt3PA":36,"oppt3PM":15,"opptFTA":15,"opptFTM":13,"opptORB":12,"opptDRB":40,"opptPTS1":33,"opptPTS2":20,"opptPTS3":31,"opptPTS4":26,"opptPTS5":0,"opptPTS6":0,"opptPTS7":0,"opptPTS8":0}
{"_id":{"$oid":"5cb552f6e0f627212ff3bcba"},"gmDate":"2017/12/7","offLNm3":"Ayotte","offFNm3":"Mark","teamAbbr":"BKN","teamConf":"East","teamLoc":"Home","teamRslt":"Win","teamPTS":100,"teamAST":24,"teamTO":16,"teamSTL":3,"teamBLK":7,"teamPF":21,"teamFGA":80,"teamFGM":35,"team2PA":43,"team2PM":24,"team3PA":37,"team3PM":11,"teamFTA":30,"teamFTM":19,"teamORB":7,"teamDRB":42,"teamPTS1":20,"teamPTS2":29,"teamPTS3":25,"teamPTS4":26,"teamPTS5":0,"teamPTS6":0,"teamPTS7":0,"teamPTS8":0,"opptAbbr":"OKC","opptConf":"West","opptLoc":"Away","opptRslt":"Loss","opptPTS":95,"opptAST":18,"opptTO":12,"opptSTL":6,"opptBLK":3,"opptPF":25,"opptFGA":98,"opptFGM":38,"oppt2PA":74,"oppt2PM":31,"oppt3PA":24,"oppt3PM":7,"opptFTA":23,"opptFTM":12,"opptORB":17,"opptDRB":37,"opptPTS1":33,"opptPTS2":25,"opptPTS3":21,"opptPTS4":16,"opptPTS5":0,"opptPTS6":0,"opptPTS7":0,"opptPTS8":0}
{"_id":{"$oid":"5cb552f6e0f627212ff3bcc5"},"gmDate":"2017/12/9","offLNm3":"Brown","offFNm3":"Tony","teamAbbr":"BKN","teamConf":"East","teamLoc":"Home","teamRslt":"Loss","teamPTS":89,"teamAST":16,"teamTO":14,"teamSTL":3,"teamBLK":3,"teamPF":17,"teamFGA":81,"teamFGM":33,"team2PA":54,"team2PM":26,"team3PA":27,"team3PM":7,"teamFTA":19,"teamFTM":16,"teamORB":8,"teamDRB":35,"teamPTS1":26,"teamPTS2":27,"teamPTS3":19,"teamPTS4":17,"teamPTS5":0,"teamPTS6":0,"teamPTS7":0,"teamPTS8":0,"opptAbbr":"MIA","opptConf":"East","opptLoc":"Away","opptRslt":"Win","opptPTS":101,"opptAST":15,"opptTO":6,"opptSTL":6,"opptBLK":8,"opptPF":17,"opptFGA":90,"opptFGM":42,"oppt2PA":63,"oppt2PM":34,"oppt3PA":27,"oppt3PM":8,"opptFTA":14,"opptFTM":9,"opptORB":8,"opptDRB":36,"opptPTS1":24,"opptPTS2":26,"opptPTS3":25,"opptPTS4":26,"opptPTS5":0,"opptPTS6":0,"opptPTS7":0,"opptPTS8":0}
{"_id":{"$oid":"5cb552f6e0f627212ff3bcdd"},"gmDate":"2017/12/12","offLNm3":"Richardson","offFNm3":"Derek","teamAbbr":"BKN","teamConf":"East","teamLoc":"Home","teamRslt":"Win","teamPTS":103,"teamAST":26,"teamTO":14,"teamSTL":4,"teamBLK":6,"teamPF":21,"teamFGA":84,"teamFGM":34,"team2PA":41,"team2PM":24,"team3PA":43,"team3PM":10,"teamFTA":33,"teamFTM":25,"teamORB":9,"teamDRB":44,"teamPTS1":30,"teamPTS2":21,"teamPTS3":28,"teamPTS4":24,"teamPTS5":0,"teamPTS6":0,"teamPTS7":0,"teamPTS8":0,"opptAbbr":"WAS","opptConf":"East","opptLoc":"Away","opptRslt":"Loss","opptPTS":98,"opptAST":18,"opptTO":11,"opptSTL":8,"opptBLK":3,"opptPF":26,"opptFGA":95,"opptFGM":38,"oppt2PA":73,"oppt2PM":34,"oppt3PA":22,"oppt3PM":4,"opptFTA":22,"opptFTM":18,"opptORB":12,"opptDRB":37,"opptPTS1":22,"opptPTS2":29,"opptPTS3":27,"opptPTS4":20,"opptPTS5":0,"opptPTS6":0,"opptPTS7":0,"opptPTS8":0}
{"_id":{"$oid":"5cb552f6e0f627212ff3bceb"},"gmDate":"2017/12/14","offLNm3":"Collins","offFNm3":"Derrick","teamAbbr":"BKN","teamConf":"East","teamLoc":"Home","teamRslt":"Loss","teamPTS":104,"teamAST":21,"teamTO":18,"teamSTL":10,"teamBLK":4,"teamPF":21,"teamFGA":83,"teamFGM":37,"team2PA":41,"team2PM":25,"team3PA":42,"team3PM":12,"teamFTA":23,"teamFTM":18,"teamORB":11,"teamDRB":32,"teamPTS1":26,"teamPTS2":24,"teamPTS3":32,"teamPTS4":22,"teamPTS5":0,"teamPTS6":0,"teamPTS7":0,"teamPTS8":0,"opptAbbr":"NY","opptConf":"East","opptLoc":"Away","opptRslt":"Win","opptPTS":111,"opptAST":23,"opptTO":14,"opptSTL":11,"opptBLK":4,"opptPF":23,"opptFGA":89,"opptFGM":41,"oppt2PA":69,"oppt2PM":31,"oppt3PA":20,"oppt3PM":10,"opptFTA":22,"opptFTM":19,"opptORB":12,"opptDRB":28,"opptPTS1":32,"opptPTS2":31,"opptPTS3":24,"opptPTS4":24,"opptPTS5":0,"opptPTS6":0,"opptPTS7":0,"opptPTS8":0}
{"_id":{"$oid":"5cb552f6e0f627212ff3bcf5"},"gmDate":"2017/12/15","offLNm3":"Richardson","offFNm3":"Randy","teamAbbr":"TOR","teamConf":"East","teamLoc":"Home","teamRslt":"Win","teamPTS":120,"teamAST":26,"teamTO":10,"teamSTL":11,"teamBLK":5,"teamPF":16,"teamFGA":97,"teamFGM":54,"team2PA":69,"team2PM":47,"team3PA":28,"team3PM":7,"teamFTA":9,"teamFTM":5,"teamORB":11,"teamDRB":34,"teamPTS1":30,"teamPTS2":28,"teamPTS3":33,"teamPTS4":29,"teamPTS5":0,"teamPTS6":0,"teamPTS7":0,"teamPTS8":0,"opptAbbr":"BKN","opptConf":"East","opptLoc":"Away","opptRslt":"Loss","opptPTS":87,"opptAST":15,"opptTO":24,"opptSTL":4,"opptBLK":1,"opptPF":14,"opptFGA":76,"opptFGM":32,"oppt2PA":53,"oppt2PM":25,"oppt3PA":23,"oppt3PM":7,"opptFTA":19,"opptFTM":16,"opptORB":6,"opptDRB":31,"opptPTS1":20,"opptPTS2":24,"opptPTS3":20,"opptPTS4":23,"opptPTS5":0,"opptPTS6":0,"opptPTS7":0,"opptPTS8":0}
{"_id":{"$oid":"5cb552f6e0f627212ff3bd04"},"gmDate":"2017/12/17","offLNm3":"Sterling","offFNm3":"Jonathan","teamAbbr":"BKN","teamConf":"East","teamLoc":"Home","teamRslt":"Loss","teamPTS":97,"teamAST":26,"teamTO":12,"teamSTL":7,"teamBLK":2,"teamPF":17,"teamFGA":81,"teamFGM":34,"team2PA":48,"team2PM":22,"team3PA":33,"team3PM":12,"teamFTA":21,"teamFTM":17,"teamORB":7,"teamDRB":22,"teamPTS1":29,"teamPTS2":19,"teamPTS3":24,"teamPTS4":25,"teamPTS5":0,"teamPTS6":0,"teamPTS7":0,"teamPTS8":0,"opptAbbr":"IND","opptConf":"East","opptLoc":"Away","opptRslt":"Win","opptPTS":109,"opptAST":21,"opptTO":15,"opptSTL":6,"opptBLK":7,"opptPF":20,"opptFGA":76,"opptFGM":43,"oppt2PA":58,"oppt2PM":35,"oppt3PA":18,"oppt3PM":8,"opptFTA":19,"opptFTM":15,"opptORB":6,"opptDRB":37,"opptPTS1":28,"opptPTS2":31,"opptPTS3":21,"opptPTS4":29,"opptPTS5":0,"opptPTS6":0,"opptPTS7":0,"opptPTS8":0}
{"_id":{"$oid":"5cb552f6e0f627212ff3bd16"},"gmDate":"2017/12/20","offLNm3":"Fraher","offFNm3":"Pat","teamAbbr":"BKN","teamConf":"East","teamLoc":"Home","teamRslt":"Loss","teamPTS":99,"teamAST":15,"teamTO":11,"teamSTL":5,"teamBLK":7,"teamPF":19,"teamFGA":83,"teamFGM":32,"team2PA":41,"team2PM":17,"team3PA":42,"team3PM":15,"teamFTA":23,"teamFTM":20,"teamORB":15,"teamDRB":24,"teamPTS1":20,"teamPTS2":28,"teamPTS3":27,"teamPTS4":24,"teamPTS5":0,"teamPTS6":0,"teamPTS7":0,"teamPTS8":0,"opptAbbr":"SAC","opptConf":"West","opptLoc":"Away","opptRslt":"Win","opptPTS":104,"opptAST":14,"opptTO":14,"opptSTL":4,"opptBLK":4,"opptPF":19,"opptFGA":82,"opptFGM":40,"oppt2PA":63,"oppt2PM":33,"oppt3PA":19,"oppt3PM":7,"opptFTA":20,"opptFTM":17,"opptORB":13,"opptDRB":35,"opptPTS1":36,"opptPTS2":28,"opptPTS3":22,"opptPTS4":18,"opptPTS5":0,"opptPTS6":0,"opptPTS7":0,"opptPTS8":0}
{"_id":{"$oid":"5cb552f6e0f627212ff3bd26"},"gmDate":"2017/12/22","offLNm3":"Petraitis","offFNm3":"Gediminas","teamAbbr":"BKN","teamConf":"East","teamLoc":"Home","teamRslt":"Win","teamPTS":119,"teamAST":29,"teamTO":18,"teamSTL":4,"teamBLK":4,"teamPF":17,"teamFGA":88,"teamFGM":44,"team2PA":47,"team2PM":30,"team3PA":41,"team3PM":14,"teamFTA":21,"teamFTM":17,"teamORB":13,"teamDRB":47,"teamPTS1":26,"teamPTS2":27,"teamPTS3":35,"teamPTS4":31,"teamPTS5":0,"teamPTS6":0,"teamPTS7":0,"teamPTS8":0,"opptAbbr":"WAS","opptConf":"East","opptLoc":"Away","opptRslt":"Loss","opptPTS":84,"opptAST":22,"opptTO":7,"opptSTL":7,"opptBLK":1,"opptPF":18,"opptFGA":93,"opptFGM":34,"oppt2PA":73,"oppt2PM":29,"oppt3PA":20,"oppt3PM":5,"opptFTA":15,"opptFTM":11,"opptORB":7,"opptDRB":28,"opptPTS1":23,"opptPTS2":20,"opptPTS3":18,"opptPTS4":23,"opptPTS5":0,"opptPTS6":0,"opptPTS7":0,"opptPTS8":0}
{"_id":{"$oid":"5cb552f6e0f627212ff3bd2f"},"gmDate":"2017/12/23","offLNm3":"Mauer","offFNm3":"Ken","teamAbbr":"IND","teamConf":"East","teamLoc":"Home","teamRslt":"Win","teamPTS":123,"teamAST":31,"teamTO":9,"teamSTL":8,"teamBLK":9,"teamPF":25,"teamFGA":90,"teamFGM":47,"team2PA":67,"team2PM":37,"team3PA":23,"team3PM":10,"teamFTA":24,"teamFTM":19,"teamORB":7,"teamDRB":34,"teamPTS1":21,"teamPTS2":20,"teamPTS3":39,"teamPTS4":31,"teamPTS5":12,"teamPTS6":0,"teamPTS7":0,"teamPTS8":0,"opptAbbr":"BKN","opptConf":"East","opptLoc":"Away","opptRslt":"Loss","opptPTS":119,"opptAST":24,"opptTO":14,"opptSTL":2,"opptBLK":2,"opptPF":20,"opptFGA":98,"opptFGM":42,"oppt2PA":62,"oppt2PM":26,"oppt3PA":36,"oppt3PM":16,"opptFTA":25,"opptFTM":19,"opptORB":18,"opptDRB":33,"opptPTS1":28,"opptPTS2":29,"opptPTS3":24,"opptPTS4":30,"opptPTS5":8,"opptPTS6":0,"opptPTS7":0,"opptPTS8":0}
{"_id":{"$oid":"5cb552f6e0f627212ff3bd43"},"gmDate":"2017/12/26","offLNm3":"Collins","offFNm3":"Derrick","teamAbbr":"SA","teamConf":"West","teamLoc":"Home","teamRslt":"Win","teamPTS":109,"teamAST":18,"teamTO":12,"teamSTL":7,"teamBLK":5,"teamPF":14,"teamFGA":80,"teamFGM":41,"team2PA":64,"team2PM":34,"team3PA":16,"team3PM":7,"teamFTA":24,"teamFTM":20,"teamORB":5,"teamDRB":38,"teamPTS1":19,"teamPTS2":31,"teamPTS3":30,"teamPTS4":29,"teamPTS5":0,"teamPTS6":0,"teamPTS7":0,"teamPTS8":0,"opptAbbr":"BKN","opptConf":"East","opptLoc":"Away","opptRslt":"Loss","opptPTS":97,"opptAST":23,"opptTO":13,"opptSTL":5,"opptBLK":0,"opptPF":18,"opptFGA":93,"opptFGM":39,"oppt2PA":61,"oppt2PM":27,"oppt3PA":32,"oppt3PM":12,"opptFTA":9,"opptFTM":7,"opptORB":12,"opptDRB":33,"opptPTS1":16,"opptPTS2":28,"opptPTS3":25,"opptPTS4":28,"opptPTS5":0,"opptPTS6":0,"opptPTS7":0,"opptPTS8":0}
{"_id":{"$oid":"5cb552f6e0f627212ff3bd4c"},"gmDate":"2017/12/27","offLNm3":"Sterling","offFNm3":"Jonathan","teamAbbr":"NO","teamConf":"West","teamLoc":"Home","teamRslt":"Win","teamPTS":128,"teamAST":40,"teamTO":11,"teamSTL":8,"teamBLK":9,"teamPF":15,"teamFGA":90,"teamFGM":48,"team2PA":57,"team2PM":31,"team3PA":33,"team3PM":17,"teamFTA":19,"teamFTM":15,"teamORB":6,"teamDRB":37,"teamPTS1":31,"teamPTS2":38,"teamPTS3":22,"teamPTS4":37,"teamPTS5":0,"teamPTS6":0,"teamPTS7":0,"teamPTS8":0,"opptAbbr":"BKN","opptConf":"East","opptLoc":"Away","opptRslt":"Loss","opptPTS":113,"opptAST":26,"opptTO":17,"opptSTL":8,"opptBLK":3,"opptPF":18,"opptFGA":90,"opptFGM":41,"oppt2PA":52,"oppt2PM":22,"oppt3PA":38,"oppt3PM":19,"opptFTA":14,"opptFTM":12,"opptORB":10,"opptDRB":33,"opptPTS1":23,"opptPTS2":23,"opptPTS3":29,"opptPTS4":38,"opptPTS5":0,"opptPTS6":0,"opptPTS7":0,"opptPTS8":0}
{"_id":{"$oid":"5cb552f6e0f627212ff3bd59"},"gmDate":"2017/12/29","offLNm3":"Orr","offFNm3":"J.T.","teamAbbr":"MIA","teamConf":"East","teamLoc":"Home","teamRslt":"Loss","teamPTS":87,"teamAST":12,"teamTO":11,"teamSTL":9,"teamBLK":3,"teamPF":18,"teamFGA":89,"teamFGM":30,"team2PA":63,"team2PM":27,"team3PA":26,"team3PM":3,"teamFTA":31,"teamFTM":24,"teamORB":12,"teamDRB":31,"teamPTS1":20,"teamPTS2":19,"teamPTS3":21,"teamPTS4":27,"teamPTS5":0,"teamPTS6":0,"teamPTS7":0,"teamPTS8":0,"opptAbbr":"BKN","opptConf":"East","opptLoc":"Away","opptRslt":"Win","opptPTS":111,"opptAST":25,"opptTO":19,"opptSTL":8,"opptBLK":4,"opptPF":23,"opptFGA":79,"opptFGM":39,"oppt2PA":53,"oppt2PM":28,"oppt3PA":26,"oppt3PM":11,"opptFTA":25,"opptFTM":22,"opptORB":8,"opptDRB":46,"opptPTS1":24,"opptPTS2":35,"opptPTS3":36,"opptPTS4":16,"opptPTS5":0,"opptPTS6":0,"opptPTS7":0,"opptPTS8":0}
{"_id":{"$oid":"5cb552f6e0f627212ff3bd68"},"gmDate":"2017/12/31","offLNm3":"Brown","offFNm3":"Tony","teamAbbr":"BOS","teamConf":"East","teamLoc":"Home","teamRslt":"Win","teamPTS":108,"teamAST":21,"teamTO":17,"teamSTL":7,"teamBLK":8,"teamPF":22,"teamFGA":79,"teamFGM":39,"team2PA":46,"team2PM":25,"team3PA":33,"team3PM":14,"teamFTA":25,"teamFTM":16,"teamORB":8,"teamDRB":42,"teamPTS1":38,"teamPTS2":23,"teamPTS3":21,"teamPTS4":26,"teamPTS5":0,"teamPTS6":0,"teamPTS7":0,"teamPTS8":0,"opptAbbr":"BKN","opptConf":"East","opptLoc":"Away","opptRslt":"Loss","opptPTS":105,"opptAST":25,"opptTO":11,"opptSTL":5,"opptBLK":4,"opptPF":19,"opptFGA":95,"opptFGM":39,"oppt2PA":59,"oppt2PM":28,"oppt3PA":36,"oppt3PM":11,"opptFTA":19,"opptFTM":16,"opptORB":11,"opptDRB":34,"opptPTS1":28,"opptPTS2":31,"opptPTS3":17,"opptPTS4":29,"opptPTS5":0,"opptPTS6":0,"opptPTS7":0,"opptPTS8":0}
{"_id":{"$oid":"5cb552f6e0f627212ff3bd6e"},"gmDate":"2018/1/1","offLNm3":"Acosta","offFNm3":"Ray","teamAbbr":"BKN","teamConf":"East","teamLoc":"Home","teamRslt":"Win","teamPTS":98,"teamAST":17,"teamTO":13,"teamSTL":7,"teamBLK":10,"teamPF":22,"teamFGA":82,"teamFGM":36,"team2PA":57,"team2PM":27,"team3PA":25,"team3PM":9,"teamFTA":23,"teamFTM":17,"teamORB":10,"teamDRB":42,"teamPTS1":22,"teamPTS2":25,"teamPTS3":24,"teamPTS4":27,"teamPTS5":0,"teamPTS6":0,"teamPTS7":0,"teamPTS8":0,"opptAbbr":"ORL","opptConf":"East","opptLoc":"Away","opptRslt":"Loss","opptPTS":95,"opptAST":16,"opptTO":12,"opptSTL":5,"opptBLK":5,"opptPF":18,"opptFGA":96,"opptFGM":35,"oppt2PA":65,"oppt2PM":29,"oppt3PA":31,"oppt3PM":6,"opptFTA":25,"opptFTM":19,"opptORB":19,"opptDRB":33,"opptPTS1":27,"opptPTS2":21,"opptPTS3":22,"opptPTS4":25,"opptPTS5":0,"opptPTS6":0,"opptPTS7":0,"opptPTS8":0}
{"_id":{"$oid":"5cb552f6e0f627212ff3bd7a"},"gmDate":"2018/1/3","offLNm3":"Richardson","offFNm3":"Derek","teamAbbr":"BKN","teamConf":"East","teamLoc":"Home","teamRslt":"Win","teamPTS":98,"teamAST":22,"teamTO":20,"teamSTL":3,"teamBLK":3,"teamPF":23,"teamFGA":72,"teamFGM":37,"team2PA":42,"team2PM":23,"team3PA":30,"team3PM":14,"teamFTA":11,"teamFTM":10,"teamORB":4,"teamDRB":34,"teamPTS1":24,"teamPTS2":24,"teamPTS3":23,"teamPTS4":27,"teamPTS5":0,"teamPTS6":0,"teamPTS7":0,"teamPTS8":0,"opptAbbr":"MIN","opptConf":"West","opptLoc":"Away","opptRslt":"Loss","opptPTS":97,"opptAST":10,"opptTO":8,"opptSTL":9,"opptBLK":4,"opptPF":12,"opptFGA":80,"opptFGM":36,"oppt2PA":69,"oppt2PM":35,"oppt3PA":11,"oppt3PM":1,"opptFTA":30,"opptFTM":24,"opptORB":7,"opptDRB":25,"opptPTS1":22,"opptPTS2":21,"opptPTS3":30,"opptPTS4":24,"opptPTS5":0,"opptPTS6":0,"opptPTS7":0,"opptPTS8":0}
{"_id":{"$oid":"5cb552f6e0f627212ff3bd90"},"gmDate":"2018/1/6","offLNm3":"Fraher","offFNm3":"Pat","teamAbbr":"BKN","teamConf":"East","teamLoc":"Home","teamRslt":"Loss","teamPTS":85,"teamAST":11,"teamTO":18,"teamSTL":2,"teamBLK":11,"teamPF":14,"teamFGA":91,"teamFGM":30,"team2PA":60,"team2PM":24,"team3PA":31,"team3PM":6,"teamFTA":22,"teamFTM":19,"teamORB":12,"teamDRB":43,"teamPTS1":22,"teamPTS2":19,"teamPTS3":20,"teamPTS4":24,"teamPTS5":0,"teamPTS6":0,"teamPTS7":0,"teamPTS8":0,"opptAbbr":"BOS","opptConf":"East","opptLoc":"Away","opptRslt":"Win","opptPTS":87,"opptAST":12,"opptTO":5,"opptSTL":8,"opptBLK":13,"opptPF":17,"opptFGA":98,"opptFGM":37,"oppt2PA":80,"oppt2PM":32,"oppt3PA":18,"oppt3PM":5,"opptFTA":15,"opptFTM":8,"opptORB":12,"opptDRB":32,"opptPTS1":16,"opptPTS2":23,"opptPTS3":25,"opptPTS4":23,"opptPTS5":0,"opptPTS6":0,"opptPTS7":0,"opptPTS8":0}
{"_id":{"$oid":"5cb552f6e0f627212ff3bd9d"},"gmDate":"2018/1/8","offLNm3":"Lewis","offFNm3":"Eric","teamAbbr":"BKN","teamConf":"East","teamLoc":"Home","teamRslt":"Loss","teamPTS":113,"teamAST":22,"teamTO":16,"teamSTL":8,"teamBLK":2,"teamPF":27,"teamFGA":101,"teamFGM":39,"team2PA":68,"team2PM":27,"team3PA":33,"team3PM":12,"teamFTA":28,"teamFTM":23,"teamORB":12,"teamDRB":44,"teamPTS1":19,"teamPTS2":25,"teamPTS3":27,"teamPTS4":36,"teamPTS5":6,"teamPTS6":0,"teamPTS7":0,"teamPTS8":0,"opptAbbr":"TOR","opptConf":"East","opptLoc":"Away","opptRslt":"Win","opptPTS":114,"opptAST":19,"opptTO":15,"opptSTL":7,"opptBLK":12,"opptPF":27,"opptFGA":101,"opptFGM":43,"oppt2PA":67,"oppt2PM":33,"oppt3PA":34,"oppt3PM":10,"opptFTA":23,"opptFTM":18,"opptORB":8,"opptDRB":43,"opptPTS1":26,"opptPTS2":19,"opptPTS3":33,"opptPTS4":29,"opptPTS5":7,"opptPTS6":0,"opptPTS7":0,"opptPTS8":0}
{"_id":{"$oid":"5cb552f6e0f627212ff3bdab"},"gmDate":"2018/1/10","offLNm3":"Collins","offFNm3":"Derrick","teamAbbr":"BKN","teamConf":"East","teamLoc":"Home","teamRslt":"Loss","teamPTS":80,"teamAST":19,"teamTO":20,"teamSTL":11,"teamBLK":2,"teamPF":11,"teamFGA":74,"teamFGM":27,"team2PA":37,"team2PM":15,"team3PA":37,"team3PM":12,"teamFTA":15,"teamFTM":14,"teamORB":2,"teamDRB":33,"teamPTS1":26,"teamPTS2":15,"teamPTS3":20,"teamPTS4":19,"teamPTS5":0,"teamPTS6":0,"teamPTS7":0,"teamPTS8":0,"opptAbbr":"DET","opptConf":"East","opptLoc":"Away","opptRslt":"Win","opptPTS":114,"opptAST":24,"opptTO":13,"opptSTL":10,"opptBLK":4,"opptPF":14,"opptFGA":93,"opptFGM":48,"oppt2PA":72,"oppt2PM":38,"oppt3PA":21,"oppt3PM":10,"opptFTA":12,"opptFTM":8,"opptORB":11,"opptDRB":43,"opptPTS1":34,"opptPTS2":29,"opptPTS3":27,"opptPTS4":24,"opptPTS5":0,"opptPTS6":0,"opptPTS7":0,"opptPTS8":0}
{"_id":{"$oid":"5cb552f6e0f627212ff3bdba"},"gmDate":"2018/1/12","offLNm3":"Brown","offFNm3":"Tony","teamAbbr":"ATL","teamConf":"East","teamLoc":"Home","teamRslt":"Loss","teamPTS":105,"teamAST":21,"teamTO":18,"teamSTL":6,"teamBLK":3,"teamPF":25,"teamFGA":80,"teamFGM":37,"team2PA":52,"team2PM":26,"team3PA":28,"team3PM":11,"teamFTA":26,"teamFTM":20,"teamORB":8,"teamDRB":38,"teamPTS1":25,"teamPTS2":25,"teamPTS3":24,"teamPTS4":31,"teamPTS5":0,"teamPTS6":0,"teamPTS7":0,"teamPTS8":0,"opptAbbr":"BKN","opptConf":"East","opptLoc":"Away","opptRslt":"Win","opptPTS":110,"opptAST":29,"opptTO":15,"opptSTL":8,"opptBLK":1,"opptPF":24,"opptFGA":87,"opptFGM":40,"oppt2PA":53,"oppt2PM":27,"oppt3PA":34,"oppt3PM":13,"opptFTA":26,"opptFTM":17,"opptORB":13,"opptDRB":30,"opptPTS1":25,"opptPTS2":28,"opptPTS3":21,"opptPTS4":36,"opptPTS5":0,"opptPTS6":0,"opptPTS7":0,"opptPTS8":0}
{"_id":{"$oid":"5cb552f6e0f627212ff3bdc3"},"gmDate":"2018/1/13","offLNm3":"DeRosa","offFNm3":"Joe","teamAbbr":"WAS","teamConf":"East","teamLoc":"Home","teamRslt":"Win","teamPTS":119,"teamAST":31,"teamTO":15,"teamSTL":10,"teamBLK":3,"teamPF":19,"teamFGA":93,"teamFGM":46,"team2PA":70,"team2PM":36,"team3PA":23,"team3PM":10,"teamFTA":23,"teamFTM":17,"teamORB":6,"teamDRB":41,"teamPTS1":33,"teamPTS2":26,"teamPTS3":24,"teamPTS4":24,"teamPTS5":12,"teamPTS6":0,"teamPTS7":0,"teamPTS8":0,"opptAbbr":"BKN","opptConf":"East","opptLoc":"Away","opptRslt":"Loss","opptPTS":113,"opptAST":28,"opptTO":16,"opptSTL":6,"opptBLK":3,"opptPF":22,"opptFGA":99,"opptFGM":42,"oppt2PA":56,"oppt2PM":30,"oppt3PA":43,"oppt3PM":12,"opptFTA":20,"opptFTM":17,"opptORB":13,"opptDRB":34,"opptPTS1":18,"opptPTS2":21,"opptPTS3":35,"opptPTS4":33,"opptPTS5":6,"opptPTS6":0,"opptPTS7":0,"opptPTS8":0}
{"_id":{"$oid":"5cb552f6e0f627212ff3bdce"},"gmDate":"2018/1/15","offLNm3":"Acosta","offFNm3":"Ray","teamAbbr":"BKN","teamConf":"East","teamLoc":"Home","teamRslt":"Loss","teamPTS":104,"teamAST":16,"teamTO":11,"teamSTL":5,"teamBLK":3,"teamPF":23,"teamFGA":87,"teamFGM":32,"team2PA":55,"team2PM":21,"team3PA":32,"team3PM":11,"teamFTA":36,"teamFTM":29,"teamORB":11,"teamDRB":34,"teamPTS1":24,"teamPTS2":18,"teamPTS3":39,"teamPTS4":23,"teamPTS5":0,"teamPTS6":0,"teamPTS7":0,"teamPTS8":0,"opptAbbr":"NY","opptConf":"East","opptLoc":"Away","opptRslt":"Win","opptPTS":119,"opptAST":27,"opptTO":9,"opptSTL":5,"opptBLK":10,"opptPF":24,"opptFGA":82,"opptFGM":42,"oppt2PA":66,"oppt2PM":33,"oppt3PA":16,"oppt3PM":9,"opptFTA":37,"opptFTM":26,"opptORB":8,"opptDRB":43,"opptPTS1":26,"opptPTS2":26,"opptPTS3":31,"opptPTS4":36,"opptPTS5":0,"opptPTS6":0,"opptPTS7":0,"opptPTS8":0}
{"_id":{"$oid":"5cb552f6e0f627212ff3bddc"},"gmDate":"2018/1/17","offLNm3":"Van Duyne","offFNm3":"Justin","teamAbbr":"BKN","teamConf":"East","teamLoc":"Home","teamRslt":"Loss","teamPTS":95,"teamAST":23,"teamTO":14,"teamSTL":3,"teamBLK":1,"teamPF":28,"teamFGA":83,"teamFGM":35,"team2PA":47,"team2PM":22,"team3PA":36,"team3PM":13,"teamFTA":18,"teamFTM":12,"teamORB":5,"teamDRB":41,"teamPTS1":26,"teamPTS2":20,"teamPTS3":18,"teamPTS4":31,"teamPTS5":0,"teamPTS6":0,"teamPTS7":0,"teamPTS8":0,"opptAbbr":"SA","opptConf":"West","opptLoc":"Away","opptRslt":"Win","opptPTS":100,"opptAST":24,"opptTO":9,"opptSTL":8,"opptBLK":4,"opptPF":20,"opptFGA":82,"opptFGM":34,"oppt2PA":63,"oppt2PM":25,"oppt3PA":19,"oppt3PM":9,"opptFTA":31,"opptFTM":23,"opptORB":7,"opptDRB":35,"opptPTS1":31,"opptPTS2":20,"opptPTS3":25,"opptPTS4":24,"opptPTS5":0,"opptPTS6":0,"opptPTS7":0,"opptPTS8":0}
{"_id":{"$oid":"5cb552f6e0f627212ff3bde9"},"gmDate":"2018/1/19","offLNm3":"Richardson","offFNm3":"Derek","teamAbbr":"BKN","teamConf":"East","teamLoc":"Home","teamRslt":"Win","teamPTS":101,"teamAST":20,"teamTO":14,"teamSTL":5,"teamBLK":8,"teamPF":18,"teamFGA":76,"teamFGM":36,"team2PA":44,"team2PM":27,"team3PA":32,"team3PM":9,"teamFTA":26,"teamFTM":20,"teamORB":10,"teamDRB":34,"teamPTS1":21,"teamPTS2":22,"teamPTS3":24,"teamPTS4":34,"teamPTS5":0,"teamPTS6":0,"teamPTS7":0,"teamPTS8":0,"opptAbbr":"MIA","opptConf":"East","opptLoc":"Away","opptRslt":"Loss","opptPTS":95,"opptAST":22,"opptTO":13,"opptSTL":7,"opptBLK":7,"opptPF":22,"opptFGA":84,"opptFGM":35,"oppt2PA":62,"oppt2PM":28,"oppt3PA":22,"oppt3PM":7,"opptFTA":25,"opptFTM":18,"opptORB":12,"opptDRB":31,"opptPTS1":24,"opptPTS2":29,"opptPTS3":16,"opptPTS4":26,"opptPTS5":0,"opptPTS6":0,"opptPTS7":0,"opptPTS8":0}
{"_id":{"$oid":"5cb552f6e0f627212ff3bdfa"},"gmDate":"2018/1/21","offLNm3":"Smith","offFNm3":"Michael","teamAbbr":"DET","teamConf":"East","teamLoc":"Home","teamRslt":"Loss","teamPTS":100,"teamAST":21,"teamTO":7,"teamSTL":3,"teamBLK":4,"teamPF":19,"teamFGA":90,"teamFGM":38,"team2PA":61,"team2PM":29,"team3PA":29,"team3PM":9,"teamFTA":17,"teamFTM":15,"teamORB":7,"teamDRB":36,"teamPTS1":20,"teamPTS2":28,"teamPTS3":20,"teamPTS4":32,"teamPTS5":0,"teamPTS6":0,"teamPTS7":0,"teamPTS8":0,"opptAbbr":"BKN","opptConf":"East","opptLoc":"Away","opptRslt":"Win","opptPTS":101,"opptAST":23,"opptTO":15,"opptSTL":1,"opptBLK":3,"opptPF":18,"opptFGA":80,"opptFGM":37,"oppt2PA":49,"oppt2PM":24,"oppt3PA":31,"oppt3PM":13,"opptFTA":20,"opptFTM":14,"opptORB":7,"opptDRB":39,"opptPTS1":30,"opptPTS2":23,"opptPTS3":24,"opptPTS4":24,"opptPTS5":0,"opptPTS6":0,"opptPTS7":0,"opptPTS8":0}
{"_id":{"$oid":"5cb552f6e0f627212ff3be06"},"gmDate":"2018/1/23","offLNm3":"Phillips","offFNm3":"Jason","teamAbbr":"OKC","teamConf":"West","teamLoc":"Home","teamRslt":"Win","teamPTS":109,"teamAST":12,"teamTO":4,"teamSTL":8,"teamBLK":4,"teamPF":18,"teamFGA":94,"teamFGM":40,"team2PA":69,"team2PM":33,"team3PA":25,"team3PM":7,"teamFTA":32,"teamFTM":22,"teamORB":16,"teamDRB":34,"teamPTS1":30,"teamPTS2":17,"teamPTS3":27,"teamPTS4":35,"teamPTS5":0,"teamPTS6":0,"teamPTS7":0,"teamPTS8":0,"opptAbbr":"BKN","opptConf":"East","opptLoc":"Away","opptRslt":"Loss","opptPTS":108,"opptAST":27,"opptTO":14,"opptSTL":1,"opptBLK":5,"opptPF":25,"opptFGA":79,"opptFGM":37,"oppt2PA":41,"oppt2PM":21,"oppt3PA":38,"oppt3PM":16,"opptFTA":25,"opptFTM":18,"opptORB":8,"opptDRB":37,"opptPTS1":26,"opptPTS2":33,"opptPTS3":26,"opptPTS4":23,"opptPTS5":0,"opptPTS6":0,"opptPTS7":0,"opptPTS8":0}
{"_id":{"$oid":"5cb552f6e0f627212ff3be1c"},"gmDate":"2018/1/26","offLNm3":"Lewis","offFNm3":"Eric","teamAbbr":"MIL","teamConf":"East","teamLoc":"Home","teamRslt":"Win","teamPTS":116,"teamAST":28,"teamTO":10,"teamSTL":9,"teamBLK":6,"teamPF":17,"teamFGA":83,"teamFGM":43,"team2PA":60,"team2PM":31,"team3PA":23,"team3PM":12,"teamFTA":20,"teamFTM":18,"teamORB":3,"teamDRB":41,"teamPTS1":33,"teamPTS2":25,"teamPTS3":23,"teamPTS4":35,"teamPTS5":0,"teamPTS6":0,"teamPTS7":0,"teamPTS8":0,"opptAbbr":"BKN","opptConf":"East","opptLoc":"Away","opptRslt":"Loss","opptPTS":91,"opptAST":18,"opptTO":14,"opptSTL":5,"opptBLK":2,"opptPF":19,"opptFGA":89,"opptFGM":33,"oppt2PA":55,"oppt2PM":25,"oppt3PA":34,"oppt3PM":8,"opptFTA":20,"opptFTM":17,"opptORB":11,"opptDRB":34,"opptPTS1":15,"opptPTS2":20,"opptPTS3":37,"opptPTS4":19,"opptPTS5":0,"opptPTS6":0,"opptPTS7":0,"opptPTS8":0}
{"_id":{"$oid":"5cb552f6e0f627212ff3be27"},"gmDate":"2018/1/27","offLNm3":"DeRosa","offFNm3":"Joe","teamAbbr":"MIN","teamConf":"West","teamLoc":"Home","teamRslt":"Win","teamPTS":111,"teamAST":20,"teamTO":7,"teamSTL":9,"teamBLK":7,"teamPF":12,"teamFGA":95,"teamFGM":42,"team2PA":74,"team2PM":38,"team3PA":21,"team3PM":4,"teamFTA":26,"teamFTM":23,"teamORB":16,"teamDRB":33,"teamPTS1":30,"teamPTS2":24,"teamPTS3":24,"teamPTS4":33,"teamPTS5":0,"teamPTS6":0,"teamPTS7":0,"teamPTS8":0,"opptAbbr":"BKN","opptConf":"East","opptLoc":"Away","opptRslt":"Loss","opptPTS":97,"opptAST":22,"opptTO":16,"opptSTL":4,"opptBLK":6,"opptPF":19,"opptFGA":82,"opptFGM":38,"oppt2PA":52,"oppt2PM":29,"oppt3PA":30,"oppt3PM":9,"opptFTA":15,"opptFTM":12,"opptORB":11,"opptDRB":31,"opptPTS1":11,"opptPTS2":31,"opptPTS3":23,"opptPTS4":32,"opptPTS5":0,"opptPTS6":0,"opptPTS7":0,"opptPTS8":0}
{"_id":{"$oid":"5cb552f6e0f627212ff3be36"},"gmDate":"2018/1/30","offLNm3":"Sterling","offFNm3":"Jonathan","teamAbbr":"NY","teamConf":"East","teamLoc":"Home","teamRslt":"Win","teamPTS":111,"teamAST":22,"teamTO":11,"teamSTL":6,"teamBLK":5,"teamPF":13,"teamFGA":89,"teamFGM":39,"team2PA":63,"team2PM":26,"team3PA":26,"team3PM":13,"teamFTA":25,"teamFTM":20,"teamORB":12,"teamDRB":35,"teamPTS1":30,"teamPTS2":31,"teamPTS3":25,"teamPTS4":25,"teamPTS5":0,"teamPTS6":0,"teamPTS7":0,"teamPTS8":0,"opptAbbr":"BKN","opptConf":"East","opptLoc":"Away","opptRslt":"Loss","opptPTS":95,"opptAST":15,"opptTO":18,"opptSTL":6,"opptBLK":3,"opptPF":21,"opptFGA":86,"opptFGM":36,"oppt2PA":50,"oppt2PM":27,"oppt3PA":36,"oppt3PM":9,"opptFTA":16,"opptFTM":14,"opptORB":11,"opptDRB":38,"opptPTS1":22,"opptPTS2":19,"opptPTS3":28,"opptPTS4":26,"opptPTS5":0,"opptPTS6":0,"opptPTS7":0,"opptPTS8":0}
{"_id":{"$oid":"5cb552f6e0f627212ff3be40"},"gmDate":"2018/1/31","offLNm3":"Mott","offFNm3":"Rodney","teamAbbr":"BKN","teamConf":"East","teamLoc":"Home","teamRslt":"Win","teamPTS":116,"teamAST":19,"teamTO":14,"teamSTL":3,"teamBLK":9,"teamPF":26,"teamFGA":77,"teamFGM":39,"team2PA":45,"team2PM":26,"team3PA":32,"team3PM":13,"teamFTA":28,"teamFTM":25,"teamORB":9,"teamDRB":30,"teamPTS1":30,"teamPTS2":34,"teamPTS3":27,"teamPTS4":25,"teamPTS5":0,"teamPTS6":0,"teamPTS7":0,"teamPTS8":0,"opptAbbr":"PHI","opptConf":"East","opptLoc":"Away","opptRslt":"Loss","opptPTS":108,"opptAST":17,"opptTO":8,"opptSTL":7,"opptBLK":5,"opptPF":21,"opptFGA":76,"opptFGM":36,"oppt2PA":58,"oppt2PM":29,"oppt3PA":18,"oppt3PM":7,"opptFTA":34,"opptFTM":29,"opptORB":6,"opptDRB":27,"opptPTS1":34,"opptPTS2":31,"opptPTS3":23,"opptPTS4":20,"opptPTS5":0,"opptPTS6":0,"opptPTS7":0,"opptPTS8":0}
{"_id":{"$oid":"5cb552f6e0f627212ff3be4d"},"gmDate":"2018/2/2","offLNm3":"Callahan","offFNm3":"Mike","teamAbbr":"BKN","teamConf":"East","teamLoc":"Home","teamRslt":"Loss","teamPTS":99,"teamAST":20,"teamTO":12,"teamSTL":7,"teamBLK":8,"teamPF":18,"teamFGA":82,"teamFGM":37,"team2PA":53,"team2PM":28,"team3PA":29,"team3PM":9,"teamFTA":23,"teamFTM":16,"teamORB":5,"teamDRB":33,"teamPTS1":26,"teamPTS2":31,"teamPTS3":28,"teamPTS4":14,"teamPTS5":0,"teamPTS6":0,"teamPTS7":0,"teamPTS8":0,"opptAbbr":"LAL","opptConf":"West","opptLoc":"Away","opptRslt":"Win","opptPTS":102,"opptAST":21,"opptTO":16,"opptSTL":5,"opptBLK":6,"opptPF":18,"opptFGA":92,"opptFGM":39,"oppt2PA":66,"oppt2PM":29,"oppt3PA":26,"oppt3PM":10,"opptFTA":20,"opptFTM":14,"opptORB":18,"opptDRB":38,"opptPTS1":24,"opptPTS2":35,"opptPTS3":26,"opptPTS4":17,"opptPTS5":0,"opptPTS6":0,"opptPTS7":0,"opptPTS8":0}
{"_id":{"$oid":"5cb552f6e0f627212ff3be60"},"gmDate":"2018/2/4","offLNm3":"Brown","offFNm3":"Tony","teamAbbr":"BKN","teamConf":"East","teamLoc":"Home","teamRslt":"Loss","teamPTS":94,"teamAST":25,"teamTO":9,"teamSTL":5,"teamBLK":1,"teamPF":19,"teamFGA":90,"teamFGM":37,"team2PA":61,"team2PM":28,"team3PA":29,"team3PM":9,"teamFTA":14,"teamFTM":11,"teamORB":11,"teamDRB":25,"teamPTS1":22,"teamPTS2":19,"teamPTS3":31,"teamPTS4":22,"teamPTS5":0,"teamPTS6":0,"teamPTS7":0,"teamPTS8":0,"opptAbbr":"MIL","opptConf":"East","opptLoc":"Away","opptRslt":"Win","opptPTS":109,"opptAST":19,"opptTO":14,"opptSTL":3,"opptBLK":7,"opptPF":16,"opptFGA":81,"opptFGM":42,"oppt2PA":62,"oppt2PM":34,"oppt3PA":19,"oppt3PM":8,"opptFTA":21,"opptFTM":17,"opptORB":14,"opptDRB":40,"opptPTS1":36,"opptPTS2":26,"opptPTS3":21,"opptPTS4":26,"opptPTS5":0,"opptPTS6":0,"opptPTS7":0,"opptPTS8":0}
{"_id":{"$oid":"5cb552f6e0f627212ff3be6d"},"gmDate":"2018/2/6","offLNm3":"Zarba","offFNm3":"Zach","teamAbbr":"BKN","teamConf":"East","teamLoc":"Home","teamRslt":"Loss","teamPTS":113,"teamAST":24,"teamTO":11,"teamSTL":8,"teamBLK":2,"teamPF":17,"teamFGA":85,"teamFGM":41,"team2PA":50,"team2PM":25,"team3PA":35,"team3PM":16,"teamFTA":17,"teamFTM":15,"teamORB":10,"teamDRB":27,"teamPTS1":31,"teamPTS2":32,"teamPTS3":23,"teamPTS4":27,"teamPTS5":0,"teamPTS6":0,"teamPTS7":0,"teamPTS8":0,"opptAbbr":"HOU","opptConf":"West","opptLoc":"Away","opptRslt":"Win","opptPTS":123,"opptAST":16,"opptTO":11,"opptSTL":7,"opptBLK":7,"opptPF":14,"opptFGA":81,"opptFGM":45,"oppt2PA":48,"oppt2PM":29,"oppt3PA":33,"oppt3PM":16,"opptFTA":21,"opptFTM":17,"opptORB":8,"opptDRB":32,"opptPTS1":38,"opptPTS2":27,"opptPTS3":31,"opptPTS4":27,"opptPTS5":0,"opptPTS6":0,"opptPTS7":0,"opptPTS8":0}
{"_id":{"$oid":"5cb552f6e0f627212ff3be72"},"gmDate":"2018/2/7","offLNm3":"Kirkland","offFNm3":"Courtney","teamAbbr":"DET","teamConf":"East","teamLoc":"Home","teamRslt":"Win","teamPTS":115,"teamAST":20,"teamTO":7,"teamSTL":10,"teamBLK":3,"teamPF":12,"teamFGA":92,"teamFGM":44,"team2PA":68,"team2PM":35,"team3PA":24,"team3PM":9,"teamFTA":25,"teamFTM":18,"teamORB":8,"teamDRB":38,"teamPTS1":26,"teamPTS2":27,"teamPTS3":26,"teamPTS4":36,"teamPTS5":0,"teamPTS6":0,"teamPTS7":0,"teamPTS8":0,"opptAbbr":"BKN","opptConf":"East","opptLoc":"Away","opptRslt":"Loss","opptPTS":106,"opptAST":33,"opptTO":20,"opptSTL":4,"opptBLK":6,"opptPF":20,"opptFGA":90,"opptFGM":39,"oppt2PA":39,"oppt2PM":22,"oppt3PA":51,"oppt3PM":17,"opptFTA":12,"opptFTM":11,"opptORB":8,"opptDRB":42,"opptPTS1":21,"opptPTS2":29,"opptPTS3":23,"opptPTS4":33,"opptPTS5":0,"opptPTS6":0,"opptPTS7":0,"opptPTS8":0}
{"_id":{"$oid":"5cb552f6e0f627212ff3be86"},"gmDate":"2018/2/10","offLNm3":"Sterling","offFNm3":"Jonathan","teamAbbr":"BKN","teamConf":"East","teamLoc":"Home","teamRslt":"Loss","teamPTS":128,"teamAST":30,"teamTO":17,"teamSTL":10,"teamBLK":3,"teamPF":30,"teamFGA":114,"teamFGM":43,"team2PA":55,"team2PM":22,"team3PA":59,"team3PM":21,"teamFTA":22,"teamFTM":21,"teamORB":18,"teamDRB":42,"teamPTS1":22,"teamPTS2":30,"teamPTS3":33,"teamPTS4":31,"teamPTS5":8,"teamPTS6":4,"teamPTS7":0,"teamPTS8":0,"opptAbbr":"NO","opptConf":"West","opptLoc":"Away","opptRslt":"Win","opptPTS":138,"opptAST":23,"opptTO":15,"opptSTL":10,"opptBLK":10,"opptPF":18,"opptFGA":106,"opptFGM":52,"oppt2PA":82,"oppt2PM":43,"oppt3PA":24,"oppt3PM":9,"opptFTA":39,"opptFTM":25,"opptORB":14,"opptDRB":45,"opptPTS1":34,"opptPTS2":38,"opptPTS3":28,"opptPTS4":16,"opptPTS5":8,"opptPTS6":14,"opptPTS7":0,"opptPTS8":0}
{"_id":{"$oid":"5cb552f6e0f627212ff3be97"},"gmDate":"2018/2/12","offLNm3":"Van Duyne","offFNm3":"Justin","teamAbbr":"BKN","teamConf":"East","teamLoc":"Home","teamRslt":"Loss","teamPTS":101,"teamAST":27,"teamTO":13,"teamSTL":10,"teamBLK":6,"teamPF":15,"teamFGA":89,"teamFGM":41,"team2PA":49,"team2PM":29,"team3PA":40,"team3PM":12,"teamFTA":10,"teamFTM":7,"teamORB":10,"teamDRB":27,"teamPTS1":22,"teamPTS2":29,"teamPTS3":16,"teamPTS4":34,"teamPTS5":0,"teamPTS6":0,"teamPTS7":0,"teamPTS8":0,"opptAbbr":"LAC","opptConf":"West","opptLoc":"Away","opptRslt":"Win","opptPTS":114,"opptAST":19,"opptTO":15,"opptSTL":8,"opptBLK":6,"opptPF":14,"opptFGA":85,"opptFGM":48,"oppt2PA":69,"oppt2PM":42,"oppt3PA":16,"oppt3PM":6,"opptFTA":14,"opptFTM":12,"opptORB":8,"opptDRB":35,"opptPTS1":34,"opptPTS2":32,"opptPTS3":24,"opptPTS4":24,"opptPTS5":0,"opptPTS6":0,"opptPTS7":0,"opptPTS8":0}
{"_id":{"$oid":"5cb552f6e0f627212ff3bea4"},"gmDate":"2018/2/14","offLNm3":"DeRosa","offFNm3":"Joe","teamAbbr":"BKN","teamConf":"East","teamLoc":"Home","teamRslt":"Loss","teamPTS":103,"teamAST":24,"teamTO":14,"teamSTL":4,"teamBLK":2,"teamPF":20,"teamFGA":83,"teamFGM":35,"team2PA":48,"team2PM":22,"team3PA":35,"team3PM":13,"teamFTA":27,"teamFTM":20,"teamORB":9,"teamDRB":35,"teamPTS1":23,"teamPTS2":31,"teamPTS3":25,"teamPTS4":24,"teamPTS5":0,"teamPTS6":0,"teamPTS7":0,"teamPTS8":0,"opptAbbr":"IND","opptConf":"East","opptLoc":"Away","opptRslt":"Win","opptPTS":108,"opptAST":20,"opptTO":8,"opptSTL":10,"opptBLK":7,"opptPF":20,"opptFGA":90,"opptFGM":39,"oppt2PA":75,"oppt2PM":33,"oppt3PA":15,"oppt3PM":6,"opptFTA":28,"opptFTM":24,"opptORB":15,"opptDRB":37,"opptPTS1":22,"opptPTS2":32,"opptPTS3":19,"opptPTS4":35,"opptPTS5":0,"opptPTS6":0,"opptPTS7":0,"opptPTS8":0}
{"_id":{"$oid":"5cb552f6e0f627212ff3beaf"},"gmDate":"2018/2/22","offLNm3":"Malloy","offFNm3":"Ed","teamAbbr":"CHA","teamConf":"East","teamLoc":"Home","teamRslt":"Win","teamPTS":111,"teamAST":29,"teamTO":15,"teamSTL":3,"teamBLK":6,"teamPF":15,"teamFGA":87,"teamFGM":42,"team2PA":66,"team2PM":31,"team3PA":21,"team3PM":11,"teamFTA":20,"teamFTM":16,"teamORB":13,"teamDRB":41,"teamPTS1":32,"teamPTS2":23,"teamPTS3":25,"teamPTS4":31,"teamPTS5":0,"teamPTS6":0,"teamPTS7":0,"teamPTS8":0,"opptAbbr":"BKN","opptConf":"East","opptLoc":"Away","opptRslt":"Loss","opptPTS":96,"opptAST":27,"opptTO":10,"opptSTL":6,"opptBLK":8,"opptPF":23,"opptFGA":93,"opptFGM":36,"oppt2PA":50,"oppt2PM":22,"oppt3PA":43,"oppt3PM":14,"opptFTA":14,"opptFTM":10,"opptORB":11,"opptDRB":30,"opptPTS1":28,"opptPTS2":25,"opptPTS3":21,"opptPTS4":22,"opptPTS5":0,"opptPTS6":0,"opptPTS7":0,"opptPTS8":0}
{"_id":{"$oid":"5cb552f6e0f627212ff3becf"},"gmDate":"2018/2/26","offLNm3":"Wood","offFNm3":"Leon","teamAbbr":"BKN","teamConf":"East","teamLoc":"Home","teamRslt":"Win","teamPTS":104,"teamAST":31,"teamTO":15,"teamSTL":4,"teamBLK":9,"teamPF":20,"teamFGA":90,"teamFGM":40,"team2PA":48,"team2PM":24,"team3PA":42,"team3PM":16,"teamFTA":8,"teamFTM":8,"teamORB":7,"teamDRB":41,"teamPTS1":28,"teamPTS2":21,"teamPTS3":35,"teamPTS4":20,"teamPTS5":0,"teamPTS6":0,"teamPTS7":0,"teamPTS8":0,"opptAbbr":"CHI","opptConf":"East","opptLoc":"Away","opptRslt":"Loss","opptPTS":87,"opptAST":17,"opptTO":14,"opptSTL":8,"opptBLK":7,"opptPF":11,"opptFGA":93,"opptFGM":33,"oppt2PA":70,"oppt2PM":27,"oppt3PA":23,"oppt3PM":6,"opptFTA":23,"opptFTM":15,"opptORB":15,"opptDRB":41,"opptPTS1":19,"opptPTS2":32,"opptPTS3":19,"opptPTS4":17,"opptPTS5":0,"opptPTS6":0,"opptPTS7":0,"opptPTS8":0}
{"_id":{"$oid":"5cb552f6e0f627212ff3bed8"},"gmDate":"2018/2/27","offLNm3":"Boland","offFNm3":"Matt","teamAbbr":"CLE","teamConf":"East","teamLoc":"Home","teamRslt":"Win","teamPTS":129,"teamAST":24,"teamTO":11,"teamSTL":7,"teamBLK":1,"teamPF":24,"teamFGA":97,"teamFGM":50,"team2PA":73,"team2PM":38,"team3PA":24,"team3PM":12,"teamFTA":27,"teamFTM":17,"teamORB":14,"teamDRB":41,"teamPTS1":25,"teamPTS2":35,"teamPTS3":34,"teamPTS4":35,"teamPTS5":0,"teamPTS6":0,"teamPTS7":0,"teamPTS8":0,"opptAbbr":"BKN","opptConf":"East","opptLoc":"Away","opptRslt":"Loss","opptPTS":123,"opptAST":29,"opptTO":13,"opptSTL":6,"opptBLK":0,"opptPF":21,"opptFGA":82,"opptFGM":44,"oppt2PA":50,"oppt2PM":32,"oppt3PA":32,"oppt3PM":12,"opptFTA":30,"opptFTM":23,"opptORB":3,"opptDRB":33,"opptPTS1":29,"opptPTS2":32,"opptPTS3":30,"opptPTS4":32,"opptPTS5":0,"opptPTS6":0,"opptPTS7":0,"opptPTS8":0}
{"_id":{"$oid":"5cb552f6e0f627212ff3bee8"},"gmDate":"2018/3/1","offLNm3":"Ayotte","offFNm3":"Mark","teamAbbr":"SAC","teamConf":"West","teamLoc":"Home","teamRslt":"Win","teamPTS":116,"teamAST":23,"teamTO":15,"teamSTL":15,"teamBLK":6,"teamPF":13,"teamFGA":97,"teamFGM":50,"team2PA":83,"team2PM":44,"team3PA":14,"team3PM":6,"teamFTA":12,"teamFTM":10,"teamORB":11,"teamDRB":33,"teamPTS1":22,"teamPTS2":31,"teamPTS3":20,"teamPTS4":27,"teamPTS5":16,"teamPTS6":0,"teamPTS7":0,"teamPTS8":0,"opptAbbr":"BKN","opptConf":"East","opptLoc":"Away","opptRslt":"Loss","opptPTS":111,"opptAST":27,"opptTO":22,"opptSTL":10,"opptBLK":4,"opptPF":14,"opptFGA":96,"opptFGM":40,"oppt2PA":50,"oppt2PM":23,"oppt3PA":46,"oppt3PM":17,"opptFTA":17,"opptFTM":14,"opptORB":16,"opptDRB":35,"opptPTS1":31,"opptPTS2":20,"opptPTS3":28,"opptPTS4":21,"opptPTS5":11,"opptPTS6":0,"opptPTS7":0,"opptPTS8":0}
{"_id":{"$oid":"5cb552f6e0f627212ff3bf00"},"gmDate":"2018/3/4","offLNm3":"Mauer","offFNm3":"Ken","teamAbbr":"LAC","teamConf":"West","teamLoc":"Home","teamRslt":"Win","teamPTS":123,"teamAST":18,"teamTO":10,"teamSTL":12,"teamBLK":6,"teamPF":20,"teamFGA":84,"teamFGM":44,"team2PA":57,"team2PM":34,"team3PA":27,"team3PM":10,"teamFTA":30,"teamFTM":25,"teamORB":7,"teamDRB":33,"teamPTS1":32,"teamPTS2":33,"teamPTS3":26,"teamPTS4":32,"teamPTS5":0,"teamPTS6":0,"teamPTS7":0,"teamPTS8":0,"opptAbbr":"BKN","opptConf":"East","opptLoc":"Away","opptRslt":"Loss","opptPTS":120,"opptAST":30,"opptTO":14,"opptSTL":8,"opptBLK":4,"opptPF":21,"opptFGA":92,"opptFGM":40,"oppt2PA":47,"oppt2PM":21,"oppt3PA":45,"oppt3PM":19,"opptFTA":23,"opptFTM":21,"opptORB":13,"opptDRB":31,"opptPTS1":27,"opptPTS2":26,"opptPTS3":33,"opptPTS4":34,"opptPTS5":0,"opptPTS6":0,"opptPTS7":0,"opptPTS8":0}
{"_id":{"$oid":"5cb552f6e0f627212ff3bf0f"},"gmDate":"2018/3/6","offLNm3":"Collins","offFNm3":"Derrick","teamAbbr":"GS","teamConf":"West","teamLoc":"Home","teamRslt":"Win","teamPTS":114,"teamAST":30,"teamTO":17,"teamSTL":8,"teamBLK":7,"teamPF":18,"teamFGA":83,"teamFGM":47,"team2PA":60,"team2PM":36,"team3PA":23,"team3PM":11,"teamFTA":11,"teamFTM":9,"teamORB":5,"teamDRB":36,"teamPTS1":35,"teamPTS2":13,"teamPTS3":38,"teamPTS4":28,"teamPTS5":0,"teamPTS6":0,"teamPTS7":0,"teamPTS8":0,"opptAbbr":"BKN","opptConf":"East","opptLoc":"Away","opptRslt":"Loss","opptPTS":101,"opptAST":24,"opptTO":16,"opptSTL":7,"opptBLK":1,"opptPF":18,"opptFGA":85,"opptFGM":36,"oppt2PA":51,"oppt2PM":27,"oppt3PA":34,"oppt3PM":9,"opptFTA":25,"opptFTM":20,"opptORB":10,"opptDRB":28,"opptPTS1":19,"opptPTS2":34,"opptPTS3":27,"opptPTS4":21,"opptPTS5":0,"opptPTS6":0,"opptPTS7":0,"opptPTS8":0}
{"_id":{"$oid":"5cb552f6e0f627212ff3bf18"},"gmDate":"2018/3/8","offLNm3":"Adams","offFNm3":"Bennie","teamAbbr":"CHA","teamConf":"East","teamLoc":"Home","teamRslt":"Loss","teamPTS":111,"teamAST":19,"teamTO":13,"teamSTL":5,"teamBLK":5,"teamPF":21,"teamFGA":85,"teamFGM":41,"team2PA":66,"team2PM":37,"team3PA":19,"team3PM":4,"teamFTA":30,"teamFTM":25,"teamORB":6,"teamDRB":30,"teamPTS1":29,"teamPTS2":30,"teamPTS3":26,"teamPTS4":26,"teamPTS5":0,"teamPTS6":0,"teamPTS7":0,"teamPTS8":0,"opptAbbr":"BKN","opptConf":"East","opptLoc":"Away","opptRslt":"Win","opptPTS":125,"opptAST":30,"opptTO":12,"opptSTL":7,"opptBLK":7,"opptPF":27,"opptFGA":92,"opptFGM":47,"oppt2PA":60,"oppt2PM":36,"oppt3PA":32,"oppt3PM":11,"opptFTA":22,"opptFTM":20,"opptORB":9,"opptDRB":34,"opptPTS1":35,"opptPTS2":30,"opptPTS3":31,"opptPTS4":29,"opptPTS5":0,"opptPTS6":0,"opptPTS7":0,"opptPTS8":0}
{"_id":{"$oid":"5cb552f6e0f627212ff3bf33"},"gmDate":"2018/3/11","offLNm3":"Stafford","offFNm3":"Derrick","teamAbbr":"BKN","teamConf":"East","teamLoc":"Home","teamRslt":"Loss","teamPTS":97,"teamAST":17,"teamTO":18,"teamSTL":5,"teamBLK":5,"teamPF":19,"teamFGA":85,"teamFGM":33,"team2PA":57,"team2PM":23,"team3PA":28,"team3PM":10,"teamFTA":24,"teamFTM":21,"teamORB":13,"teamDRB":29,"teamPTS1":25,"teamPTS2":35,"teamPTS3":23,"teamPTS4":14,"teamPTS5":0,"teamPTS6":0,"teamPTS7":0,"teamPTS8":0,"opptAbbr":"PHI","opptConf":"East","opptLoc":"Away","opptRslt":"Win","opptPTS":120,"opptAST":33,"opptTO":10,"opptSTL":12,"opptBLK":7,"opptPF":19,"opptFGA":95,"opptFGM":50,"oppt2PA":69,"oppt2PM":41,"oppt3PA":26,"oppt3PM":9,"opptFTA":18,"opptFTM":11,"opptORB":12,"opptDRB":36,"opptPTS1":37,"opptPTS2":33,"opptPTS3":26,"opptPTS4":24,"opptPTS5":0,"opptPTS6":0,"opptPTS7":0,"opptPTS8":0}
{"_id":{"$oid":"5cb552f6e0f627212ff3bf3d"},"gmDate":"2018/3/13","offLNm3":"Phillips","offFNm3":"Jason","teamAbbr":"BKN","teamConf":"East","teamLoc":"Home","teamRslt":"Loss","teamPTS":102,"teamAST":21,"teamTO":12,"teamSTL":9,"teamBLK":6,"teamPF":19,"teamFGA":86,"teamFGM":35,"team2PA":50,"team2PM":20,"team3PA":36,"team3PM":15,"teamFTA":19,"teamFTM":17,"teamORB":9,"teamDRB":29,"teamPTS1":40,"teamPTS2":27,"teamPTS3":18,"teamPTS4":17,"teamPTS5":0,"teamPTS6":0,"teamPTS7":0,"teamPTS8":0,"opptAbbr":"TOR","opptConf":"East","opptLoc":"Away","opptRslt":"Win","opptPTS":116,"opptAST":27,"opptTO":11,"opptSTL":7,"opptBLK":6,"opptPF":20,"opptFGA":91,"opptFGM":44,"oppt2PA":60,"oppt2PM":33,"oppt3PA":31,"oppt3PM":11,"opptFTA":21,"opptFTM":17,"opptORB":13,"opptDRB":40,"opptPTS1":32,"opptPTS2":25,"opptPTS3":30,"opptPTS4":29,"opptPTS5":0,"opptPTS6":0,"opptPTS7":0,"opptPTS8":0}
{"_id":{"$oid":"5cb552f6e0f627212ff3bf53"},"gmDate":"2018/3/16","offLNm3":"Ayotte","offFNm3":"Mark","teamAbbr":"PHI","teamConf":"East","teamLoc":"Home","teamRslt":"Win","teamPTS":120,"teamAST":30,"teamTO":5,"teamSTL":9,"teamBLK":3,"teamPF":21,"teamFGA":95,"teamFGM":43,"team2PA":68,"team2PM":31,"team3PA":27,"team3PM":12,"teamFTA":26,"teamFTM":22,"teamORB":13,"teamDRB":29,"teamPTS1":30,"teamPTS2":25,"teamPTS3":31,"teamPTS4":34,"teamPTS5":0,"teamPTS6":0,"teamPTS7":0,"teamPTS8":0,"opptAbbr":"BKN","opptConf":"East","opptLoc":"Away","opptRslt":"Loss","opptPTS":116,"opptAST":25,"opptTO":12,"opptSTL":4,"opptBLK":5,"opptPF":22,"opptFGA":89,"opptFGM":40,"oppt2PA":59,"oppt2PM":25,"oppt3PA":30,"oppt3PM":15,"opptFTA":27,"opptFTM":21,"opptORB":11,"opptDRB":36,"opptPTS1":33,"opptPTS2":25,"opptPTS3":23,"opptPTS4":35,"opptPTS5":0,"opptPTS6":0,"opptPTS7":0,"opptPTS8":0}
{"_id":{"$oid":"5cb552f6e0f627212ff3bf5a"},"gmDate":"2018/3/17","offLNm3":"Acosta","offFNm3":"Ray","teamAbbr":"BKN","teamConf":"East","teamLoc":"Home","teamRslt":"Win","teamPTS":114,"teamAST":25,"teamTO":10,"teamSTL":4,"teamBLK":6,"teamPF":14,"teamFGA":84,"teamFGM":43,"team2PA":48,"team2PM":29,"team3PA":36,"team3PM":14,"teamFTA":19,"teamFTM":14,"teamORB":10,"teamDRB":33,"teamPTS1":30,"teamPTS2":29,"teamPTS3":29,"teamPTS4":26,"teamPTS5":0,"teamPTS6":0,"teamPTS7":0,"teamPTS8":0,"opptAbbr":"DAL","opptConf":"West","opptLoc":"Away","opptRslt":"Loss","opptPTS":106,"opptAST":25,"opptTO":10,"opptSTL":5,"opptBLK":3,"opptPF":21,"opptFGA":92,"opptFGM":41,"oppt2PA":70,"oppt2PM":29,"oppt3PA":22,"oppt3PM":12,"opptFTA":14,"opptFTM":12,"opptORB":13,"opptDRB":32,"opptPTS1":24,"opptPTS2":32,"opptPTS3":33,"opptPTS4":17,"opptPTS5":0,"opptPTS6":0,"opptPTS7":0,"opptPTS8":0}
{"_id":{"$oid":"5cb552f6e0f627212ff3bf6a"},"gmDate":"2018/3/19","offLNm3":"Buchert","offFNm3":"Nick","teamAbbr":"BKN","teamConf":"East","teamLoc":"Home","teamRslt":"Win","teamPTS":118,"teamAST":27,"teamTO":22,"teamSTL":5,"teamBLK":9,"teamPF":22,"teamFGA":72,"teamFGM":36,"team2PA":32,"team2PM":20,"team3PA":40,"team3PM":16,"teamFTA":40,"teamFTM":30,"teamORB":9,"teamDRB":32,"teamPTS1":32,"teamPTS2":33,"teamPTS3":22,"teamPTS4":31,"teamPTS5":0,"teamPTS6":0,"teamPTS7":0,"teamPTS8":0,"opptAbbr":"MEM","opptConf":"West","opptLoc":"Away","opptRslt":"Loss","opptPTS":115,"opptAST":21,"opptTO":17,"opptSTL":11,"opptBLK":3,"opptPF":33,"opptFGA":88,"opptFGM":46,"oppt2PA":65,"oppt2PM":36,"oppt3PA":23,"oppt3PM":10,"opptFTA":20,"opptFTM":13,"opptORB":11,"opptDRB":31,"opptPTS1":31,"opptPTS2":32,"opptPTS3":31,"opptPTS4":21,"opptPTS5":0,"opptPTS6":0,"opptPTS7":0,"opptPTS8":0}
{"_id":{"$oid":"5cb552f6e0f627212ff3bf78"},"gmDate":"2018/3/21","offLNm3":"Spooner","offFNm3":"Bill","teamAbbr":"BKN","teamConf":"East","teamLoc":"Home","teamRslt":"Loss","teamPTS":105,"teamAST":22,"teamTO":13,"teamSTL":6,"teamBLK":11,"teamPF":36,"teamFGA":93,"teamFGM":39,"team2PA":56,"team2PM":26,"team3PA":37,"team3PM":13,"teamFTA":21,"teamFTM":14,"teamORB":10,"teamDRB":36,"teamPTS1":34,"teamPTS2":28,"teamPTS3":25,"teamPTS4":18,"teamPTS5":0,"teamPTS6":0,"teamPTS7":0,"teamPTS8":0,"opptAbbr":"CHA","opptConf":"East","opptLoc":"Away","opptRslt":"Win","opptPTS":111,"opptAST":18,"opptTO":13,"opptSTL":3,"opptBLK":2,"opptPF":16,"opptFGA":94,"opptFGM":36,"oppt2PA":78,"oppt2PM":33,"oppt3PA":16,"oppt3PM":3,"opptFTA":47,"opptFTM":36,"opptORB":23,"opptDRB":45,"opptPTS1":22,"opptPTS2":21,"opptPTS3":32,"opptPTS4":36,"opptPTS5":0,"opptPTS6":0,"opptPTS7":0,"opptPTS8":0}
{"_id":{"$oid":"5cb552f6e0f627212ff3bf89"},"gmDate":"2018/3/23","offLNm3":"Foster","offFNm3":"Scott","teamAbbr":"TOR","teamConf":"East","teamLoc":"Home","teamRslt":"Win","teamPTS":116,"teamAST":26,"teamTO":11,"teamSTL":5,"teamBLK":7,"teamPF":24,"teamFGA":86,"teamFGM":41,"team2PA":57,"team2PM":27,"team3PA":29,"team3PM":14,"teamFTA":29,"teamFTM":20,"teamORB":5,"teamDRB":38,"teamPTS1":31,"teamPTS2":28,"teamPTS3":25,"teamPTS4":32,"teamPTS5":0,"teamPTS6":0,"teamPTS7":0,"teamPTS8":0,"opptAbbr":"BKN","opptConf":"East","opptLoc":"Away","opptRslt":"Loss","opptPTS":112,"opptAST":21,"opptTO":11,"opptSTL":5,"opptBLK":9,"opptPF":23,"opptFGA":84,"opptFGM":41,"oppt2PA":57,"oppt2PM":30,"oppt3PA":27,"oppt3PM":11,"opptFTA":31,"opptFTM":19,"opptORB":5,"opptDRB":35,"opptPTS1":32,"opptPTS2":32,"opptPTS3":27,"opptPTS4":21,"opptPTS5":0,"opptPTS6":0,"opptPTS7":0,"opptPTS8":0}
{"_id":{"$oid":"5cb552f6e0f627212ff3bf94"},"gmDate":"2018/3/25","offLNm3":"Smith","offFNm3":"Michael","teamAbbr":"BKN","teamConf":"East","teamLoc":"Home","teamRslt":"Loss","teamPTS":114,"teamAST":27,"teamTO":10,"teamSTL":7,"teamBLK":3,"teamPF":23,"teamFGA":83,"teamFGM":38,"team2PA":46,"team2PM":21,"team3PA":37,"team3PM":17,"teamFTA":26,"teamFTM":21,"teamORB":7,"teamDRB":31,"teamPTS1":30,"teamPTS2":32,"teamPTS3":27,"teamPTS4":25,"teamPTS5":0,"teamPTS6":0,"teamPTS7":0,"teamPTS8":0,"opptAbbr":"CLE","opptConf":"East","opptLoc":"Away","opptRslt":"Win","opptPTS":121,"opptAST":25,"opptTO":11,"opptSTL":5,"opptBLK":2,"opptPF":21,"opptFGA":87,"opptFGM":44,"oppt2PA":59,"oppt2PM":32,"oppt3PA":28,"oppt3PM":12,"opptFTA":26,"opptFTM":21,"opptORB":11,"opptDRB":38,"opptPTS1":28,"opptPTS2":32,"opptPTS3":27,"opptPTS4":34,"opptPTS5":0,"opptPTS6":0,"opptPTS7":0,"opptPTS8":0}
{"_id":{"$oid":"5cb552f6e0f627212ff3bfab"},"gmDate":"2018/3/28","offLNm3":"Stafford","offFNm3":"Derrick","teamAbbr":"ORL","teamConf":"East","teamLoc":"Home","teamRslt":"Loss","teamPTS":104,"teamAST":25,"teamTO":10,"teamSTL":4,"teamBLK":4,"teamPF":18,"teamFGA":92,"teamFGM":40,"team2PA":61,"team2PM":29,"team3PA":31,"team3PM":11,"teamFTA":16,"teamFTM":13,"teamORB":11,"teamDRB":33,"teamPTS1":33,"teamPTS2":18,"teamPTS3":30,"teamPTS4":23,"teamPTS5":0,"teamPTS6":0,"teamPTS7":0,"teamPTS8":0,"opptAbbr":"BKN","opptConf":"East","opptLoc":"Away","opptRslt":"Win","opptPTS":111,"opptAST":28,"opptTO":9,"opptSTL":6,"opptBLK":5,"opptPF":17,"opptFGA":87,"opptFGM":40,"oppt2PA":53,"oppt2PM":28,"oppt3PA":34,"oppt3PM":12,"opptFTA":22,"opptFTM":19,"opptORB":11,"opptDRB":37,"opptPTS1":36,"opptPTS2":22,"opptPTS3":27,"opptPTS4":26,"opptPTS5":0,"opptPTS6":0,"opptPTS7":0,"opptPTS8":0}
{"_id":{"$oid":"5cb552f6e0f627212ff3bfc3"},"gmDate":"2018/3/31","offLNm3":"DeRosa","offFNm3":"Joe","teamAbbr":"MIA","teamConf":"East","teamLoc":"Home","teamRslt":"Loss","teamPTS":109,"teamAST":19,"teamTO":18,"teamSTL":6,"teamBLK":7,"teamPF":22,"teamFGA":95,"teamFGM":43,"team2PA":78,"team2PM":36,"team3PA":17,"team3PM":7,"teamFTA":21,"teamFTM":16,"teamORB":10,"teamDRB":41,"teamPTS1":32,"teamPTS2":23,"teamPTS3":21,"teamPTS4":25,"teamPTS5":8,"teamPTS6":0,"teamPTS7":0,"teamPTS8":0,"opptAbbr":"BKN","opptConf":"East","opptLoc":"Away","opptRslt":"Win","opptPTS":110,"opptAST":28,"opptTO":17,"opptSTL":11,"opptBLK":6,"opptPF":24,"opptFGA":91,"opptFGM":39,"oppt2PA":56,"oppt2PM":29,"oppt3PA":35,"oppt3PM":10,"opptFTA":28,"opptFTM":22,"opptORB":7,"opptDRB":40,"opptPTS1":22,"opptPTS2":26,"opptPTS3":32,"opptPTS4":21,"opptPTS5":9,"opptPTS6":0,"opptPTS7":0,"opptPTS8":0}
{"_id":{"$oid":"5cb552f6e0f627212ff3bfca"},"gmDate":"2018/4/1","offLNm3":"Sterling","offFNm3":"Jonathan","teamAbbr":"BKN","teamConf":"East","teamLoc":"Home","teamRslt":"Loss","teamPTS":96,"teamAST":23,"teamTO":12,"teamSTL":5,"teamBLK":5,"teamPF":22,"teamFGA":87,"teamFGM":37,"team2PA":44,"team2PM":25,"team3PA":43,"team3PM":12,"teamFTA":15,"teamFTM":10,"teamORB":6,"teamDRB":34,"teamPTS1":28,"teamPTS2":20,"teamPTS3":22,"teamPTS4":26,"teamPTS5":0,"teamPTS6":0,"teamPTS7":0,"teamPTS8":0,"opptAbbr":"DET","opptConf":"East","opptLoc":"Away","opptRslt":"Win","opptPTS":108,"opptAST":17,"opptTO":11,"opptSTL":9,"opptBLK":3,"opptPF":16,"opptFGA":84,"opptFGM":38,"oppt2PA":65,"oppt2PM":31,"oppt3PA":19,"oppt3PM":7,"opptFTA":32,"opptFTM":25,"opptORB":10,"opptDRB":43,"opptPTS1":33,"opptPTS2":29,"opptPTS3":21,"opptPTS4":25,"opptPTS5":0,"opptPTS6":0,"opptPTS7":0,"opptPTS8":0}
{"_id":{"$oid":"5cb552f6e0f627212ff3bfd3"},"gmDate":"2018/4/3","offLNm3":"Malloy","offFNm3":"Ed","teamAbbr":"PHI","teamConf":"East","teamLoc":"Home","teamRslt":"Win","teamPTS":121,"teamAST":28,"teamTO":10,"teamSTL":10,"teamBLK":10,"teamPF":22,"teamFGA":92,"teamFGM":50,"team2PA":71,"team2PM":41,"team3PA":21,"team3PM":9,"teamFTA":18,"teamFTM":12,"teamORB":8,"teamDRB":48,"teamPTS1":28,"teamPTS2":33,"teamPTS3":32,"teamPTS4":28,"teamPTS5":0,"teamPTS6":0,"teamPTS7":0,"teamPTS8":0,"opptAbbr":"BKN","opptConf":"East","opptLoc":"Away","opptRslt":"Loss","opptPTS":95,"opptAST":20,"opptTO":18,"opptSTL":5,"opptBLK":6,"opptPF":15,"opptFGA":81,"opptFGM":34,"oppt2PA":39,"oppt2PM":17,"oppt3PA":42,"oppt3PM":17,"opptFTA":23,"opptFTM":10,"opptORB":3,"opptDRB":33,"opptPTS1":22,"opptPTS2":27,"opptPTS3":22,"opptPTS4":24,"opptPTS5":0,"opptPTS6":0,"opptPTS7":0,"opptPTS8":0}
{"_id":{"$oid":"5cb552f6e0f627212ff3bfe7"},"gmDate":"2018/4/5","offLNm3":"Acosta","offFNm3":"Ray","teamAbbr":"MIL","teamConf":"East","teamLoc":"Home","teamRslt":"Loss","teamPTS":111,"teamAST":21,"teamTO":8,"teamSTL":12,"teamBLK":2,"teamPF":19,"teamFGA":93,"teamFGM":41,"team2PA":73,"team2PM":36,"team3PA":20,"team3PM":5,"teamFTA":30,"teamFTM":24,"teamORB":12,"teamDRB":29,"teamPTS1":24,"teamPTS2":21,"teamPTS3":36,"teamPTS4":30,"teamPTS5":0,"teamPTS6":0,"teamPTS7":0,"teamPTS8":0,"opptAbbr":"BKN","opptConf":"East","opptLoc":"Away","opptRslt":"Win","opptPTS":119,"opptAST":30,"opptTO":20,"opptSTL":3,"opptBLK":12,"opptPF":21,"opptFGA":75,"opptFGM":41,"oppt2PA":36,"oppt2PM":22,"oppt3PA":39,"oppt3PM":19,"opptFTA":21,"opptFTM":18,"opptORB":4,"opptDRB":37,"opptPTS1":30,"opptPTS2":22,"opptPTS3":31,"opptPTS4":36,"opptPTS5":0,"opptPTS6":0,"opptPTS7":0,"opptPTS8":0}
{"_id":{"$oid":"5cb552f6e0f627212ff3bff7"},"gmDate":"2018/4/7","offLNm3":"Van Duyne","offFNm3":"Justin","teamAbbr":"CHI","teamConf":"East","teamLoc":"Home","teamRslt":"Loss","teamPTS":96,"teamAST":16,"teamTO":13,"teamSTL":8,"teamBLK":1,"teamPF":14,"teamFGA":88,"teamFGM":36,"team2PA":59,"team2PM":30,"team3PA":29,"team3PM":6,"teamFTA":21,"teamFTM":18,"teamORB":4,"teamDRB":35,"teamPTS1":23,"teamPTS2":28,"teamPTS3":26,"teamPTS4":19,"teamPTS5":0,"teamPTS6":0,"teamPTS7":0,"teamPTS8":0,"opptAbbr":"BKN","opptConf":"East","opptLoc":"Away","opptRslt":"Win","opptPTS":124,"opptAST":36,"opptTO":15,"opptSTL":11,"opptBLK":10,"opptPF":18,"opptFGA":92,"opptFGM":46,"oppt2PA":37,"oppt2PM":22,"oppt3PA":55,"oppt3PM":24,"opptFTA":11,"opptFTM":8,"opptORB":5,"opptDRB":41,"opptPTS1":28,"opptPTS2":35,"opptPTS3":33,"opptPTS4":28,"opptPTS5":0,"opptPTS6":0,"opptPTS7":0,"opptPTS8":0}
{"_id":{"$oid":"5cb552f6e0f627212ff3c003"},"gmDate":"2018/4/9","offLNm3":"Kirkland","offFNm3":"Courtney","teamAbbr":"BKN","teamConf":"East","teamLoc":"Home","teamRslt":"Win","teamPTS":114,"teamAST":32,"teamTO":18,"teamSTL":8,"teamBLK":10,"teamPF":15,"teamFGA":82,"teamFGM":41,"team2PA":40,"team2PM":23,"team3PA":42,"team3PM":18,"teamFTA":15,"teamFTM":14,"teamORB":6,"teamDRB":32,"teamPTS1":29,"teamPTS2":33,"teamPTS3":24,"teamPTS4":28,"teamPTS5":0,"teamPTS6":0,"teamPTS7":0,"teamPTS8":0,"opptAbbr":"CHI","opptConf":"East","opptLoc":"Away","opptRslt":"Loss","opptPTS":105,"opptAST":26,"opptTO":19,"opptSTL":7,"opptBLK":6,"opptPF":17,"opptFGA":89,"opptFGM":43,"oppt2PA":61,"oppt2PM":31,"oppt3PA":28,"oppt3PM":12,"opptFTA":12,"opptFTM":7,"opptORB":10,"opptDRB":34,"opptPTS1":26,"opptPTS2":29,"opptPTS3":28,"opptPTS4":22,"opptPTS5":0,"opptPTS6":0,"opptPTS7":0,"opptPTS8":0}
{"_id":{"$oid":"5cb552f6e0f627212ff3c011"},"gmDate":"2018/4/11","offLNm3":"Fraher","offFNm3":"Pat","teamAbbr":"BOS","teamConf":"East","teamLoc":"Home","teamRslt":"Win","teamPTS":110,"teamAST":22,"teamTO":14,"teamSTL":6,"teamBLK":6,"teamPF":14,"teamFGA":102,"teamFGM":46,"team2PA":78,"team2PM":40,"team3PA":24,"team3PM":6,"teamFTA":15,"teamFTM":12,"teamORB":20,"teamDRB":42,"teamPTS1":27,"teamPTS2":26,"teamPTS3":30,"teamPTS4":27,"teamPTS5":0,"teamPTS6":0,"teamPTS7":0,"teamPTS8":0,"opptAbbr":"BKN","opptConf":"East","opptLoc":"Away","opptRslt":"Loss","opptPTS":97,"opptAST":27,"opptTO":16,"opptSTL":10,"opptBLK":6,"opptPF":12,"opptFGA":91,"opptFGM":37,"oppt2PA":51,"oppt2PM":26,"oppt3PA":40,"oppt3PM":11,"opptFTA":16,"opptFTM":12,"opptORB":10,"opptDRB":34,"opptPTS1":22,"opptPTS2":21,"opptPTS3":27,"opptPTS4":27,"opptPTS5":0,"opptPTS6":0,"opptPTS7":0,"opptPTS8":0}
