{"_id":{"$oid":"5cb552e5e0f627212ff3a795"},"stDate":"2017/10/17","teamAbbr":"BKN","rank":2,"rankOrd":"2nd","gameWon":0,"gameLost":0,"stk":"-","homeWin":0,"homeLoss":0,"awayWin":0,"awayLoss":0}
{"_id":{"$oid":"5cb552e5e0f627212ff3a7b4"},"stDate":"2017/10/18","teamAbbr":"BKN","rank":11,"rankOrd":"11th","gameWon":0,"gameLost":1,"stk":"L1","homeWin":0,"homeLoss":0,"awayWin":0,"awayLoss":1}
{"_id":{"$oid":"5cb552e5e0f627212ff3a7d2"},"stDate":"2017/10/19","teamAbbr":"BKN","rank":9,"rankOrd":"9th","gameWon":0,"gameLost":1,"stk":"L1","homeWin":0,"homeLoss":0,"awayWin":0,"awayLoss":1}
{"_id":{"$oid":"5cb552e5e0f627212ff3a7e9"},"stDate":"2017/10/20","teamAbbr":"BKN","rank":4,"rankOrd":"4th","gameWon":1,"gameLost":1,"stk":"W1","homeWin":1,"homeLoss":0,"awayWin":0,"awayLoss":1}
{"_id":{"$oid":"5cb552e5e0f627212ff3a80e"},"stDate":"2017/10/21","teamAbbr":"BKN","rank":7,"rankOrd":"7th","gameWon":1,"gameLost":1,"stk":"W1","homeWin":1,"homeLoss":0,"awayWin":0,"awayLoss":1}
{"_id":{"$oid":"5cb552e5e0f627212ff3a834"},"stDate":"2017/10/22","teamAbbr":"BKN","rank":3,"rankOrd":"3rd","gameWon":2,"gameLost":1,"stk":"W2","homeWin":2,"homeLoss":0,"awayWin":0,"awayLoss":1}
{"_id":{"$oid":"5cb552e5e0f627212ff3a84b"},"stDate":"2017/10/23","teamAbbr":"BKN","rank":3,"rankOrd":"3rd","gameWon":2,"gameLost":1,"stk":"W2","homeWin":2,"homeLoss":0,"awayWin":0,"awayLoss":1}
{"_id":{"$oid":"5cb552e5e0f627212ff3a867"},"stDate":"2017/10/24","teamAbbr":"BKN","rank":7,"rankOrd":"7th","gameWon":2,"gameLost":2,"stk":"L1","homeWin":2,"homeLoss":0,"awayWin":0,"awayLoss":2}
{"_id":{"$oid":"5cb552e5e0f627212ff3a886"},"stDate":"2017/10/25","teamAbbr":"BKN","rank":4,"rankOrd":"4th","gameWon":3,"gameLost":2,"stk":"W1","homeWin":3,"homeLoss":0,"awayWin":0,"awayLoss":2}
{"_id":{"$oid":"5cb552e5e0f627212ff3a8a5"},"stDate":"2017/10/26","teamAbbr":"BKN","rank":3,"rankOrd":"3rd","gameWon":3,"gameLost":2,"stk":"W1","homeWin":3,"homeLoss":0,"awayWin":0,"awayLoss":2}
{"_id":{"$oid":"5cb552e5e0f627212ff3a8c2"},"stDate":"2017/10/27","teamAbbr":"BKN","rank":8,"rankOrd":"8th","gameWon":3,"gameLost":3,"stk":"L1","homeWin":3,"homeLoss":0,"awayWin":0,"awayLoss":3}
{"_id":{"$oid":"5cb552e5e0f627212ff3a8e0"},"stDate":"2017/10/28","teamAbbr":"BKN","rank":7,"rankOrd":"7th","gameWon":3,"gameLost":3,"stk":"L1","homeWin":3,"homeLoss":0,"awayWin":0,"awayLoss":3}
{"_id":{"$oid":"5cb552e5e0f627212ff3a8fd"},"stDate":"2017/10/29","teamAbbr":"BKN","rank":9,"rankOrd":"9th","gameWon":3,"gameLost":4,"stk":"L2","homeWin":3,"homeLoss":1,"awayWin":0,"awayLoss":3}
{"_id":{"$oid":"5cb552e5e0f627212ff3a91b"},"stDate":"2017/10/30","teamAbbr":"BKN","rank":10,"rankOrd":"10th","gameWon":3,"gameLost":4,"stk":"L2","homeWin":3,"homeLoss":1,"awayWin":0,"awayLoss":3}
{"_id":{"$oid":"5cb552e5e0f627212ff3a93b"},"stDate":"2017/10/31","teamAbbr":"BKN","rank":12,"rankOrd":"12th","gameWon":3,"gameLost":5,"stk":"L3","homeWin":3,"homeLoss":2,"awayWin":0,"awayLoss":3}
{"_id":{"$oid":"5cb552e5e0f627212ff3a958"},"stDate":"2017/11/1","teamAbbr":"BKN","rank":12,"rankOrd":"12th","gameWon":3,"gameLost":5,"stk":"L3","homeWin":3,"homeLoss":2,"awayWin":0,"awayLoss":3}
{"_id":{"$oid":"5cb552e5e0f627212ff3a98d"},"stDate":"2017/11/2","teamAbbr":"BKN","rank":12,"rankOrd":"12th","gameWon":3,"gameLost":5,"stk":"L3","homeWin":3,"homeLoss":2,"awayWin":0,"awayLoss":3}
{"_id":{"$oid":"5cb552e5e0f627212ff3a994"},"stDate":"2017/11/3","teamAbbr":"BKN","rank":13,"rankOrd":"13th","gameWon":3,"gameLost":6,"stk":"L4","homeWin":3,"homeLoss":2,"awayWin":0,"awayLoss":4}
{"_id":{"$oid":"5cb552e5e0f627212ff3a9b1"},"stDate":"2017/11/4","teamAbbr":"BKN","rank":13,"rankOrd":"13th","gameWon":3,"gameLost":6,"stk":"L4","homeWin":3,"homeLoss":2,"awayWin":0,"awayLoss":4}
{"_id":{"$oid":"5cb552e5e0f627212ff3a9cf"},"stDate":"2017/11/5","teamAbbr":"BKN","rank":13,"rankOrd":"13th","gameWon":3,"gameLost":6,"stk":"L4","homeWin":3,"homeLoss":2,"awayWin":0,"awayLoss":4}
{"_id":{"$oid":"5cb552e5e0f627212ff3a9ee"},"stDate":"2017/11/6","teamAbbr":"BKN","rank":11,"rankOrd":"11th","gameWon":4,"gameLost":6,"stk":"W1","homeWin":3,"homeLoss":2,"awayWin":1,"awayLoss":4}
{"_id":{"$oid":"5cb552e5e0f627212ff3aa0c"},"stDate":"2017/11/7","teamAbbr":"BKN","rank":13,"rankOrd":"13th","gameWon":4,"gameLost":7,"stk":"L1","homeWin":3,"homeLoss":2,"awayWin":1,"awayLoss":5}
{"_id":{"$oid":"5cb552e5e0f627212ff3aa2d"},"stDate":"2017/11/8","teamAbbr":"BKN","rank":13,"rankOrd":"13th","gameWon":4,"gameLost":7,"stk":"L1","homeWin":3,"homeLoss":2,"awayWin":1,"awayLoss":5}
{"_id":{"$oid":"5cb552e5e0f627212ff3aa48"},"stDate":"2017/11/9","teamAbbr":"BKN","rank":13,"rankOrd":"13th","gameWon":4,"gameLost":7,"stk":"L1","homeWin":3,"homeLoss":2,"awayWin":1,"awayLoss":5}
{"_id":{"$oid":"5cb552e5e0f627212ff3aa66"},"stDate":"2017/11/10","teamAbbr":"BKN","rank":11,"rankOrd":"11th","gameWon":5,"gameLost":7,"stk":"W1","homeWin":3,"homeLoss":2,"awayWin":2,"awayLoss":5}
{"_id":{"$oid":"5cb552e5e0f627212ff3aa84"},"stDate":"2017/11/11","teamAbbr":"BKN","rank":13,"rankOrd":"13th","gameWon":5,"gameLost":8,"stk":"L1","homeWin":3,"homeLoss":2,"awayWin":2,"awayLoss":6}
{"_id":{"$oid":"5cb552e5e0f627212ff3aaa1"},"stDate":"2017/11/12","teamAbbr":"BKN","rank":13,"rankOrd":"13th","gameWon":5,"gameLost":8,"stk":"L1","homeWin":3,"homeLoss":2,"awayWin":2,"awayLoss":6}
{"_id":{"$oid":"5cb552e5e0f627212ff3aac1"},"stDate":"2017/11/13","teamAbbr":"BKN","rank":13,"rankOrd":"13th","gameWon":5,"gameLost":8,"stk":"L1","homeWin":3,"homeLoss":2,"awayWin":2,"awayLoss":6}
{"_id":{"$oid":"5cb552e5e0f627212ff3aadf"},"stDate":"2017/11/14","teamAbbr":"BKN","rank":13,"rankOrd":"13th","gameWon":5,"gameLost":9,"stk":"L2","homeWin":3,"homeLoss":3,"awayWin":2,"awayLoss":6}
{"_id":{"$oid":"5cb552e5e0f627212ff3aafc"},"stDate":"2017/11/15","teamAbbr":"BKN","rank":13,"rankOrd":"13th","gameWon":5,"gameLost":9,"stk":"L2","homeWin":3,"homeLoss":3,"awayWin":2,"awayLoss":6}
{"_id":{"$oid":"5cb552e5e0f627212ff3ab16"},"stDate":"2017/11/16","teamAbbr":"BKN","rank":13,"rankOrd":"13th","gameWon":5,"gameLost":9,"stk":"L2","homeWin":3,"homeLoss":3,"awayWin":2,"awayLoss":6}
{"_id":{"$oid":"5cb552e5e0f627212ff3ab38"},"stDate":"2017/11/17","teamAbbr":"BKN","rank":12,"rankOrd":"12th","gameWon":6,"gameLost":9,"stk":"W1","homeWin":4,"homeLoss":3,"awayWin":2,"awayLoss":6}
{"_id":{"$oid":"5cb552e5e0f627212ff3ab56"},"stDate":"2017/11/18","teamAbbr":"BKN","rank":12,"rankOrd":"12th","gameWon":6,"gameLost":9,"stk":"W1","homeWin":4,"homeLoss":3,"awayWin":2,"awayLoss":6}
{"_id":{"$oid":"5cb552e5e0f627212ff3ab75"},"stDate":"2017/11/19","teamAbbr":"BKN","rank":13,"rankOrd":"13th","gameWon":6,"gameLost":10,"stk":"L1","homeWin":4,"homeLoss":4,"awayWin":2,"awayLoss":6}
{"_id":{"$oid":"5cb552e5e0f627212ff3ab93"},"stDate":"2017/11/20","teamAbbr":"BKN","rank":13,"rankOrd":"13th","gameWon":6,"gameLost":10,"stk":"L1","homeWin":4,"homeLoss":4,"awayWin":2,"awayLoss":6}
{"_id":{"$oid":"5cb552e5e0f627212ff3abb1"},"stDate":"2017/11/21","teamAbbr":"BKN","rank":13,"rankOrd":"13th","gameWon":6,"gameLost":10,"stk":"L1","homeWin":4,"homeLoss":4,"awayWin":2,"awayLoss":6}
{"_id":{"$oid":"5cb552e5e0f627212ff3abd1"},"stDate":"2017/11/22","teamAbbr":"BKN","rank":13,"rankOrd":"13th","gameWon":6,"gameLost":11,"stk":"L2","homeWin":4,"homeLoss":4,"awayWin":2,"awayLoss":7}
{"_id":{"$oid":"5cb552e5e0f627212ff3abed"},"stDate":"2017/11/24","teamAbbr":"BKN","rank":13,"rankOrd":"13th","gameWon":6,"gameLost":12,"stk":"L3","homeWin":4,"homeLoss":5,"awayWin":2,"awayLoss":7}
{"_id":{"$oid":"5cb552e5e0f627212ff3ac0a"},"stDate":"2017/11/25","teamAbbr":"BKN","rank":13,"rankOrd":"13th","gameWon":6,"gameLost":12,"stk":"L3","homeWin":4,"homeLoss":5,"awayWin":2,"awayLoss":7}
{"_id":{"$oid":"5cb552e5e0f627212ff3ac28"},"stDate":"2017/11/26","teamAbbr":"BKN","rank":13,"rankOrd":"13th","gameWon":7,"gameLost":12,"stk":"W1","homeWin":4,"homeLoss":5,"awayWin":3,"awayLoss":7}
{"_id":{"$oid":"5cb552e5e0f627212ff3ac47"},"stDate":"2017/11/27","teamAbbr":"BKN","rank":13,"rankOrd":"13th","gameWon":7,"gameLost":13,"stk":"L1","homeWin":4,"homeLoss":5,"awayWin":3,"awayLoss":8}
{"_id":{"$oid":"5cb552e5e0f627212ff3ac65"},"stDate":"2017/11/28","teamAbbr":"BKN","rank":13,"rankOrd":"13th","gameWon":7,"gameLost":13,"stk":"L1","homeWin":4,"homeLoss":5,"awayWin":3,"awayLoss":8}
{"_id":{"$oid":"5cb552e5e0f627212ff3ac8c"},"stDate":"2017/11/29","teamAbbr":"BKN","rank":13,"rankOrd":"13th","gameWon":8,"gameLost":13,"stk":"W1","homeWin":4,"homeLoss":5,"awayWin":4,"awayLoss":8}
{"_id":{"$oid":"5cb552e5e0f627212ff3ac9f"},"stDate":"2017/11/30","teamAbbr":"BKN","rank":13,"rankOrd":"13th","gameWon":8,"gameLost":13,"stk":"W1","homeWin":4,"homeLoss":5,"awayWin":4,"awayLoss":8}
{"_id":{"$oid":"5cb552e5e0f627212ff3acbf"},"stDate":"2017/12/1","teamAbbr":"BKN","rank":11,"rankOrd":"11th","gameWon":8,"gameLost":13,"stk":"W1","homeWin":4,"homeLoss":5,"awayWin":4,"awayLoss":8}
{"_id":{"$oid":"5cb552e5e0f627212ff3acdd"},"stDate":"2017/12/2","teamAbbr":"BKN","rank":13,"rankOrd":"13th","gameWon":8,"gameLost":14,"stk":"L1","homeWin":4,"homeLoss":6,"awayWin":4,"awayLoss":8}
{"_id":{"$oid":"5cb552e5e0f627212ff3acff"},"stDate":"2017/12/3","teamAbbr":"BKN","rank":13,"rankOrd":"13th","gameWon":8,"gameLost":14,"stk":"L1","homeWin":4,"homeLoss":6,"awayWin":4,"awayLoss":8}
{"_id":{"$oid":"5cb552e5e0f627212ff3ad1a"},"stDate":"2017/12/4","teamAbbr":"BKN","rank":12,"rankOrd":"12th","gameWon":9,"gameLost":14,"stk":"W1","homeWin":4,"homeLoss":6,"awayWin":5,"awayLoss":8}
{"_id":{"$oid":"5cb552e5e0f627212ff3ad33"},"stDate":"2017/12/5","teamAbbr":"BKN","rank":12,"rankOrd":"12th","gameWon":9,"gameLost":14,"stk":"W1","homeWin":4,"homeLoss":6,"awayWin":5,"awayLoss":8}
{"_id":{"$oid":"5cb552e5e0f627212ff3ad55"},"stDate":"2017/12/6","teamAbbr":"BKN","rank":12,"rankOrd":"12th","gameWon":9,"gameLost":14,"stk":"W1","homeWin":4,"homeLoss":6,"awayWin":5,"awayLoss":8}
{"_id":{"$oid":"5cb552e5e0f627212ff3ad72"},"stDate":"2017/12/7","teamAbbr":"BKN","rank":11,"rankOrd":"11th","gameWon":10,"gameLost":14,"stk":"W2","homeWin":5,"homeLoss":6,"awayWin":5,"awayLoss":8}
{"_id":{"$oid":"5cb552e5e0f627212ff3ad90"},"stDate":"2017/12/8","teamAbbr":"BKN","rank":11,"rankOrd":"11th","gameWon":10,"gameLost":14,"stk":"W2","homeWin":5,"homeLoss":6,"awayWin":5,"awayLoss":8}
{"_id":{"$oid":"5cb552e5e0f627212ff3adaf"},"stDate":"2017/12/9","teamAbbr":"BKN","rank":11,"rankOrd":"11th","gameWon":10,"gameLost":15,"stk":"L1","homeWin":5,"homeLoss":7,"awayWin":5,"awayLoss":8}
{"_id":{"$oid":"5cb552e5e0f627212ff3adcd"},"stDate":"2017/12/10","teamAbbr":"BKN","rank":11,"rankOrd":"11th","gameWon":10,"gameLost":15,"stk":"L1","homeWin":5,"homeLoss":7,"awayWin":5,"awayLoss":8}
{"_id":{"$oid":"5cb552e5e0f627212ff3ade5"},"stDate":"2017/12/11","teamAbbr":"BKN","rank":11,"rankOrd":"11th","gameWon":10,"gameLost":15,"stk":"L1","homeWin":5,"homeLoss":7,"awayWin":5,"awayLoss":8}
{"_id":{"$oid":"5cb552e5e0f627212ff3ae09"},"stDate":"2017/12/12","teamAbbr":"BKN","rank":11,"rankOrd":"11th","gameWon":11,"gameLost":15,"stk":"W1","homeWin":6,"homeLoss":7,"awayWin":5,"awayLoss":8}
{"_id":{"$oid":"5cb552e5e0f627212ff3ae27"},"stDate":"2017/12/13","teamAbbr":"BKN","rank":11,"rankOrd":"11th","gameWon":11,"gameLost":15,"stk":"W1","homeWin":6,"homeLoss":7,"awayWin":5,"awayLoss":8}
{"_id":{"$oid":"5cb552e5e0f627212ff3ae47"},"stDate":"2017/12/14","teamAbbr":"BKN","rank":11,"rankOrd":"11th","gameWon":11,"gameLost":16,"stk":"L1","homeWin":6,"homeLoss":8,"awayWin":5,"awayLoss":8}
{"_id":{"$oid":"5cb552e5e0f627212ff3ae62"},"stDate":"2017/12/15","teamAbbr":"BKN","rank":11,"rankOrd":"11th","gameWon":11,"gameLost":17,"stk":"L2","homeWin":6,"homeLoss":8,"awayWin":5,"awayLoss":9}
{"_id":{"$oid":"5cb552e5e0f627212ff3ae81"},"stDate":"2017/12/16","teamAbbr":"BKN","rank":11,"rankOrd":"11th","gameWon":11,"gameLost":17,"stk":"L2","homeWin":6,"homeLoss":8,"awayWin":5,"awayLoss":9}
{"_id":{"$oid":"5cb552e5e0f627212ff3ae9f"},"stDate":"2017/12/17","teamAbbr":"BKN","rank":11,"rankOrd":"11th","gameWon":11,"gameLost":18,"stk":"L3","homeWin":6,"homeLoss":9,"awayWin":5,"awayLoss":9}
{"_id":{"$oid":"5cb552e5e0f627212ff3aebe"},"stDate":"2017/12/18","teamAbbr":"BKN","rank":11,"rankOrd":"11th","gameWon":11,"gameLost":18,"stk":"L3","homeWin":6,"homeLoss":9,"awayWin":5,"awayLoss":9}
{"_id":{"$oid":"5cb552e5e0f627212ff3aed9"},"stDate":"2017/12/19","teamAbbr":"BKN","rank":11,"rankOrd":"11th","gameWon":11,"gameLost":18,"stk":"L3","homeWin":6,"homeLoss":9,"awayWin":5,"awayLoss":9}
{"_id":{"$oid":"5cb552e5e0f627212ff3aef9"},"stDate":"2017/12/20","teamAbbr":"BKN","rank":11,"rankOrd":"11th","gameWon":11,"gameLost":19,"stk":"L4","homeWin":6,"homeLoss":10,"awayWin":5,"awayLoss":9}
{"_id":{"$oid":"5cb552e5e0f627212ff3af17"},"stDate":"2017/12/21","teamAbbr":"BKN","rank":11,"rankOrd":"11th","gameWon":11,"gameLost":19,"stk":"L4","homeWin":6,"homeLoss":10,"awayWin":5,"awayLoss":9}
{"_id":{"$oid":"5cb552e5e0f627212ff3af35"},"stDate":"2017/12/22","teamAbbr":"BKN","rank":11,"rankOrd":"11th","gameWon":12,"gameLost":19,"stk":"W1","homeWin":7,"homeLoss":10,"awayWin":5,"awayLoss":9}
{"_id":{"$oid":"5cb552e5e0f627212ff3af53"},"stDate":"2017/12/23","teamAbbr":"BKN","rank":11,"rankOrd":"11th","gameWon":12,"gameLost":20,"stk":"L1","homeWin":7,"homeLoss":10,"awayWin":5,"awayLoss":10}
{"_id":{"$oid":"5cb552e5e0f627212ff3af72"},"stDate":"2017/12/25","teamAbbr":"BKN","rank":11,"rankOrd":"11th","gameWon":12,"gameLost":20,"stk":"L1","homeWin":7,"homeLoss":10,"awayWin":5,"awayLoss":10}
{"_id":{"$oid":"5cb552e5e0f627212ff3af92"},"stDate":"2017/12/26","teamAbbr":"BKN","rank":11,"rankOrd":"11th","gameWon":12,"gameLost":21,"stk":"L2","homeWin":7,"homeLoss":10,"awayWin":5,"awayLoss":11}
{"_id":{"$oid":"5cb552e5e0f627212ff3afae"},"stDate":"2017/12/27","teamAbbr":"BKN","rank":11,"rankOrd":"11th","gameWon":12,"gameLost":22,"stk":"L3","homeWin":7,"homeLoss":10,"awayWin":5,"awayLoss":12}
{"_id":{"$oid":"5cb552e5e0f627212ff3afcc"},"stDate":"2017/12/28","teamAbbr":"BKN","rank":11,"rankOrd":"11th","gameWon":12,"gameLost":22,"stk":"L3","homeWin":7,"homeLoss":10,"awayWin":5,"awayLoss":12}
{"_id":{"$oid":"5cb552e5e0f627212ff3aff5"},"stDate":"2017/12/29","teamAbbr":"BKN","rank":11,"rankOrd":"11th","gameWon":13,"gameLost":22,"stk":"W1","homeWin":7,"homeLoss":10,"awayWin":6,"awayLoss":12}
{"_id":{"$oid":"5cb552e5e0f627212ff3b002"},"stDate":"2017/12/30","teamAbbr":"BKN","rank":11,"rankOrd":"11th","gameWon":13,"gameLost":22,"stk":"W1","homeWin":7,"homeLoss":10,"awayWin":6,"awayLoss":12}
{"_id":{"$oid":"5cb552e5e0f627212ff3b026"},"stDate":"2017/12/31","teamAbbr":"BKN","rank":11,"rankOrd":"11th","gameWon":13,"gameLost":23,"stk":"L1","homeWin":7,"homeLoss":10,"awayWin":6,"awayLoss":13}
{"_id":{"$oid":"5cb552e5e0f627212ff3b044"},"stDate":"2018/1/1","teamAbbr":"BKN","rank":11,"rankOrd":"11th","gameWon":14,"gameLost":23,"stk":"W1","homeWin":8,"homeLoss":10,"awayWin":6,"awayLoss":13}
{"_id":{"$oid":"5cb552e5e0f627212ff3b05b"},"stDate":"2018/1/2","teamAbbr":"BKN","rank":11,"rankOrd":"11th","gameWon":14,"gameLost":23,"stk":"W1","homeWin":8,"homeLoss":10,"awayWin":6,"awayLoss":13}
{"_id":{"$oid":"5cb552e5e0f627212ff3b080"},"stDate":"2018/1/3","teamAbbr":"BKN","rank":11,"rankOrd":"11th","gameWon":15,"gameLost":23,"stk":"W2","homeWin":9,"homeLoss":10,"awayWin":6,"awayLoss":13}
{"_id":{"$oid":"5cb552e5e0f627212ff3b09e"},"stDate":"2018/1/4","teamAbbr":"BKN","rank":11,"rankOrd":"11th","gameWon":15,"gameLost":23,"stk":"W2","homeWin":9,"homeLoss":10,"awayWin":6,"awayLoss":13}
{"_id":{"$oid":"5cb552e5e0f627212ff3b0b5"},"stDate":"2018/1/5","teamAbbr":"BKN","rank":11,"rankOrd":"11th","gameWon":15,"gameLost":23,"stk":"W2","homeWin":9,"homeLoss":10,"awayWin":6,"awayLoss":13}
{"_id":{"$oid":"5cb552e5e0f627212ff3b0d7"},"stDate":"2018/1/6","teamAbbr":"BKN","rank":12,"rankOrd":"12th","gameWon":15,"gameLost":24,"stk":"L1","homeWin":9,"homeLoss":11,"awayWin":6,"awayLoss":13}
{"_id":{"$oid":"5cb552e5e0f627212ff3b0f8"},"stDate":"2018/1/7","teamAbbr":"BKN","rank":12,"rankOrd":"12th","gameWon":15,"gameLost":24,"stk":"L1","homeWin":9,"homeLoss":11,"awayWin":6,"awayLoss":13}
{"_id":{"$oid":"5cb552e5e0f627212ff3b116"},"stDate":"2018/1/8","teamAbbr":"BKN","rank":12,"rankOrd":"12th","gameWon":15,"gameLost":25,"stk":"L2","homeWin":9,"homeLoss":12,"awayWin":6,"awayLoss":13}
{"_id":{"$oid":"5cb552e5e0f627212ff3b12d"},"stDate":"2018/1/9","teamAbbr":"BKN","rank":12,"rankOrd":"12th","gameWon":15,"gameLost":25,"stk":"L2","homeWin":9,"homeLoss":12,"awayWin":6,"awayLoss":13}
{"_id":{"$oid":"5cb552e5e0f627212ff3b152"},"stDate":"2018/1/10","teamAbbr":"BKN","rank":12,"rankOrd":"12th","gameWon":15,"gameLost":26,"stk":"L3","homeWin":9,"homeLoss":13,"awayWin":6,"awayLoss":13}
{"_id":{"$oid":"5cb552e5e0f627212ff3b170"},"stDate":"2018/1/11","teamAbbr":"BKN","rank":12,"rankOrd":"12th","gameWon":15,"gameLost":26,"stk":"L3","homeWin":9,"homeLoss":13,"awayWin":6,"awayLoss":13}
{"_id":{"$oid":"5cb552e5e0f627212ff3b18e"},"stDate":"2018/1/12","teamAbbr":"BKN","rank":12,"rankOrd":"12th","gameWon":16,"gameLost":26,"stk":"W1","homeWin":9,"homeLoss":13,"awayWin":7,"awayLoss":13}
{"_id":{"$oid":"5cb552e5e0f627212ff3b1a6"},"stDate":"2018/1/13","teamAbbr":"BKN","rank":12,"rankOrd":"12th","gameWon":16,"gameLost":27,"stk":"L1","homeWin":9,"homeLoss":13,"awayWin":7,"awayLoss":14}
{"_id":{"$oid":"5cb552e5e0f627212ff3b1ca"},"stDate":"2018/1/14","teamAbbr":"BKN","rank":12,"rankOrd":"12th","gameWon":16,"gameLost":27,"stk":"L1","homeWin":9,"homeLoss":13,"awayWin":7,"awayLoss":14}
{"_id":{"$oid":"5cb552e5e0f627212ff3b1ea"},"stDate":"2018/1/15","teamAbbr":"BKN","rank":13,"rankOrd":"13th","gameWon":16,"gameLost":28,"stk":"L2","homeWin":9,"homeLoss":14,"awayWin":7,"awayLoss":14}
{"_id":{"$oid":"5cb552e5e0f627212ff3b206"},"stDate":"2018/1/16","teamAbbr":"BKN","rank":13,"rankOrd":"13th","gameWon":16,"gameLost":28,"stk":"L2","homeWin":9,"homeLoss":14,"awayWin":7,"awayLoss":14}
{"_id":{"$oid":"5cb552e5e0f627212ff3b224"},"stDate":"2018/1/17","teamAbbr":"BKN","rank":13,"rankOrd":"13th","gameWon":16,"gameLost":29,"stk":"L3","homeWin":9,"homeLoss":15,"awayWin":7,"awayLoss":14}
{"_id":{"$oid":"5cb552e5e0f627212ff3b242"},"stDate":"2018/1/18","teamAbbr":"BKN","rank":13,"rankOrd":"13th","gameWon":16,"gameLost":29,"stk":"L3","homeWin":9,"homeLoss":15,"awayWin":7,"awayLoss":14}
{"_id":{"$oid":"5cb552e5e0f627212ff3b25f"},"stDate":"2018/1/19","teamAbbr":"BKN","rank":13,"rankOrd":"13th","gameWon":17,"gameLost":29,"stk":"W1","homeWin":10,"homeLoss":15,"awayWin":7,"awayLoss":14}
{"_id":{"$oid":"5cb552e5e0f627212ff3b27e"},"stDate":"2018/1/20","teamAbbr":"BKN","rank":13,"rankOrd":"13th","gameWon":17,"gameLost":29,"stk":"W1","homeWin":10,"homeLoss":15,"awayWin":7,"awayLoss":14}
{"_id":{"$oid":"5cb552e5e0f627212ff3b29c"},"stDate":"2018/1/21","teamAbbr":"BKN","rank":13,"rankOrd":"13th","gameWon":18,"gameLost":29,"stk":"W2","homeWin":10,"homeLoss":15,"awayWin":8,"awayLoss":14}
{"_id":{"$oid":"5cb552e5e0f627212ff3b2b5"},"stDate":"2018/1/22","teamAbbr":"BKN","rank":12,"rankOrd":"12th","gameWon":18,"gameLost":29,"stk":"W2","homeWin":10,"homeLoss":15,"awayWin":8,"awayLoss":14}
{"_id":{"$oid":"5cb552e5e0f627212ff3b2d7"},"stDate":"2018/1/23","teamAbbr":"BKN","rank":13,"rankOrd":"13th","gameWon":18,"gameLost":30,"stk":"L1","homeWin":10,"homeLoss":15,"awayWin":8,"awayLoss":15}
{"_id":{"$oid":"5cb552e5e0f627212ff3b2f6"},"stDate":"2018/1/24","teamAbbr":"BKN","rank":12,"rankOrd":"12th","gameWon":18,"gameLost":30,"stk":"L1","homeWin":10,"homeLoss":15,"awayWin":8,"awayLoss":15}
{"_id":{"$oid":"5cb552e5e0f627212ff3b315"},"stDate":"2018/1/25","teamAbbr":"BKN","rank":12,"rankOrd":"12th","gameWon":18,"gameLost":30,"stk":"L1","homeWin":10,"homeLoss":15,"awayWin":8,"awayLoss":15}
{"_id":{"$oid":"5cb552e5e0f627212ff3b332"},"stDate":"2018/1/26","teamAbbr":"BKN","rank":12,"rankOrd":"12th","gameWon":18,"gameLost":31,"stk":"L2","homeWin":10,"homeLoss":15,"awayWin":8,"awayLoss":16}
{"_id":{"$oid":"5cb552e5e0f627212ff3b351"},"stDate":"2018/1/27","teamAbbr":"BKN","rank":13,"rankOrd":"13th","gameWon":18,"gameLost":32,"stk":"L3","homeWin":10,"homeLoss":15,"awayWin":8,"awayLoss":17}
{"_id":{"$oid":"5cb552e5e0f627212ff3b36f"},"stDate":"2018/1/28","teamAbbr":"BKN","rank":12,"rankOrd":"12th","gameWon":18,"gameLost":32,"stk":"L3","homeWin":10,"homeLoss":15,"awayWin":8,"awayLoss":17}
{"_id":{"$oid":"5cb552e5e0f627212ff3b38d"},"stDate":"2018/1/29","teamAbbr":"BKN","rank":12,"rankOrd":"12th","gameWon":18,"gameLost":32,"stk":"L3","homeWin":10,"homeLoss":15,"awayWin":8,"awayLoss":17}
{"_id":{"$oid":"5cb552e5e0f627212ff3b3ab"},"stDate":"2018/1/30","teamAbbr":"BKN","rank":13,"rankOrd":"13th","gameWon":18,"gameLost":33,"stk":"L4","homeWin":10,"homeLoss":15,"awayWin":8,"awayLoss":18}
{"_id":{"$oid":"5cb552e5e0f627212ff3b3c8"},"stDate":"2018/1/31","teamAbbr":"BKN","rank":12,"rankOrd":"12th","gameWon":19,"gameLost":33,"stk":"W1","homeWin":11,"homeLoss":15,"awayWin":8,"awayLoss":18}
{"_id":{"$oid":"5cb552e5e0f627212ff3b3e7"},"stDate":"2018/2/1","teamAbbr":"BKN","rank":12,"rankOrd":"12th","gameWon":19,"gameLost":33,"stk":"W1","homeWin":11,"homeLoss":15,"awayWin":8,"awayLoss":18}
{"_id":{"$oid":"5cb552e5e0f627212ff3b405"},"stDate":"2018/2/2","teamAbbr":"BKN","rank":12,"rankOrd":"12th","gameWon":19,"gameLost":34,"stk":"L1","homeWin":11,"homeLoss":16,"awayWin":8,"awayLoss":18}
{"_id":{"$oid":"5cb552e5e0f627212ff3b425"},"stDate":"2018/2/3","teamAbbr":"BKN","rank":12,"rankOrd":"12th","gameWon":19,"gameLost":34,"stk":"L1","homeWin":11,"homeLoss":16,"awayWin":8,"awayLoss":18}
{"_id":{"$oid":"5cb552e5e0f627212ff3b43a"},"stDate":"2018/2/4","teamAbbr":"BKN","rank":12,"rankOrd":"12th","gameWon":19,"gameLost":35,"stk":"L2","homeWin":11,"homeLoss":17,"awayWin":8,"awayLoss":18}
{"_id":{"$oid":"5cb552e5e0f627212ff3b45f"},"stDate":"2018/2/5","teamAbbr":"BKN","rank":12,"rankOrd":"12th","gameWon":19,"gameLost":35,"stk":"L2","homeWin":11,"homeLoss":17,"awayWin":8,"awayLoss":18}
{"_id":{"$oid":"5cb552e5e0f627212ff3b47c"},"stDate":"2018/2/6","teamAbbr":"BKN","rank":12,"rankOrd":"12th","gameWon":19,"gameLost":36,"stk":"L3","homeWin":11,"homeLoss":18,"awayWin":8,"awayLoss":18}
{"_id":{"$oid":"5cb552e5e0f627212ff3b49b"},"stDate":"2018/2/7","teamAbbr":"BKN","rank":13,"rankOrd":"13th","gameWon":19,"gameLost":37,"stk":"L4","homeWin":11,"homeLoss":18,"awayWin":8,"awayLoss":19}
{"_id":{"$oid":"5cb552e5e0f627212ff3b4b9"},"stDate":"2018/2/8","teamAbbr":"BKN","rank":13,"rankOrd":"13th","gameWon":19,"gameLost":37,"stk":"L4","homeWin":11,"homeLoss":18,"awayWin":8,"awayLoss":19}
{"_id":{"$oid":"5cb552e5e0f627212ff3b4d7"},"stDate":"2018/2/9","teamAbbr":"BKN","rank":13,"rankOrd":"13th","gameWon":19,"gameLost":37,"stk":"L4","homeWin":11,"homeLoss":18,"awayWin":8,"awayLoss":19}
{"_id":{"$oid":"5cb552e5e0f627212ff3b4f6"},"stDate":"2018/2/10","teamAbbr":"BKN","rank":13,"rankOrd":"13th","gameWon":19,"gameLost":38,"stk":"L5","homeWin":11,"homeLoss":19,"awayWin":8,"awayLoss":19}
{"_id":{"$oid":"5cb552e5e0f627212ff3b513"},"stDate":"2018/2/11","teamAbbr":"BKN","rank":13,"rankOrd":"13th","gameWon":19,"gameLost":38,"stk":"L5","homeWin":11,"homeLoss":19,"awayWin":8,"awayLoss":19}
{"_id":{"$oid":"5cb552e5e0f627212ff3b531"},"stDate":"2018/2/12","teamAbbr":"BKN","rank":13,"rankOrd":"13th","gameWon":19,"gameLost":39,"stk":"L6","homeWin":11,"homeLoss":20,"awayWin":8,"awayLoss":19}
{"_id":{"$oid":"5cb552e5e0f627212ff3b548"},"stDate":"2018/2/13","teamAbbr":"BKN","rank":13,"rankOrd":"13th","gameWon":19,"gameLost":39,"stk":"L6","homeWin":11,"homeLoss":20,"awayWin":8,"awayLoss":19}
{"_id":{"$oid":"5cb552e5e0f627212ff3b56d"},"stDate":"2018/2/14","teamAbbr":"BKN","rank":13,"rankOrd":"13th","gameWon":19,"gameLost":40,"stk":"L7","homeWin":11,"homeLoss":21,"awayWin":8,"awayLoss":19}
{"_id":{"$oid":"5cb552e5e0f627212ff3b58b"},"stDate":"2018/2/15","teamAbbr":"BKN","rank":13,"rankOrd":"13th","gameWon":19,"gameLost":40,"stk":"L7","homeWin":11,"homeLoss":21,"awayWin":8,"awayLoss":19}
{"_id":{"$oid":"5cb552e5e0f627212ff3b5a8"},"stDate":"2018/2/22","teamAbbr":"BKN","rank":13,"rankOrd":"13th","gameWon":19,"gameLost":41,"stk":"L8","homeWin":11,"homeLoss":21,"awayWin":8,"awayLoss":20}
{"_id":{"$oid":"5cb552e5e0f627212ff3b5c8"},"stDate":"2018/2/23","teamAbbr":"BKN","rank":13,"rankOrd":"13th","gameWon":19,"gameLost":41,"stk":"L8","homeWin":11,"homeLoss":21,"awayWin":8,"awayLoss":20}
{"_id":{"$oid":"5cb552e5e0f627212ff3b5e4"},"stDate":"2018/2/24","teamAbbr":"BKN","rank":13,"rankOrd":"13th","gameWon":19,"gameLost":41,"stk":"L8","homeWin":11,"homeLoss":21,"awayWin":8,"awayLoss":20}
{"_id":{"$oid":"5cb552e5e0f627212ff3b602"},"stDate":"2018/2/25","teamAbbr":"BKN","rank":13,"rankOrd":"13th","gameWon":19,"gameLost":41,"stk":"L8","homeWin":11,"homeLoss":21,"awayWin":8,"awayLoss":20}
{"_id":{"$oid":"5cb552e5e0f627212ff3b621"},"stDate":"2018/2/26","teamAbbr":"BKN","rank":13,"rankOrd":"13th","gameWon":20,"gameLost":41,"stk":"W1","homeWin":12,"homeLoss":21,"awayWin":8,"awayLoss":20}
{"_id":{"$oid":"5cb552e5e0f627212ff3b640"},"stDate":"2018/2/27","teamAbbr":"BKN","rank":13,"rankOrd":"13th","gameWon":20,"gameLost":42,"stk":"L1","homeWin":12,"homeLoss":21,"awayWin":8,"awayLoss":21}
{"_id":{"$oid":"5cb552e5e0f627212ff3b65e"},"stDate":"2018/2/28","teamAbbr":"BKN","rank":13,"rankOrd":"13th","gameWon":20,"gameLost":42,"stk":"L1","homeWin":12,"homeLoss":21,"awayWin":8,"awayLoss":21}
{"_id":{"$oid":"5cb552e5e0f627212ff3b67b"},"stDate":"2018/3/1","teamAbbr":"BKN","rank":13,"rankOrd":"13th","gameWon":20,"gameLost":43,"stk":"L2","homeWin":12,"homeLoss":21,"awayWin":8,"awayLoss":22}
{"_id":{"$oid":"5cb552e5e0f627212ff3b698"},"stDate":"2018/3/2","teamAbbr":"BKN","rank":13,"rankOrd":"13th","gameWon":20,"gameLost":43,"stk":"L2","homeWin":12,"homeLoss":21,"awayWin":8,"awayLoss":22}
{"_id":{"$oid":"5cb552e5e0f627212ff3b6b8"},"stDate":"2018/3/3","teamAbbr":"BKN","rank":13,"rankOrd":"13th","gameWon":20,"gameLost":43,"stk":"L2","homeWin":12,"homeLoss":21,"awayWin":8,"awayLoss":22}
{"_id":{"$oid":"5cb552e5e0f627212ff3b6d5"},"stDate":"2018/3/4","teamAbbr":"BKN","rank":14,"rankOrd":"14th","gameWon":20,"gameLost":44,"stk":"L3","homeWin":12,"homeLoss":21,"awayWin":8,"awayLoss":23}
{"_id":{"$oid":"5cb552e5e0f627212ff3b6ec"},"stDate":"2018/3/5","teamAbbr":"BKN","rank":13,"rankOrd":"13th","gameWon":20,"gameLost":44,"stk":"L3","homeWin":12,"homeLoss":21,"awayWin":8,"awayLoss":23}
{"_id":{"$oid":"5cb552e5e0f627212ff3b70b"},"stDate":"2018/3/6","teamAbbr":"BKN","rank":14,"rankOrd":"14th","gameWon":20,"gameLost":45,"stk":"L4","homeWin":12,"homeLoss":21,"awayWin":8,"awayLoss":24}
{"_id":{"$oid":"5cb552e5e0f627212ff3b72f"},"stDate":"2018/3/7","teamAbbr":"BKN","rank":13,"rankOrd":"13th","gameWon":20,"gameLost":45,"stk":"L4","homeWin":12,"homeLoss":21,"awayWin":8,"awayLoss":24}
{"_id":{"$oid":"5cb552e5e0f627212ff3b74e"},"stDate":"2018/3/8","teamAbbr":"BKN","rank":13,"rankOrd":"13th","gameWon":21,"gameLost":45,"stk":"W1","homeWin":12,"homeLoss":21,"awayWin":9,"awayLoss":24}
{"_id":{"$oid":"5cb552e5e0f627212ff3b76d"},"stDate":"2018/3/9","teamAbbr":"BKN","rank":13,"rankOrd":"13th","gameWon":21,"gameLost":45,"stk":"W1","homeWin":12,"homeLoss":21,"awayWin":9,"awayLoss":24}
{"_id":{"$oid":"5cb552e5e0f627212ff3b78a"},"stDate":"2018/3/10","teamAbbr":"BKN","rank":13,"rankOrd":"13th","gameWon":21,"gameLost":45,"stk":"W1","homeWin":12,"homeLoss":21,"awayWin":9,"awayLoss":24}
{"_id":{"$oid":"5cb552e5e0f627212ff3b7a8"},"stDate":"2018/3/11","teamAbbr":"BKN","rank":13,"rankOrd":"13th","gameWon":21,"gameLost":46,"stk":"L1","homeWin":12,"homeLoss":22,"awayWin":9,"awayLoss":24}
{"_id":{"$oid":"5cb552e5e0f627212ff3b7c6"},"stDate":"2018/3/12","teamAbbr":"BKN","rank":13,"rankOrd":"13th","gameWon":21,"gameLost":46,"stk":"L1","homeWin":12,"homeLoss":22,"awayWin":9,"awayLoss":24}
{"_id":{"$oid":"5cb552e5e0f627212ff3b7e3"},"stDate":"2018/3/13","teamAbbr":"BKN","rank":13,"rankOrd":"13th","gameWon":21,"gameLost":47,"stk":"L2","homeWin":12,"homeLoss":23,"awayWin":9,"awayLoss":24}
{"_id":{"$oid":"5cb552e5e0f627212ff3b802"},"stDate":"2018/3/14","teamAbbr":"BKN","rank":13,"rankOrd":"13th","gameWon":21,"gameLost":47,"stk":"L2","homeWin":12,"homeLoss":23,"awayWin":9,"awayLoss":24}
{"_id":{"$oid":"5cb552e5e0f627212ff3b81e"},"stDate":"2018/3/15","teamAbbr":"BKN","rank":13,"rankOrd":"13th","gameWon":21,"gameLost":47,"stk":"L2","homeWin":12,"homeLoss":23,"awayWin":9,"awayLoss":24}
{"_id":{"$oid":"5cb552e5e0f627212ff3b83e"},"stDate":"2018/3/16","teamAbbr":"BKN","rank":13,"rankOrd":"13th","gameWon":21,"gameLost":48,"stk":"L3","homeWin":12,"homeLoss":23,"awayWin":9,"awayLoss":25}
{"_id":{"$oid":"5cb552e5e0f627212ff3b85c"},"stDate":"2018/3/17","teamAbbr":"BKN","rank":13,"rankOrd":"13th","gameWon":22,"gameLost":48,"stk":"W1","homeWin":13,"homeLoss":23,"awayWin":9,"awayLoss":25}
{"_id":{"$oid":"5cb552e5e0f627212ff3b87a"},"stDate":"2018/3/18","teamAbbr":"BKN","rank":13,"rankOrd":"13th","gameWon":22,"gameLost":48,"stk":"W1","homeWin":13,"homeLoss":23,"awayWin":9,"awayLoss":25}
{"_id":{"$oid":"5cb552e5e0f627212ff3b897"},"stDate":"2018/3/19","teamAbbr":"BKN","rank":13,"rankOrd":"13th","gameWon":23,"gameLost":48,"stk":"W2","homeWin":14,"homeLoss":23,"awayWin":9,"awayLoss":25}
{"_id":{"$oid":"5cb552e5e0f627212ff3b8b5"},"stDate":"2018/3/20","teamAbbr":"BKN","rank":13,"rankOrd":"13th","gameWon":23,"gameLost":48,"stk":"W2","homeWin":14,"homeLoss":23,"awayWin":9,"awayLoss":25}
{"_id":{"$oid":"5cb552e5e0f627212ff3b8d3"},"stDate":"2018/3/21","teamAbbr":"BKN","rank":13,"rankOrd":"13th","gameWon":23,"gameLost":49,"stk":"L1","homeWin":14,"homeLoss":24,"awayWin":9,"awayLoss":25}
{"_id":{"$oid":"5cb552e5e0f627212ff3b8f2"},"stDate":"2018/3/22","teamAbbr":"BKN","rank":13,"rankOrd":"13th","gameWon":23,"gameLost":49,"stk":"L1","homeWin":14,"homeLoss":24,"awayWin":9,"awayLoss":25}
{"_id":{"$oid":"5cb552e5e0f627212ff3b910"},"stDate":"2018/3/23","teamAbbr":"BKN","rank":13,"rankOrd":"13th","gameWon":23,"gameLost":50,"stk":"L2","homeWin":14,"homeLoss":24,"awayWin":9,"awayLoss":26}
{"_id":{"$oid":"5cb552e5e0f627212ff3b928"},"stDate":"2018/3/24","teamAbbr":"BKN","rank":13,"rankOrd":"13th","gameWon":23,"gameLost":50,"stk":"L2","homeWin":14,"homeLoss":24,"awayWin":9,"awayLoss":26}
{"_id":{"$oid":"5cb552e5e0f627212ff3b94c"},"stDate":"2018/3/25","teamAbbr":"BKN","rank":13,"rankOrd":"13th","gameWon":23,"gameLost":51,"stk":"L3","homeWin":14,"homeLoss":25,"awayWin":9,"awayLoss":26}
{"_id":{"$oid":"5cb552e5e0f627212ff3b96a"},"stDate":"2018/3/26","teamAbbr":"BKN","rank":13,"rankOrd":"13th","gameWon":23,"gameLost":51,"stk":"L3","homeWin":14,"homeLoss":25,"awayWin":9,"awayLoss":26}
{"_id":{"$oid":"5cb552e5e0f627212ff3b98a"},"stDate":"2018/3/27","teamAbbr":"BKN","rank":13,"rankOrd":"13th","gameWon":23,"gameLost":51,"stk":"L3","homeWin":14,"homeLoss":25,"awayWin":9,"awayLoss":26}
{"_id":{"$oid":"5cb552e5e0f627212ff3b9a6"},"stDate":"2018/3/28","teamAbbr":"BKN","rank":13,"rankOrd":"13th","gameWon":24,"gameLost":51,"stk":"W1","homeWin":14,"homeLoss":25,"awayWin":10,"awayLoss":26}
{"_id":{"$oid":"5cb552e5e0f627212ff3b9c4"},"stDate":"2018/3/29","teamAbbr":"BKN","rank":12,"rankOrd":"12th","gameWon":24,"gameLost":51,"stk":"W1","homeWin":14,"homeLoss":25,"awayWin":10,"awayLoss":26}
{"_id":{"$oid":"5cb552e5e0f627212ff3b9e2"},"stDate":"2018/3/30","teamAbbr":"BKN","rank":13,"rankOrd":"13th","gameWon":24,"gameLost":51,"stk":"W1","homeWin":14,"homeLoss":25,"awayWin":10,"awayLoss":26}
{"_id":{"$oid":"5cb552e5e0f627212ff3ba00"},"stDate":"2018/3/31","teamAbbr":"BKN","rank":12,"rankOrd":"12th","gameWon":25,"gameLost":51,"stk":"W2","homeWin":14,"homeLoss":25,"awayWin":11,"awayLoss":26}
{"_id":{"$oid":"5cb552e5e0f627212ff3ba1e"},"stDate":"2018/4/1","teamAbbr":"BKN","rank":13,"rankOrd":"13th","gameWon":25,"gameLost":52,"stk":"L1","homeWin":14,"homeLoss":26,"awayWin":11,"awayLoss":26}
{"_id":{"$oid":"5cb552e5e0f627212ff3ba3c"},"stDate":"2018/4/3","teamAbbr":"BKN","rank":13,"rankOrd":"13th","gameWon":25,"gameLost":53,"stk":"L2","homeWin":14,"homeLoss":26,"awayWin":11,"awayLoss":27}
{"_id":{"$oid":"5cb552e5e0f627212ff3ba5a"},"stDate":"2018/4/4","teamAbbr":"BKN","rank":13,"rankOrd":"13th","gameWon":25,"gameLost":53,"stk":"L2","homeWin":14,"homeLoss":26,"awayWin":11,"awayLoss":27}
{"_id":{"$oid":"5cb552e5e0f627212ff3ba78"},"stDate":"2018/4/5","teamAbbr":"BKN","rank":13,"rankOrd":"13th","gameWon":26,"gameLost":53,"stk":"W1","homeWin":14,"homeLoss":26,"awayWin":12,"awayLoss":27}
{"_id":{"$oid":"5cb552e5e0f627212ff3ba97"},"stDate":"2018/4/6","teamAbbr":"BKN","rank":13,"rankOrd":"13th","gameWon":26,"gameLost":53,"stk":"W1","homeWin":14,"homeLoss":26,"awayWin":12,"awayLoss":27}
{"_id":{"$oid":"5cb552e5e0f627212ff3bab3"},"stDate":"2018/4/7","teamAbbr":"BKN","rank":12,"rankOrd":"12th","gameWon":27,"gameLost":53,"stk":"W2","homeWin":14,"homeLoss":26,"awayWin":13,"awayLoss":27}
{"_id":{"$oid":"5cb552e5e0f627212ff3bad2"},"stDate":"2018/4/8","teamAbbr":"BKN","rank":12,"rankOrd":"12th","gameWon":27,"gameLost":53,"stk":"W2","homeWin":14,"homeLoss":26,"awayWin":13,"awayLoss":27}
{"_id":{"$oid":"5cb552e5e0f627212ff3baf1"},"stDate":"2018/4/9","teamAbbr":"BKN","rank":11,"rankOrd":"11th","gameWon":28,"gameLost":53,"stk":"W3","homeWin":15,"homeLoss":26,"awayWin":13,"awayLoss":27}
{"_id":{"$oid":"5cb552e5e0f627212ff3bb0e"},"stDate":"2018/4/10","teamAbbr":"BKN","rank":11,"rankOrd":"11th","gameWon":28,"gameLost":53,"stk":"W3","homeWin":15,"homeLoss":26,"awayWin":13,"awayLoss":27}
{"_id":{"$oid":"5cb552e5e0f627212ff3bb2c"},"stDate":"2018/4/11","teamAbbr":"BKN","rank":12,"rankOrd":"12th","gameWon":28,"gameLost":54,"stk":"L1","homeWin":15,"homeLoss":26,"awayWin":13,"awayLoss":28}
