{"_id":{"$oid":"5cb552f6e0f627212ff3bb4e"},"gmDate":"2017/10/17","offLNm3":"McCutchen","offFNm3":"Monty","teamAbbr":"CLE","teamConf":"East","teamLoc":"Home","teamRslt":"Win","teamPTS":102,"teamAST":19,"teamTO":17,"teamSTL":3,"teamBLK":4,"teamPF":25,"teamFGA":83,"teamFGM":38,"team2PA":61,"team2PM":33,"team3PA":22,"team3PM":5,"teamFTA":25,"teamFTM":21,"teamORB":9,"teamDRB":41,"teamPTS1":29,"teamPTS2":25,"teamPTS3":18,"teamPTS4":30,"teamPTS5":0,"teamPTS6":0,"teamPTS7":0,"teamPTS8":0,"opptAbbr":"BOS","opptConf":"East","opptLoc":"Away","opptRslt":"Loss","opptPTS":99,"opptAST":24,"opptTO":12,"opptSTL":11,"opptBLK":4,"opptPF":24,"opptFGA":88,"opptFGM":36,"oppt2PA":56,"oppt2PM":28,"oppt3PA":32,"oppt3PM":8,"opptFTA":25,"opptFTM":19,"opptORB":9,"opptDRB":37,"opptPTS1":19,"opptPTS2":19,"opptPTS3":33,"opptPTS4":28,"opptPTS5":0,"opptPTS6":0,"opptPTS7":0,"opptPTS8":0}
{"_id":{"$oid":"5cb552f6e0f627212ff3bb55"},"gmDate":"2017/10/18","offLNm3":"Washington","offFNm3":"Tom","teamAbbr":"BOS","teamConf":"East","teamLoc":"Home","teamRslt":"Loss","teamPTS":100,"teamAST":23,"teamTO":15,"teamSTL":12,"teamBLK":2,"teamPF":27,"teamFGA":91,"teamFGM":39,"team2PA":63,"team2PM":28,"team3PA":28,"team3PM":11,"teamFTA":21,"teamFTM":11,"teamORB":11,"teamDRB":32,"teamPTS1":26,"teamPTS2":27,"teamPTS3":27,"teamPTS4":20,"teamPTS5":0,"teamPTS6":0,"teamPTS7":0,"teamPTS8":0,"opptAbbr":"MIL","opptConf":"East","opptLoc":"Away","opptRslt":"Win","opptPTS":108,"opptAST":19,"opptTO":15,"opptSTL":6,"opptBLK":4,"opptPF":22,"opptFGA":76,"opptFGM":38,"oppt2PA":55,"oppt2PM":31,"oppt3PA":21,"oppt3PM":7,"opptFTA":30,"opptFTM":25,"opptORB":6,"opptDRB":39,"opptPTS1":24,"opptPTS2":34,"opptPTS3":18,"opptPTS4":32,"opptPTS5":0,"opptPTS6":0,"opptPTS7":0,"opptPTS8":0}
{"_id":{"$oid":"5cb552f6e0f627212ff3bb61"},"gmDate":"2017/10/20","offLNm3":"Holtkamp","offFNm3":"Lauren","teamAbbr":"PHI","teamConf":"East","teamLoc":"Home","teamRslt":"Loss","teamPTS":92,"teamAST":20,"teamTO":17,"teamSTL":7,"teamBLK":4,"teamPF":30,"teamFGA":92,"teamFGM":35,"team2PA":60,"team2PM":25,"team3PA":32,"team3PM":10,"teamFTA":16,"teamFTM":12,"teamORB":14,"teamDRB":33,"teamPTS1":21,"teamPTS2":29,"teamPTS3":22,"teamPTS4":20,"teamPTS5":0,"teamPTS6":0,"teamPTS7":0,"teamPTS8":0,"opptAbbr":"BOS","opptConf":"East","opptLoc":"Away","opptRslt":"Win","opptPTS":102,"opptAST":16,"opptTO":19,"opptSTL":4,"opptBLK":5,"opptPF":24,"opptFGA":84,"opptFGM":35,"oppt2PA":55,"oppt2PM":25,"oppt3PA":29,"oppt3PM":10,"opptFTA":32,"opptFTM":22,"opptORB":14,"opptDRB":41,"opptPTS1":24,"opptPTS2":22,"opptPTS3":23,"opptPTS4":33,"opptPTS5":0,"opptPTS6":0,"opptPTS7":0,"opptPTS8":0}
{"_id":{"$oid":"5cb552f6e0f627212ff3bb7f"},"gmDate":"2017/10/24","offLNm3":"Callahan","offFNm3":"Mike","teamAbbr":"BOS","teamConf":"East","teamLoc":"Home","teamRslt":"Win","teamPTS":110,"teamAST":26,"teamTO":14,"teamSTL":11,"teamBLK":7,"teamPF":24,"teamFGA":75,"teamFGM":37,"team2PA":46,"team2PM":23,"team3PA":29,"team3PM":14,"teamFTA":27,"teamFTM":22,"teamORB":5,"teamDRB":36,"teamPTS1":30,"teamPTS2":24,"teamPTS3":23,"teamPTS4":33,"teamPTS5":0,"teamPTS6":0,"teamPTS7":0,"teamPTS8":0,"opptAbbr":"NY","opptConf":"East","opptLoc":"Away","opptRslt":"Loss","opptPTS":89,"opptAST":20,"opptTO":14,"opptSTL":8,"opptBLK":2,"opptPF":17,"opptFGA":85,"opptFGM":36,"oppt2PA":73,"oppt2PM":35,"oppt3PA":12,"oppt3PM":1,"opptFTA":25,"opptFTM":16,"opptORB":11,"opptDRB":32,"opptPTS1":17,"opptPTS2":16,"opptPTS3":27,"opptPTS4":29,"opptPTS5":0,"opptPTS6":0,"opptPTS7":0,"opptPTS8":0}
{"_id":{"$oid":"5cb552f6e0f627212ff3bb90"},"gmDate":"2017/10/26","offLNm3":"Kirkland","offFNm3":"Courtney","teamAbbr":"MIL","teamConf":"East","teamLoc":"Home","teamRslt":"Loss","teamPTS":89,"teamAST":22,"teamTO":18,"teamSTL":6,"teamBLK":3,"teamPF":20,"teamFGA":77,"teamFGM":35,"team2PA":52,"team2PM":24,"team3PA":25,"team3PM":11,"teamFTA":14,"teamFTM":8,"teamORB":2,"teamDRB":35,"teamPTS1":23,"teamPTS2":21,"teamPTS3":25,"teamPTS4":20,"teamPTS5":0,"teamPTS6":0,"teamPTS7":0,"teamPTS8":0,"opptAbbr":"BOS","opptConf":"East","opptLoc":"Away","opptRslt":"Win","opptPTS":96,"opptAST":21,"opptTO":16,"opptSTL":7,"opptBLK":4,"opptPF":14,"opptFGA":78,"opptFGM":33,"oppt2PA":48,"oppt2PM":22,"oppt3PA":30,"oppt3PM":11,"opptFTA":22,"opptFTM":19,"opptORB":6,"opptDRB":39,"opptPTS1":28,"opptPTS2":15,"opptPTS3":29,"opptPTS4":24,"opptPTS5":0,"opptPTS6":0,"opptPTS7":0,"opptPTS8":0}
{"_id":{"$oid":"5cb552f6e0f627212ff3bb9d"},"gmDate":"2017/10/28","offLNm3":"Acosta","offFNm3":"Ray","teamAbbr":"MIA","teamConf":"East","teamLoc":"Home","teamRslt":"Loss","teamPTS":90,"teamAST":17,"teamTO":19,"teamSTL":6,"teamBLK":9,"teamPF":23,"teamFGA":79,"teamFGM":34,"team2PA":48,"team2PM":27,"team3PA":31,"team3PM":7,"teamFTA":16,"teamFTM":15,"teamORB":6,"teamDRB":34,"teamPTS1":26,"teamPTS2":19,"teamPTS3":18,"teamPTS4":27,"teamPTS5":0,"teamPTS6":0,"teamPTS7":0,"teamPTS8":0,"opptAbbr":"BOS","opptConf":"East","opptLoc":"Away","opptRslt":"Win","opptPTS":96,"opptAST":15,"opptTO":12,"opptSTL":11,"opptBLK":5,"opptPF":14,"opptFGA":81,"opptFGM":34,"oppt2PA":58,"oppt2PM":28,"oppt3PA":23,"oppt3PM":6,"opptFTA":26,"opptFTM":22,"opptORB":11,"opptDRB":30,"opptPTS1":21,"opptPTS2":26,"opptPTS3":27,"opptPTS4":22,"opptPTS5":0,"opptPTS6":0,"opptPTS7":0,"opptPTS8":0}
{"_id":{"$oid":"5cb552f6e0f627212ff3bbaa"},"gmDate":"2017/10/30","offLNm3":"Mauer","offFNm3":"Ken","teamAbbr":"BOS","teamConf":"East","teamLoc":"Home","teamRslt":"Win","teamPTS":108,"teamAST":24,"teamTO":15,"teamSTL":10,"teamBLK":6,"teamPF":22,"teamFGA":88,"teamFGM":42,"team2PA":57,"team2PM":31,"team3PA":31,"team3PM":11,"teamFTA":16,"teamFTM":13,"teamORB":15,"teamDRB":39,"teamPTS1":30,"teamPTS2":24,"teamPTS3":26,"teamPTS4":28,"teamPTS5":0,"teamPTS6":0,"teamPTS7":0,"teamPTS8":0,"opptAbbr":"SA","opptConf":"West","opptLoc":"Away","opptRslt":"Loss","opptPTS":94,"opptAST":24,"opptTO":11,"opptSTL":8,"opptBLK":4,"opptPF":14,"opptFGA":87,"opptFGM":36,"oppt2PA":61,"oppt2PM":24,"oppt3PA":26,"oppt3PM":12,"opptFTA":20,"opptFTM":10,"opptORB":12,"opptDRB":28,"opptPTS1":26,"opptPTS2":23,"opptPTS3":18,"opptPTS4":27,"opptPTS5":0,"opptPTS6":0,"opptPTS7":0,"opptPTS8":0}
{"_id":{"$oid":"5cb552f6e0f627212ff3bbba"},"gmDate":"2017/11/1","offLNm3":"Brown","offFNm3":"Tony","teamAbbr":"BOS","teamConf":"East","teamLoc":"Home","teamRslt":"Win","teamPTS":113,"teamAST":30,"teamTO":18,"teamSTL":10,"teamBLK":3,"teamPF":19,"teamFGA":82,"teamFGM":40,"team2PA":41,"team2PM":23,"team3PA":41,"team3PM":17,"teamFTA":19,"teamFTM":16,"teamORB":16,"teamDRB":36,"teamPTS1":27,"teamPTS2":31,"teamPTS3":31,"teamPTS4":24,"teamPTS5":0,"teamPTS6":0,"teamPTS7":0,"teamPTS8":0,"opptAbbr":"SAC","opptConf":"West","opptLoc":"Away","opptRslt":"Loss","opptPTS":86,"opptAST":24,"opptTO":15,"opptSTL":10,"opptBLK":5,"opptPF":18,"opptFGA":81,"opptFGM":35,"oppt2PA":61,"oppt2PM":29,"oppt3PA":20,"oppt3PM":6,"opptFTA":12,"opptFTM":10,"opptORB":7,"opptDRB":19,"opptPTS1":24,"opptPTS2":21,"opptPTS3":15,"opptPTS4":26,"opptPTS5":0,"opptPTS6":0,"opptPTS7":0,"opptPTS8":0}
{"_id":{"$oid":"5cb552f6e0f627212ff3bbcd"},"gmDate":"2017/11/3","offLNm3":"Callahan","offFNm3":"Mike","teamAbbr":"OKC","teamConf":"West","teamLoc":"Home","teamRslt":"Loss","teamPTS":94,"teamAST":20,"teamTO":12,"teamSTL":4,"teamBLK":7,"teamPF":18,"teamFGA":87,"teamFGM":35,"team2PA":52,"team2PM":22,"team3PA":35,"team3PM":13,"teamFTA":14,"teamFTM":11,"teamORB":11,"teamDRB":37,"teamPTS1":31,"teamPTS2":24,"teamPTS3":16,"teamPTS4":23,"teamPTS5":0,"teamPTS6":0,"teamPTS7":0,"teamPTS8":0,"opptAbbr":"BOS","opptConf":"East","opptLoc":"Away","opptRslt":"Win","opptPTS":101,"opptAST":23,"opptTO":11,"opptSTL":6,"opptBLK":2,"opptPF":14,"opptFGA":84,"opptFGM":36,"oppt2PA":56,"oppt2PM":23,"oppt3PA":28,"oppt3PM":13,"opptFTA":24,"opptFTM":16,"opptORB":11,"opptDRB":38,"opptPTS1":18,"opptPTS2":19,"opptPTS3":30,"opptPTS4":34,"opptPTS5":0,"opptPTS6":0,"opptPTS7":0,"opptPTS8":0}
{"_id":{"$oid":"5cb552f6e0f627212ff3bbd7"},"gmDate":"2017/11/5","offLNm3":"Corbin","offFNm3":"Sean","teamAbbr":"ORL","teamConf":"East","teamLoc":"Home","teamRslt":"Loss","teamPTS":88,"teamAST":18,"teamTO":13,"teamSTL":4,"teamBLK":4,"teamPF":19,"teamFGA":91,"teamFGM":33,"team2PA":62,"team2PM":27,"team3PA":29,"team3PM":6,"teamFTA":18,"teamFTM":16,"teamORB":10,"teamDRB":35,"teamPTS1":20,"teamPTS2":18,"teamPTS3":31,"teamPTS4":19,"teamPTS5":0,"teamPTS6":0,"teamPTS7":0,"teamPTS8":0,"opptAbbr":"BOS","opptConf":"East","opptLoc":"Away","opptRslt":"Win","opptPTS":104,"opptAST":26,"opptTO":14,"opptSTL":10,"opptBLK":1,"opptPF":21,"opptFGA":89,"opptFGM":39,"oppt2PA":56,"oppt2PM":28,"oppt3PA":33,"oppt3PM":11,"opptFTA":20,"opptFTM":15,"opptORB":9,"opptDRB":45,"opptPTS1":22,"opptPTS2":27,"opptPTS3":28,"opptPTS4":27,"opptPTS5":0,"opptPTS6":0,"opptPTS7":0,"opptPTS8":0}
{"_id":{"$oid":"5cb552f6e0f627212ff3bbdf"},"gmDate":"2017/11/6","offLNm3":"Davis","offFNm3":"Marc","teamAbbr":"ATL","teamConf":"East","teamLoc":"Home","teamRslt":"Loss","teamPTS":107,"teamAST":24,"teamTO":14,"teamSTL":8,"teamBLK":4,"teamPF":22,"teamFGA":81,"teamFGM":39,"team2PA":55,"team2PM":26,"team3PA":26,"team3PM":13,"teamFTA":20,"teamFTM":16,"teamORB":5,"teamDRB":31,"teamPTS1":25,"teamPTS2":29,"teamPTS3":21,"teamPTS4":32,"teamPTS5":0,"teamPTS6":0,"teamPTS7":0,"teamPTS8":0,"opptAbbr":"BOS","opptConf":"East","opptLoc":"Away","opptRslt":"Win","opptPTS":110,"opptAST":28,"opptTO":14,"opptSTL":3,"opptBLK":3,"opptPF":21,"opptFGA":81,"opptFGM":39,"oppt2PA":45,"oppt2PM":25,"oppt3PA":36,"oppt3PM":14,"opptFTA":22,"opptFTM":18,"opptORB":7,"opptDRB":35,"opptPTS1":26,"opptPTS2":28,"opptPTS3":28,"opptPTS4":28,"opptPTS5":0,"opptPTS6":0,"opptPTS7":0,"opptPTS8":0}
{"_id":{"$oid":"5cb552f6e0f627212ff3bbee"},"gmDate":"2017/11/8","offLNm3":"Lewis","offFNm3":"Eric","teamAbbr":"BOS","teamConf":"East","teamLoc":"Home","teamRslt":"Win","teamPTS":107,"teamAST":20,"teamTO":14,"teamSTL":8,"teamBLK":6,"teamPF":20,"teamFGA":98,"teamFGM":38,"team2PA":69,"team2PM":31,"team3PA":29,"team3PM":7,"teamFTA":31,"teamFTM":24,"teamORB":16,"teamDRB":32,"teamPTS1":33,"teamPTS2":28,"teamPTS3":26,"teamPTS4":20,"teamPTS5":0,"teamPTS6":0,"teamPTS7":0,"teamPTS8":0,"opptAbbr":"LAL","opptConf":"West","opptLoc":"Away","opptRslt":"Loss","opptPTS":96,"opptAST":16,"opptTO":21,"opptSTL":8,"opptBLK":8,"opptPF":30,"opptFGA":85,"opptFGM":37,"oppt2PA":61,"oppt2PM":32,"oppt3PA":24,"oppt3PM":5,"opptFTA":23,"opptFTM":17,"opptORB":12,"opptDRB":36,"opptPTS1":16,"opptPTS2":36,"opptPTS3":29,"opptPTS4":15,"opptPTS5":0,"opptPTS6":0,"opptPTS7":0,"opptPTS8":0}
{"_id":{"$oid":"5cb552f6e0f627212ff3bbf7"},"gmDate":"2017/11/10","offLNm3":"Richardson","offFNm3":"Leroy","teamAbbr":"BOS","teamConf":"East","teamLoc":"Home","teamRslt":"Win","teamPTS":90,"teamAST":15,"teamTO":13,"teamSTL":6,"teamBLK":5,"teamPF":26,"teamFGA":84,"teamFGM":30,"team2PA":53,"team2PM":21,"team3PA":31,"team3PM":9,"teamFTA":25,"teamFTM":21,"teamORB":9,"teamDRB":40,"teamPTS1":11,"teamPTS2":30,"teamPTS3":23,"teamPTS4":26,"teamPTS5":0,"teamPTS6":0,"teamPTS7":0,"teamPTS8":0,"opptAbbr":"CHA","opptConf":"East","opptLoc":"Away","opptRslt":"Loss","opptPTS":87,"opptAST":20,"opptTO":14,"opptSTL":5,"opptBLK":7,"opptPF":21,"opptFGA":80,"opptFGM":31,"oppt2PA":58,"oppt2PM":25,"oppt3PA":22,"oppt3PM":6,"opptFTA":33,"opptFTM":19,"opptORB":7,"opptDRB":40,"opptPTS1":26,"opptPTS2":31,"opptPTS3":19,"opptPTS4":11,"opptPTS5":0,"opptPTS6":0,"opptPTS7":0,"opptPTS8":0}
{"_id":{"$oid":"5cb552f6e0f627212ff3bc09"},"gmDate":"2017/11/12","offLNm3":"Holtkamp","offFNm3":"Lauren","teamAbbr":"BOS","teamConf":"East","teamLoc":"Home","teamRslt":"Win","teamPTS":95,"teamAST":24,"teamTO":15,"teamSTL":9,"teamBLK":2,"teamPF":18,"teamFGA":87,"teamFGM":35,"team2PA":61,"team2PM":25,"team3PA":26,"team3PM":10,"teamFTA":19,"teamFTM":15,"teamORB":15,"teamDRB":31,"teamPTS1":24,"teamPTS2":20,"teamPTS3":33,"teamPTS4":18,"teamPTS5":0,"teamPTS6":0,"teamPTS7":0,"teamPTS8":0,"opptAbbr":"TOR","opptConf":"East","opptLoc":"Away","opptRslt":"Loss","opptPTS":94,"opptAST":18,"opptTO":17,"opptSTL":8,"opptBLK":8,"opptPF":20,"opptFGA":69,"opptFGM":32,"oppt2PA":45,"oppt2PM":22,"oppt3PA":24,"oppt3PM":10,"opptFTA":23,"opptFTM":20,"opptORB":6,"opptDRB":30,"opptPTS1":24,"opptPTS2":25,"opptPTS3":27,"opptPTS4":18,"opptPTS5":0,"opptPTS6":0,"opptPTS7":0,"opptPTS8":0}
{"_id":{"$oid":"5cb552f6e0f627212ff3bc16"},"gmDate":"2017/11/14","offLNm3":"Mauer","offFNm3":"Ken","teamAbbr":"BKN","teamConf":"East","teamLoc":"Home","teamRslt":"Loss","teamPTS":102,"teamAST":26,"teamTO":15,"teamSTL":4,"teamBLK":3,"teamPF":24,"teamFGA":89,"teamFGM":39,"team2PA":54,"team2PM":25,"team3PA":35,"team3PM":14,"teamFTA":16,"teamFTM":10,"teamORB":9,"teamDRB":34,"teamPTS1":21,"teamPTS2":31,"teamPTS3":19,"teamPTS4":31,"teamPTS5":0,"teamPTS6":0,"teamPTS7":0,"teamPTS8":0,"opptAbbr":"BOS","opptConf":"East","opptLoc":"Away","opptRslt":"Win","opptPTS":109,"opptAST":15,"opptTO":14,"opptSTL":8,"opptBLK":3,"opptPF":14,"opptFGA":86,"opptFGM":39,"oppt2PA":59,"oppt2PM":30,"oppt3PA":27,"oppt3PM":9,"opptFTA":27,"opptFTM":22,"opptORB":9,"opptDRB":40,"opptPTS1":30,"opptPTS2":22,"opptPTS3":28,"opptPTS4":29,"opptPTS5":0,"opptPTS6":0,"opptPTS7":0,"opptPTS8":0}
{"_id":{"$oid":"5cb552f6e0f627212ff3bc24"},"gmDate":"2017/11/16","offLNm3":"Capers","offFNm3":"James","teamAbbr":"BOS","teamConf":"East","teamLoc":"Home","teamRslt":"Win","teamPTS":92,"teamAST":15,"teamTO":15,"teamSTL":8,"teamBLK":5,"teamPF":15,"teamFGA":79,"teamFGM":26,"team2PA":47,"team2PM":19,"team3PA":32,"team3PM":7,"teamFTA":38,"teamFTM":33,"teamORB":7,"teamDRB":45,"teamPTS1":18,"teamPTS2":24,"teamPTS3":26,"teamPTS4":24,"teamPTS5":0,"teamPTS6":0,"teamPTS7":0,"teamPTS8":0,"opptAbbr":"GS","opptConf":"West","opptLoc":"Away","opptRslt":"Loss","opptPTS":88,"opptAST":22,"opptTO":15,"opptSTL":9,"opptBLK":10,"opptPF":24,"opptFGA":82,"opptFGM":33,"oppt2PA":50,"oppt2PM":23,"oppt3PA":32,"oppt3PM":10,"opptFTA":19,"opptFTM":12,"opptORB":7,"opptDRB":40,"opptPTS1":28,"opptPTS2":19,"opptPTS3":21,"opptPTS4":20,"opptPTS5":0,"opptPTS6":0,"opptPTS7":0,"opptPTS8":0}
{"_id":{"$oid":"5cb552f6e0f627212ff3bc33"},"gmDate":"2017/11/18","offLNm3":"Kirkland","offFNm3":"Courtney","teamAbbr":"ATL","teamConf":"East","teamLoc":"Home","teamRslt":"Loss","teamPTS":99,"teamAST":24,"teamTO":14,"teamSTL":7,"teamBLK":1,"teamPF":19,"teamFGA":78,"teamFGM":37,"team2PA":54,"team2PM":28,"team3PA":24,"team3PM":9,"teamFTA":20,"teamFTM":16,"teamORB":6,"teamDRB":29,"teamPTS1":35,"teamPTS2":15,"teamPTS3":27,"teamPTS4":22,"teamPTS5":0,"teamPTS6":0,"teamPTS7":0,"teamPTS8":0,"opptAbbr":"BOS","opptConf":"East","opptLoc":"Away","opptRslt":"Win","opptPTS":110,"opptAST":21,"opptTO":16,"opptSTL":9,"opptBLK":6,"opptPF":22,"opptFGA":82,"opptFGM":39,"oppt2PA":48,"oppt2PM":23,"oppt3PA":34,"oppt3PM":16,"opptFTA":20,"opptFTM":16,"opptORB":9,"opptDRB":32,"opptPTS1":20,"opptPTS2":24,"opptPTS3":36,"opptPTS4":30,"opptPTS5":0,"opptPTS6":0,"opptPTS7":0,"opptPTS8":0}
{"_id":{"$oid":"5cb552f6e0f627212ff3bc46"},"gmDate":"2017/11/20","offLNm3":"Ayotte","offFNm3":"Mark","teamAbbr":"DAL","teamConf":"West","teamLoc":"Home","teamRslt":"Loss","teamPTS":102,"teamAST":18,"teamTO":11,"teamSTL":7,"teamBLK":3,"teamPF":22,"teamFGA":96,"teamFGM":39,"team2PA":63,"team2PM":32,"team3PA":33,"team3PM":7,"teamFTA":20,"teamFTM":17,"teamORB":8,"teamDRB":37,"teamPTS1":22,"teamPTS2":27,"teamPTS3":28,"teamPTS4":19,"teamPTS5":6,"teamPTS6":0,"teamPTS7":0,"teamPTS8":0,"opptAbbr":"BOS","opptConf":"East","opptLoc":"Away","opptRslt":"Win","opptPTS":110,"opptAST":24,"opptTO":17,"opptSTL":8,"opptBLK":4,"opptPF":24,"opptFGA":84,"opptFGM":38,"oppt2PA":48,"oppt2PM":25,"oppt3PA":36,"oppt3PM":13,"opptFTA":26,"opptFTM":21,"opptORB":5,"opptDRB":48,"opptPTS1":34,"opptPTS2":19,"opptPTS3":16,"opptPTS4":27,"opptPTS5":14,"opptPTS6":0,"opptPTS7":0,"opptPTS8":0}
{"_id":{"$oid":"5cb552f6e0f627212ff3bc4e"},"gmDate":"2017/11/22","offLNm3":"Lewis","offFNm3":"Eric","teamAbbr":"MIA","teamConf":"East","teamLoc":"Home","teamRslt":"Win","teamPTS":104,"teamAST":20,"teamTO":16,"teamSTL":3,"teamBLK":4,"teamPF":22,"teamFGA":81,"teamFGM":40,"team2PA":53,"team2PM":30,"team3PA":28,"team3PM":10,"teamFTA":16,"teamFTM":14,"teamORB":7,"teamDRB":41,"teamPTS1":27,"teamPTS2":27,"teamPTS3":25,"teamPTS4":25,"teamPTS5":0,"teamPTS6":0,"teamPTS7":0,"teamPTS8":0,"opptAbbr":"BOS","opptConf":"East","opptLoc":"Away","opptRslt":"Loss","opptPTS":98,"opptAST":19,"opptTO":11,"opptSTL":11,"opptBLK":4,"opptPF":19,"opptFGA":84,"opptFGM":35,"oppt2PA":58,"oppt2PM":26,"oppt3PA":26,"oppt3PM":9,"opptFTA":27,"opptFTM":19,"opptORB":7,"opptDRB":30,"opptPTS1":16,"opptPTS2":25,"opptPTS3":22,"opptPTS4":35,"opptPTS5":0,"opptPTS6":0,"opptPTS7":0,"opptPTS8":0}
{"_id":{"$oid":"5cb552f6e0f627212ff3bc59"},"gmDate":"2017/11/24","offLNm3":"Williams","offFNm3":"James","teamAbbr":"BOS","teamConf":"East","teamLoc":"Home","teamRslt":"Win","teamPTS":118,"teamAST":27,"teamTO":9,"teamSTL":6,"teamBLK":10,"teamPF":20,"teamFGA":91,"teamFGM":42,"team2PA":49,"team2PM":25,"team3PA":42,"team3PM":17,"teamFTA":25,"teamFTM":17,"teamORB":13,"teamDRB":33,"teamPTS1":40,"teamPTS2":33,"teamPTS3":26,"teamPTS4":19,"teamPTS5":0,"teamPTS6":0,"teamPTS7":0,"teamPTS8":0,"opptAbbr":"ORL","opptConf":"East","opptLoc":"Away","opptRslt":"Loss","opptPTS":103,"opptAST":21,"opptTO":12,"opptSTL":6,"opptBLK":4,"opptPF":16,"opptFGA":95,"opptFGM":41,"oppt2PA":71,"oppt2PM":32,"oppt3PA":24,"oppt3PM":9,"opptFTA":19,"opptFTM":12,"opptORB":16,"opptDRB":35,"opptPTS1":26,"opptPTS2":21,"opptPTS3":22,"opptPTS4":34,"opptPTS5":0,"opptPTS6":0,"opptPTS7":0,"opptPTS8":0}
{"_id":{"$oid":"5cb552f6e0f627212ff3bc67"},"gmDate":"2017/11/25","offLNm3":"Capers","offFNm3":"James","teamAbbr":"IND","teamConf":"East","teamLoc":"Home","teamRslt":"Loss","teamPTS":98,"teamAST":20,"teamTO":20,"teamSTL":9,"teamBLK":2,"teamPF":14,"teamFGA":78,"teamFGM":38,"team2PA":55,"team2PM":31,"team3PA":23,"team3PM":7,"teamFTA":15,"teamFTM":15,"teamORB":10,"teamDRB":26,"teamPTS1":32,"teamPTS2":22,"teamPTS3":16,"teamPTS4":28,"teamPTS5":0,"teamPTS6":0,"teamPTS7":0,"teamPTS8":0,"opptAbbr":"BOS","opptConf":"East","opptLoc":"Away","opptRslt":"Win","opptPTS":108,"opptAST":22,"opptTO":15,"opptSTL":8,"opptBLK":4,"opptPF":13,"opptFGA":80,"opptFGM":45,"oppt2PA":55,"oppt2PM":35,"oppt3PA":25,"oppt3PM":10,"opptFTA":9,"opptFTM":8,"opptORB":4,"opptDRB":26,"opptPTS1":27,"opptPTS2":18,"opptPTS3":37,"opptPTS4":26,"opptPTS5":0,"opptPTS6":0,"opptPTS7":0,"opptPTS8":0}
{"_id":{"$oid":"5cb552f6e0f627212ff3bc71"},"gmDate":"2017/11/27","offLNm3":"Brown","offFNm3":"Tony","teamAbbr":"BOS","teamConf":"East","teamLoc":"Home","teamRslt":"Loss","teamPTS":108,"teamAST":27,"teamTO":17,"teamSTL":2,"teamBLK":4,"teamPF":23,"teamFGA":77,"teamFGM":40,"team2PA":44,"team2PM":24,"team3PA":33,"team3PM":16,"teamFTA":21,"teamFTM":12,"teamORB":5,"teamDRB":31,"teamPTS1":23,"teamPTS2":34,"teamPTS3":29,"teamPTS4":22,"teamPTS5":0,"teamPTS6":0,"teamPTS7":0,"teamPTS8":0,"opptAbbr":"DET","opptConf":"East","opptLoc":"Away","opptRslt":"Win","opptPTS":118,"opptAST":26,"opptTO":8,"opptSTL":8,"opptBLK":2,"opptPF":19,"opptFGA":85,"opptFGM":44,"oppt2PA":60,"oppt2PM":33,"oppt3PA":25,"oppt3PM":11,"opptFTA":23,"opptFTM":19,"opptORB":8,"opptDRB":32,"opptPTS1":31,"opptPTS2":29,"opptPTS3":26,"opptPTS4":32,"opptPTS5":0,"opptPTS6":0,"opptPTS7":0,"opptPTS8":0}
{"_id":{"$oid":"5cb552f6e0f627212ff3bc87"},"gmDate":"2017/11/30","offLNm3":"Ayotte","offFNm3":"Mark","teamAbbr":"BOS","teamConf":"East","teamLoc":"Home","teamRslt":"Win","teamPTS":108,"teamAST":25,"teamTO":17,"teamSTL":7,"teamBLK":7,"teamPF":20,"teamFGA":79,"teamFGM":40,"team2PA":50,"team2PM":28,"team3PA":29,"team3PM":12,"teamFTA":20,"teamFTM":16,"teamORB":7,"teamDRB":33,"teamPTS1":28,"teamPTS2":26,"teamPTS3":22,"teamPTS4":32,"teamPTS5":0,"teamPTS6":0,"teamPTS7":0,"teamPTS8":0,"opptAbbr":"PHI","opptConf":"East","opptLoc":"Away","opptRslt":"Loss","opptPTS":97,"opptAST":24,"opptTO":19,"opptSTL":11,"opptBLK":1,"opptPF":22,"opptFGA":84,"opptFGM":35,"oppt2PA":52,"oppt2PM":19,"oppt3PA":32,"oppt3PM":16,"opptFTA":18,"opptFTM":11,"opptORB":15,"opptDRB":30,"opptPTS1":22,"opptPTS2":22,"opptPTS3":27,"opptPTS4":26,"opptPTS5":0,"opptPTS6":0,"opptPTS7":0,"opptPTS8":0}
{"_id":{"$oid":"5cb552f6e0f627212ff3bc93"},"gmDate":"2017/12/2","offLNm3":"DeRosa","offFNm3":"Joe","teamAbbr":"BOS","teamConf":"East","teamLoc":"Home","teamRslt":"Win","teamPTS":116,"teamAST":32,"teamTO":9,"teamSTL":8,"teamBLK":6,"teamPF":16,"teamFGA":80,"teamFGM":42,"team2PA":49,"team2PM":28,"team3PA":31,"team3PM":14,"teamFTA":23,"teamFTM":18,"teamORB":4,"teamDRB":27,"teamPTS1":31,"teamPTS2":29,"teamPTS3":29,"teamPTS4":27,"teamPTS5":0,"teamPTS6":0,"teamPTS7":0,"teamPTS8":0,"opptAbbr":"PHO","opptConf":"West","opptLoc":"Away","opptRslt":"Loss","opptPTS":111,"opptAST":24,"opptTO":12,"opptSTL":8,"opptBLK":1,"opptPF":19,"opptFGA":101,"opptFGM":48,"oppt2PA":77,"oppt2PM":41,"oppt3PA":24,"oppt3PM":7,"opptFTA":11,"opptFTM":8,"opptORB":16,"opptDRB":31,"opptPTS1":22,"opptPTS2":32,"opptPTS3":25,"opptPTS4":32,"opptPTS5":0,"opptPTS6":0,"opptPTS7":0,"opptPTS8":0}
{"_id":{"$oid":"5cb552f6e0f627212ff3bca4"},"gmDate":"2017/12/4","offLNm3":"Van Duyne","offFNm3":"Justin","teamAbbr":"BOS","teamConf":"East","teamLoc":"Home","teamRslt":"Win","teamPTS":111,"teamAST":25,"teamTO":15,"teamSTL":5,"teamBLK":3,"teamPF":20,"teamFGA":78,"teamFGM":43,"team2PA":56,"team2PM":33,"team3PA":22,"team3PM":10,"teamFTA":19,"teamFTM":15,"teamORB":8,"teamDRB":37,"teamPTS1":34,"teamPTS2":28,"teamPTS3":26,"teamPTS4":23,"teamPTS5":0,"teamPTS6":0,"teamPTS7":0,"teamPTS8":0,"opptAbbr":"MIL","opptConf":"East","opptLoc":"Away","opptRslt":"Loss","opptPTS":100,"opptAST":17,"opptTO":10,"opptSTL":6,"opptBLK":2,"opptPF":17,"opptFGA":78,"opptFGM":35,"oppt2PA":57,"oppt2PM":26,"oppt3PA":21,"oppt3PM":9,"opptFTA":24,"opptFTM":21,"opptORB":3,"opptDRB":25,"opptPTS1":26,"opptPTS2":23,"opptPTS3":32,"opptPTS4":19,"opptPTS5":0,"opptPTS6":0,"opptPTS7":0,"opptPTS8":0}
{"_id":{"$oid":"5cb552f6e0f627212ff3bcb1"},"gmDate":"2017/12/6","offLNm3":"Fraher","offFNm3":"Pat","teamAbbr":"BOS","teamConf":"East","teamLoc":"Home","teamRslt":"Win","teamPTS":97,"teamAST":25,"teamTO":12,"teamSTL":8,"teamBLK":8,"teamPF":15,"teamFGA":87,"teamFGM":36,"team2PA":53,"team2PM":24,"team3PA":34,"team3PM":12,"teamFTA":17,"teamFTM":13,"teamORB":9,"teamDRB":44,"teamPTS1":24,"teamPTS2":23,"teamPTS3":23,"teamPTS4":27,"teamPTS5":0,"teamPTS6":0,"teamPTS7":0,"teamPTS8":0,"opptAbbr":"DAL","opptConf":"West","opptLoc":"Away","opptRslt":"Loss","opptPTS":90,"opptAST":19,"opptTO":11,"opptSTL":7,"opptBLK":5,"opptPF":12,"opptFGA":86,"opptFGM":34,"oppt2PA":58,"oppt2PM":25,"oppt3PA":28,"oppt3PM":9,"opptFTA":17,"opptFTM":13,"opptORB":6,"opptDRB":39,"opptPTS1":26,"opptPTS2":31,"opptPTS3":16,"opptPTS4":17,"opptPTS5":0,"opptPTS6":0,"opptPTS7":0,"opptPTS8":0}
{"_id":{"$oid":"5cb552f6e0f627212ff3bcc3"},"gmDate":"2017/12/8","offLNm3":"Lewis","offFNm3":"Eric","teamAbbr":"SA","teamConf":"West","teamLoc":"Home","teamRslt":"Win","teamPTS":105,"teamAST":16,"teamTO":13,"teamSTL":6,"teamBLK":3,"teamPF":14,"teamFGA":81,"teamFGM":38,"team2PA":54,"team2PM":30,"team3PA":27,"team3PM":8,"teamFTA":24,"teamFTM":21,"teamORB":14,"teamDRB":32,"teamPTS1":26,"teamPTS2":30,"teamPTS3":21,"teamPTS4":28,"teamPTS5":0,"teamPTS6":0,"teamPTS7":0,"teamPTS8":0,"opptAbbr":"BOS","opptConf":"East","opptLoc":"Away","opptRslt":"Loss","opptPTS":102,"opptAST":14,"opptTO":14,"opptSTL":10,"opptBLK":0,"opptPF":22,"opptFGA":83,"opptFGM":38,"oppt2PA":45,"oppt2PM":27,"oppt3PA":38,"oppt3PM":11,"opptFTA":17,"opptFTM":15,"opptORB":11,"opptDRB":28,"opptPTS1":31,"opptPTS2":24,"opptPTS3":27,"opptPTS4":20,"opptPTS5":0,"opptPTS6":0,"opptPTS7":0,"opptPTS8":0}
{"_id":{"$oid":"5cb552f6e0f627212ff3bccf"},"gmDate":"2017/12/10","offLNm3":"Smith","offFNm3":"Michael","teamAbbr":"DET","teamConf":"East","teamLoc":"Home","teamRslt":"Loss","teamPTS":81,"teamAST":14,"teamTO":10,"teamSTL":7,"teamBLK":4,"teamPF":16,"teamFGA":84,"teamFGM":28,"team2PA":51,"team2PM":18,"team3PA":33,"team3PM":10,"teamFTA":19,"teamFTM":15,"teamORB":11,"teamDRB":35,"teamPTS1":21,"teamPTS2":16,"teamPTS3":22,"teamPTS4":22,"teamPTS5":0,"teamPTS6":0,"teamPTS7":0,"teamPTS8":0,"opptAbbr":"BOS","opptConf":"East","opptLoc":"Away","opptRslt":"Win","opptPTS":91,"opptAST":16,"opptTO":14,"opptSTL":4,"opptBLK":4,"opptPF":18,"opptFGA":79,"opptFGM":33,"oppt2PA":49,"oppt2PM":22,"oppt3PA":30,"oppt3PM":11,"opptFTA":18,"opptFTM":14,"opptORB":9,"opptDRB":41,"opptPTS1":29,"opptPTS2":15,"opptPTS3":29,"opptPTS4":18,"opptPTS5":0,"opptPTS6":0,"opptPTS7":0,"opptPTS8":0}
{"_id":{"$oid":"5cb552f6e0f627212ff3bcd4"},"gmDate":"2017/12/11","offLNm3":"Wall","offFNm3":"Scott","teamAbbr":"CHI","teamConf":"East","teamLoc":"Home","teamRslt":"Win","teamPTS":108,"teamAST":23,"teamTO":9,"teamSTL":9,"teamBLK":3,"teamPF":18,"teamFGA":81,"teamFGM":39,"team2PA":52,"team2PM":27,"team3PA":29,"team3PM":12,"teamFTA":25,"teamFTM":18,"teamORB":10,"teamDRB":36,"teamPTS1":28,"teamPTS2":28,"teamPTS3":22,"teamPTS4":30,"teamPTS5":0,"teamPTS6":0,"teamPTS7":0,"teamPTS8":0,"opptAbbr":"BOS","opptConf":"East","opptLoc":"Away","opptRslt":"Loss","opptPTS":85,"opptAST":22,"opptTO":16,"opptSTL":2,"opptBLK":1,"opptPF":19,"opptFGA":83,"opptFGM":33,"oppt2PA":43,"oppt2PM":23,"oppt3PA":40,"oppt3PM":10,"opptFTA":14,"opptFTM":9,"opptORB":11,"opptDRB":35,"opptPTS1":29,"opptPTS2":13,"opptPTS3":21,"opptPTS4":22,"opptPTS5":0,"opptPTS6":0,"opptPTS7":0,"opptPTS8":0}
{"_id":{"$oid":"5cb552f6e0f627212ff3bce4"},"gmDate":"2017/12/13","offLNm3":"Richardson","offFNm3":"Derek","teamAbbr":"BOS","teamConf":"East","teamLoc":"Home","teamRslt":"Win","teamPTS":124,"teamAST":29,"teamTO":14,"teamSTL":10,"teamBLK":7,"teamPF":20,"teamFGA":79,"teamFGM":47,"team2PA":54,"team2PM":36,"team3PA":25,"team3PM":11,"teamFTA":24,"teamFTM":19,"teamORB":4,"teamDRB":26,"teamPTS1":30,"teamPTS2":38,"teamPTS3":29,"teamPTS4":27,"teamPTS5":0,"teamPTS6":0,"teamPTS7":0,"teamPTS8":0,"opptAbbr":"DEN","opptConf":"West","opptLoc":"Away","opptRslt":"Loss","opptPTS":118,"opptAST":22,"opptTO":16,"opptSTL":8,"opptBLK":4,"opptPF":20,"opptFGA":91,"opptFGM":45,"oppt2PA":63,"oppt2PM":36,"oppt3PA":28,"oppt3PM":9,"opptFTA":26,"opptFTM":19,"opptORB":20,"opptDRB":28,"opptPTS1":31,"opptPTS2":28,"opptPTS3":33,"opptPTS4":26,"opptPTS5":0,"opptPTS6":0,"opptPTS7":0,"opptPTS8":0}
{"_id":{"$oid":"5cb552f6e0f627212ff3bcf4"},"gmDate":"2017/12/15","offLNm3":"Acosta","offFNm3":"Ray","teamAbbr":"BOS","teamConf":"East","teamLoc":"Home","teamRslt":"Loss","teamPTS":95,"teamAST":20,"teamTO":9,"teamSTL":10,"teamBLK":5,"teamPF":18,"teamFGA":86,"teamFGM":35,"team2PA":55,"team2PM":26,"team3PA":31,"team3PM":9,"teamFTA":19,"teamFTM":16,"teamORB":2,"teamDRB":29,"teamPTS1":26,"teamPTS2":13,"teamPTS3":28,"teamPTS4":28,"teamPTS5":0,"teamPTS6":0,"teamPTS7":0,"teamPTS8":0,"opptAbbr":"UTA","opptConf":"West","opptLoc":"Away","opptRslt":"Win","opptPTS":107,"opptAST":19,"opptTO":16,"opptSTL":6,"opptBLK":3,"opptPF":20,"opptFGA":83,"opptFGM":40,"oppt2PA":58,"oppt2PM":27,"oppt3PA":25,"oppt3PM":13,"opptFTA":18,"opptFTM":14,"opptORB":9,"opptDRB":46,"opptPTS1":21,"opptPTS2":25,"opptPTS3":33,"opptPTS4":28,"opptPTS5":0,"opptPTS6":0,"opptPTS7":0,"opptPTS8":0}
{"_id":{"$oid":"5cb552f6e0f627212ff3bd01"},"gmDate":"2017/12/16","offLNm3":"Boland","offFNm3":"Matt","teamAbbr":"MEM","teamConf":"West","teamLoc":"Home","teamRslt":"Loss","teamPTS":93,"teamAST":18,"teamTO":14,"teamSTL":8,"teamBLK":3,"teamPF":19,"teamFGA":79,"teamFGM":32,"team2PA":45,"team2PM":18,"team3PA":34,"team3PM":14,"teamFTA":17,"teamFTM":15,"teamORB":10,"teamDRB":28,"teamPTS1":12,"teamPTS2":28,"teamPTS3":33,"teamPTS4":20,"teamPTS5":0,"teamPTS6":0,"teamPTS7":0,"teamPTS8":0,"opptAbbr":"BOS","opptConf":"East","opptLoc":"Away","opptRslt":"Win","opptPTS":102,"opptAST":21,"opptTO":17,"opptSTL":6,"opptBLK":6,"opptPF":19,"opptFGA":80,"opptFGM":39,"oppt2PA":50,"oppt2PM":25,"oppt3PA":30,"oppt3PM":14,"opptFTA":14,"opptFTM":10,"opptORB":14,"opptDRB":28,"opptPTS1":31,"opptPTS2":17,"opptPTS3":23,"opptPTS4":31,"opptPTS5":0,"opptPTS6":0,"opptPTS7":0,"opptPTS8":0}
{"_id":{"$oid":"5cb552f6e0f627212ff3bd07"},"gmDate":"2017/12/18","offLNm3":"Capers","offFNm3":"James","teamAbbr":"IND","teamConf":"East","teamLoc":"Home","teamRslt":"Loss","teamPTS":111,"teamAST":14,"teamTO":13,"teamSTL":12,"teamBLK":3,"teamPF":16,"teamFGA":79,"teamFGM":37,"team2PA":58,"team2PM":30,"team3PA":21,"team3PM":7,"teamFTA":38,"teamFTM":30,"teamORB":9,"teamDRB":29,"teamPTS1":21,"teamPTS2":26,"teamPTS3":31,"teamPTS4":33,"teamPTS5":0,"teamPTS6":0,"teamPTS7":0,"teamPTS8":0,"opptAbbr":"BOS","opptConf":"East","opptLoc":"Away","opptRslt":"Win","opptPTS":112,"opptAST":26,"opptTO":20,"opptSTL":6,"opptBLK":4,"opptPF":31,"opptFGA":79,"opptFGM":44,"oppt2PA":53,"oppt2PM":28,"oppt3PA":26,"oppt3PM":16,"opptFTA":14,"opptFTM":8,"opptORB":6,"opptDRB":32,"opptPTS1":38,"opptPTS2":24,"opptPTS3":23,"opptPTS4":27,"opptPTS5":0,"opptPTS6":0,"opptPTS7":0,"opptPTS8":0}
{"_id":{"$oid":"5cb552f6e0f627212ff3bd15"},"gmDate":"2017/12/20","offLNm3":"Adair","offFNm3":"Brandon","teamAbbr":"BOS","teamConf":"East","teamLoc":"Home","teamRslt":"Loss","teamPTS":89,"teamAST":18,"teamTO":10,"teamSTL":5,"teamBLK":5,"teamPF":22,"teamFGA":80,"teamFGM":30,"team2PA":48,"team2PM":17,"team3PA":32,"team3PM":13,"teamFTA":21,"teamFTM":16,"teamORB":5,"teamDRB":39,"teamPTS1":24,"teamPTS2":20,"teamPTS3":15,"teamPTS4":30,"teamPTS5":0,"teamPTS6":0,"teamPTS7":0,"teamPTS8":0,"opptAbbr":"MIA","opptConf":"East","opptLoc":"Away","opptRslt":"Win","opptPTS":90,"opptAST":23,"opptTO":15,"opptSTL":6,"opptBLK":3,"opptPF":16,"opptFGA":75,"opptFGM":33,"oppt2PA":47,"oppt2PM":23,"oppt3PA":28,"oppt3PM":10,"opptFTA":25,"opptFTM":14,"opptORB":6,"opptDRB":40,"opptPTS1":15,"opptPTS2":21,"opptPTS3":26,"opptPTS4":28,"opptPTS5":0,"opptPTS6":0,"opptPTS7":0,"opptPTS8":0}
{"_id":{"$oid":"5cb552f6e0f627212ff3bd21"},"gmDate":"2017/12/21","offLNm3":"Mauer","offFNm3":"Ken","teamAbbr":"NY","teamConf":"East","teamLoc":"Home","teamRslt":"Win","teamPTS":102,"teamAST":13,"teamTO":17,"teamSTL":8,"teamBLK":3,"teamPF":20,"teamFGA":79,"teamFGM":36,"team2PA":65,"team2PM":28,"team3PA":14,"team3PM":8,"teamFTA":26,"teamFTM":22,"teamORB":11,"teamDRB":38,"teamPTS1":25,"teamPTS2":19,"teamPTS3":24,"teamPTS4":34,"teamPTS5":0,"teamPTS6":0,"teamPTS7":0,"teamPTS8":0,"opptAbbr":"BOS","opptConf":"East","opptLoc":"Away","opptRslt":"Loss","opptPTS":93,"opptAST":17,"opptTO":10,"opptSTL":11,"opptBLK":1,"opptPF":20,"opptFGA":86,"opptFGM":33,"oppt2PA":48,"oppt2PM":20,"oppt3PA":38,"oppt3PM":13,"opptFTA":19,"opptFTM":14,"opptORB":9,"opptDRB":26,"opptPTS1":15,"opptPTS2":25,"opptPTS3":28,"opptPTS4":25,"opptPTS5":0,"opptPTS6":0,"opptPTS7":0,"opptPTS8":0}
{"_id":{"$oid":"5cb552f6e0f627212ff3bd32"},"gmDate":"2017/12/23","offLNm3":"Callahan","offFNm3":"Mike","teamAbbr":"BOS","teamConf":"East","teamLoc":"Home","teamRslt":"Win","teamPTS":117,"teamAST":29,"teamTO":6,"teamSTL":9,"teamBLK":5,"teamPF":18,"teamFGA":92,"teamFGM":44,"team2PA":60,"team2PM":32,"team3PA":32,"team3PM":12,"teamFTA":21,"teamFTM":17,"teamORB":8,"teamDRB":38,"teamPTS1":33,"teamPTS2":27,"teamPTS3":38,"teamPTS4":19,"teamPTS5":0,"teamPTS6":0,"teamPTS7":0,"teamPTS8":0,"opptAbbr":"CHI","opptConf":"East","opptLoc":"Away","opptRslt":"Loss","opptPTS":92,"opptAST":24,"opptTO":15,"opptSTL":4,"opptBLK":2,"opptPF":16,"opptFGA":86,"opptFGM":34,"oppt2PA":67,"oppt2PM":27,"oppt3PA":19,"oppt3PM":7,"opptFTA":25,"opptFTM":17,"opptORB":12,"opptDRB":39,"opptPTS1":31,"opptPTS2":27,"opptPTS3":18,"opptPTS4":16,"opptPTS5":0,"opptPTS6":0,"opptPTS7":0,"opptPTS8":0}
{"_id":{"$oid":"5cb552f6e0f627212ff3bd3b"},"gmDate":"2017/12/25","offLNm3":"Boland","offFNm3":"Matt","teamAbbr":"BOS","teamConf":"East","teamLoc":"Home","teamRslt":"Loss","teamPTS":103,"teamAST":20,"teamTO":17,"teamSTL":2,"teamBLK":4,"teamPF":23,"teamFGA":81,"teamFGM":39,"team2PA":52,"team2PM":25,"team3PA":29,"team3PM":14,"teamFTA":17,"teamFTM":11,"teamORB":8,"teamDRB":37,"teamPTS1":24,"teamPTS2":26,"teamPTS3":26,"teamPTS4":27,"teamPTS5":0,"teamPTS6":0,"teamPTS7":0,"teamPTS8":0,"opptAbbr":"WAS","opptConf":"East","opptLoc":"Away","opptRslt":"Win","opptPTS":111,"opptAST":26,"opptTO":9,"opptSTL":6,"opptBLK":4,"opptPF":17,"opptFGA":93,"opptFGM":43,"oppt2PA":67,"oppt2PM":37,"oppt3PA":26,"oppt3PM":6,"opptFTA":28,"opptFTM":19,"opptORB":14,"opptDRB":33,"opptPTS1":30,"opptPTS2":22,"opptPTS3":28,"opptPTS4":31,"opptPTS5":0,"opptPTS6":0,"opptPTS7":0,"opptPTS8":0}
{"_id":{"$oid":"5cb552f6e0f627212ff3bd47"},"gmDate":"2017/12/27","offLNm3":"Orr","offFNm3":"J.T.","teamAbbr":"CHA","teamConf":"East","teamLoc":"Home","teamRslt":"Loss","teamPTS":91,"teamAST":15,"teamTO":12,"teamSTL":7,"teamBLK":3,"teamPF":11,"teamFGA":87,"teamFGM":32,"team2PA":64,"team2PM":25,"team3PA":23,"team3PM":7,"teamFTA":29,"teamFTM":20,"teamORB":19,"teamDRB":33,"teamPTS1":16,"teamPTS2":28,"teamPTS3":31,"teamPTS4":16,"teamPTS5":0,"teamPTS6":0,"teamPTS7":0,"teamPTS8":0,"opptAbbr":"BOS","opptConf":"East","opptLoc":"Away","opptRslt":"Win","opptPTS":102,"opptAST":20,"opptTO":16,"opptSTL":4,"opptBLK":7,"opptPF":20,"opptFGA":78,"opptFGM":37,"oppt2PA":44,"oppt2PM":22,"oppt3PA":34,"oppt3PM":15,"opptFTA":13,"opptFTM":13,"opptORB":6,"opptDRB":37,"opptPTS1":28,"opptPTS2":32,"opptPTS3":16,"opptPTS4":26,"opptPTS5":0,"opptPTS6":0,"opptPTS7":0,"opptPTS8":0}
{"_id":{"$oid":"5cb552f6e0f627212ff3bd52"},"gmDate":"2017/12/28","offLNm3":"","offFNm3":"","teamAbbr":"BOS","teamConf":"East","teamLoc":"Home","teamRslt":"Win","teamPTS":99,"teamAST":18,"teamTO":17,"teamSTL":9,"teamBLK":8,"teamPF":22,"teamFGA":82,"teamFGM":37,"team2PA":53,"team2PM":29,"team3PA":29,"team3PM":8,"teamFTA":24,"teamFTM":17,"teamORB":10,"teamDRB":34,"teamPTS1":12,"teamPTS2":26,"teamPTS3":31,"teamPTS4":30,"teamPTS5":0,"teamPTS6":0,"teamPTS7":0,"teamPTS8":0,"opptAbbr":"HOU","opptConf":"West","opptLoc":"Away","opptRslt":"Loss","opptPTS":98,"opptAST":16,"opptTO":17,"opptSTL":9,"opptBLK":3,"opptPF":23,"opptFGA":80,"opptFGM":30,"oppt2PA":37,"oppt2PM":16,"oppt3PA":43,"oppt3PM":14,"opptFTA":31,"opptFTM":24,"opptORB":7,"opptDRB":36,"opptPTS1":32,"opptPTS2":30,"opptPTS3":16,"opptPTS4":20,"opptPTS5":0,"opptPTS6":0,"opptPTS7":0,"opptPTS8":0}
{"_id":{"$oid":"5cb552f6e0f627212ff3bd68"},"gmDate":"2017/12/31","offLNm3":"Brown","offFNm3":"Tony","teamAbbr":"BOS","teamConf":"East","teamLoc":"Home","teamRslt":"Win","teamPTS":108,"teamAST":21,"teamTO":17,"teamSTL":7,"teamBLK":8,"teamPF":22,"teamFGA":79,"teamFGM":39,"team2PA":46,"team2PM":25,"team3PA":33,"team3PM":14,"teamFTA":25,"teamFTM":16,"teamORB":8,"teamDRB":42,"teamPTS1":38,"teamPTS2":23,"teamPTS3":21,"teamPTS4":26,"teamPTS5":0,"teamPTS6":0,"teamPTS7":0,"teamPTS8":0,"opptAbbr":"BKN","opptConf":"East","opptLoc":"Away","opptRslt":"Loss","opptPTS":105,"opptAST":25,"opptTO":11,"opptSTL":5,"opptBLK":4,"opptPF":19,"opptFGA":95,"opptFGM":39,"oppt2PA":59,"oppt2PM":28,"oppt3PA":36,"oppt3PM":11,"opptFTA":19,"opptFTM":16,"opptORB":11,"opptDRB":34,"opptPTS1":28,"opptPTS2":31,"opptPTS3":17,"opptPTS4":29,"opptPTS5":0,"opptPTS6":0,"opptPTS7":0,"opptPTS8":0}
{"_id":{"$oid":"5cb552f6e0f627212ff3bd7c"},"gmDate":"2018/1/3","offLNm3":"Malloy","offFNm3":"Ed","teamAbbr":"BOS","teamConf":"East","teamLoc":"Home","teamRslt":"Win","teamPTS":102,"teamAST":27,"teamTO":16,"teamSTL":9,"teamBLK":2,"teamPF":20,"teamFGA":92,"teamFGM":41,"team2PA":56,"team2PM":29,"team3PA":36,"team3PM":12,"teamFTA":11,"teamFTM":8,"teamORB":9,"teamDRB":43,"teamPTS1":32,"teamPTS2":23,"teamPTS3":26,"teamPTS4":21,"teamPTS5":0,"teamPTS6":0,"teamPTS7":0,"teamPTS8":0,"opptAbbr":"CLE","opptConf":"East","opptLoc":"Away","opptRslt":"Loss","opptPTS":88,"opptAST":16,"opptTO":15,"opptSTL":6,"opptBLK":7,"opptPF":17,"opptFGA":89,"opptFGM":31,"oppt2PA":57,"oppt2PM":23,"oppt3PA":32,"oppt3PM":8,"opptFTA":18,"opptFTM":18,"opptORB":9,"opptDRB":39,"opptPTS1":21,"opptPTS2":26,"opptPTS3":21,"opptPTS4":20,"opptPTS5":0,"opptPTS6":0,"opptPTS7":0,"opptPTS8":0}
{"_id":{"$oid":"5cb552f6e0f627212ff3bd87"},"gmDate":"2018/1/5","offLNm3":"Ervin","offFNm3":"Mitchell","teamAbbr":"BOS","teamConf":"East","teamLoc":"Home","teamRslt":"Win","teamPTS":91,"teamAST":24,"teamTO":11,"teamSTL":6,"teamBLK":4,"teamPF":22,"teamFGA":94,"teamFGM":38,"team2PA":58,"team2PM":32,"team3PA":36,"team3PM":6,"teamFTA":13,"teamFTM":9,"teamORB":17,"teamDRB":39,"teamPTS1":19,"teamPTS2":22,"teamPTS3":25,"teamPTS4":25,"teamPTS5":0,"teamPTS6":0,"teamPTS7":0,"teamPTS8":0,"opptAbbr":"MIN","opptConf":"West","opptLoc":"Away","opptRslt":"Loss","opptPTS":84,"opptAST":15,"opptTO":12,"opptSTL":6,"opptBLK":5,"opptPF":15,"opptFGA":76,"opptFGM":28,"oppt2PA":53,"oppt2PM":21,"oppt3PA":23,"oppt3PM":7,"opptFTA":28,"opptFTM":21,"opptORB":9,"opptDRB":34,"opptPTS1":19,"opptPTS2":19,"opptPTS3":24,"opptPTS4":22,"opptPTS5":0,"opptPTS6":0,"opptPTS7":0,"opptPTS8":0}
{"_id":{"$oid":"5cb552f6e0f627212ff3bd90"},"gmDate":"2018/1/6","offLNm3":"Fraher","offFNm3":"Pat","teamAbbr":"BKN","teamConf":"East","teamLoc":"Home","teamRslt":"Loss","teamPTS":85,"teamAST":11,"teamTO":18,"teamSTL":2,"teamBLK":11,"teamPF":14,"teamFGA":91,"teamFGM":30,"team2PA":60,"team2PM":24,"team3PA":31,"team3PM":6,"teamFTA":22,"teamFTM":19,"teamORB":12,"teamDRB":43,"teamPTS1":22,"teamPTS2":19,"teamPTS3":20,"teamPTS4":24,"teamPTS5":0,"teamPTS6":0,"teamPTS7":0,"teamPTS8":0,"opptAbbr":"BOS","opptConf":"East","opptLoc":"Away","opptRslt":"Win","opptPTS":87,"opptAST":12,"opptTO":5,"opptSTL":8,"opptBLK":13,"opptPF":17,"opptFGA":98,"opptFGM":37,"oppt2PA":80,"oppt2PM":32,"oppt3PA":18,"oppt3PM":5,"opptFTA":15,"opptFTM":8,"opptORB":12,"opptDRB":32,"opptPTS1":16,"opptPTS2":23,"opptPTS3":25,"opptPTS4":23,"opptPTS5":0,"opptPTS6":0,"opptPTS7":0,"opptPTS8":0}
{"_id":{"$oid":"5cb552f6e0f627212ff3bdb3"},"gmDate":"2018/1/11","offLNm3":"Wood","offFNm3":"Leon","teamAbbr":"PHI","teamConf":"East","teamLoc":"Home","teamRslt":"Loss","teamPTS":103,"teamAST":20,"teamTO":19,"teamSTL":12,"teamBLK":4,"teamPF":19,"teamFGA":82,"teamFGM":38,"team2PA":54,"team2PM":27,"team3PA":28,"team3PM":11,"teamFTA":18,"teamFTM":16,"teamORB":3,"teamDRB":34,"teamPTS1":28,"teamPTS2":29,"teamPTS3":22,"teamPTS4":24,"teamPTS5":0,"teamPTS6":0,"teamPTS7":0,"teamPTS8":0,"opptAbbr":"BOS","opptConf":"East","opptLoc":"Away","opptRslt":"Win","opptPTS":114,"opptAST":24,"opptTO":18,"opptSTL":11,"opptBLK":2,"opptPF":18,"opptFGA":89,"opptFGM":43,"oppt2PA":54,"oppt2PM":30,"oppt3PA":35,"oppt3PM":13,"opptFTA":19,"opptFTM":15,"opptORB":11,"opptDRB":35,"opptPTS1":23,"opptPTS2":25,"opptPTS3":37,"opptPTS4":29,"opptPTS5":0,"opptPTS6":0,"opptPTS7":0,"opptPTS8":0}
{"_id":{"$oid":"5cb552f6e0f627212ff3bdd7"},"gmDate":"2018/1/16","offLNm3":"Holtkamp","offFNm3":"Lauren","teamAbbr":"BOS","teamConf":"East","teamLoc":"Home","teamRslt":"Loss","teamPTS":113,"teamAST":27,"teamTO":19,"teamSTL":7,"teamBLK":3,"teamPF":24,"teamFGA":101,"teamFGM":40,"team2PA":51,"team2PM":21,"team3PA":50,"team3PM":19,"teamFTA":16,"teamFTM":14,"teamORB":12,"teamDRB":41,"teamPTS1":25,"teamPTS2":23,"teamPTS3":32,"teamPTS4":24,"teamPTS5":9,"teamPTS6":0,"teamPTS7":0,"teamPTS8":0,"opptAbbr":"NO","opptConf":"West","opptLoc":"Away","opptRslt":"Win","opptPTS":116,"opptAST":28,"opptTO":15,"opptSTL":11,"opptBLK":6,"opptPF":14,"opptFGA":100,"opptFGM":45,"oppt2PA":73,"oppt2PM":38,"oppt3PA":27,"oppt3PM":7,"opptFTA":25,"opptFTM":19,"opptORB":13,"opptDRB":42,"opptPTS1":32,"opptPTS2":26,"opptPTS3":29,"opptPTS4":17,"opptPTS5":12,"opptPTS6":0,"opptPTS7":0,"opptPTS8":0}
{"_id":{"$oid":"5cb552f6e0f627212ff3bde4"},"gmDate":"2018/1/18","offLNm3":"Spooner","offFNm3":"Bill","teamAbbr":"BOS","teamConf":"East","teamLoc":"Home","teamRslt":"Loss","teamPTS":80,"teamAST":13,"teamTO":19,"teamSTL":7,"teamBLK":5,"teamPF":20,"teamFGA":74,"teamFGM":30,"team2PA":45,"team2PM":23,"team3PA":29,"team3PM":7,"teamFTA":17,"teamFTM":13,"teamORB":3,"teamDRB":28,"teamPTS1":19,"teamPTS2":13,"teamPTS3":21,"teamPTS4":27,"teamPTS5":0,"teamPTS6":0,"teamPTS7":0,"teamPTS8":0,"opptAbbr":"PHI","opptConf":"East","opptLoc":"Away","opptRslt":"Win","opptPTS":89,"opptAST":18,"opptTO":25,"opptSTL":10,"opptBLK":5,"opptPF":20,"opptFGA":73,"opptFGM":34,"oppt2PA":56,"oppt2PM":28,"oppt3PA":17,"oppt3PM":6,"opptFTA":17,"opptFTM":15,"opptORB":8,"opptDRB":33,"opptPTS1":21,"opptPTS2":18,"opptPTS3":32,"opptPTS4":18,"opptPTS5":0,"opptPTS6":0,"opptPTS7":0,"opptPTS8":0}
{"_id":{"$oid":"5cb552f6e0f627212ff3bdf8"},"gmDate":"2018/1/21","offLNm3":"Fraher","offFNm3":"Pat","teamAbbr":"BOS","teamConf":"East","teamLoc":"Home","teamRslt":"Loss","teamPTS":95,"teamAST":22,"teamTO":15,"teamSTL":6,"teamBLK":9,"teamPF":18,"teamFGA":85,"teamFGM":37,"team2PA":58,"team2PM":29,"team3PA":27,"team3PM":8,"teamFTA":14,"teamFTM":13,"teamORB":11,"teamDRB":33,"teamPTS1":29,"teamPTS2":30,"teamPTS3":12,"teamPTS4":24,"teamPTS5":0,"teamPTS6":0,"teamPTS7":0,"teamPTS8":0,"opptAbbr":"ORL","opptConf":"East","opptLoc":"Away","opptRslt":"Win","opptPTS":103,"opptAST":20,"opptTO":10,"opptSTL":7,"opptBLK":9,"opptPF":19,"opptFGA":92,"opptFGM":43,"oppt2PA":71,"oppt2PM":37,"oppt3PA":21,"oppt3PM":6,"opptFTA":16,"opptFTM":11,"opptORB":13,"opptDRB":31,"opptPTS1":28,"opptPTS2":30,"opptPTS3":32,"opptPTS4":13,"opptPTS5":0,"opptPTS6":0,"opptPTS7":0,"opptPTS8":0}
{"_id":{"$oid":"5cb552f6e0f627212ff3be09"},"gmDate":"2018/1/23","offLNm3":"Boland","offFNm3":"Matt","teamAbbr":"LAL","teamConf":"West","teamLoc":"Home","teamRslt":"Win","teamPTS":108,"teamAST":18,"teamTO":10,"teamSTL":6,"teamBLK":2,"teamPF":16,"teamFGA":91,"teamFGM":40,"team2PA":65,"team2PM":33,"team3PA":26,"team3PM":7,"teamFTA":36,"teamFTM":21,"teamORB":14,"teamDRB":37,"teamPTS1":15,"teamPTS2":30,"teamPTS3":31,"teamPTS4":32,"teamPTS5":0,"teamPTS6":0,"teamPTS7":0,"teamPTS8":0,"opptAbbr":"BOS","opptConf":"East","opptLoc":"Away","opptRslt":"Loss","opptPTS":107,"opptAST":22,"opptTO":11,"opptSTL":3,"opptBLK":5,"opptPF":25,"opptFGA":90,"opptFGM":42,"oppt2PA":46,"oppt2PM":27,"oppt3PA":44,"oppt3PM":15,"opptFTA":10,"opptFTM":8,"opptORB":7,"opptDRB":35,"opptPTS1":21,"opptPTS2":32,"opptPTS3":21,"opptPTS4":33,"opptPTS5":0,"opptPTS6":0,"opptPTS7":0,"opptPTS8":0}
{"_id":{"$oid":"5cb552f6e0f627212ff3be12"},"gmDate":"2018/1/24","offLNm3":"Wall","offFNm3":"Scott","teamAbbr":"LAC","teamConf":"West","teamLoc":"Home","teamRslt":"Loss","teamPTS":102,"teamAST":26,"teamTO":19,"teamSTL":6,"teamBLK":5,"teamPF":15,"teamFGA":79,"teamFGM":35,"team2PA":58,"team2PM":30,"team3PA":21,"team3PM":5,"teamFTA":39,"teamFTM":27,"teamORB":10,"teamDRB":30,"teamPTS1":22,"teamPTS2":33,"teamPTS3":22,"teamPTS4":25,"teamPTS5":0,"teamPTS6":0,"teamPTS7":0,"teamPTS8":0,"opptAbbr":"BOS","opptConf":"East","opptLoc":"Away","opptRslt":"Win","opptPTS":113,"opptAST":25,"opptTO":13,"opptSTL":10,"opptBLK":3,"opptPF":28,"opptFGA":93,"opptFGM":39,"oppt2PA":53,"oppt2PM":25,"oppt3PA":40,"oppt3PM":14,"opptFTA":22,"opptFTM":21,"opptORB":10,"opptDRB":37,"opptPTS1":25,"opptPTS2":37,"opptPTS3":29,"opptPTS4":22,"opptPTS5":0,"opptPTS6":0,"opptPTS7":0,"opptPTS8":0}
{"_id":{"$oid":"5cb552f6e0f627212ff3be25"},"gmDate":"2018/1/27","offLNm3":"Stafford","offFNm3":"Derrick","teamAbbr":"GS","teamConf":"West","teamLoc":"Home","teamRslt":"Win","teamPTS":109,"teamAST":19,"teamTO":12,"teamSTL":9,"teamBLK":9,"teamPF":17,"teamFGA":84,"teamFGM":38,"team2PA":57,"team2PM":28,"team3PA":27,"team3PM":10,"teamFTA":26,"teamFTM":23,"teamORB":10,"teamDRB":33,"teamPTS1":27,"teamPTS2":23,"teamPTS3":30,"teamPTS4":29,"teamPTS5":0,"teamPTS6":0,"teamPTS7":0,"teamPTS8":0,"opptAbbr":"BOS","opptConf":"East","opptLoc":"Away","opptRslt":"Loss","opptPTS":105,"opptAST":17,"opptTO":16,"opptSTL":6,"opptBLK":2,"opptPF":23,"opptFGA":85,"opptFGM":37,"oppt2PA":57,"oppt2PM":23,"oppt3PA":28,"oppt3PM":14,"opptFTA":24,"opptFTM":17,"opptORB":11,"opptDRB":34,"opptPTS1":37,"opptPTS2":17,"opptPTS3":19,"opptPTS4":32,"opptPTS5":0,"opptPTS6":0,"opptPTS7":0,"opptPTS8":0}
{"_id":{"$oid":"5cb552f6e0f627212ff3be34"},"gmDate":"2018/1/29","offLNm3":"Capers","offFNm3":"James","teamAbbr":"DEN","teamConf":"West","teamLoc":"Home","teamRslt":"Loss","teamPTS":110,"teamAST":31,"teamTO":11,"teamSTL":4,"teamBLK":3,"teamPF":14,"teamFGA":93,"teamFGM":42,"team2PA":60,"team2PM":32,"team3PA":33,"team3PM":10,"teamFTA":21,"teamFTM":16,"teamORB":15,"teamDRB":32,"teamPTS1":21,"teamPTS2":24,"teamPTS3":37,"teamPTS4":28,"teamPTS5":0,"teamPTS6":0,"teamPTS7":0,"teamPTS8":0,"opptAbbr":"BOS","opptConf":"East","opptLoc":"Away","opptRslt":"Win","opptPTS":111,"opptAST":28,"opptTO":11,"opptSTL":4,"opptBLK":6,"opptPF":19,"opptFGA":91,"opptFGM":43,"oppt2PA":55,"oppt2PM":26,"oppt3PA":36,"oppt3PM":17,"opptFTA":10,"opptFTM":8,"opptORB":10,"opptDRB":30,"opptPTS1":32,"opptPTS2":24,"opptPTS3":24,"opptPTS4":31,"opptPTS5":0,"opptPTS6":0,"opptPTS7":0,"opptPTS8":0}
{"_id":{"$oid":"5cb552f6e0f627212ff3be43"},"gmDate":"2018/1/31","offLNm3":"Collins","offFNm3":"Derrick","teamAbbr":"BOS","teamConf":"East","teamLoc":"Home","teamRslt":"Win","teamPTS":103,"teamAST":27,"teamTO":10,"teamSTL":8,"teamBLK":3,"teamPF":22,"teamFGA":83,"teamFGM":40,"team2PA":57,"team2PM":29,"team3PA":26,"team3PM":11,"teamFTA":20,"teamFTM":12,"teamORB":5,"teamDRB":44,"teamPTS1":27,"teamPTS2":23,"teamPTS3":31,"teamPTS4":22,"teamPTS5":0,"teamPTS6":0,"teamPTS7":0,"teamPTS8":0,"opptAbbr":"NY","opptConf":"East","opptLoc":"Away","opptRslt":"Loss","opptPTS":73,"opptAST":16,"opptTO":14,"opptSTL":4,"opptBLK":4,"opptPF":17,"opptFGA":87,"opptFGM":28,"oppt2PA":70,"oppt2PM":25,"oppt3PA":17,"oppt3PM":3,"opptFTA":21,"opptFTM":14,"opptORB":9,"opptDRB":35,"opptPTS1":24,"opptPTS2":21,"opptPTS3":20,"opptPTS4":8,"opptPTS5":0,"opptPTS6":0,"opptPTS7":0,"opptPTS8":0}
{"_id":{"$oid":"5cb552f6e0f627212ff3be4b"},"gmDate":"2018/2/2","offLNm3":"Petraitis","offFNm3":"Gediminas","teamAbbr":"BOS","teamConf":"East","teamLoc":"Home","teamRslt":"Win","teamPTS":119,"teamAST":26,"teamTO":11,"teamSTL":8,"teamBLK":3,"teamPF":23,"teamFGA":89,"teamFGM":45,"team2PA":65,"team2PM":34,"team3PA":24,"team3PM":11,"teamFTA":20,"teamFTM":18,"teamORB":7,"teamDRB":35,"teamPTS1":26,"teamPTS2":27,"teamPTS3":41,"teamPTS4":25,"teamPTS5":0,"teamPTS6":0,"teamPTS7":0,"teamPTS8":0,"opptAbbr":"ATL","opptConf":"East","opptLoc":"Away","opptRslt":"Loss","opptPTS":110,"opptAST":21,"opptTO":12,"opptSTL":6,"opptBLK":4,"opptPF":18,"opptFGA":80,"opptFGM":34,"oppt2PA":49,"oppt2PM":23,"oppt3PA":31,"oppt3PM":11,"opptFTA":34,"opptFTM":31,"opptORB":4,"opptDRB":32,"opptPTS1":32,"opptPTS2":23,"opptPTS3":20,"opptPTS4":35,"opptPTS5":0,"opptPTS6":0,"opptPTS7":0,"opptPTS8":0}
{"_id":{"$oid":"5cb552f6e0f627212ff3be5f"},"gmDate":"2018/2/4","offLNm3":"Washington","offFNm3":"Tom","teamAbbr":"BOS","teamConf":"East","teamLoc":"Home","teamRslt":"Win","teamPTS":97,"teamAST":24,"teamTO":11,"teamSTL":3,"teamBLK":6,"teamPF":16,"teamFGA":85,"teamFGM":35,"team2PA":49,"team2PM":20,"team3PA":36,"team3PM":15,"teamFTA":17,"teamFTM":12,"teamORB":9,"teamDRB":42,"teamPTS1":19,"teamPTS2":19,"teamPTS3":31,"teamPTS4":28,"teamPTS5":0,"teamPTS6":0,"teamPTS7":0,"teamPTS8":0,"opptAbbr":"POR","opptConf":"West","opptLoc":"Away","opptRslt":"Loss","opptPTS":96,"opptAST":21,"opptTO":8,"opptSTL":4,"opptBLK":9,"opptPF":17,"opptFGA":91,"opptFGM":36,"oppt2PA":60,"oppt2PM":23,"oppt3PA":31,"oppt3PM":13,"opptFTA":14,"opptFTM":11,"opptORB":10,"opptDRB":36,"opptPTS1":26,"opptPTS2":28,"opptPTS3":19,"opptPTS4":23,"opptPTS5":0,"opptPTS6":0,"opptPTS7":0,"opptPTS8":0}
{"_id":{"$oid":"5cb552f6e0f627212ff3be6e"},"gmDate":"2018/2/6","offLNm3":"Capers","offFNm3":"James","teamAbbr":"TOR","teamConf":"East","teamLoc":"Home","teamRslt":"Win","teamPTS":111,"teamAST":29,"teamTO":15,"teamSTL":10,"teamBLK":5,"teamPF":18,"teamFGA":80,"teamFGM":40,"team2PA":44,"team2PM":23,"team3PA":36,"team3PM":17,"teamFTA":17,"teamFTM":14,"teamORB":5,"teamDRB":34,"teamPTS1":22,"teamPTS2":36,"teamPTS3":25,"teamPTS4":28,"teamPTS5":0,"teamPTS6":0,"teamPTS7":0,"teamPTS8":0,"opptAbbr":"BOS","opptConf":"East","opptLoc":"Away","opptRslt":"Loss","opptPTS":91,"opptAST":21,"opptTO":17,"opptSTL":3,"opptBLK":3,"opptPF":19,"opptFGA":83,"opptFGM":33,"oppt2PA":60,"oppt2PM":23,"oppt3PA":23,"oppt3PM":10,"opptFTA":20,"opptFTM":15,"opptORB":9,"opptDRB":29,"opptPTS1":18,"opptPTS2":19,"opptPTS3":23,"opptPTS4":31,"opptPTS5":0,"opptPTS6":0,"opptPTS7":0,"opptPTS8":0}
{"_id":{"$oid":"5cb552f6e0f627212ff3be79"},"gmDate":"2018/2/8","offLNm3":"Kennedy","offFNm3":"Bill","teamAbbr":"WAS","teamConf":"East","teamLoc":"Home","teamRslt":"Loss","teamPTS":104,"teamAST":28,"teamTO":22,"teamSTL":11,"teamBLK":4,"teamPF":23,"teamFGA":95,"teamFGM":38,"team2PA":69,"team2PM":26,"team3PA":26,"team3PM":12,"teamFTA":20,"teamFTM":16,"teamORB":17,"teamDRB":35,"teamPTS1":27,"teamPTS2":24,"teamPTS3":19,"teamPTS4":28,"teamPTS5":6,"teamPTS6":0,"teamPTS7":0,"teamPTS8":0,"opptAbbr":"BOS","opptConf":"East","opptLoc":"Away","opptRslt":"Win","opptPTS":110,"opptAST":16,"opptTO":17,"opptSTL":9,"opptBLK":6,"opptPF":20,"opptFGA":84,"opptFGM":39,"oppt2PA":58,"oppt2PM":30,"oppt3PA":26,"oppt3PM":9,"opptFTA":34,"opptFTM":23,"opptORB":7,"opptDRB":38,"opptPTS1":26,"opptPTS2":23,"opptPTS3":26,"opptPTS4":23,"opptPTS5":12,"opptPTS6":0,"opptPTS7":0,"opptPTS8":0}
{"_id":{"$oid":"5cb552f6e0f627212ff3be80"},"gmDate":"2018/2/9","offLNm3":"Stafford","offFNm3":"Derrick","teamAbbr":"BOS","teamConf":"East","teamLoc":"Home","teamRslt":"Loss","teamPTS":91,"teamAST":16,"teamTO":10,"teamSTL":5,"teamBLK":9,"teamPF":21,"teamFGA":89,"teamFGM":34,"team2PA":62,"team2PM":27,"team3PA":27,"team3PM":7,"teamFTA":20,"teamFTM":16,"teamORB":12,"teamDRB":26,"teamPTS1":16,"teamPTS2":22,"teamPTS3":34,"teamPTS4":19,"teamPTS5":0,"teamPTS6":0,"teamPTS7":0,"teamPTS8":0,"opptAbbr":"IND","opptConf":"East","opptLoc":"Away","opptRslt":"Win","opptPTS":97,"opptAST":18,"opptTO":15,"opptSTL":6,"opptBLK":5,"opptPF":20,"opptFGA":83,"opptFGM":37,"oppt2PA":63,"oppt2PM":32,"oppt3PA":20,"oppt3PM":5,"opptFTA":22,"opptFTM":18,"opptORB":13,"opptDRB":40,"opptPTS1":30,"opptPTS2":29,"opptPTS3":17,"opptPTS4":21,"opptPTS5":0,"opptPTS6":0,"opptPTS7":0,"opptPTS8":0}
{"_id":{"$oid":"5cb552f6e0f627212ff3be8f"},"gmDate":"2018/2/11","offLNm3":"Lewis","offFNm3":"Eric","teamAbbr":"BOS","teamConf":"East","teamLoc":"Home","teamRslt":"Loss","teamPTS":99,"teamAST":22,"teamTO":15,"teamSTL":3,"teamBLK":4,"teamPF":14,"teamFGA":89,"teamFGM":36,"team2PA":51,"team2PM":26,"team3PA":38,"team3PM":10,"teamFTA":22,"teamFTM":17,"teamORB":13,"teamDRB":30,"teamPTS1":32,"teamPTS2":20,"teamPTS3":22,"teamPTS4":25,"teamPTS5":0,"teamPTS6":0,"teamPTS7":0,"teamPTS8":0,"opptAbbr":"CLE","opptConf":"East","opptLoc":"Away","opptRslt":"Win","opptPTS":121,"opptAST":22,"opptTO":11,"opptSTL":7,"opptBLK":6,"opptPF":20,"opptFGA":84,"opptFGM":45,"oppt2PA":54,"oppt2PM":29,"oppt3PA":30,"oppt3PM":16,"opptFTA":20,"opptFTM":15,"opptORB":5,"opptDRB":36,"opptPTS1":31,"opptPTS2":33,"opptPTS3":31,"opptPTS4":26,"opptPTS5":0,"opptPTS6":0,"opptPTS7":0,"opptPTS8":0}
{"_id":{"$oid":"5cb552f6e0f627212ff3bea6"},"gmDate":"2018/2/14","offLNm3":"Mauer","offFNm3":"Ken","teamAbbr":"BOS","teamConf":"East","teamLoc":"Home","teamRslt":"Loss","teamPTS":119,"teamAST":24,"teamTO":8,"teamSTL":4,"teamBLK":8,"teamPF":31,"teamFGA":97,"teamFGM":42,"team2PA":66,"team2PM":27,"team3PA":31,"team3PM":15,"teamFTA":21,"teamFTM":20,"teamORB":11,"teamDRB":35,"teamPTS1":25,"teamPTS2":32,"teamPTS3":34,"teamPTS4":28,"teamPTS5":0,"teamPTS6":0,"teamPTS7":0,"teamPTS8":0,"opptAbbr":"LAC","opptConf":"West","opptLoc":"Away","opptRslt":"Win","opptPTS":129,"opptAST":26,"opptTO":9,"opptSTL":5,"opptBLK":5,"opptPF":21,"opptFGA":88,"opptFGM":44,"oppt2PA":59,"oppt2PM":33,"oppt3PA":29,"oppt3PM":11,"opptFTA":33,"opptFTM":30,"opptORB":7,"opptDRB":36,"opptPTS1":34,"opptPTS2":27,"opptPTS3":32,"opptPTS4":36,"opptPTS5":0,"opptPTS6":0,"opptPTS7":0,"opptPTS8":0}
{"_id":{"$oid":"5cb552f6e0f627212ff3beb5"},"gmDate":"2018/2/23","offLNm3":"Boland","offFNm3":"Matt","teamAbbr":"DET","teamConf":"East","teamLoc":"Home","teamRslt":"Loss","teamPTS":98,"teamAST":16,"teamTO":13,"teamSTL":4,"teamBLK":4,"teamPF":18,"teamFGA":85,"teamFGM":37,"team2PA":52,"team2PM":27,"team3PA":33,"team3PM":10,"teamFTA":21,"teamFTM":14,"teamORB":12,"teamDRB":33,"teamPTS1":28,"teamPTS2":21,"teamPTS3":28,"teamPTS4":21,"teamPTS5":0,"teamPTS6":0,"teamPTS7":0,"teamPTS8":0,"opptAbbr":"BOS","opptConf":"East","opptLoc":"Away","opptRslt":"Win","opptPTS":110,"opptAST":30,"opptTO":11,"opptSTL":8,"opptBLK":5,"opptPF":22,"opptFGA":85,"opptFGM":41,"oppt2PA":46,"oppt2PM":24,"oppt3PA":39,"oppt3PM":17,"opptFTA":18,"opptFTM":11,"opptORB":10,"opptDRB":32,"opptPTS1":23,"opptPTS2":38,"opptPTS3":25,"opptPTS4":24,"opptPTS5":0,"opptPTS6":0,"opptPTS7":0,"opptPTS8":0}
{"_id":{"$oid":"5cb552f6e0f627212ff3bec2"},"gmDate":"2018/2/24","offLNm3":"Ford","offFNm3":"Tyler","teamAbbr":"NY","teamConf":"East","teamLoc":"Home","teamRslt":"Loss","teamPTS":112,"teamAST":20,"teamTO":14,"teamSTL":10,"teamBLK":3,"teamPF":22,"teamFGA":96,"teamFGM":45,"team2PA":69,"team2PM":39,"team3PA":27,"team3PM":6,"teamFTA":20,"teamFTM":16,"teamORB":13,"teamDRB":36,"teamPTS1":24,"teamPTS2":32,"teamPTS3":25,"teamPTS4":31,"teamPTS5":0,"teamPTS6":0,"teamPTS7":0,"teamPTS8":0,"opptAbbr":"BOS","opptConf":"East","opptLoc":"Away","opptRslt":"Win","opptPTS":121,"opptAST":21,"opptTO":12,"opptSTL":11,"opptBLK":5,"opptPF":15,"opptFGA":92,"opptFGM":42,"oppt2PA":59,"oppt2PM":29,"oppt3PA":33,"oppt3PM":13,"opptFTA":28,"opptFTM":24,"opptORB":11,"opptDRB":34,"opptPTS1":23,"opptPTS2":36,"opptPTS3":29,"opptPTS4":33,"opptPTS5":0,"opptPTS6":0,"opptPTS7":0,"opptPTS8":0}
{"_id":{"$oid":"5cb552f6e0f627212ff3bece"},"gmDate":"2018/2/26","offLNm3":"Collins","offFNm3":"Derrick","teamAbbr":"BOS","teamConf":"East","teamLoc":"Home","teamRslt":"Win","teamPTS":109,"teamAST":25,"teamTO":8,"teamSTL":5,"teamBLK":5,"teamPF":23,"teamFGA":86,"teamFGM":39,"team2PA":49,"team2PM":27,"team3PA":37,"team3PM":12,"teamFTA":27,"teamFTM":19,"teamORB":9,"teamDRB":35,"teamPTS1":33,"teamPTS2":34,"teamPTS3":19,"teamPTS4":23,"teamPTS5":0,"teamPTS6":0,"teamPTS7":0,"teamPTS8":0,"opptAbbr":"MEM","opptConf":"West","opptLoc":"Away","opptRslt":"Loss","opptPTS":98,"opptAST":27,"opptTO":10,"opptSTL":4,"opptBLK":2,"opptPF":22,"opptFGA":78,"opptFGM":34,"oppt2PA":55,"oppt2PM":29,"oppt3PA":23,"oppt3PM":5,"opptFTA":32,"opptFTM":25,"opptORB":5,"opptDRB":35,"opptPTS1":24,"opptPTS2":17,"opptPTS3":28,"opptPTS4":29,"opptPTS5":0,"opptPTS6":0,"opptPTS7":0,"opptPTS8":0}
{"_id":{"$oid":"5cb552f6e0f627212ff3bee0"},"gmDate":"2018/2/28","offLNm3":"Washington","offFNm3":"Tom","teamAbbr":"BOS","teamConf":"East","teamLoc":"Home","teamRslt":"Win","teamPTS":134,"teamAST":31,"teamTO":11,"teamSTL":3,"teamBLK":4,"teamPF":20,"teamFGA":87,"teamFGM":54,"team2PA":67,"team2PM":42,"team3PA":20,"team3PM":12,"teamFTA":15,"teamFTM":14,"teamORB":4,"teamDRB":43,"teamPTS1":37,"teamPTS2":30,"teamPTS3":36,"teamPTS4":31,"teamPTS5":0,"teamPTS6":0,"teamPTS7":0,"teamPTS8":0,"opptAbbr":"CHA","opptConf":"East","opptLoc":"Away","opptRslt":"Loss","opptPTS":106,"opptAST":24,"opptTO":7,"opptSTL":6,"opptBLK":6,"opptPF":17,"opptFGA":91,"opptFGM":42,"oppt2PA":64,"oppt2PM":33,"oppt3PA":27,"oppt3PM":9,"opptFTA":22,"opptFTM":13,"opptORB":9,"opptDRB":24,"opptPTS1":31,"opptPTS2":28,"opptPTS3":20,"opptPTS4":27,"opptPTS5":0,"opptPTS6":0,"opptPTS7":0,"opptPTS8":0}
{"_id":{"$oid":"5cb552f6e0f627212ff3bef7"},"gmDate":"2018/3/3","offLNm3":"Brown","offFNm3":"Tony","teamAbbr":"HOU","teamConf":"West","teamLoc":"Home","teamRslt":"Win","teamPTS":123,"teamAST":24,"teamTO":11,"teamSTL":11,"teamBLK":5,"teamPF":21,"teamFGA":87,"teamFGM":39,"team2PA":38,"team2PM":20,"team3PA":49,"team3PM":19,"teamFTA":30,"teamFTM":26,"teamORB":10,"teamDRB":30,"teamPTS1":30,"teamPTS2":28,"teamPTS3":28,"teamPTS4":37,"teamPTS5":0,"teamPTS6":0,"teamPTS7":0,"teamPTS8":0,"opptAbbr":"BOS","opptConf":"East","opptLoc":"Away","opptRslt":"Loss","opptPTS":120,"opptAST":22,"opptTO":13,"opptSTL":6,"opptBLK":3,"opptPF":21,"opptFGA":91,"opptFGM":44,"oppt2PA":67,"oppt2PM":31,"oppt3PA":24,"oppt3PM":13,"opptFTA":21,"opptFTM":19,"opptORB":10,"opptDRB":28,"opptPTS1":32,"opptPTS2":32,"opptPTS3":25,"opptPTS4":31,"opptPTS5":0,"opptPTS6":0,"opptPTS7":0,"opptPTS8":0}
{"_id":{"$oid":"5cb552f6e0f627212ff3bf05"},"gmDate":"2018/3/5","offLNm3":"Phillips","offFNm3":"Jason","teamAbbr":"CHI","teamConf":"East","teamLoc":"Home","teamRslt":"Loss","teamPTS":89,"teamAST":18,"teamTO":14,"teamSTL":14,"teamBLK":2,"teamPF":16,"teamFGA":81,"teamFGM":32,"team2PA":48,"team2PM":20,"team3PA":33,"team3PM":12,"teamFTA":20,"teamFTM":13,"teamORB":7,"teamDRB":29,"teamPTS1":16,"teamPTS2":13,"teamPTS3":24,"teamPTS4":36,"teamPTS5":0,"teamPTS6":0,"teamPTS7":0,"teamPTS8":0,"opptAbbr":"BOS","opptConf":"East","opptLoc":"Away","opptRslt":"Win","opptPTS":105,"opptAST":25,"opptTO":20,"opptSTL":7,"opptBLK":5,"opptPF":13,"opptFGA":84,"opptFGM":41,"oppt2PA":48,"oppt2PM":29,"oppt3PA":36,"oppt3PM":12,"opptFTA":12,"opptFTM":11,"opptORB":12,"opptDRB":41,"opptPTS1":35,"opptPTS2":20,"opptPTS3":31,"opptPTS4":19,"opptPTS5":0,"opptPTS6":0,"opptPTS7":0,"opptPTS8":0}
{"_id":{"$oid":"5cb552f6e0f627212ff3bf1a"},"gmDate":"2018/3/8","offLNm3":"Foster","offFNm3":"Scott","teamAbbr":"MIN","teamConf":"West","teamLoc":"Home","teamRslt":"Loss","teamPTS":109,"teamAST":24,"teamTO":13,"teamSTL":3,"teamBLK":3,"teamPF":22,"teamFGA":94,"teamFGM":44,"team2PA":63,"team2PM":32,"team3PA":31,"team3PM":12,"teamFTA":13,"teamFTM":9,"teamORB":13,"teamDRB":34,"teamPTS1":28,"teamPTS2":18,"teamPTS3":28,"teamPTS4":35,"teamPTS5":0,"teamPTS6":0,"teamPTS7":0,"teamPTS8":0,"opptAbbr":"BOS","opptConf":"East","opptLoc":"Away","opptRslt":"Win","opptPTS":117,"opptAST":28,"opptTO":11,"opptSTL":7,"opptBLK":2,"opptPF":17,"opptFGA":87,"opptFGM":43,"oppt2PA":55,"oppt2PM":32,"oppt3PA":32,"oppt3PM":11,"opptFTA":27,"opptFTM":20,"opptORB":9,"opptDRB":37,"opptPTS1":35,"opptPTS2":25,"opptPTS3":26,"opptPTS4":31,"opptPTS5":0,"opptPTS6":0,"opptPTS7":0,"opptPTS8":0}
{"_id":{"$oid":"5cb552f6e0f627212ff3bf32"},"gmDate":"2018/3/11","offLNm3":"Blair","offFNm3":"Curtis","teamAbbr":"BOS","teamConf":"East","teamLoc":"Home","teamRslt":"Loss","teamPTS":97,"teamAST":26,"teamTO":16,"teamSTL":10,"teamBLK":5,"teamPF":13,"teamFGA":81,"teamFGM":34,"team2PA":44,"team2PM":22,"team3PA":37,"team3PM":12,"teamFTA":21,"teamFTM":17,"teamORB":10,"teamDRB":32,"teamPTS1":25,"teamPTS2":25,"teamPTS3":20,"teamPTS4":27,"teamPTS5":0,"teamPTS6":0,"teamPTS7":0,"teamPTS8":0,"opptAbbr":"IND","opptConf":"East","opptLoc":"Away","opptRslt":"Win","opptPTS":99,"opptAST":26,"opptTO":18,"opptSTL":9,"opptBLK":7,"opptPF":20,"opptFGA":81,"opptFGM":39,"oppt2PA":59,"oppt2PM":27,"oppt3PA":22,"oppt3PM":12,"opptFTA":10,"opptFTM":9,"opptORB":6,"opptDRB":33,"opptPTS1":24,"opptPTS2":16,"opptPTS3":34,"opptPTS4":25,"opptPTS5":0,"opptPTS6":0,"opptPTS7":0,"opptPTS8":0}
{"_id":{"$oid":"5cb552f6e0f627212ff3bf46"},"gmDate":"2018/3/14","offLNm3":"Mauer","offFNm3":"Ken","teamAbbr":"BOS","teamConf":"East","teamLoc":"Home","teamRslt":"Loss","teamPTS":124,"teamAST":30,"teamTO":17,"teamSTL":9,"teamBLK":6,"teamPF":22,"teamFGA":99,"teamFGM":48,"team2PA":73,"team2PM":36,"team3PA":26,"team3PM":12,"teamFTA":23,"teamFTM":16,"teamORB":10,"teamDRB":34,"teamPTS1":37,"teamPTS2":22,"teamPTS3":21,"teamPTS4":26,"teamPTS5":9,"teamPTS6":9,"teamPTS7":0,"teamPTS8":0,"opptAbbr":"WAS","opptConf":"East","opptLoc":"Away","opptRslt":"Win","opptPTS":125,"opptAST":29,"opptTO":20,"opptSTL":10,"opptBLK":6,"opptPF":26,"opptFGA":97,"opptFGM":46,"oppt2PA":65,"oppt2PM":34,"oppt3PA":32,"oppt3PM":12,"opptFTA":28,"opptFTM":21,"opptORB":13,"opptDRB":39,"opptPTS1":23,"opptPTS2":29,"opptPTS3":29,"opptPTS4":25,"opptPTS5":9,"opptPTS6":10,"opptPTS7":0,"opptPTS8":0}
{"_id":{"$oid":"5cb552f6e0f627212ff3bf52"},"gmDate":"2018/3/16","offLNm3":"Wall","offFNm3":"Scott","teamAbbr":"ORL","teamConf":"East","teamLoc":"Home","teamRslt":"Loss","teamPTS":83,"teamAST":14,"teamTO":15,"teamSTL":12,"teamBLK":7,"teamPF":23,"teamFGA":87,"teamFGM":34,"team2PA":59,"team2PM":29,"team3PA":28,"team3PM":5,"teamFTA":11,"teamFTM":10,"teamORB":7,"teamDRB":33,"teamPTS1":16,"teamPTS2":15,"teamPTS3":21,"teamPTS4":31,"teamPTS5":0,"teamPTS6":0,"teamPTS7":0,"teamPTS8":0,"opptAbbr":"BOS","opptConf":"East","opptLoc":"Away","opptRslt":"Win","opptPTS":92,"opptAST":16,"opptTO":19,"opptSTL":7,"opptBLK":6,"opptPF":17,"opptFGA":82,"opptFGM":31,"oppt2PA":56,"oppt2PM":22,"oppt3PA":26,"oppt3PM":9,"opptFTA":28,"opptFTM":21,"opptORB":16,"opptDRB":39,"opptPTS1":25,"opptPTS2":23,"opptPTS3":27,"opptPTS4":17,"opptPTS5":0,"opptPTS6":0,"opptPTS7":0,"opptPTS8":0}
{"_id":{"$oid":"5cb552f6e0f627212ff3bf64"},"gmDate":"2018/3/18","offLNm3":"Kennedy","offFNm3":"Bill","teamAbbr":"NO","teamConf":"West","teamLoc":"Home","teamRslt":"Win","teamPTS":108,"teamAST":33,"teamTO":13,"teamSTL":9,"teamBLK":5,"teamPF":13,"teamFGA":82,"teamFGM":41,"team2PA":64,"team2PM":35,"team3PA":18,"team3PM":6,"teamFTA":25,"teamFTM":20,"teamORB":5,"teamDRB":39,"teamPTS1":20,"teamPTS2":27,"teamPTS3":35,"teamPTS4":26,"teamPTS5":0,"teamPTS6":0,"teamPTS7":0,"teamPTS8":0,"opptAbbr":"BOS","opptConf":"East","opptLoc":"Away","opptRslt":"Loss","opptPTS":89,"opptAST":17,"opptTO":13,"opptSTL":8,"opptBLK":3,"opptPF":21,"opptFGA":87,"opptFGM":35,"oppt2PA":61,"oppt2PM":26,"oppt3PA":26,"oppt3PM":9,"opptFTA":20,"opptFTM":10,"opptORB":9,"opptDRB":35,"opptPTS1":28,"opptPTS2":21,"opptPTS3":27,"opptPTS4":13,"opptPTS5":0,"opptPTS6":0,"opptPTS7":0,"opptPTS8":0}
{"_id":{"$oid":"5cb552f6e0f627212ff3bf70"},"gmDate":"2018/3/20","offLNm3":"Brown","offFNm3":"Tony","teamAbbr":"BOS","teamConf":"East","teamLoc":"Home","teamRslt":"Win","teamPTS":100,"teamAST":22,"teamTO":19,"teamSTL":6,"teamBLK":5,"teamPF":24,"teamFGA":87,"teamFGM":36,"team2PA":51,"team2PM":23,"team3PA":36,"team3PM":13,"teamFTA":16,"teamFTM":15,"teamORB":11,"teamDRB":41,"teamPTS1":18,"teamPTS2":27,"teamPTS3":28,"teamPTS4":27,"teamPTS5":0,"teamPTS6":0,"teamPTS7":0,"teamPTS8":0,"opptAbbr":"OKC","opptConf":"West","opptLoc":"Away","opptRslt":"Loss","opptPTS":99,"opptAST":19,"opptTO":13,"opptSTL":6,"opptBLK":6,"opptPF":20,"opptFGA":85,"opptFGM":35,"oppt2PA":58,"oppt2PM":25,"oppt3PA":27,"oppt3PM":10,"opptFTA":29,"opptFTM":19,"opptORB":8,"opptDRB":36,"opptPTS1":26,"opptPTS2":22,"opptPTS3":27,"opptPTS4":24,"opptPTS5":0,"opptPTS6":0,"opptPTS7":0,"opptPTS8":0}
{"_id":{"$oid":"5cb552f6e0f627212ff3bf8c"},"gmDate":"2018/3/23","offLNm3":"Collins","offFNm3":"Derrick","teamAbbr":"POR","teamConf":"West","teamLoc":"Home","teamRslt":"Loss","teamPTS":100,"teamAST":16,"teamTO":8,"teamSTL":8,"teamBLK":5,"teamPF":20,"teamFGA":91,"teamFGM":40,"team2PA":58,"team2PM":32,"team3PA":33,"team3PM":8,"teamFTA":15,"teamFTM":12,"teamORB":11,"teamDRB":32,"teamPTS1":26,"teamPTS2":26,"teamPTS3":25,"teamPTS4":23,"teamPTS5":0,"teamPTS6":0,"teamPTS7":0,"teamPTS8":0,"opptAbbr":"BOS","opptConf":"East","opptLoc":"Away","opptRslt":"Win","opptPTS":105,"opptAST":22,"opptTO":13,"opptSTL":5,"opptBLK":4,"opptPF":18,"opptFGA":77,"opptFGM":35,"oppt2PA":59,"oppt2PM":24,"oppt3PA":18,"oppt3PM":11,"opptFTA":26,"opptFTM":24,"opptORB":9,"opptDRB":36,"opptPTS1":23,"opptPTS2":24,"opptPTS3":20,"opptPTS4":38,"opptPTS5":0,"opptPTS6":0,"opptPTS7":0,"opptPTS8":0}
{"_id":{"$oid":"5cb552f6e0f627212ff3bf98"},"gmDate":"2018/3/25","offLNm3":"Ayotte","offFNm3":"Mark","teamAbbr":"SAC","teamConf":"West","teamLoc":"Home","teamRslt":"Loss","teamPTS":93,"teamAST":18,"teamTO":14,"teamSTL":7,"teamBLK":1,"teamPF":16,"teamFGA":82,"teamFGM":38,"team2PA":56,"team2PM":31,"team3PA":26,"team3PM":7,"teamFTA":10,"teamFTM":10,"teamORB":7,"teamDRB":27,"teamPTS1":27,"teamPTS2":33,"teamPTS3":18,"teamPTS4":15,"teamPTS5":0,"teamPTS6":0,"teamPTS7":0,"teamPTS8":0,"opptAbbr":"BOS","opptConf":"East","opptLoc":"Away","opptRslt":"Win","opptPTS":104,"opptAST":23,"opptTO":16,"opptSTL":9,"opptBLK":2,"opptPF":11,"opptFGA":72,"opptFGM":40,"oppt2PA":50,"oppt2PM":28,"oppt3PA":22,"oppt3PM":12,"opptFTA":17,"opptFTM":12,"opptORB":3,"opptDRB":32,"opptPTS1":24,"opptPTS2":28,"opptPTS3":28,"opptPTS4":24,"opptPTS5":0,"opptPTS6":0,"opptPTS7":0,"opptPTS8":0}
{"_id":{"$oid":"5cb552f6e0f627212ff3bfa0"},"gmDate":"2018/3/26","offLNm3":"Phillips","offFNm3":"Jason","teamAbbr":"PHO","teamConf":"West","teamLoc":"Home","teamRslt":"Loss","teamPTS":94,"teamAST":18,"teamTO":17,"teamSTL":8,"teamBLK":5,"teamPF":18,"teamFGA":81,"teamFGM":36,"team2PA":46,"team2PM":24,"team3PA":35,"team3PM":12,"teamFTA":19,"teamFTM":10,"teamORB":11,"teamDRB":36,"teamPTS1":15,"teamPTS2":30,"teamPTS3":20,"teamPTS4":29,"teamPTS5":0,"teamPTS6":0,"teamPTS7":0,"teamPTS8":0,"opptAbbr":"BOS","opptConf":"East","opptLoc":"Away","opptRslt":"Win","opptPTS":102,"opptAST":24,"opptTO":13,"opptSTL":10,"opptBLK":3,"opptPF":19,"opptFGA":87,"opptFGM":37,"oppt2PA":58,"oppt2PM":23,"oppt3PA":29,"oppt3PM":14,"opptFTA":14,"opptFTM":14,"opptORB":10,"opptDRB":34,"opptPTS1":31,"opptPTS2":17,"opptPTS3":29,"opptPTS4":25,"opptPTS5":0,"opptPTS6":0,"opptPTS7":0,"opptPTS8":0}
{"_id":{"$oid":"5cb552f6e0f627212ff3bfaf"},"gmDate":"2018/3/28","offLNm3":"Zarba","offFNm3":"Zach","teamAbbr":"UTA","teamConf":"West","teamLoc":"Home","teamRslt":"Loss","teamPTS":94,"teamAST":25,"teamTO":16,"teamSTL":7,"teamBLK":6,"teamPF":18,"teamFGA":82,"teamFGM":34,"team2PA":49,"team2PM":25,"team3PA":33,"team3PM":9,"teamFTA":21,"teamFTM":17,"teamORB":12,"teamDRB":33,"teamPTS1":24,"teamPTS2":15,"teamPTS3":32,"teamPTS4":23,"teamPTS5":0,"teamPTS6":0,"teamPTS7":0,"teamPTS8":0,"opptAbbr":"BOS","opptConf":"East","opptLoc":"Away","opptRslt":"Win","opptPTS":97,"opptAST":20,"opptTO":18,"opptSTL":11,"opptBLK":2,"opptPF":18,"opptFGA":79,"opptFGM":35,"oppt2PA":58,"oppt2PM":23,"oppt3PA":21,"oppt3PM":12,"opptFTA":20,"opptFTM":15,"opptORB":11,"opptDRB":31,"opptPTS1":18,"opptPTS2":30,"opptPTS3":19,"opptPTS4":30,"opptPTS5":0,"opptPTS6":0,"opptPTS7":0,"opptPTS8":0}
{"_id":{"$oid":"5cb552f6e0f627212ff3bfc2"},"gmDate":"2018/3/31","offLNm3":"Capers","offFNm3":"James","teamAbbr":"BOS","teamConf":"East","teamLoc":"Home","teamRslt":"Win","teamPTS":110,"teamAST":19,"teamTO":6,"teamSTL":6,"teamBLK":3,"teamPF":23,"teamFGA":88,"teamFGM":40,"team2PA":71,"team2PM":33,"team3PA":17,"team3PM":7,"teamFTA":27,"teamFTM":23,"teamORB":8,"teamDRB":33,"teamPTS1":31,"teamPTS2":22,"teamPTS3":29,"teamPTS4":28,"teamPTS5":0,"teamPTS6":0,"teamPTS7":0,"teamPTS8":0,"opptAbbr":"TOR","opptConf":"East","opptLoc":"Away","opptRslt":"Loss","opptPTS":99,"opptAST":23,"opptTO":15,"opptSTL":1,"opptBLK":5,"opptPF":26,"opptFGA":80,"opptFGM":37,"oppt2PA":45,"oppt2PM":29,"oppt3PA":35,"oppt3PM":8,"opptFTA":22,"opptFTM":17,"opptORB":9,"opptDRB":37,"opptPTS1":33,"opptPTS2":22,"opptPTS3":29,"opptPTS4":15,"opptPTS5":0,"opptPTS6":0,"opptPTS7":0,"opptPTS8":0}
{"_id":{"$oid":"5cb552f6e0f627212ff3bfd8"},"gmDate":"2018/4/3","offLNm3":"Wood","offFNm3":"Leon","teamAbbr":"MIL","teamConf":"East","teamLoc":"Home","teamRslt":"Win","teamPTS":106,"teamAST":27,"teamTO":15,"teamSTL":6,"teamBLK":5,"teamPF":23,"teamFGA":79,"teamFGM":43,"team2PA":59,"team2PM":38,"team3PA":20,"team3PM":5,"teamFTA":21,"teamFTM":15,"teamORB":9,"teamDRB":32,"teamPTS1":26,"teamPTS2":32,"teamPTS3":21,"teamPTS4":27,"teamPTS5":0,"teamPTS6":0,"teamPTS7":0,"teamPTS8":0,"opptAbbr":"BOS","opptConf":"East","opptLoc":"Away","opptRslt":"Loss","opptPTS":102,"opptAST":19,"opptTO":17,"opptSTL":10,"opptBLK":6,"opptPF":17,"opptFGA":81,"opptFGM":38,"oppt2PA":58,"oppt2PM":31,"oppt3PA":23,"oppt3PM":7,"opptFTA":24,"opptFTM":19,"opptORB":10,"opptDRB":27,"opptPTS1":31,"opptPTS2":25,"opptPTS3":15,"opptPTS4":31,"opptPTS5":0,"opptPTS6":0,"opptPTS7":0,"opptPTS8":0}
{"_id":{"$oid":"5cb552f6e0f627212ff3bfe1"},"gmDate":"2018/4/4","offLNm3":"Malloy","offFNm3":"Ed","teamAbbr":"TOR","teamConf":"East","teamLoc":"Home","teamRslt":"Win","teamPTS":96,"teamAST":23,"teamTO":11,"teamSTL":10,"teamBLK":6,"teamPF":25,"teamFGA":92,"teamFGM":40,"team2PA":59,"team2PM":30,"team3PA":33,"team3PM":10,"teamFTA":8,"teamFTM":6,"teamORB":12,"teamDRB":36,"teamPTS1":14,"teamPTS2":29,"teamPTS3":24,"teamPTS4":29,"teamPTS5":0,"teamPTS6":0,"teamPTS7":0,"teamPTS8":0,"opptAbbr":"BOS","opptConf":"East","opptLoc":"Away","opptRslt":"Loss","opptPTS":78,"opptAST":10,"opptTO":17,"opptSTL":7,"opptBLK":3,"opptPF":16,"opptFGA":75,"opptFGM":25,"oppt2PA":53,"oppt2PM":22,"oppt3PA":22,"oppt3PM":3,"opptFTA":28,"opptFTM":25,"opptORB":8,"opptDRB":35,"opptPTS1":20,"opptPTS2":13,"opptPTS3":20,"opptPTS4":25,"opptPTS5":0,"opptPTS6":0,"opptPTS7":0,"opptPTS8":0}
{"_id":{"$oid":"5cb552f6e0f627212ff3bfee"},"gmDate":"2018/4/6","offLNm3":"Lewis","offFNm3":"Eric","teamAbbr":"BOS","teamConf":"East","teamLoc":"Home","teamRslt":"Win","teamPTS":111,"teamAST":35,"teamTO":18,"teamSTL":9,"teamBLK":7,"teamPF":15,"teamFGA":81,"teamFGM":45,"team2PA":47,"team2PM":31,"team3PA":34,"team3PM":14,"teamFTA":17,"teamFTM":7,"teamORB":6,"teamDRB":40,"teamPTS1":30,"teamPTS2":25,"teamPTS3":24,"teamPTS4":32,"teamPTS5":0,"teamPTS6":0,"teamPTS7":0,"teamPTS8":0,"opptAbbr":"CHI","opptConf":"East","opptLoc":"Away","opptRslt":"Loss","opptPTS":104,"opptAST":25,"opptTO":17,"opptSTL":15,"opptBLK":0,"opptPF":22,"opptFGA":86,"opptFGM":40,"oppt2PA":56,"oppt2PM":26,"oppt3PA":30,"oppt3PM":14,"opptFTA":17,"opptFTM":10,"opptORB":9,"opptDRB":34,"opptPTS1":30,"opptPTS2":28,"opptPTS3":18,"opptPTS4":28,"opptPTS5":0,"opptPTS6":0,"opptPTS7":0,"opptPTS8":0}
{"_id":{"$oid":"5cb552f6e0f627212ff3c000"},"gmDate":"2018/4/8","offLNm3":"Brothers","offFNm3":"Tony","teamAbbr":"BOS","teamConf":"East","teamLoc":"Home","teamRslt":"Loss","teamPTS":106,"teamAST":33,"teamTO":12,"teamSTL":9,"teamBLK":6,"teamPF":18,"teamFGA":82,"teamFGM":42,"team2PA":59,"team2PM":33,"team3PA":23,"team3PM":9,"teamFTA":20,"teamFTM":13,"teamORB":10,"teamDRB":31,"teamPTS1":31,"teamPTS2":27,"teamPTS3":24,"teamPTS4":24,"teamPTS5":0,"teamPTS6":0,"teamPTS7":0,"teamPTS8":0,"opptAbbr":"ATL","opptConf":"East","opptLoc":"Away","opptRslt":"Win","opptPTS":112,"opptAST":23,"opptTO":13,"opptSTL":7,"opptBLK":4,"opptPF":19,"opptFGA":86,"opptFGM":43,"oppt2PA":51,"oppt2PM":28,"oppt3PA":35,"oppt3PM":15,"opptFTA":14,"opptFTM":11,"opptORB":5,"opptDRB":32,"opptPTS1":24,"opptPTS2":25,"opptPTS3":27,"opptPTS4":36,"opptPTS5":0,"opptPTS6":0,"opptPTS7":0,"opptPTS8":0}
{"_id":{"$oid":"5cb552f6e0f627212ff3c00d"},"gmDate":"2018/4/10","offLNm3":"Zarba","offFNm3":"Zach","teamAbbr":"WAS","teamConf":"East","teamLoc":"Home","teamRslt":"Win","teamPTS":113,"teamAST":32,"teamTO":20,"teamSTL":8,"teamBLK":3,"teamPF":24,"teamFGA":83,"teamFGM":41,"team2PA":53,"team2PM":26,"team3PA":30,"team3PM":15,"teamFTA":20,"teamFTM":16,"teamORB":10,"teamDRB":41,"teamPTS1":22,"teamPTS2":30,"teamPTS3":27,"teamPTS4":34,"teamPTS5":0,"teamPTS6":0,"teamPTS7":0,"teamPTS8":0,"opptAbbr":"BOS","opptConf":"East","opptLoc":"Away","opptRslt":"Loss","opptPTS":101,"opptAST":22,"opptTO":17,"opptSTL":14,"opptBLK":1,"opptPF":18,"opptFGA":87,"opptFGM":33,"oppt2PA":54,"oppt2PM":20,"oppt3PA":33,"oppt3PM":13,"opptFTA":27,"opptFTM":22,"opptORB":13,"opptDRB":31,"opptPTS1":30,"opptPTS2":24,"opptPTS3":18,"opptPTS4":29,"opptPTS5":0,"opptPTS6":0,"opptPTS7":0,"opptPTS8":0}
{"_id":{"$oid":"5cb552f6e0f627212ff3c011"},"gmDate":"2018/4/11","offLNm3":"Fraher","offFNm3":"Pat","teamAbbr":"BOS","teamConf":"East","teamLoc":"Home","teamRslt":"Win","teamPTS":110,"teamAST":22,"teamTO":14,"teamSTL":6,"teamBLK":6,"teamPF":14,"teamFGA":102,"teamFGM":46,"team2PA":78,"team2PM":40,"team3PA":24,"team3PM":6,"teamFTA":15,"teamFTM":12,"teamORB":20,"teamDRB":42,"teamPTS1":27,"teamPTS2":26,"teamPTS3":30,"teamPTS4":27,"teamPTS5":0,"teamPTS6":0,"teamPTS7":0,"teamPTS8":0,"opptAbbr":"BKN","opptConf":"East","opptLoc":"Away","opptRslt":"Loss","opptPTS":97,"opptAST":27,"opptTO":16,"opptSTL":10,"opptBLK":6,"opptPF":12,"opptFGA":91,"opptFGM":37,"oppt2PA":51,"oppt2PM":26,"oppt3PA":40,"oppt3PM":11,"opptFTA":16,"opptFTM":12,"opptORB":10,"opptDRB":34,"opptPTS1":22,"opptPTS2":21,"opptPTS3":27,"opptPTS4":27,"opptPTS5":0,"opptPTS6":0,"opptPTS7":0,"opptPTS8":0}
