{"_id":{"$oid":"5cb552f6e0f627212ff3bb52"},"gmDate":"2017/10/18","offLNm3":"DeRosa","offFNm3":"Joe","teamAbbr":"DET","teamConf":"East","teamLoc":"Home","teamRslt":"Win","teamPTS":102,"teamAST":24,"teamTO":9,"teamSTL":14,"teamBLK":3,"teamPF":21,"teamFGA":96,"teamFGM":41,"team2PA":70,"team2PM":32,"team3PA":26,"team3PM":9,"teamFTA":12,"teamFTM":11,"teamORB":9,"teamDRB":38,"teamPTS1":29,"teamPTS2":27,"teamPTS3":26,"teamPTS4":20,"teamPTS5":0,"teamPTS6":0,"teamPTS7":0,"teamPTS8":0,"opptAbbr":"CHA","opptConf":"East","opptLoc":"Away","opptRslt":"Loss","opptPTS":90,"opptAST":16,"opptTO":17,"opptSTL":4,"opptBLK":3,"opptPF":15,"opptFGA":73,"opptFGM":29,"oppt2PA":43,"oppt2PM":20,"oppt3PA":30,"oppt3PM":9,"opptFTA":29,"opptFTM":23,"opptORB":3,"opptDRB":44,"opptPTS1":27,"opptPTS2":18,"opptPTS3":25,"opptPTS4":20,"opptPTS5":0,"opptPTS6":0,"opptPTS7":0,"opptPTS8":0}
{"_id":{"$oid":"5cb552f6e0f627212ff3bb5e"},"gmDate":"2017/10/20","offLNm3":"Lewis","offFNm3":"Eric","teamAbbr":"CHA","teamConf":"East","teamLoc":"Home","teamRslt":"Win","teamPTS":109,"teamAST":17,"teamTO":21,"teamSTL":5,"teamBLK":4,"teamPF":18,"teamFGA":86,"teamFGM":37,"team2PA":50,"team2PM":26,"team3PA":36,"team3PM":11,"teamFTA":30,"teamFTM":24,"teamORB":12,"teamDRB":45,"teamPTS1":18,"teamPTS2":31,"teamPTS3":35,"teamPTS4":25,"teamPTS5":0,"teamPTS6":0,"teamPTS7":0,"teamPTS8":0,"opptAbbr":"ATL","opptConf":"East","opptLoc":"Away","opptRslt":"Loss","opptPTS":91,"opptAST":19,"opptTO":13,"opptSTL":11,"opptBLK":4,"opptPF":29,"opptFGA":95,"opptFGM":36,"oppt2PA":65,"oppt2PM":29,"oppt3PA":30,"oppt3PM":7,"opptFTA":14,"opptFTM":12,"opptORB":6,"opptDRB":32,"opptPTS1":28,"opptPTS2":28,"opptPTS3":17,"opptPTS4":18,"opptPTS5":0,"opptPTS6":0,"opptPTS7":0,"opptPTS8":0}
{"_id":{"$oid":"5cb552f6e0f627212ff3bb79"},"gmDate":"2017/10/23","offLNm3":"Capers","offFNm3":"James","teamAbbr":"MIL","teamConf":"East","teamLoc":"Home","teamRslt":"Win","teamPTS":103,"teamAST":24,"teamTO":13,"teamSTL":8,"teamBLK":4,"teamPF":27,"teamFGA":85,"teamFGM":40,"team2PA":59,"team2PM":31,"team3PA":26,"team3PM":9,"teamFTA":16,"teamFTM":14,"teamORB":5,"teamDRB":37,"teamPTS1":18,"teamPTS2":35,"teamPTS3":30,"teamPTS4":20,"teamPTS5":0,"teamPTS6":0,"teamPTS7":0,"teamPTS8":0,"opptAbbr":"CHA","opptConf":"East","opptLoc":"Away","opptRslt":"Loss","opptPTS":94,"opptAST":17,"opptTO":14,"opptSTL":3,"opptBLK":5,"opptPF":21,"opptFGA":78,"opptFGM":33,"oppt2PA":52,"oppt2PM":26,"oppt3PA":26,"oppt3PM":7,"opptFTA":36,"opptFTM":21,"opptORB":10,"opptDRB":38,"opptPTS1":25,"opptPTS2":29,"opptPTS3":23,"opptPTS4":17,"opptPTS5":0,"opptPTS6":0,"opptPTS7":0,"opptPTS8":0}
{"_id":{"$oid":"5cb552f6e0f627212ff3bb84"},"gmDate":"2017/10/25","offLNm3":"Adair","offFNm3":"Brandon","teamAbbr":"CHA","teamConf":"East","teamLoc":"Home","teamRslt":"Win","teamPTS":110,"teamAST":18,"teamTO":14,"teamSTL":5,"teamBLK":5,"teamPF":16,"teamFGA":80,"teamFGM":38,"team2PA":50,"team2PM":25,"team3PA":30,"team3PM":13,"teamFTA":26,"teamFTM":21,"teamORB":9,"teamDRB":40,"teamPTS1":27,"teamPTS2":35,"teamPTS3":23,"teamPTS4":25,"teamPTS5":0,"teamPTS6":0,"teamPTS7":0,"teamPTS8":0,"opptAbbr":"DEN","opptConf":"West","opptLoc":"Away","opptRslt":"Loss","opptPTS":93,"opptAST":18,"opptTO":14,"opptSTL":6,"opptBLK":1,"opptPF":23,"opptFGA":99,"opptFGM":38,"oppt2PA":68,"oppt2PM":30,"oppt3PA":31,"oppt3PM":8,"opptFTA":15,"opptFTM":9,"opptORB":17,"opptDRB":33,"opptPTS1":23,"opptPTS2":16,"opptPTS3":29,"opptPTS4":25,"opptPTS5":0,"opptPTS6":0,"opptPTS7":0,"opptPTS8":0}
{"_id":{"$oid":"5cb552f6e0f627212ff3bb93"},"gmDate":"2017/10/27","offLNm3":"Mott","offFNm3":"Rodney","teamAbbr":"CHA","teamConf":"East","teamLoc":"Home","teamRslt":"Loss","teamPTS":93,"teamAST":16,"teamTO":9,"teamSTL":6,"teamBLK":5,"teamPF":14,"teamFGA":88,"teamFGM":33,"team2PA":59,"team2PM":22,"team3PA":29,"team3PM":11,"teamFTA":28,"teamFTM":16,"teamORB":11,"teamDRB":33,"teamPTS1":30,"teamPTS2":16,"teamPTS3":28,"teamPTS4":19,"teamPTS5":0,"teamPTS6":0,"teamPTS7":0,"teamPTS8":0,"opptAbbr":"HOU","opptConf":"West","opptLoc":"Away","opptRslt":"Win","opptPTS":109,"opptAST":21,"opptTO":16,"opptSTL":5,"opptBLK":6,"opptPF":26,"opptFGA":85,"opptFGM":38,"oppt2PA":28,"oppt2PM":16,"oppt3PA":57,"oppt3PM":22,"opptFTA":13,"opptFTM":11,"opptORB":7,"opptDRB":44,"opptPTS1":27,"opptPTS2":29,"opptPTS3":22,"opptPTS4":31,"opptPTS5":0,"opptPTS6":0,"opptPTS7":0,"opptPTS8":0}
{"_id":{"$oid":"5cb552f6e0f627212ff3bba5"},"gmDate":"2017/10/29","offLNm3":"Fraher","offFNm3":"Pat","teamAbbr":"CHA","teamConf":"East","teamLoc":"Home","teamRslt":"Win","teamPTS":120,"teamAST":31,"teamTO":16,"teamSTL":6,"teamBLK":7,"teamPF":24,"teamFGA":98,"teamFGM":53,"team2PA":80,"team2PM":47,"team3PA":18,"team3PM":6,"teamFTA":17,"teamFTM":8,"teamORB":12,"teamDRB":47,"teamPTS1":27,"teamPTS2":34,"teamPTS3":32,"teamPTS4":27,"teamPTS5":0,"teamPTS6":0,"teamPTS7":0,"teamPTS8":0,"opptAbbr":"ORL","opptConf":"East","opptLoc":"Away","opptRslt":"Loss","opptPTS":113,"opptAST":28,"opptTO":11,"opptSTL":10,"opptBLK":5,"opptPF":20,"opptFGA":97,"opptFGM":41,"oppt2PA":64,"oppt2PM":30,"oppt3PA":33,"oppt3PM":11,"opptFTA":26,"opptFTM":20,"opptORB":9,"opptDRB":31,"opptPTS1":24,"opptPTS2":25,"opptPTS3":37,"opptPTS4":27,"opptPTS5":0,"opptPTS6":0,"opptPTS7":0,"opptPTS8":0}
{"_id":{"$oid":"5cb552f6e0f627212ff3bbad"},"gmDate":"2017/10/30","offLNm3":"Boland","offFNm3":"Matt","teamAbbr":"MEM","teamConf":"West","teamLoc":"Home","teamRslt":"Loss","teamPTS":99,"teamAST":17,"teamTO":7,"teamSTL":7,"teamBLK":8,"teamPF":22,"teamFGA":93,"teamFGM":32,"team2PA":58,"team2PM":24,"team3PA":35,"team3PM":8,"teamFTA":33,"teamFTM":27,"teamORB":11,"teamDRB":37,"teamPTS1":31,"teamPTS2":26,"teamPTS3":25,"teamPTS4":17,"teamPTS5":0,"teamPTS6":0,"teamPTS7":0,"teamPTS8":0,"opptAbbr":"CHA","opptConf":"East","opptLoc":"Away","opptRslt":"Win","opptPTS":104,"opptAST":15,"opptTO":12,"opptSTL":3,"opptBLK":7,"opptPF":22,"opptFGA":89,"opptFGM":37,"oppt2PA":72,"oppt2PM":30,"oppt3PA":17,"oppt3PM":7,"opptFTA":29,"opptFTM":23,"opptORB":10,"opptDRB":46,"opptPTS1":31,"opptPTS2":20,"opptPTS3":22,"opptPTS4":31,"opptPTS5":0,"opptPTS6":0,"opptPTS7":0,"opptPTS8":0}
{"_id":{"$oid":"5cb552f6e0f627212ff3bbb5"},"gmDate":"2017/11/1","offLNm3":"Richardson","offFNm3":"Derek","teamAbbr":"CHA","teamConf":"East","teamLoc":"Home","teamRslt":"Win","teamPTS":126,"teamAST":21,"teamTO":11,"teamSTL":5,"teamBLK":3,"teamPF":18,"teamFGA":84,"teamFGM":45,"team2PA":59,"team2PM":31,"team3PA":25,"team3PM":14,"teamFTA":29,"teamFTM":22,"teamORB":7,"teamDRB":34,"teamPTS1":25,"teamPTS2":35,"teamPTS3":28,"teamPTS4":38,"teamPTS5":0,"teamPTS6":0,"teamPTS7":0,"teamPTS8":0,"opptAbbr":"MIL","opptConf":"East","opptLoc":"Away","opptRslt":"Loss","opptPTS":121,"opptAST":29,"opptTO":14,"opptSTL":3,"opptBLK":3,"opptPF":25,"opptFGA":91,"opptFGM":45,"oppt2PA":55,"oppt2PM":26,"oppt3PA":36,"oppt3PM":19,"opptFTA":15,"opptFTM":12,"opptORB":9,"opptDRB":31,"opptPTS1":32,"opptPTS2":25,"opptPTS3":31,"opptPTS4":33,"opptPTS5":0,"opptPTS6":0,"opptPTS7":0,"opptPTS8":0}
{"_id":{"$oid":"5cb552f6e0f627212ff3bbcb"},"gmDate":"2017/11/3","offLNm3":"Lewis","offFNm3":"Eric","teamAbbr":"SA","teamConf":"West","teamLoc":"Home","teamRslt":"Win","teamPTS":108,"teamAST":31,"teamTO":16,"teamSTL":7,"teamBLK":6,"teamPF":26,"teamFGA":83,"teamFGM":39,"team2PA":56,"team2PM":30,"team3PA":27,"team3PM":9,"teamFTA":26,"teamFTM":21,"teamORB":7,"teamDRB":38,"teamPTS1":25,"teamPTS2":24,"teamPTS3":31,"teamPTS4":28,"teamPTS5":0,"teamPTS6":0,"teamPTS7":0,"teamPTS8":0,"opptAbbr":"CHA","opptConf":"East","opptLoc":"Away","opptRslt":"Loss","opptPTS":101,"opptAST":16,"opptTO":12,"opptSTL":11,"opptBLK":1,"opptPF":20,"opptFGA":80,"opptFGM":33,"oppt2PA":56,"oppt2PM":25,"oppt3PA":24,"oppt3PM":8,"opptFTA":42,"opptFTM":27,"opptORB":11,"opptDRB":35,"opptPTS1":19,"opptPTS2":26,"opptPTS3":26,"opptPTS4":30,"opptPTS5":0,"opptPTS6":0,"opptPTS7":0,"opptPTS8":0}
{"_id":{"$oid":"5cb552f6e0f627212ff3bbdc"},"gmDate":"2017/11/5","offLNm3":"Kennedy","offFNm3":"Bill","teamAbbr":"MIN","teamConf":"West","teamLoc":"Home","teamRslt":"Win","teamPTS":112,"teamAST":20,"teamTO":16,"teamSTL":4,"teamBLK":4,"teamPF":19,"teamFGA":83,"teamFGM":38,"team2PA":59,"team2PM":28,"team3PA":24,"team3PM":10,"teamFTA":30,"teamFTM":26,"teamORB":12,"teamDRB":42,"teamPTS1":28,"teamPTS2":40,"teamPTS3":29,"teamPTS4":15,"teamPTS5":0,"teamPTS6":0,"teamPTS7":0,"teamPTS8":0,"opptAbbr":"CHA","opptConf":"East","opptLoc":"Away","opptRslt":"Loss","opptPTS":94,"opptAST":24,"opptTO":11,"opptSTL":8,"opptBLK":3,"opptPF":24,"opptFGA":87,"opptFGM":37,"oppt2PA":59,"oppt2PM":28,"oppt3PA":28,"oppt3PM":9,"opptFTA":21,"opptFTM":11,"opptORB":8,"opptDRB":30,"opptPTS1":28,"opptPTS2":23,"opptPTS3":28,"opptPTS4":15,"opptPTS5":0,"opptPTS6":0,"opptPTS7":0,"opptPTS8":0}
{"_id":{"$oid":"5cb552f6e0f627212ff3bbe5"},"gmDate":"2017/11/7","offLNm3":"Wall","offFNm3":"Scott","teamAbbr":"NY","teamConf":"East","teamLoc":"Home","teamRslt":"Win","teamPTS":118,"teamAST":29,"teamTO":16,"teamSTL":5,"teamBLK":5,"teamPF":19,"teamFGA":75,"teamFGM":45,"team2PA":50,"team2PM":33,"team3PA":25,"team3PM":12,"teamFTA":21,"teamFTM":16,"teamORB":6,"teamDRB":29,"teamPTS1":32,"teamPTS2":26,"teamPTS3":25,"teamPTS4":35,"teamPTS5":0,"teamPTS6":0,"teamPTS7":0,"teamPTS8":0,"opptAbbr":"CHA","opptConf":"East","opptLoc":"Away","opptRslt":"Loss","opptPTS":113,"opptAST":24,"opptTO":13,"opptSTL":8,"opptBLK":2,"opptPF":22,"opptFGA":91,"opptFGM":42,"oppt2PA":54,"oppt2PM":27,"oppt3PA":37,"oppt3PM":15,"opptFTA":17,"opptFTM":14,"opptORB":17,"opptDRB":23,"opptPTS1":41,"opptPTS2":28,"opptPTS3":25,"opptPTS4":19,"opptPTS5":0,"opptPTS6":0,"opptPTS7":0,"opptPTS8":0}
{"_id":{"$oid":"5cb552f6e0f627212ff3bbf7"},"gmDate":"2017/11/10","offLNm3":"Richardson","offFNm3":"Leroy","teamAbbr":"BOS","teamConf":"East","teamLoc":"Home","teamRslt":"Win","teamPTS":90,"teamAST":15,"teamTO":13,"teamSTL":6,"teamBLK":5,"teamPF":26,"teamFGA":84,"teamFGM":30,"team2PA":53,"team2PM":21,"team3PA":31,"team3PM":9,"teamFTA":25,"teamFTM":21,"teamORB":9,"teamDRB":40,"teamPTS1":11,"teamPTS2":30,"teamPTS3":23,"teamPTS4":26,"teamPTS5":0,"teamPTS6":0,"teamPTS7":0,"teamPTS8":0,"opptAbbr":"CHA","opptConf":"East","opptLoc":"Away","opptRslt":"Loss","opptPTS":87,"opptAST":20,"opptTO":14,"opptSTL":5,"opptBLK":7,"opptPF":21,"opptFGA":80,"opptFGM":31,"oppt2PA":58,"oppt2PM":25,"oppt3PA":22,"oppt3PM":6,"opptFTA":33,"opptFTM":19,"opptORB":7,"opptDRB":40,"opptPTS1":26,"opptPTS2":31,"opptPTS3":19,"opptPTS4":11,"opptPTS5":0,"opptPTS6":0,"opptPTS7":0,"opptPTS8":0}
{"_id":{"$oid":"5cb552f6e0f627212ff3bc1c"},"gmDate":"2017/11/15","offLNm3":"Stafford","offFNm3":"Derrick","teamAbbr":"CHA","teamConf":"East","teamLoc":"Home","teamRslt":"Loss","teamPTS":107,"teamAST":21,"teamTO":13,"teamSTL":7,"teamBLK":7,"teamPF":19,"teamFGA":86,"teamFGM":41,"team2PA":60,"team2PM":35,"team3PA":26,"team3PM":6,"teamFTA":28,"teamFTM":19,"teamORB":8,"teamDRB":34,"teamPTS1":30,"teamPTS2":37,"teamPTS3":17,"teamPTS4":23,"teamPTS5":0,"teamPTS6":0,"teamPTS7":0,"teamPTS8":0,"opptAbbr":"CLE","opptConf":"East","opptLoc":"Away","opptRslt":"Win","opptPTS":115,"opptAST":25,"opptTO":14,"opptSTL":9,"opptBLK":4,"opptPF":24,"opptFGA":97,"opptFGM":42,"oppt2PA":59,"oppt2PM":29,"oppt3PA":38,"oppt3PM":13,"opptFTA":20,"opptFTM":18,"opptORB":16,"opptDRB":35,"opptPTS1":36,"opptPTS2":25,"opptPTS3":27,"opptPTS4":27,"opptPTS5":0,"opptPTS6":0,"opptPTS7":0,"opptPTS8":0}
{"_id":{"$oid":"5cb552f6e0f627212ff3bc2b"},"gmDate":"2017/11/17","offLNm3":"Davis","offFNm3":"Marc","teamAbbr":"CHI","teamConf":"East","teamLoc":"Home","teamRslt":"Win","teamPTS":123,"teamAST":26,"teamTO":11,"teamSTL":9,"teamBLK":3,"teamPF":23,"teamFGA":91,"teamFGM":47,"team2PA":57,"team2PM":30,"team3PA":34,"team3PM":17,"teamFTA":13,"teamFTM":12,"teamORB":4,"teamDRB":31,"teamPTS1":26,"teamPTS2":34,"teamPTS3":23,"teamPTS4":40,"teamPTS5":0,"teamPTS6":0,"teamPTS7":0,"teamPTS8":0,"opptAbbr":"CHA","opptConf":"East","opptLoc":"Away","opptRslt":"Loss","opptPTS":120,"opptAST":19,"opptTO":13,"opptSTL":3,"opptBLK":2,"opptPF":15,"opptFGA":81,"opptFGM":42,"oppt2PA":60,"oppt2PM":32,"oppt3PA":21,"oppt3PM":10,"opptFTA":34,"opptFTM":26,"opptORB":5,"opptDRB":37,"opptPTS1":27,"opptPTS2":33,"opptPTS3":32,"opptPTS4":28,"opptPTS5":0,"opptPTS6":0,"opptPTS7":0,"opptPTS8":0}
{"_id":{"$oid":"5cb552f6e0f627212ff3bc31"},"gmDate":"2017/11/18","offLNm3":"Ransom","offFNm3":"Phenizee","teamAbbr":"CHA","teamConf":"East","teamLoc":"Home","teamRslt":"Win","teamPTS":102,"teamAST":20,"teamTO":8,"teamSTL":7,"teamBLK":9,"teamPF":16,"teamFGA":87,"teamFGM":34,"team2PA":61,"team2PM":23,"team3PA":26,"team3PM":11,"teamFTA":29,"teamFTM":23,"teamORB":8,"teamDRB":41,"teamPTS1":25,"teamPTS2":30,"teamPTS3":18,"teamPTS4":29,"teamPTS5":0,"teamPTS6":0,"teamPTS7":0,"teamPTS8":0,"opptAbbr":"LAC","opptConf":"West","opptLoc":"Away","opptRslt":"Loss","opptPTS":87,"opptAST":18,"opptTO":14,"opptSTL":5,"opptBLK":6,"opptPF":22,"opptFGA":83,"opptFGM":33,"oppt2PA":54,"oppt2PM":25,"oppt3PA":29,"oppt3PM":8,"opptFTA":19,"opptFTM":13,"opptORB":7,"opptDRB":37,"opptPTS1":24,"opptPTS2":22,"opptPTS3":25,"opptPTS4":16,"opptPTS5":0,"opptPTS6":0,"opptPTS7":0,"opptPTS8":0}
{"_id":{"$oid":"5cb552f6e0f627212ff3bc3e"},"gmDate":"2017/11/20","offLNm3":"Adams","offFNm3":"Bennie","teamAbbr":"CHA","teamConf":"East","teamLoc":"Home","teamRslt":"Win","teamPTS":118,"teamAST":22,"teamTO":17,"teamSTL":5,"teamBLK":7,"teamPF":18,"teamFGA":85,"teamFGM":42,"team2PA":59,"team2PM":31,"team3PA":26,"team3PM":11,"teamFTA":29,"teamFTM":23,"teamORB":11,"teamDRB":41,"teamPTS1":26,"teamPTS2":29,"teamPTS3":29,"teamPTS4":34,"teamPTS5":0,"teamPTS6":0,"teamPTS7":0,"teamPTS8":0,"opptAbbr":"MIN","opptConf":"West","opptLoc":"Away","opptRslt":"Loss","opptPTS":102,"opptAST":13,"opptTO":11,"opptSTL":8,"opptBLK":6,"opptPF":21,"opptFGA":90,"opptFGM":37,"oppt2PA":63,"oppt2PM":31,"oppt3PA":27,"oppt3PM":6,"opptFTA":26,"opptFTM":22,"opptORB":10,"opptDRB":28,"opptPTS1":24,"opptPTS2":28,"opptPTS3":28,"opptPTS4":22,"opptPTS5":0,"opptPTS6":0,"opptPTS7":0,"opptPTS8":0}
{"_id":{"$oid":"5cb552f6e0f627212ff3bc4a"},"gmDate":"2017/11/22","offLNm3":"Capers","offFNm3":"James","teamAbbr":"CHA","teamConf":"East","teamLoc":"Home","teamRslt":"Win","teamPTS":129,"teamAST":23,"teamTO":12,"teamSTL":5,"teamBLK":5,"teamPF":20,"teamFGA":91,"teamFGM":43,"team2PA":63,"team2PM":33,"team3PA":28,"team3PM":10,"teamFTA":40,"teamFTM":33,"teamORB":14,"teamDRB":34,"teamPTS1":25,"teamPTS2":30,"teamPTS3":29,"teamPTS4":30,"teamPTS5":15,"teamPTS6":0,"teamPTS7":0,"teamPTS8":0,"opptAbbr":"WAS","opptConf":"East","opptLoc":"Away","opptRslt":"Loss","opptPTS":124,"opptAST":25,"opptTO":13,"opptSTL":4,"opptBLK":6,"opptPF":29,"opptFGA":99,"opptFGM":48,"oppt2PA":66,"oppt2PM":37,"oppt3PA":33,"oppt3PM":11,"opptFTA":22,"opptFTM":17,"opptORB":9,"opptDRB":34,"opptPTS1":26,"opptPTS2":33,"opptPTS3":29,"opptPTS4":26,"opptPTS5":10,"opptPTS6":0,"opptPTS7":0,"opptPTS8":0}
{"_id":{"$oid":"5cb552f6e0f627212ff3bc5a"},"gmDate":"2017/11/24","offLNm3":"Fraher","offFNm3":"Pat","teamAbbr":"CLE","teamConf":"East","teamLoc":"Home","teamRslt":"Win","teamPTS":100,"teamAST":25,"teamTO":12,"teamSTL":4,"teamBLK":7,"teamPF":24,"teamFGA":83,"teamFGM":38,"team2PA":44,"team2PM":25,"team3PA":39,"team3PM":13,"teamFTA":15,"teamFTM":11,"teamORB":3,"teamDRB":42,"teamPTS1":27,"teamPTS2":27,"teamPTS3":29,"teamPTS4":17,"teamPTS5":0,"teamPTS6":0,"teamPTS7":0,"teamPTS8":0,"opptAbbr":"CHA","opptConf":"East","opptLoc":"Away","opptRslt":"Loss","opptPTS":99,"opptAST":25,"opptTO":9,"opptSTL":4,"opptBLK":3,"opptPF":17,"opptFGA":94,"opptFGM":36,"oppt2PA":65,"oppt2PM":25,"oppt3PA":29,"oppt3PM":11,"opptFTA":27,"opptFTM":16,"opptORB":15,"opptDRB":40,"opptPTS1":28,"opptPTS2":29,"opptPTS3":25,"opptPTS4":17,"opptPTS5":0,"opptPTS6":0,"opptPTS7":0,"opptPTS8":0}
{"_id":{"$oid":"5cb552f6e0f627212ff3bc62"},"gmDate":"2017/11/25","offLNm3":"Corbin","offFNm3":"Sean","teamAbbr":"CHA","teamConf":"East","teamLoc":"Home","teamRslt":"Loss","teamPTS":86,"teamAST":20,"teamTO":14,"teamSTL":7,"teamBLK":3,"teamPF":19,"teamFGA":84,"teamFGM":31,"team2PA":59,"team2PM":27,"team3PA":25,"team3PM":4,"teamFTA":26,"teamFTM":20,"teamORB":14,"teamDRB":28,"teamPTS1":15,"teamPTS2":14,"teamPTS3":29,"teamPTS4":28,"teamPTS5":0,"teamPTS6":0,"teamPTS7":0,"teamPTS8":0,"opptAbbr":"SA","opptConf":"West","opptLoc":"Away","opptRslt":"Win","opptPTS":106,"opptAST":22,"opptTO":11,"opptSTL":8,"opptBLK":7,"opptPF":19,"opptFGA":80,"opptFGM":39,"oppt2PA":55,"oppt2PM":33,"oppt3PA":25,"oppt3PM":6,"opptFTA":25,"opptFTM":22,"opptORB":7,"opptDRB":37,"opptPTS1":14,"opptPTS2":26,"opptPTS3":32,"opptPTS4":34,"opptPTS5":0,"opptPTS6":0,"opptPTS7":0,"opptPTS8":0}
{"_id":{"$oid":"5cb552f6e0f627212ff3bc7f"},"gmDate":"2017/11/29","offLNm3":"Davis","offFNm3":"Marc","teamAbbr":"TOR","teamConf":"East","teamLoc":"Home","teamRslt":"Win","teamPTS":126,"teamAST":24,"teamTO":9,"teamSTL":6,"teamBLK":2,"teamPF":23,"teamFGA":98,"teamFGM":52,"team2PA":66,"team2PM":38,"team3PA":32,"team3PM":14,"teamFTA":11,"teamFTM":8,"teamORB":11,"teamDRB":28,"teamPTS1":32,"teamPTS2":39,"teamPTS3":22,"teamPTS4":33,"teamPTS5":0,"teamPTS6":0,"teamPTS7":0,"teamPTS8":0,"opptAbbr":"CHA","opptConf":"East","opptLoc":"Away","opptRslt":"Loss","opptPTS":113,"opptAST":26,"opptTO":13,"opptSTL":6,"opptBLK":2,"opptPF":17,"opptFGA":79,"opptFGM":37,"oppt2PA":60,"oppt2PM":28,"oppt3PA":19,"oppt3PM":9,"opptFTA":35,"opptFTM":30,"opptORB":7,"opptDRB":29,"opptPTS1":25,"opptPTS2":27,"opptPTS3":33,"opptPTS4":28,"opptPTS5":0,"opptPTS6":0,"opptPTS7":0,"opptPTS8":0}
{"_id":{"$oid":"5cb552f6e0f627212ff3bc90"},"gmDate":"2017/12/1","offLNm3":"Smith","offFNm3":"Michael","teamAbbr":"MIA","teamConf":"East","teamLoc":"Home","teamRslt":"Win","teamPTS":105,"teamAST":25,"teamTO":22,"teamSTL":8,"teamBLK":4,"teamPF":24,"teamFGA":80,"teamFGM":39,"team2PA":45,"team2PM":25,"team3PA":35,"team3PM":14,"teamFTA":21,"teamFTM":13,"teamORB":9,"teamDRB":30,"teamPTS1":22,"teamPTS2":28,"teamPTS3":29,"teamPTS4":26,"teamPTS5":0,"teamPTS6":0,"teamPTS7":0,"teamPTS8":0,"opptAbbr":"CHA","opptConf":"East","opptLoc":"Away","opptRslt":"Loss","opptPTS":100,"opptAST":21,"opptTO":22,"opptSTL":9,"opptBLK":5,"opptPF":24,"opptFGA":79,"opptFGM":38,"oppt2PA":59,"oppt2PM":33,"oppt3PA":20,"oppt3PM":5,"opptFTA":21,"opptFTM":19,"opptORB":10,"opptDRB":30,"opptPTS1":30,"opptPTS2":19,"opptPTS3":26,"opptPTS4":25,"opptPTS5":0,"opptPTS6":0,"opptPTS7":0,"opptPTS8":0}
{"_id":{"$oid":"5cb552f6e0f627212ff3bca0"},"gmDate":"2017/12/4","offLNm3":"Collins","offFNm3":"Derrick","teamAbbr":"CHA","teamConf":"East","teamLoc":"Home","teamRslt":"Win","teamPTS":104,"teamAST":17,"teamTO":15,"teamSTL":13,"teamBLK":5,"teamPF":18,"teamFGA":84,"teamFGM":34,"team2PA":67,"team2PM":31,"team3PA":17,"team3PM":3,"teamFTA":40,"teamFTM":33,"teamORB":11,"teamDRB":41,"teamPTS1":26,"teamPTS2":28,"teamPTS3":21,"teamPTS4":29,"teamPTS5":0,"teamPTS6":0,"teamPTS7":0,"teamPTS8":0,"opptAbbr":"ORL","opptConf":"East","opptLoc":"Away","opptRslt":"Loss","opptPTS":94,"opptAST":24,"opptTO":20,"opptSTL":5,"opptBLK":5,"opptPF":30,"opptFGA":82,"opptFGM":36,"oppt2PA":50,"oppt2PM":26,"oppt3PA":32,"oppt3PM":10,"opptFTA":14,"opptFTM":12,"opptORB":5,"opptDRB":35,"opptPTS1":23,"opptPTS2":22,"opptPTS3":29,"opptPTS4":20,"opptPTS5":0,"opptPTS6":0,"opptPTS7":0,"opptPTS8":0}
{"_id":{"$oid":"5cb552f6e0f627212ff3bcb3"},"gmDate":"2017/12/6","offLNm3":"Callahan","offFNm3":"Mike","teamAbbr":"CHA","teamConf":"East","teamLoc":"Home","teamRslt":"Loss","teamPTS":87,"teamAST":17,"teamTO":12,"teamSTL":5,"teamBLK":3,"teamPF":13,"teamFGA":97,"teamFGM":34,"team2PA":78,"team2PM":28,"team3PA":19,"team3PM":6,"teamFTA":17,"teamFTM":13,"teamORB":14,"teamDRB":35,"teamPTS1":18,"teamPTS2":20,"teamPTS3":30,"teamPTS4":19,"teamPTS5":0,"teamPTS6":0,"teamPTS7":0,"teamPTS8":0,"opptAbbr":"GS","opptConf":"West","opptLoc":"Away","opptRslt":"Win","opptPTS":101,"opptAST":26,"opptTO":15,"opptSTL":8,"opptBLK":12,"opptPF":20,"opptFGA":84,"opptFGM":40,"oppt2PA":54,"oppt2PM":29,"oppt3PA":30,"oppt3PM":11,"opptFTA":13,"opptFTM":10,"opptORB":8,"opptDRB":39,"opptPTS1":26,"opptPTS2":27,"opptPTS3":26,"opptPTS4":22,"opptPTS5":0,"opptPTS6":0,"opptPTS7":0,"opptPTS8":0}
{"_id":{"$oid":"5cb552f6e0f627212ff3bcbc"},"gmDate":"2017/12/8","offLNm3":"Maddox","offFNm3":"Tre","teamAbbr":"CHA","teamConf":"East","teamLoc":"Home","teamRslt":"Loss","teamPTS":111,"teamAST":22,"teamTO":11,"teamSTL":7,"teamBLK":11,"teamPF":20,"teamFGA":100,"teamFGM":40,"team2PA":71,"team2PM":30,"team3PA":29,"team3PM":10,"teamFTA":29,"teamFTM":21,"teamORB":9,"teamDRB":41,"teamPTS1":25,"teamPTS2":27,"teamPTS3":27,"teamPTS4":27,"teamPTS5":5,"teamPTS6":0,"teamPTS7":0,"teamPTS8":0,"opptAbbr":"CHI","opptConf":"East","opptLoc":"Away","opptRslt":"Win","opptPTS":119,"opptAST":23,"opptTO":14,"opptSTL":5,"opptBLK":7,"opptPF":28,"opptFGA":99,"opptFGM":48,"oppt2PA":81,"oppt2PM":42,"oppt3PA":18,"oppt3PM":6,"opptFTA":22,"opptFTM":17,"opptORB":6,"opptDRB":50,"opptPTS1":31,"opptPTS2":21,"opptPTS3":23,"opptPTS4":31,"opptPTS5":13,"opptPTS6":0,"opptPTS7":0,"opptPTS8":0}
{"_id":{"$oid":"5cb552f6e0f627212ff3bcc6"},"gmDate":"2017/12/9","offLNm3":"Boland","offFNm3":"Matt","teamAbbr":"CHA","teamConf":"East","teamLoc":"Home","teamRslt":"Loss","teamPTS":99,"teamAST":21,"teamTO":11,"teamSTL":7,"teamBLK":3,"teamPF":21,"teamFGA":93,"teamFGM":41,"team2PA":68,"team2PM":33,"team3PA":25,"team3PM":8,"teamFTA":14,"teamFTM":9,"teamORB":9,"teamDRB":34,"teamPTS1":29,"teamPTS2":27,"teamPTS3":19,"teamPTS4":24,"teamPTS5":0,"teamPTS6":0,"teamPTS7":0,"teamPTS8":0,"opptAbbr":"LAL","opptConf":"West","opptLoc":"Away","opptRslt":"Win","opptPTS":110,"opptAST":24,"opptTO":14,"opptSTL":7,"opptBLK":5,"opptPF":21,"opptFGA":85,"opptFGM":43,"oppt2PA":58,"oppt2PM":34,"oppt3PA":27,"oppt3PM":9,"opptFTA":21,"opptFTM":15,"opptORB":6,"opptDRB":40,"opptPTS1":28,"opptPTS2":24,"opptPTS3":24,"opptPTS4":34,"opptPTS5":0,"opptPTS6":0,"opptPTS7":0,"opptPTS8":0}
{"_id":{"$oid":"5cb552f6e0f627212ff3bcd7"},"gmDate":"2017/12/11","offLNm3":"Brothers","offFNm3":"Tony","teamAbbr":"OKC","teamConf":"West","teamLoc":"Home","teamRslt":"Loss","teamPTS":103,"teamAST":16,"teamTO":15,"teamSTL":5,"teamBLK":2,"teamPF":19,"teamFGA":85,"teamFGM":35,"team2PA":59,"team2PM":26,"team3PA":26,"team3PM":9,"teamFTA":25,"teamFTM":24,"teamORB":11,"teamDRB":28,"teamPTS1":26,"teamPTS2":26,"teamPTS3":22,"teamPTS4":29,"teamPTS5":0,"teamPTS6":0,"teamPTS7":0,"teamPTS8":0,"opptAbbr":"CHA","opptConf":"East","opptLoc":"Away","opptRslt":"Win","opptPTS":116,"opptAST":22,"opptTO":15,"opptSTL":8,"opptBLK":4,"opptPF":20,"opptFGA":81,"opptFGM":43,"oppt2PA":56,"oppt2PM":30,"oppt3PA":25,"oppt3PM":13,"opptFTA":24,"opptFTM":17,"opptORB":9,"opptDRB":32,"opptPTS1":34,"opptPTS2":18,"opptPTS3":40,"opptPTS4":24,"opptPTS5":0,"opptPTS6":0,"opptPTS7":0,"opptPTS8":0}
{"_id":{"$oid":"5cb552f6e0f627212ff3bce9"},"gmDate":"2017/12/13","offLNm3":"Kennedy","offFNm3":"Bill","teamAbbr":"HOU","teamConf":"West","teamLoc":"Home","teamRslt":"Win","teamPTS":108,"teamAST":24,"teamTO":10,"teamSTL":7,"teamBLK":5,"teamPF":18,"teamFGA":88,"teamFGM":39,"team2PA":43,"team2PM":22,"team3PA":45,"team3PM":17,"teamFTA":19,"teamFTM":13,"teamORB":6,"teamDRB":39,"teamPTS1":38,"teamPTS2":25,"teamPTS3":28,"teamPTS4":17,"teamPTS5":0,"teamPTS6":0,"teamPTS7":0,"teamPTS8":0,"opptAbbr":"CHA","opptConf":"East","opptLoc":"Away","opptRslt":"Loss","opptPTS":96,"opptAST":14,"opptTO":12,"opptSTL":4,"opptBLK":5,"opptPF":15,"opptFGA":87,"opptFGM":36,"oppt2PA":66,"oppt2PM":32,"oppt3PA":21,"oppt3PM":4,"opptFTA":27,"opptFTM":20,"opptORB":12,"opptDRB":44,"opptPTS1":23,"opptPTS2":26,"opptPTS3":20,"opptPTS4":27,"opptPTS5":0,"opptPTS6":0,"opptPTS7":0,"opptPTS8":0}
{"_id":{"$oid":"5cb552f6e0f627212ff3bcef"},"gmDate":"2017/12/15","offLNm3":"Callahan","offFNm3":"Mike","teamAbbr":"CHA","teamConf":"East","teamLoc":"Home","teamRslt":"Loss","teamPTS":98,"teamAST":21,"teamTO":17,"teamSTL":7,"teamBLK":1,"teamPF":14,"teamFGA":83,"teamFGM":34,"team2PA":56,"team2PM":24,"team3PA":27,"team3PM":10,"teamFTA":27,"teamFTM":20,"teamORB":11,"teamDRB":31,"teamPTS1":19,"teamPTS2":28,"teamPTS3":24,"teamPTS4":27,"teamPTS5":0,"teamPTS6":0,"teamPTS7":0,"teamPTS8":0,"opptAbbr":"MIA","opptConf":"East","opptLoc":"Away","opptRslt":"Win","opptPTS":104,"opptAST":25,"opptTO":18,"opptSTL":10,"opptBLK":8,"opptPF":23,"opptFGA":78,"opptFGM":39,"oppt2PA":47,"oppt2PM":28,"oppt3PA":31,"oppt3PM":11,"opptFTA":17,"opptFTM":15,"opptORB":5,"opptDRB":35,"opptPTS1":24,"opptPTS2":29,"opptPTS3":26,"opptPTS4":25,"opptPTS5":0,"opptPTS6":0,"opptPTS7":0,"opptPTS8":0}
{"_id":{"$oid":"5cb552f6e0f627212ff3bcfa"},"gmDate":"2017/12/16","offLNm3":"Washington","offFNm3":"Tom","teamAbbr":"CHA","teamConf":"East","teamLoc":"Home","teamRslt":"Loss","teamPTS":91,"teamAST":18,"teamTO":7,"teamSTL":8,"teamBLK":3,"teamPF":21,"teamFGA":96,"teamFGM":33,"team2PA":65,"team2PM":26,"team3PA":31,"team3PM":7,"teamFTA":28,"teamFTM":18,"teamORB":13,"teamDRB":39,"teamPTS1":20,"teamPTS2":17,"teamPTS3":30,"teamPTS4":24,"teamPTS5":0,"teamPTS6":0,"teamPTS7":0,"teamPTS8":0,"opptAbbr":"POR","opptConf":"West","opptLoc":"Away","opptRslt":"Win","opptPTS":93,"opptAST":19,"opptTO":19,"opptSTL":2,"opptBLK":3,"opptPF":21,"opptFGA":80,"opptFGM":37,"oppt2PA":56,"oppt2PM":27,"oppt3PA":24,"oppt3PM":10,"opptFTA":18,"opptFTM":9,"opptORB":5,"opptDRB":42,"opptPTS1":24,"opptPTS2":25,"opptPTS3":25,"opptPTS4":19,"opptPTS5":0,"opptPTS6":0,"opptPTS7":0,"opptPTS8":0}
{"_id":{"$oid":"5cb552f6e0f627212ff3bd06"},"gmDate":"2017/12/18","offLNm3":"Petraitis","offFNm3":"Gediminas","teamAbbr":"CHA","teamConf":"East","teamLoc":"Home","teamRslt":"Win","teamPTS":109,"teamAST":30,"teamTO":19,"teamSTL":10,"teamBLK":6,"teamPF":16,"teamFGA":88,"teamFGM":43,"team2PA":68,"team2PM":34,"team3PA":20,"team3PM":9,"teamFTA":16,"teamFTM":14,"teamORB":12,"teamDRB":35,"teamPTS1":29,"teamPTS2":31,"teamPTS3":28,"teamPTS4":21,"teamPTS5":0,"teamPTS6":0,"teamPTS7":0,"teamPTS8":0,"opptAbbr":"NY","opptConf":"East","opptLoc":"Away","opptRslt":"Loss","opptPTS":91,"opptAST":21,"opptTO":17,"opptSTL":10,"opptBLK":5,"opptPF":16,"opptFGA":86,"opptFGM":36,"oppt2PA":68,"oppt2PM":33,"oppt3PA":18,"oppt3PM":3,"opptFTA":20,"opptFTM":16,"opptORB":10,"opptDRB":27,"opptPTS1":23,"opptPTS2":19,"opptPTS3":22,"opptPTS4":27,"opptPTS5":0,"opptPTS6":0,"opptPTS7":0,"opptPTS8":0}
{"_id":{"$oid":"5cb552f6e0f627212ff3bd13"},"gmDate":"2017/12/20","offLNm3":"Stafford","offFNm3":"Derrick","teamAbbr":"CHA","teamConf":"East","teamLoc":"Home","teamRslt":"Loss","teamPTS":111,"teamAST":21,"teamTO":12,"teamSTL":10,"teamBLK":6,"teamPF":18,"teamFGA":85,"teamFGM":39,"team2PA":62,"team2PM":32,"team3PA":23,"team3PM":7,"teamFTA":35,"teamFTM":26,"teamORB":8,"teamDRB":31,"teamPTS1":26,"teamPTS2":21,"teamPTS3":32,"teamPTS4":32,"teamPTS5":0,"teamPTS6":0,"teamPTS7":0,"teamPTS8":0,"opptAbbr":"TOR","opptConf":"East","opptLoc":"Away","opptRslt":"Win","opptPTS":129,"opptAST":35,"opptTO":14,"opptSTL":6,"opptBLK":7,"opptPF":27,"opptFGA":91,"opptFGM":49,"oppt2PA":58,"oppt2PM":33,"oppt3PA":33,"oppt3PM":16,"opptFTA":18,"opptFTM":15,"opptORB":10,"opptDRB":33,"opptPTS1":22,"opptPTS2":41,"opptPTS3":36,"opptPTS4":30,"opptPTS5":0,"opptPTS6":0,"opptPTS7":0,"opptPTS8":0}
{"_id":{"$oid":"5cb552f6e0f627212ff3bd29"},"gmDate":"2017/12/22","offLNm3":"Collins","offFNm3":"Derrick","teamAbbr":"MIL","teamConf":"East","teamLoc":"Home","teamRslt":"Win","teamPTS":109,"teamAST":27,"teamTO":8,"teamSTL":7,"teamBLK":5,"teamPF":16,"teamFGA":87,"teamFGM":41,"team2PA":58,"team2PM":33,"team3PA":29,"team3PM":8,"teamFTA":23,"teamFTM":19,"teamORB":6,"teamDRB":37,"teamPTS1":26,"teamPTS2":26,"teamPTS3":31,"teamPTS4":26,"teamPTS5":0,"teamPTS6":0,"teamPTS7":0,"teamPTS8":0,"opptAbbr":"CHA","opptConf":"East","opptLoc":"Away","opptRslt":"Loss","opptPTS":104,"opptAST":21,"opptTO":9,"opptSTL":4,"opptBLK":7,"opptPF":18,"opptFGA":88,"opptFGM":39,"oppt2PA":62,"oppt2PM":27,"oppt3PA":26,"oppt3PM":12,"opptFTA":17,"opptFTM":14,"opptORB":9,"opptDRB":34,"opptPTS1":23,"opptPTS2":36,"opptPTS3":26,"opptPTS4":19,"opptPTS5":0,"opptPTS6":0,"opptPTS7":0,"opptPTS8":0}
{"_id":{"$oid":"5cb552f6e0f627212ff3bd2e"},"gmDate":"2017/12/23","offLNm3":"Lewis","offFNm3":"Eric","teamAbbr":"CHA","teamConf":"East","teamLoc":"Home","teamRslt":"Win","teamPTS":111,"teamAST":22,"teamTO":17,"teamSTL":2,"teamBLK":7,"teamPF":20,"teamFGA":74,"teamFGM":36,"team2PA":53,"team2PM":27,"team3PA":21,"team3PM":9,"teamFTA":40,"teamFTM":30,"teamORB":9,"teamDRB":34,"teamPTS1":24,"teamPTS2":29,"teamPTS3":28,"teamPTS4":30,"teamPTS5":0,"teamPTS6":0,"teamPTS7":0,"teamPTS8":0,"opptAbbr":"MIL","opptConf":"East","opptLoc":"Away","opptRslt":"Loss","opptPTS":106,"opptAST":25,"opptTO":9,"opptSTL":4,"opptBLK":2,"opptPF":32,"opptFGA":87,"opptFGM":42,"oppt2PA":61,"oppt2PM":34,"oppt3PA":26,"oppt3PM":8,"opptFTA":17,"opptFTM":14,"opptORB":7,"opptDRB":28,"opptPTS1":23,"opptPTS2":31,"opptPTS3":31,"opptPTS4":21,"opptPTS5":0,"opptPTS6":0,"opptPTS7":0,"opptPTS8":0}
{"_id":{"$oid":"5cb552f6e0f627212ff3bd47"},"gmDate":"2017/12/27","offLNm3":"Orr","offFNm3":"J.T.","teamAbbr":"CHA","teamConf":"East","teamLoc":"Home","teamRslt":"Loss","teamPTS":91,"teamAST":15,"teamTO":12,"teamSTL":7,"teamBLK":3,"teamPF":11,"teamFGA":87,"teamFGM":32,"team2PA":64,"team2PM":25,"team3PA":23,"team3PM":7,"teamFTA":29,"teamFTM":20,"teamORB":19,"teamDRB":33,"teamPTS1":16,"teamPTS2":28,"teamPTS3":31,"teamPTS4":16,"teamPTS5":0,"teamPTS6":0,"teamPTS7":0,"teamPTS8":0,"opptAbbr":"BOS","opptConf":"East","opptLoc":"Away","opptRslt":"Win","opptPTS":102,"opptAST":20,"opptTO":16,"opptSTL":4,"opptBLK":7,"opptPF":20,"opptFGA":78,"opptFGM":37,"oppt2PA":44,"oppt2PM":22,"oppt3PA":34,"oppt3PM":15,"opptFTA":13,"opptFTM":13,"opptORB":6,"opptDRB":37,"opptPTS1":28,"opptPTS2":32,"opptPTS3":16,"opptPTS4":26,"opptPTS5":0,"opptPTS6":0,"opptPTS7":0,"opptPTS8":0}
{"_id":{"$oid":"5cb552f6e0f627212ff3bd5e"},"gmDate":"2017/12/29","offLNm3":"Van Duyne","offFNm3":"Justin","teamAbbr":"GS","teamConf":"West","teamLoc":"Home","teamRslt":"Loss","teamPTS":100,"teamAST":32,"teamTO":18,"teamSTL":6,"teamBLK":5,"teamPF":25,"teamFGA":87,"teamFGM":40,"team2PA":65,"team2PM":32,"team3PA":22,"team3PM":8,"teamFTA":13,"teamFTM":12,"teamORB":8,"teamDRB":35,"teamPTS1":29,"teamPTS2":24,"teamPTS3":22,"teamPTS4":25,"teamPTS5":0,"teamPTS6":0,"teamPTS7":0,"teamPTS8":0,"opptAbbr":"CHA","opptConf":"East","opptLoc":"Away","opptRslt":"Win","opptPTS":111,"opptAST":27,"opptTO":11,"opptSTL":12,"opptBLK":6,"opptPF":10,"opptFGA":89,"opptFGM":41,"oppt2PA":69,"oppt2PM":35,"oppt3PA":20,"oppt3PM":6,"opptFTA":34,"opptFTM":23,"opptORB":13,"opptDRB":34,"opptPTS1":32,"opptPTS2":21,"opptPTS3":26,"opptPTS4":32,"opptPTS5":0,"opptPTS6":0,"opptPTS7":0,"opptPTS8":0}
{"_id":{"$oid":"5cb552f6e0f627212ff3bd6a"},"gmDate":"2017/12/31","offLNm3":"Van Duyne","offFNm3":"Justin","teamAbbr":"LAC","teamConf":"West","teamLoc":"Home","teamRslt":"Win","teamPTS":106,"teamAST":24,"teamTO":17,"teamSTL":9,"teamBLK":5,"teamPF":21,"teamFGA":76,"teamFGM":36,"team2PA":48,"team2PM":26,"team3PA":28,"team3PM":10,"teamFTA":27,"teamFTM":24,"teamORB":6,"teamDRB":36,"teamPTS1":29,"teamPTS2":13,"teamPTS3":33,"teamPTS4":31,"teamPTS5":0,"teamPTS6":0,"teamPTS7":0,"teamPTS8":0,"opptAbbr":"CHA","opptConf":"East","opptLoc":"Away","opptRslt":"Loss","opptPTS":98,"opptAST":23,"opptTO":17,"opptSTL":10,"opptBLK":3,"opptPF":21,"opptFGA":93,"opptFGM":36,"oppt2PA":60,"oppt2PM":25,"oppt3PA":33,"oppt3PM":11,"opptFTA":19,"opptFTM":15,"opptORB":15,"opptDRB":32,"opptPTS1":22,"opptPTS2":30,"opptPTS3":14,"opptPTS4":32,"opptPTS5":0,"opptPTS6":0,"opptPTS7":0,"opptPTS8":0}
{"_id":{"$oid":"5cb552f6e0f627212ff3bd75"},"gmDate":"2018/1/2","offLNm3":"Zarba","offFNm3":"Zach","teamAbbr":"SAC","teamConf":"West","teamLoc":"Home","teamRslt":"Loss","teamPTS":111,"teamAST":22,"teamTO":15,"teamSTL":1,"teamBLK":2,"teamPF":19,"teamFGA":87,"teamFGM":45,"team2PA":70,"team2PM":38,"team3PA":17,"team3PM":7,"teamFTA":18,"teamFTM":14,"teamORB":16,"teamDRB":31,"teamPTS1":25,"teamPTS2":27,"teamPTS3":29,"teamPTS4":30,"teamPTS5":0,"teamPTS6":0,"teamPTS7":0,"teamPTS8":0,"opptAbbr":"CHA","opptConf":"East","opptLoc":"Away","opptRslt":"Win","opptPTS":131,"opptAST":25,"opptTO":3,"opptSTL":7,"opptBLK":3,"opptPF":14,"opptFGA":89,"opptFGM":51,"oppt2PA":57,"oppt2PM":36,"oppt3PA":32,"oppt3PM":15,"opptFTA":18,"opptFTM":14,"opptORB":5,"opptDRB":25,"opptPTS1":32,"opptPTS2":40,"opptPTS3":28,"opptPTS4":31,"opptPTS5":0,"opptPTS6":0,"opptPTS7":0,"opptPTS8":0}
{"_id":{"$oid":"5cb552f6e0f627212ff3bd8e"},"gmDate":"2018/1/5","offLNm3":"Spooner","offFNm3":"Bill","teamAbbr":"LAL","teamConf":"West","teamLoc":"Home","teamRslt":"Loss","teamPTS":94,"teamAST":24,"teamTO":16,"teamSTL":7,"teamBLK":3,"teamPF":19,"teamFGA":94,"teamFGM":38,"team2PA":58,"team2PM":29,"team3PA":36,"team3PM":9,"teamFTA":12,"teamFTM":9,"teamORB":12,"teamDRB":34,"teamPTS1":24,"teamPTS2":24,"teamPTS3":28,"teamPTS4":18,"teamPTS5":0,"teamPTS6":0,"teamPTS7":0,"teamPTS8":0,"opptAbbr":"CHA","opptConf":"East","opptLoc":"Away","opptRslt":"Win","opptPTS":108,"opptAST":26,"opptTO":15,"opptSTL":10,"opptBLK":3,"opptPF":17,"opptFGA":99,"opptFGM":42,"oppt2PA":66,"oppt2PM":30,"oppt3PA":33,"oppt3PM":12,"opptFTA":16,"opptFTM":12,"opptORB":16,"opptDRB":40,"opptPTS1":28,"opptPTS2":35,"opptPTS3":30,"opptPTS4":15,"opptPTS5":0,"opptPTS6":0,"opptPTS7":0,"opptPTS8":0}
{"_id":{"$oid":"5cb552f6e0f627212ff3bda8"},"gmDate":"2018/1/10","offLNm3":"Adams","offFNm3":"Bennie","teamAbbr":"CHA","teamConf":"East","teamLoc":"Home","teamRslt":"Loss","teamPTS":111,"teamAST":16,"teamTO":11,"teamSTL":6,"teamBLK":5,"teamPF":22,"teamFGA":84,"teamFGM":43,"team2PA":58,"team2PM":33,"team3PA":26,"team3PM":10,"teamFTA":30,"teamFTM":15,"teamORB":4,"teamDRB":39,"teamPTS1":28,"teamPTS2":24,"teamPTS3":25,"teamPTS4":34,"teamPTS5":0,"teamPTS6":0,"teamPTS7":0,"teamPTS8":0,"opptAbbr":"DAL","opptConf":"West","opptLoc":"Away","opptRslt":"Win","opptPTS":115,"opptAST":23,"opptTO":8,"opptSTL":7,"opptBLK":7,"opptPF":22,"opptFGA":83,"opptFGM":39,"oppt2PA":47,"oppt2PM":24,"oppt3PA":36,"oppt3PM":15,"opptFTA":28,"opptFTM":22,"opptORB":3,"opptDRB":36,"opptPTS1":20,"opptPTS2":39,"opptPTS3":24,"opptPTS4":32,"opptPTS5":0,"opptPTS6":0,"opptPTS7":0,"opptPTS8":0}
{"_id":{"$oid":"5cb552f6e0f627212ff3bdb7"},"gmDate":"2018/1/12","offLNm3":"Spooner","offFNm3":"Bill","teamAbbr":"CHA","teamConf":"East","teamLoc":"Home","teamRslt":"Win","teamPTS":99,"teamAST":17,"teamTO":13,"teamSTL":8,"teamBLK":2,"teamPF":19,"teamFGA":78,"teamFGM":32,"team2PA":51,"team2PM":23,"team3PA":27,"team3PM":9,"teamFTA":34,"teamFTM":26,"teamORB":8,"teamDRB":38,"teamPTS1":25,"teamPTS2":27,"teamPTS3":22,"teamPTS4":25,"teamPTS5":0,"teamPTS6":0,"teamPTS7":0,"teamPTS8":0,"opptAbbr":"UTA","opptConf":"West","opptLoc":"Away","opptRslt":"Loss","opptPTS":88,"opptAST":19,"opptTO":15,"opptSTL":5,"opptBLK":8,"opptPF":26,"opptFGA":77,"opptFGM":28,"oppt2PA":42,"oppt2PM":16,"oppt3PA":35,"oppt3PM":12,"opptFTA":23,"opptFTM":20,"opptORB":8,"opptDRB":37,"opptPTS1":25,"opptPTS2":21,"opptPTS3":26,"opptPTS4":16,"opptPTS5":0,"opptPTS6":0,"opptPTS7":0,"opptPTS8":0}
{"_id":{"$oid":"5cb552f6e0f627212ff3bdc2"},"gmDate":"2018/1/13","offLNm3":"Taylor","offFNm3":"Dedric","teamAbbr":"CHA","teamConf":"East","teamLoc":"Home","teamRslt":"Loss","teamPTS":91,"teamAST":16,"teamTO":15,"teamSTL":3,"teamBLK":7,"teamPF":15,"teamFGA":83,"teamFGM":33,"team2PA":55,"team2PM":24,"team3PA":28,"team3PM":9,"teamFTA":23,"teamFTM":16,"teamORB":9,"teamDRB":41,"teamPTS1":28,"teamPTS2":31,"teamPTS3":17,"teamPTS4":15,"teamPTS5":0,"teamPTS6":0,"teamPTS7":0,"teamPTS8":0,"opptAbbr":"OKC","opptConf":"West","opptLoc":"Away","opptRslt":"Win","opptPTS":101,"opptAST":17,"opptTO":9,"opptSTL":8,"opptBLK":9,"opptPF":22,"opptFGA":97,"opptFGM":39,"oppt2PA":71,"oppt2PM":31,"oppt3PA":26,"oppt3PM":8,"opptFTA":20,"opptFTM":15,"opptORB":19,"opptDRB":38,"opptPTS1":31,"opptPTS2":24,"opptPTS3":18,"opptPTS4":28,"opptPTS5":0,"opptPTS6":0,"opptPTS7":0,"opptPTS8":0}
{"_id":{"$oid":"5cb552f6e0f627212ff3bdd5"},"gmDate":"2018/1/15","offLNm3":"Stafford","offFNm3":"Derrick","teamAbbr":"DET","teamConf":"East","teamLoc":"Home","teamRslt":"Loss","teamPTS":107,"teamAST":27,"teamTO":16,"teamSTL":10,"teamBLK":5,"teamPF":24,"teamFGA":86,"teamFGM":42,"team2PA":57,"team2PM":27,"team3PA":29,"team3PM":15,"teamFTA":11,"teamFTM":8,"teamORB":3,"teamDRB":35,"teamPTS1":27,"teamPTS2":29,"teamPTS3":24,"teamPTS4":27,"teamPTS5":0,"teamPTS6":0,"teamPTS7":0,"teamPTS8":0,"opptAbbr":"CHA","opptConf":"East","opptLoc":"Away","opptRslt":"Win","opptPTS":118,"opptAST":21,"opptTO":15,"opptSTL":9,"opptBLK":4,"opptPF":11,"opptFGA":84,"opptFGM":43,"oppt2PA":62,"oppt2PM":33,"oppt3PA":22,"oppt3PM":10,"opptFTA":33,"opptFTM":22,"opptORB":9,"opptDRB":40,"opptPTS1":27,"opptPTS2":23,"opptPTS3":34,"opptPTS4":34,"opptPTS5":0,"opptPTS6":0,"opptPTS7":0,"opptPTS8":0}
{"_id":{"$oid":"5cb552f6e0f627212ff3bdda"},"gmDate":"2018/1/17","offLNm3":"Collins","offFNm3":"Derrick","teamAbbr":"CHA","teamConf":"East","teamLoc":"Home","teamRslt":"Win","teamPTS":133,"teamAST":27,"teamTO":10,"teamSTL":10,"teamBLK":6,"teamPF":18,"teamFGA":98,"teamFGM":48,"team2PA":67,"team2PM":33,"team3PA":31,"team3PM":15,"teamFTA":26,"teamFTM":22,"teamORB":13,"teamDRB":36,"teamPTS1":38,"teamPTS2":39,"teamPTS3":25,"teamPTS4":31,"teamPTS5":0,"teamPTS6":0,"teamPTS7":0,"teamPTS8":0,"opptAbbr":"WAS","opptConf":"East","opptLoc":"Away","opptRslt":"Loss","opptPTS":109,"opptAST":31,"opptTO":16,"opptSTL":3,"opptBLK":7,"opptPF":23,"opptFGA":82,"opptFGM":40,"oppt2PA":59,"oppt2PM":27,"oppt3PA":23,"oppt3PM":13,"opptFTA":23,"opptFTM":16,"opptORB":7,"opptDRB":33,"opptPTS1":36,"opptPTS2":25,"opptPTS3":18,"opptPTS4":30,"opptPTS5":0,"opptPTS6":0,"opptPTS7":0,"opptPTS8":0}
{"_id":{"$oid":"5cb552f6e0f627212ff3bdf1"},"gmDate":"2018/1/20","offLNm3":"Zielinski","offFNm3":"Gary","teamAbbr":"CHA","teamConf":"East","teamLoc":"Home","teamRslt":"Loss","teamPTS":105,"teamAST":22,"teamTO":8,"teamSTL":9,"teamBLK":8,"teamPF":12,"teamFGA":90,"teamFGM":41,"team2PA":63,"team2PM":34,"team3PA":27,"team3PM":7,"teamFTA":21,"teamFTM":16,"teamORB":8,"teamDRB":35,"teamPTS1":27,"teamPTS2":21,"teamPTS3":35,"teamPTS4":22,"teamPTS5":0,"teamPTS6":0,"teamPTS7":0,"teamPTS8":0,"opptAbbr":"MIA","opptConf":"East","opptLoc":"Away","opptRslt":"Win","opptPTS":106,"opptAST":28,"opptTO":14,"opptSTL":5,"opptBLK":6,"opptPF":17,"opptFGA":87,"opptFGM":43,"oppt2PA":59,"oppt2PM":30,"oppt3PA":28,"oppt3PM":13,"opptFTA":12,"opptFTM":7,"opptORB":8,"opptDRB":39,"opptPTS1":31,"opptPTS2":26,"opptPTS3":16,"opptPTS4":33,"opptPTS5":0,"opptPTS6":0,"opptPTS7":0,"opptPTS8":0}
{"_id":{"$oid":"5cb552f6e0f627212ff3bdfc"},"gmDate":"2018/1/22","offLNm3":"Fraher","offFNm3":"Pat","teamAbbr":"CHA","teamConf":"East","teamLoc":"Home","teamRslt":"Win","teamPTS":112,"teamAST":22,"teamTO":17,"teamSTL":4,"teamBLK":10,"teamPF":14,"teamFGA":86,"teamFGM":38,"team2PA":46,"team2PM":22,"team3PA":40,"team3PM":16,"teamFTA":25,"teamFTM":20,"teamORB":11,"teamDRB":37,"teamPTS1":35,"teamPTS2":32,"teamPTS3":25,"teamPTS4":20,"teamPTS5":0,"teamPTS6":0,"teamPTS7":0,"teamPTS8":0,"opptAbbr":"SAC","opptConf":"West","opptLoc":"Away","opptRslt":"Loss","opptPTS":107,"opptAST":27,"opptTO":9,"opptSTL":8,"opptBLK":3,"opptPF":22,"opptFGA":97,"opptFGM":43,"oppt2PA":75,"oppt2PM":33,"oppt3PA":22,"oppt3PM":10,"opptFTA":15,"opptFTM":11,"opptORB":10,"opptDRB":32,"opptPTS1":33,"opptPTS2":22,"opptPTS3":20,"opptPTS4":32,"opptPTS5":0,"opptPTS6":0,"opptPTS7":0,"opptPTS8":0}
{"_id":{"$oid":"5cb552f6e0f627212ff3be0a"},"gmDate":"2018/1/24","offLNm3":"DeRosa","offFNm3":"Joe","teamAbbr":"CHA","teamConf":"East","teamLoc":"Home","teamRslt":"Loss","teamPTS":96,"teamAST":16,"teamTO":14,"teamSTL":5,"teamBLK":6,"teamPF":23,"teamFGA":85,"teamFGM":36,"team2PA":64,"team2PM":30,"team3PA":21,"team3PM":6,"teamFTA":31,"teamFTM":18,"teamORB":10,"teamDRB":39,"teamPTS1":21,"teamPTS2":32,"teamPTS3":20,"teamPTS4":23,"teamPTS5":0,"teamPTS6":0,"teamPTS7":0,"teamPTS8":0,"opptAbbr":"NO","opptConf":"West","opptLoc":"Away","opptRslt":"Win","opptPTS":101,"opptAST":26,"opptTO":16,"opptSTL":6,"opptBLK":10,"opptPF":19,"opptFGA":87,"opptFGM":39,"oppt2PA":61,"oppt2PM":30,"oppt3PA":26,"oppt3PM":9,"opptFTA":18,"opptFTM":14,"opptORB":8,"opptDRB":34,"opptPTS1":32,"opptPTS2":24,"opptPTS3":20,"opptPTS4":25,"opptPTS5":0,"opptPTS6":0,"opptPTS7":0,"opptPTS8":0}
{"_id":{"$oid":"5cb552f6e0f627212ff3be17"},"gmDate":"2018/1/26","offLNm3":"Acosta","offFNm3":"Ray","teamAbbr":"CHA","teamConf":"East","teamLoc":"Home","teamRslt":"Win","teamPTS":121,"teamAST":25,"teamTO":11,"teamSTL":13,"teamBLK":8,"teamPF":25,"teamFGA":88,"teamFGM":40,"team2PA":54,"team2PM":27,"team3PA":34,"team3PM":13,"teamFTA":32,"teamFTM":28,"teamORB":11,"teamDRB":32,"teamPTS1":30,"teamPTS2":31,"teamPTS3":29,"teamPTS4":31,"teamPTS5":0,"teamPTS6":0,"teamPTS7":0,"teamPTS8":0,"opptAbbr":"ATL","opptConf":"East","opptLoc":"Away","opptRslt":"Loss","opptPTS":110,"opptAST":23,"opptTO":21,"opptSTL":6,"opptBLK":5,"opptPF":26,"opptFGA":79,"opptFGM":37,"oppt2PA":49,"oppt2PM":22,"oppt3PA":30,"oppt3PM":15,"opptFTA":25,"opptFTM":21,"opptORB":6,"opptDRB":33,"opptPTS1":26,"opptPTS2":26,"opptPTS3":34,"opptPTS4":24,"opptPTS5":0,"opptPTS6":0,"opptPTS7":0,"opptPTS8":0}
{"_id":{"$oid":"5cb552f6e0f627212ff3be24"},"gmDate":"2018/1/27","offLNm3":"Kirkland","offFNm3":"Courtney","teamAbbr":"MIA","teamConf":"East","teamLoc":"Home","teamRslt":"Win","teamPTS":95,"teamAST":25,"teamTO":14,"teamSTL":4,"teamBLK":5,"teamPF":24,"teamFGA":85,"teamFGM":38,"team2PA":59,"team2PM":30,"team3PA":26,"team3PM":8,"teamFTA":18,"teamFTM":11,"teamORB":11,"teamDRB":40,"teamPTS1":22,"teamPTS2":32,"teamPTS3":17,"teamPTS4":24,"teamPTS5":0,"teamPTS6":0,"teamPTS7":0,"teamPTS8":0,"opptAbbr":"CHA","opptConf":"East","opptLoc":"Away","opptRslt":"Loss","opptPTS":91,"opptAST":12,"opptTO":8,"opptSTL":6,"opptBLK":6,"opptPF":15,"opptFGA":84,"opptFGM":29,"oppt2PA":60,"oppt2PM":24,"oppt3PA":24,"oppt3PM":5,"opptFTA":35,"opptFTM":28,"opptORB":12,"opptDRB":34,"opptPTS1":26,"opptPTS2":22,"opptPTS3":30,"opptPTS4":13,"opptPTS5":0,"opptPTS6":0,"opptPTS7":0,"opptPTS8":0}
{"_id":{"$oid":"5cb552f6e0f627212ff3be2f"},"gmDate":"2018/1/29","offLNm3":"Barnaky","offFNm3":"Brent","teamAbbr":"IND","teamConf":"East","teamLoc":"Home","teamRslt":"Win","teamPTS":105,"teamAST":28,"teamTO":13,"teamSTL":7,"teamBLK":3,"teamPF":19,"teamFGA":83,"teamFGM":45,"team2PA":62,"team2PM":39,"team3PA":21,"team3PM":6,"teamFTA":11,"teamFTM":9,"teamORB":6,"teamDRB":32,"teamPTS1":23,"teamPTS2":29,"teamPTS3":29,"teamPTS4":24,"teamPTS5":0,"teamPTS6":0,"teamPTS7":0,"teamPTS8":0,"opptAbbr":"CHA","opptConf":"East","opptLoc":"Away","opptRslt":"Loss","opptPTS":96,"opptAST":18,"opptTO":16,"opptSTL":5,"opptBLK":2,"opptPF":14,"opptFGA":83,"opptFGM":37,"oppt2PA":52,"oppt2PM":28,"oppt3PA":31,"oppt3PM":9,"opptFTA":20,"opptFTM":13,"opptORB":11,"opptDRB":29,"opptPTS1":23,"opptPTS2":28,"opptPTS3":27,"opptPTS4":18,"opptPTS5":0,"opptPTS6":0,"opptPTS7":0,"opptPTS8":0}
{"_id":{"$oid":"5cb552f6e0f627212ff3be41"},"gmDate":"2018/1/31","offLNm3":"Lewis","offFNm3":"Eric","teamAbbr":"ATL","teamConf":"East","teamLoc":"Home","teamRslt":"Loss","teamPTS":110,"teamAST":26,"teamTO":10,"teamSTL":5,"teamBLK":4,"teamPF":16,"teamFGA":77,"teamFGM":39,"team2PA":45,"team2PM":27,"team3PA":32,"team3PM":12,"teamFTA":22,"teamFTM":20,"teamORB":4,"teamDRB":25,"teamPTS1":28,"teamPTS2":24,"teamPTS3":32,"teamPTS4":26,"teamPTS5":0,"teamPTS6":0,"teamPTS7":0,"teamPTS8":0,"opptAbbr":"CHA","opptConf":"East","opptLoc":"Away","opptRslt":"Win","opptPTS":123,"opptAST":29,"opptTO":12,"opptSTL":6,"opptBLK":1,"opptPF":21,"opptFGA":90,"opptFGM":46,"oppt2PA":58,"oppt2PM":29,"oppt3PA":32,"oppt3PM":17,"opptFTA":18,"opptFTM":14,"opptORB":12,"opptDRB":30,"opptPTS1":35,"opptPTS2":29,"opptPTS3":33,"opptPTS4":26,"opptPTS5":0,"opptPTS6":0,"opptPTS7":0,"opptPTS8":0}
{"_id":{"$oid":"5cb552f6e0f627212ff3be4c"},"gmDate":"2018/2/2","offLNm3":"Smith","offFNm3":"Michael","teamAbbr":"CHA","teamConf":"East","teamLoc":"Home","teamRslt":"Win","teamPTS":133,"teamAST":27,"teamTO":15,"teamSTL":5,"teamBLK":2,"teamPF":21,"teamFGA":83,"teamFGM":44,"team2PA":50,"team2PM":29,"team3PA":33,"team3PM":15,"teamFTA":34,"teamFTM":30,"teamORB":11,"teamDRB":32,"teamPTS1":49,"teamPTS2":22,"teamPTS3":25,"teamPTS4":37,"teamPTS5":0,"teamPTS6":0,"teamPTS7":0,"teamPTS8":0,"opptAbbr":"IND","opptConf":"East","opptLoc":"Away","opptRslt":"Loss","opptPTS":126,"opptAST":21,"opptTO":11,"opptSTL":10,"opptBLK":6,"opptPF":25,"opptFGA":87,"opptFGM":44,"oppt2PA":58,"oppt2PM":32,"oppt3PA":29,"oppt3PM":12,"opptFTA":28,"opptFTM":26,"opptORB":7,"opptDRB":24,"opptPTS1":37,"opptPTS2":20,"opptPTS3":34,"opptPTS4":35,"opptPTS5":0,"opptPTS6":0,"opptPTS7":0,"opptPTS8":0}
{"_id":{"$oid":"5cb552f6e0f627212ff3be5e"},"gmDate":"2018/2/4","offLNm3":"Van Duyne","offFNm3":"Justin","teamAbbr":"PHO","teamConf":"West","teamLoc":"Home","teamRslt":"Loss","teamPTS":110,"teamAST":24,"teamTO":19,"teamSTL":4,"teamBLK":4,"teamPF":25,"teamFGA":77,"teamFGM":41,"team2PA":48,"team2PM":26,"team3PA":29,"team3PM":15,"teamFTA":13,"teamFTM":13,"teamORB":2,"teamDRB":37,"teamPTS1":31,"teamPTS2":28,"teamPTS3":35,"teamPTS4":16,"teamPTS5":0,"teamPTS6":0,"teamPTS7":0,"teamPTS8":0,"opptAbbr":"CHA","opptConf":"East","opptLoc":"Away","opptRslt":"Win","opptPTS":115,"opptAST":24,"opptTO":8,"opptSTL":12,"opptBLK":6,"opptPF":17,"opptFGA":96,"opptFGM":40,"oppt2PA":58,"oppt2PM":30,"oppt3PA":38,"oppt3PM":10,"opptFTA":29,"opptFTM":25,"opptORB":13,"opptDRB":30,"opptPTS1":25,"opptPTS2":23,"opptPTS3":38,"opptPTS4":29,"opptPTS5":0,"opptPTS6":0,"opptPTS7":0,"opptPTS8":0}
{"_id":{"$oid":"5cb552f6e0f627212ff3be67"},"gmDate":"2018/2/5","offLNm3":"Nansel","offFNm3":"Brett","teamAbbr":"DEN","teamConf":"West","teamLoc":"Home","teamRslt":"Win","teamPTS":121,"teamAST":30,"teamTO":11,"teamSTL":10,"teamBLK":2,"teamPF":15,"teamFGA":81,"teamFGM":46,"team2PA":47,"team2PM":28,"team3PA":34,"team3PM":18,"teamFTA":13,"teamFTM":11,"teamORB":5,"teamDRB":36,"teamPTS1":36,"teamPTS2":27,"teamPTS3":34,"teamPTS4":24,"teamPTS5":0,"teamPTS6":0,"teamPTS7":0,"teamPTS8":0,"opptAbbr":"CHA","opptConf":"East","opptLoc":"Away","opptRslt":"Loss","opptPTS":104,"opptAST":21,"opptTO":10,"opptSTL":7,"opptBLK":1,"opptPF":16,"opptFGA":77,"opptFGM":39,"oppt2PA":51,"oppt2PM":28,"oppt3PA":26,"oppt3PM":11,"opptFTA":24,"opptFTM":15,"opptORB":5,"opptDRB":31,"opptPTS1":25,"opptPTS2":37,"opptPTS3":22,"opptPTS4":20,"opptPTS5":0,"opptPTS6":0,"opptPTS7":0,"opptPTS8":0}
{"_id":{"$oid":"5cb552f6e0f627212ff3be7a"},"gmDate":"2018/2/8","offLNm3":"Mauer","offFNm3":"Ken","teamAbbr":"POR","teamConf":"West","teamLoc":"Home","teamRslt":"Win","teamPTS":109,"teamAST":18,"teamTO":17,"teamSTL":7,"teamBLK":7,"teamPF":19,"teamFGA":90,"teamFGM":41,"team2PA":59,"team2PM":32,"team3PA":31,"team3PM":9,"teamFTA":22,"teamFTM":18,"teamORB":9,"teamDRB":48,"teamPTS1":29,"teamPTS2":20,"teamPTS3":30,"teamPTS4":18,"teamPTS5":12,"teamPTS6":0,"teamPTS7":0,"teamPTS8":0,"opptAbbr":"CHA","opptConf":"East","opptLoc":"Away","opptRslt":"Loss","opptPTS":103,"opptAST":17,"opptTO":12,"opptSTL":10,"opptBLK":3,"opptPF":16,"opptFGA":98,"opptFGM":38,"oppt2PA":65,"oppt2PM":25,"oppt3PA":33,"oppt3PM":13,"opptFTA":17,"opptFTM":14,"opptORB":7,"opptDRB":37,"opptPTS1":18,"opptPTS2":27,"opptPTS3":20,"opptPTS4":32,"opptPTS5":6,"opptPTS6":0,"opptPTS7":0,"opptPTS8":0}
{"_id":{"$oid":"5cb552f6e0f627212ff3be84"},"gmDate":"2018/2/9","offLNm3":"Phillips","offFNm3":"Jason","teamAbbr":"UTA","teamConf":"West","teamLoc":"Home","teamRslt":"Win","teamPTS":106,"teamAST":29,"teamTO":14,"teamSTL":5,"teamBLK":7,"teamPF":17,"teamFGA":84,"teamFGM":41,"team2PA":55,"team2PM":31,"team3PA":29,"team3PM":10,"teamFTA":17,"teamFTM":14,"teamORB":7,"teamDRB":42,"teamPTS1":28,"teamPTS2":27,"teamPTS3":29,"teamPTS4":22,"teamPTS5":0,"teamPTS6":0,"teamPTS7":0,"teamPTS8":0,"opptAbbr":"CHA","opptConf":"East","opptLoc":"Away","opptRslt":"Loss","opptPTS":94,"opptAST":17,"opptTO":7,"opptSTL":8,"opptBLK":2,"opptPF":18,"opptFGA":85,"opptFGM":35,"oppt2PA":61,"oppt2PM":26,"oppt3PA":24,"oppt3PM":9,"opptFTA":19,"opptFTM":15,"opptORB":5,"opptDRB":28,"opptPTS1":24,"opptPTS2":22,"opptPTS3":31,"opptPTS4":17,"opptPTS5":0,"opptPTS6":0,"opptPTS7":0,"opptPTS8":0}
{"_id":{"$oid":"5cb552f6e0f627212ff3be8d"},"gmDate":"2018/2/11","offLNm3":"Richardson","offFNm3":"Derek","teamAbbr":"CHA","teamConf":"East","teamLoc":"Home","teamRslt":"Loss","teamPTS":103,"teamAST":26,"teamTO":13,"teamSTL":5,"teamBLK":5,"teamPF":13,"teamFGA":89,"teamFGM":38,"team2PA":66,"team2PM":28,"team3PA":23,"team3PM":10,"teamFTA":23,"teamFTM":17,"teamORB":11,"teamDRB":31,"teamPTS1":26,"teamPTS2":29,"teamPTS3":19,"teamPTS4":29,"teamPTS5":0,"teamPTS6":0,"teamPTS7":0,"teamPTS8":0,"opptAbbr":"TOR","opptConf":"East","opptLoc":"Away","opptRslt":"Win","opptPTS":123,"opptAST":35,"opptTO":13,"opptSTL":7,"opptBLK":8,"opptPF":24,"opptFGA":87,"opptFGM":49,"oppt2PA":50,"oppt2PM":31,"oppt3PA":37,"oppt3PM":18,"opptFTA":10,"opptFTM":7,"opptORB":6,"opptDRB":34,"opptPTS1":30,"opptPTS2":32,"opptPTS3":28,"opptPTS4":33,"opptPTS5":0,"opptPTS6":0,"opptPTS7":0,"opptPTS8":0}
{"_id":{"$oid":"5cb552f6e0f627212ff3bea2"},"gmDate":"2018/2/14","offLNm3":"Stafford","offFNm3":"Derrick","teamAbbr":"ORL","teamConf":"East","teamLoc":"Home","teamRslt":"Loss","teamPTS":102,"teamAST":21,"teamTO":20,"teamSTL":7,"teamBLK":0,"teamPF":17,"teamFGA":86,"teamFGM":36,"team2PA":49,"team2PM":21,"team3PA":37,"team3PM":15,"teamFTA":17,"teamFTM":15,"teamORB":9,"teamDRB":39,"teamPTS1":26,"teamPTS2":27,"teamPTS3":25,"teamPTS4":24,"teamPTS5":0,"teamPTS6":0,"teamPTS7":0,"teamPTS8":0,"opptAbbr":"CHA","opptConf":"East","opptLoc":"Away","opptRslt":"Win","opptPTS":104,"opptAST":26,"opptTO":12,"opptSTL":14,"opptBLK":4,"opptPF":15,"opptFGA":88,"opptFGM":38,"oppt2PA":58,"oppt2PM":25,"oppt3PA":30,"oppt3PM":13,"opptFTA":19,"opptFTM":15,"opptORB":8,"opptDRB":37,"opptPTS1":20,"opptPTS2":34,"opptPTS3":31,"opptPTS4":19,"opptPTS5":0,"opptPTS6":0,"opptPTS7":0,"opptPTS8":0}
{"_id":{"$oid":"5cb552f6e0f627212ff3beaf"},"gmDate":"2018/2/22","offLNm3":"Malloy","offFNm3":"Ed","teamAbbr":"CHA","teamConf":"East","teamLoc":"Home","teamRslt":"Win","teamPTS":111,"teamAST":29,"teamTO":15,"teamSTL":3,"teamBLK":6,"teamPF":15,"teamFGA":87,"teamFGM":42,"team2PA":66,"team2PM":31,"team3PA":21,"team3PM":11,"teamFTA":20,"teamFTM":16,"teamORB":13,"teamDRB":41,"teamPTS1":32,"teamPTS2":23,"teamPTS3":25,"teamPTS4":31,"teamPTS5":0,"teamPTS6":0,"teamPTS7":0,"teamPTS8":0,"opptAbbr":"BKN","opptConf":"East","opptLoc":"Away","opptRslt":"Loss","opptPTS":96,"opptAST":27,"opptTO":10,"opptSTL":6,"opptBLK":8,"opptPF":23,"opptFGA":93,"opptFGM":36,"oppt2PA":50,"oppt2PM":22,"oppt3PA":43,"oppt3PM":14,"opptFTA":14,"opptFTM":10,"opptORB":11,"opptDRB":30,"opptPTS1":28,"opptPTS2":25,"opptPTS3":21,"opptPTS4":22,"opptPTS5":0,"opptPTS6":0,"opptPTS7":0,"opptPTS8":0}
{"_id":{"$oid":"5cb552f6e0f627212ff3beb7"},"gmDate":"2018/2/23","offLNm3":"Ervin","offFNm3":"Mitchell","teamAbbr":"WAS","teamConf":"East","teamLoc":"Home","teamRslt":"Loss","teamPTS":105,"teamAST":25,"teamTO":14,"teamSTL":3,"teamBLK":0,"teamPF":21,"teamFGA":81,"teamFGM":40,"team2PA":56,"team2PM":31,"team3PA":25,"team3PM":9,"teamFTA":17,"teamFTM":16,"teamORB":6,"teamDRB":30,"teamPTS1":26,"teamPTS2":29,"teamPTS3":27,"teamPTS4":23,"teamPTS5":0,"teamPTS6":0,"teamPTS7":0,"teamPTS8":0,"opptAbbr":"CHA","opptConf":"East","opptLoc":"Away","opptRslt":"Win","opptPTS":122,"opptAST":26,"opptTO":9,"opptSTL":7,"opptBLK":5,"opptPF":18,"opptFGA":90,"opptFGM":44,"oppt2PA":51,"oppt2PM":27,"oppt3PA":39,"oppt3PM":17,"opptFTA":20,"opptFTM":17,"opptORB":13,"opptDRB":28,"opptPTS1":36,"opptPTS2":31,"opptPTS3":27,"opptPTS4":28,"opptPTS5":0,"opptPTS6":0,"opptPTS7":0,"opptPTS8":0}
{"_id":{"$oid":"5cb552f6e0f627212ff3bec7"},"gmDate":"2018/2/25","offLNm3":"Spooner","offFNm3":"Bill","teamAbbr":"CHA","teamConf":"East","teamLoc":"Home","teamRslt":"Win","teamPTS":114,"teamAST":28,"teamTO":18,"teamSTL":9,"teamBLK":4,"teamPF":19,"teamFGA":88,"teamFGM":42,"team2PA":53,"team2PM":26,"team3PA":35,"team3PM":16,"teamFTA":23,"teamFTM":14,"teamORB":13,"teamDRB":34,"teamPTS1":32,"teamPTS2":38,"teamPTS3":26,"teamPTS4":18,"teamPTS5":0,"teamPTS6":0,"teamPTS7":0,"teamPTS8":0,"opptAbbr":"DET","opptConf":"East","opptLoc":"Away","opptRslt":"Loss","opptPTS":98,"opptAST":23,"opptTO":17,"opptSTL":4,"opptBLK":3,"opptPF":22,"opptFGA":85,"opptFGM":42,"oppt2PA":67,"oppt2PM":38,"oppt3PA":18,"oppt3PM":4,"opptFTA":14,"opptFTM":10,"opptORB":8,"opptDRB":33,"opptPTS1":19,"opptPTS2":27,"opptPTS3":25,"opptPTS4":27,"opptPTS5":0,"opptPTS6":0,"opptPTS7":0,"opptPTS8":0}
{"_id":{"$oid":"5cb552f6e0f627212ff3bed7"},"gmDate":"2018/2/27","offLNm3":"Brown","offFNm3":"Tony","teamAbbr":"CHA","teamConf":"East","teamLoc":"Home","teamRslt":"Win","teamPTS":118,"teamAST":28,"teamTO":14,"teamSTL":11,"teamBLK":8,"teamPF":14,"teamFGA":82,"teamFGM":44,"team2PA":47,"team2PM":29,"team3PA":35,"team3PM":15,"teamFTA":21,"teamFTM":15,"teamORB":6,"teamDRB":29,"teamPTS1":26,"teamPTS2":25,"teamPTS3":36,"teamPTS4":31,"teamPTS5":0,"teamPTS6":0,"teamPTS7":0,"teamPTS8":0,"opptAbbr":"CHI","opptConf":"East","opptLoc":"Away","opptRslt":"Loss","opptPTS":103,"opptAST":26,"opptTO":21,"opptSTL":8,"opptBLK":5,"opptPF":23,"opptFGA":81,"opptFGM":39,"oppt2PA":57,"oppt2PM":30,"oppt3PA":24,"oppt3PM":9,"opptFTA":21,"opptFTM":16,"opptORB":11,"opptDRB":33,"opptPTS1":29,"opptPTS2":22,"opptPTS3":27,"opptPTS4":25,"opptPTS5":0,"opptPTS6":0,"opptPTS7":0,"opptPTS8":0}
{"_id":{"$oid":"5cb552f6e0f627212ff3bee0"},"gmDate":"2018/2/28","offLNm3":"Washington","offFNm3":"Tom","teamAbbr":"BOS","teamConf":"East","teamLoc":"Home","teamRslt":"Win","teamPTS":134,"teamAST":31,"teamTO":11,"teamSTL":3,"teamBLK":4,"teamPF":20,"teamFGA":87,"teamFGM":54,"team2PA":67,"team2PM":42,"team3PA":20,"team3PM":12,"teamFTA":15,"teamFTM":14,"teamORB":4,"teamDRB":43,"teamPTS1":37,"teamPTS2":30,"teamPTS3":36,"teamPTS4":31,"teamPTS5":0,"teamPTS6":0,"teamPTS7":0,"teamPTS8":0,"opptAbbr":"CHA","opptConf":"East","opptLoc":"Away","opptRslt":"Loss","opptPTS":106,"opptAST":24,"opptTO":7,"opptSTL":6,"opptBLK":6,"opptPF":17,"opptFGA":91,"opptFGM":42,"oppt2PA":64,"oppt2PM":33,"oppt3PA":27,"oppt3PM":9,"opptFTA":22,"opptFTM":13,"opptORB":9,"opptDRB":24,"opptPTS1":31,"opptPTS2":28,"opptPTS3":20,"opptPTS4":27,"opptPTS5":0,"opptPTS6":0,"opptPTS7":0,"opptPTS8":0}
{"_id":{"$oid":"5cb552f6e0f627212ff3beeb"},"gmDate":"2018/3/2","offLNm3":"Zielinski","offFNm3":"Gary","teamAbbr":"PHI","teamConf":"East","teamLoc":"Home","teamRslt":"Win","teamPTS":110,"teamAST":27,"teamTO":12,"teamSTL":4,"teamBLK":5,"teamPF":22,"teamFGA":81,"teamFGM":41,"team2PA":57,"team2PM":32,"team3PA":24,"team3PM":9,"teamFTA":25,"teamFTM":19,"teamORB":7,"teamDRB":39,"teamPTS1":27,"teamPTS2":21,"teamPTS3":26,"teamPTS4":36,"teamPTS5":0,"teamPTS6":0,"teamPTS7":0,"teamPTS8":0,"opptAbbr":"CHA","opptConf":"East","opptLoc":"Away","opptRslt":"Loss","opptPTS":99,"opptAST":21,"opptTO":10,"opptSTL":7,"opptBLK":0,"opptPF":25,"opptFGA":81,"opptFGM":34,"oppt2PA":57,"oppt2PM":23,"oppt3PA":24,"oppt3PM":11,"opptFTA":32,"opptFTM":20,"opptORB":7,"opptDRB":32,"opptPTS1":30,"opptPTS2":26,"opptPTS3":24,"opptPTS4":19,"opptPTS5":0,"opptPTS6":0,"opptPTS7":0,"opptPTS8":0}
{"_id":{"$oid":"5cb552f6e0f627212ff3befc"},"gmDate":"2018/3/4","offLNm3":"Acosta","offFNm3":"Ray","teamAbbr":"TOR","teamConf":"East","teamLoc":"Home","teamRslt":"Win","teamPTS":103,"teamAST":22,"teamTO":15,"teamSTL":5,"teamBLK":9,"teamPF":28,"teamFGA":83,"teamFGM":35,"team2PA":42,"team2PM":23,"team3PA":41,"team3PM":12,"teamFTA":27,"teamFTM":21,"teamORB":9,"teamDRB":41,"teamPTS1":26,"teamPTS2":26,"teamPTS3":30,"teamPTS4":21,"teamPTS5":0,"teamPTS6":0,"teamPTS7":0,"teamPTS8":0,"opptAbbr":"CHA","opptConf":"East","opptLoc":"Away","opptRslt":"Loss","opptPTS":98,"opptAST":16,"opptTO":9,"opptSTL":7,"opptBLK":4,"opptPF":21,"opptFGA":85,"opptFGM":32,"oppt2PA":64,"oppt2PM":27,"oppt3PA":21,"oppt3PM":5,"opptFTA":35,"opptFTM":29,"opptORB":9,"opptDRB":37,"opptPTS1":21,"opptPTS2":22,"opptPTS3":26,"opptPTS4":29,"opptPTS5":0,"opptPTS6":0,"opptPTS7":0,"opptPTS8":0}
{"_id":{"$oid":"5cb552f6e0f627212ff3bf09"},"gmDate":"2018/3/6","offLNm3":"Van Duyne","offFNm3":"Justin","teamAbbr":"CHA","teamConf":"East","teamLoc":"Home","teamRslt":"Loss","teamPTS":114,"teamAST":26,"teamTO":10,"teamSTL":7,"teamBLK":5,"teamPF":12,"teamFGA":80,"teamFGM":40,"team2PA":51,"team2PM":29,"team3PA":29,"team3PM":11,"teamFTA":31,"teamFTM":23,"teamORB":8,"teamDRB":25,"teamPTS1":29,"teamPTS2":30,"teamPTS3":32,"teamPTS4":23,"teamPTS5":0,"teamPTS6":0,"teamPTS7":0,"teamPTS8":0,"opptAbbr":"PHI","opptConf":"East","opptLoc":"Away","opptRslt":"Win","opptPTS":128,"opptAST":35,"opptTO":14,"opptSTL":6,"opptBLK":4,"opptPF":20,"opptFGA":87,"opptFGM":50,"oppt2PA":54,"oppt2PM":34,"oppt3PA":33,"oppt3PM":16,"opptFTA":15,"opptFTM":12,"opptORB":10,"opptDRB":34,"opptPTS1":32,"opptPTS2":39,"opptPTS3":30,"opptPTS4":27,"opptPTS5":0,"opptPTS6":0,"opptPTS7":0,"opptPTS8":0}
{"_id":{"$oid":"5cb552f6e0f627212ff3bf18"},"gmDate":"2018/3/8","offLNm3":"Adams","offFNm3":"Bennie","teamAbbr":"CHA","teamConf":"East","teamLoc":"Home","teamRslt":"Loss","teamPTS":111,"teamAST":19,"teamTO":13,"teamSTL":5,"teamBLK":5,"teamPF":21,"teamFGA":85,"teamFGM":41,"team2PA":66,"team2PM":37,"team3PA":19,"team3PM":4,"teamFTA":30,"teamFTM":25,"teamORB":6,"teamDRB":30,"teamPTS1":29,"teamPTS2":30,"teamPTS3":26,"teamPTS4":26,"teamPTS5":0,"teamPTS6":0,"teamPTS7":0,"teamPTS8":0,"opptAbbr":"BKN","opptConf":"East","opptLoc":"Away","opptRslt":"Win","opptPTS":125,"opptAST":30,"opptTO":12,"opptSTL":7,"opptBLK":7,"opptPF":27,"opptFGA":92,"opptFGM":47,"oppt2PA":60,"oppt2PM":36,"oppt3PA":32,"oppt3PM":11,"opptFTA":22,"opptFTM":20,"opptORB":9,"opptDRB":34,"opptPTS1":35,"opptPTS2":30,"opptPTS3":31,"opptPTS4":29,"opptPTS5":0,"opptPTS6":0,"opptPTS7":0,"opptPTS8":0}
{"_id":{"$oid":"5cb552f6e0f627212ff3bf27"},"gmDate":"2018/3/10","offLNm3":"Richardson","offFNm3":"Derek","teamAbbr":"CHA","teamConf":"East","teamLoc":"Home","teamRslt":"Win","teamPTS":122,"teamAST":24,"teamTO":12,"teamSTL":11,"teamBLK":6,"teamPF":18,"teamFGA":87,"teamFGM":44,"team2PA":55,"team2PM":31,"team3PA":32,"team3PM":13,"teamFTA":27,"teamFTM":21,"teamORB":7,"teamDRB":34,"teamPTS1":32,"teamPTS2":27,"teamPTS3":35,"teamPTS4":28,"teamPTS5":0,"teamPTS6":0,"teamPTS7":0,"teamPTS8":0,"opptAbbr":"PHO","opptConf":"West","opptLoc":"Away","opptRslt":"Loss","opptPTS":115,"opptAST":27,"opptTO":15,"opptSTL":9,"opptBLK":3,"opptPF":25,"opptFGA":83,"opptFGM":42,"oppt2PA":51,"oppt2PM":24,"oppt3PA":32,"oppt3PM":18,"opptFTA":19,"opptFTM":13,"opptORB":5,"opptDRB":30,"opptPTS1":25,"opptPTS2":26,"opptPTS3":21,"opptPTS4":43,"opptPTS5":0,"opptPTS6":0,"opptPTS7":0,"opptPTS8":0}
{"_id":{"$oid":"5cb552f6e0f627212ff3bf40"},"gmDate":"2018/3/13","offLNm3":"Mott","offFNm3":"Rodney","teamAbbr":"NO","teamConf":"West","teamLoc":"Home","teamRslt":"Win","teamPTS":119,"teamAST":33,"teamTO":12,"teamSTL":10,"teamBLK":7,"teamPF":16,"teamFGA":104,"teamFGM":52,"team2PA":82,"team2PM":43,"team3PA":22,"team3PM":9,"teamFTA":8,"teamFTM":6,"teamORB":14,"teamDRB":36,"teamPTS1":37,"teamPTS2":35,"teamPTS3":20,"teamPTS4":27,"teamPTS5":0,"teamPTS6":0,"teamPTS7":0,"teamPTS8":0,"opptAbbr":"CHA","opptConf":"East","opptLoc":"Away","opptRslt":"Loss","opptPTS":115,"opptAST":22,"opptTO":14,"opptSTL":8,"opptBLK":9,"opptPF":13,"opptFGA":93,"opptFGM":45,"oppt2PA":67,"oppt2PM":38,"oppt3PA":26,"oppt3PM":7,"opptFTA":22,"opptFTM":18,"opptORB":8,"opptDRB":37,"opptPTS1":32,"opptPTS2":33,"opptPTS3":27,"opptPTS4":23,"opptPTS5":0,"opptPTS6":0,"opptPTS7":0,"opptPTS8":0}
{"_id":{"$oid":"5cb552f6e0f627212ff3bf4a"},"gmDate":"2018/3/15","offLNm3":"Kennedy","offFNm3":"Bill","teamAbbr":"ATL","teamConf":"East","teamLoc":"Home","teamRslt":"Loss","teamPTS":117,"teamAST":30,"teamTO":12,"teamSTL":5,"teamBLK":2,"teamPF":27,"teamFGA":90,"teamFGM":42,"team2PA":54,"team2PM":26,"team3PA":36,"team3PM":16,"teamFTA":26,"teamFTM":17,"teamORB":6,"teamDRB":40,"teamPTS1":23,"teamPTS2":32,"teamPTS3":24,"teamPTS4":38,"teamPTS5":0,"teamPTS6":0,"teamPTS7":0,"teamPTS8":0,"opptAbbr":"CHA","opptConf":"East","opptLoc":"Away","opptRslt":"Win","opptPTS":129,"opptAST":30,"opptTO":10,"opptSTL":3,"opptBLK":3,"opptPF":21,"opptFGA":87,"opptFGM":46,"oppt2PA":54,"oppt2PM":29,"oppt3PA":33,"oppt3PM":17,"opptFTA":30,"opptFTM":20,"opptORB":6,"opptDRB":39,"opptPTS1":33,"opptPTS2":30,"opptPTS3":34,"opptPTS4":32,"opptPTS5":0,"opptPTS6":0,"opptPTS7":0,"opptPTS8":0}
{"_id":{"$oid":"5cb552f6e0f627212ff3bf5b"},"gmDate":"2018/3/17","offLNm3":"Smith","offFNm3":"Michael","teamAbbr":"NY","teamConf":"East","teamLoc":"Home","teamRslt":"Win","teamPTS":124,"teamAST":24,"teamTO":8,"teamSTL":7,"teamBLK":5,"teamPF":22,"teamFGA":100,"teamFGM":49,"team2PA":74,"team2PM":37,"team3PA":26,"team3PM":12,"teamFTA":18,"teamFTM":14,"teamORB":12,"teamDRB":44,"teamPTS1":22,"teamPTS2":35,"teamPTS3":42,"teamPTS4":25,"teamPTS5":0,"teamPTS6":0,"teamPTS7":0,"teamPTS8":0,"opptAbbr":"CHA","opptConf":"East","opptLoc":"Away","opptRslt":"Loss","opptPTS":101,"opptAST":11,"opptTO":10,"opptSTL":7,"opptBLK":5,"opptPF":13,"opptFGA":90,"opptFGM":33,"oppt2PA":57,"oppt2PM":24,"oppt3PA":33,"oppt3PM":9,"opptFTA":32,"opptFTM":26,"opptORB":13,"opptDRB":37,"opptPTS1":24,"opptPTS2":26,"opptPTS3":17,"opptPTS4":34,"opptPTS5":0,"opptPTS6":0,"opptPTS7":0,"opptPTS8":0}
{"_id":{"$oid":"5cb552f6e0f627212ff3bf68"},"gmDate":"2018/3/19","offLNm3":"Wall","offFNm3":"Scott","teamAbbr":"PHI","teamConf":"East","teamLoc":"Home","teamRslt":"Win","teamPTS":108,"teamAST":30,"teamTO":16,"teamSTL":5,"teamBLK":7,"teamPF":22,"teamFGA":93,"teamFGM":42,"team2PA":49,"team2PM":24,"team3PA":44,"team3PM":18,"teamFTA":8,"teamFTM":6,"teamORB":17,"teamDRB":43,"teamPTS1":21,"teamPTS2":28,"teamPTS3":32,"teamPTS4":27,"teamPTS5":0,"teamPTS6":0,"teamPTS7":0,"teamPTS8":0,"opptAbbr":"CHA","opptConf":"East","opptLoc":"Away","opptRslt":"Loss","opptPTS":94,"opptAST":16,"opptTO":9,"opptSTL":8,"opptBLK":4,"opptPF":12,"opptFGA":85,"opptFGM":32,"oppt2PA":63,"oppt2PM":26,"oppt3PA":22,"oppt3PM":6,"opptFTA":30,"opptFTM":24,"opptORB":7,"opptDRB":33,"opptPTS1":18,"opptPTS2":38,"opptPTS3":14,"opptPTS4":24,"opptPTS5":0,"opptPTS6":0,"opptPTS7":0,"opptPTS8":0}
{"_id":{"$oid":"5cb552f6e0f627212ff3bf78"},"gmDate":"2018/3/21","offLNm3":"Spooner","offFNm3":"Bill","teamAbbr":"BKN","teamConf":"East","teamLoc":"Home","teamRslt":"Loss","teamPTS":105,"teamAST":22,"teamTO":13,"teamSTL":6,"teamBLK":11,"teamPF":36,"teamFGA":93,"teamFGM":39,"team2PA":56,"team2PM":26,"team3PA":37,"team3PM":13,"teamFTA":21,"teamFTM":14,"teamORB":10,"teamDRB":36,"teamPTS1":34,"teamPTS2":28,"teamPTS3":25,"teamPTS4":18,"teamPTS5":0,"teamPTS6":0,"teamPTS7":0,"teamPTS8":0,"opptAbbr":"CHA","opptConf":"East","opptLoc":"Away","opptRslt":"Win","opptPTS":111,"opptAST":18,"opptTO":13,"opptSTL":3,"opptBLK":2,"opptPF":16,"opptFGA":94,"opptFGM":36,"oppt2PA":78,"oppt2PM":33,"oppt3PA":16,"oppt3PM":3,"opptFTA":47,"opptFTM":36,"opptORB":23,"opptDRB":45,"opptPTS1":22,"opptPTS2":21,"opptPTS3":32,"opptPTS4":36,"opptPTS5":0,"opptPTS6":0,"opptPTS7":0,"opptPTS8":0}
{"_id":{"$oid":"5cb552f6e0f627212ff3bf7e"},"gmDate":"2018/3/22","offLNm3":"Mauer","offFNm3":"Ken","teamAbbr":"CHA","teamConf":"East","teamLoc":"Home","teamRslt":"Win","teamPTS":140,"teamAST":25,"teamTO":9,"teamSTL":10,"teamBLK":4,"teamPF":17,"teamFGA":92,"teamFGM":49,"team2PA":52,"team2PM":30,"team3PA":40,"team3PM":19,"teamFTA":27,"teamFTM":23,"teamORB":11,"teamDRB":42,"teamPTS1":37,"teamPTS2":38,"teamPTS3":37,"teamPTS4":28,"teamPTS5":0,"teamPTS6":0,"teamPTS7":0,"teamPTS8":0,"opptAbbr":"MEM","opptConf":"West","opptLoc":"Away","opptRslt":"Loss","opptPTS":79,"opptAST":13,"opptTO":19,"opptSTL":4,"opptBLK":7,"opptPF":24,"opptFGA":78,"opptFGM":30,"oppt2PA":60,"oppt2PM":26,"oppt3PA":18,"oppt3PM":4,"opptFTA":21,"opptFTM":15,"opptORB":9,"opptDRB":29,"opptPTS1":14,"opptPTS2":28,"opptPTS3":15,"opptPTS4":22,"opptPTS5":0,"opptPTS6":0,"opptPTS7":0,"opptPTS8":0}
{"_id":{"$oid":"5cb552f6e0f627212ff3bf93"},"gmDate":"2018/3/24","offLNm3":"Van Duyne","offFNm3":"Justin","teamAbbr":"DAL","teamConf":"West","teamLoc":"Home","teamRslt":"Loss","teamPTS":98,"teamAST":22,"teamTO":12,"teamSTL":10,"teamBLK":6,"teamPF":22,"teamFGA":91,"teamFGM":36,"team2PA":50,"team2PM":24,"team3PA":41,"team3PM":12,"teamFTA":19,"teamFTM":14,"teamORB":5,"teamDRB":47,"teamPTS1":27,"teamPTS2":21,"teamPTS3":22,"teamPTS4":28,"teamPTS5":0,"teamPTS6":0,"teamPTS7":0,"teamPTS8":0,"opptAbbr":"CHA","opptConf":"East","opptLoc":"Away","opptRslt":"Win","opptPTS":102,"opptAST":21,"opptTO":13,"opptSTL":10,"opptBLK":4,"opptPF":14,"opptFGA":92,"opptFGM":35,"oppt2PA":67,"oppt2PM":23,"oppt3PA":25,"oppt3PM":12,"opptFTA":29,"opptFTM":20,"opptORB":13,"opptDRB":49,"opptPTS1":22,"opptPTS2":32,"opptPTS3":25,"opptPTS4":23,"opptPTS5":0,"opptPTS6":0,"opptPTS7":0,"opptPTS8":0}
{"_id":{"$oid":"5cb552f6e0f627212ff3bf9d"},"gmDate":"2018/3/26","offLNm3":"Maddox","offFNm3":"Tre","teamAbbr":"CHA","teamConf":"East","teamLoc":"Home","teamRslt":"Win","teamPTS":137,"teamAST":25,"teamTO":15,"teamSTL":5,"teamBLK":4,"teamPF":12,"teamFGA":93,"teamFGM":51,"team2PA":65,"team2PM":40,"team3PA":28,"team3PM":11,"teamFTA":28,"teamFTM":24,"teamORB":11,"teamDRB":32,"teamPTS1":27,"teamPTS2":35,"teamPTS3":25,"teamPTS4":30,"teamPTS5":20,"teamPTS6":0,"teamPTS7":0,"teamPTS8":0,"opptAbbr":"NY","opptConf":"East","opptLoc":"Away","opptRslt":"Loss","opptPTS":128,"opptAST":25,"opptTO":11,"opptSTL":6,"opptBLK":1,"opptPF":27,"opptFGA":105,"opptFGM":54,"oppt2PA":75,"oppt2PM":45,"oppt3PA":30,"oppt3PM":9,"opptFTA":11,"opptFTM":11,"opptORB":11,"opptDRB":30,"opptPTS1":22,"opptPTS2":27,"opptPTS3":33,"opptPTS4":35,"opptPTS5":11,"opptPTS6":0,"opptPTS7":0,"opptPTS8":0}
{"_id":{"$oid":"5cb552f6e0f627212ff3bfaa"},"gmDate":"2018/3/28","offLNm3":"Mott","offFNm3":"Rodney","teamAbbr":"CHA","teamConf":"East","teamLoc":"Home","teamRslt":"Loss","teamPTS":105,"teamAST":20,"teamTO":13,"teamSTL":2,"teamBLK":2,"teamPF":16,"teamFGA":76,"teamFGM":39,"team2PA":55,"team2PM":34,"team3PA":21,"team3PM":5,"teamFTA":24,"teamFTM":22,"teamORB":6,"teamDRB":34,"teamPTS1":26,"teamPTS2":28,"teamPTS3":24,"teamPTS4":27,"teamPTS5":0,"teamPTS6":0,"teamPTS7":0,"teamPTS8":0,"opptAbbr":"CLE","opptConf":"East","opptLoc":"Away","opptRslt":"Win","opptPTS":118,"opptAST":22,"opptTO":6,"opptSTL":9,"opptBLK":1,"opptPF":19,"opptFGA":93,"opptFGM":45,"oppt2PA":65,"oppt2PM":34,"oppt3PA":28,"oppt3PM":11,"opptFTA":20,"opptFTM":17,"opptORB":11,"opptDRB":27,"opptPTS1":22,"opptPTS2":42,"opptPTS3":31,"opptPTS4":23,"opptPTS5":0,"opptPTS6":0,"opptPTS7":0,"opptPTS8":0}
{"_id":{"$oid":"5cb552f6e0f627212ff3bfc0"},"gmDate":"2018/3/31","offLNm3":"Brown","offFNm3":"Tony","teamAbbr":"WAS","teamConf":"East","teamLoc":"Home","teamRslt":"Win","teamPTS":107,"teamAST":30,"teamTO":12,"teamSTL":11,"teamBLK":4,"teamPF":23,"teamFGA":88,"teamFGM":40,"team2PA":49,"team2PM":22,"team3PA":39,"team3PM":18,"teamFTA":12,"teamFTM":9,"teamORB":11,"teamDRB":33,"teamPTS1":30,"teamPTS2":20,"teamPTS3":37,"teamPTS4":20,"teamPTS5":0,"teamPTS6":0,"teamPTS7":0,"teamPTS8":0,"opptAbbr":"CHA","opptConf":"East","opptLoc":"Away","opptRslt":"Loss","opptPTS":93,"opptAST":22,"opptTO":17,"opptSTL":6,"opptBLK":2,"opptPF":14,"opptFGA":77,"opptFGM":35,"oppt2PA":54,"oppt2PM":29,"oppt3PA":23,"oppt3PM":6,"opptFTA":27,"opptFTM":17,"opptORB":9,"opptDRB":37,"opptPTS1":27,"opptPTS2":24,"opptPTS3":23,"opptPTS4":19,"opptPTS5":0,"opptPTS6":0,"opptPTS7":0,"opptPTS8":0}
{"_id":{"$oid":"5cb552f6e0f627212ff3bfc5"},"gmDate":"2018/4/1","offLNm3":"Foster","offFNm3":"Scott","teamAbbr":"CHA","teamConf":"East","teamLoc":"Home","teamRslt":"Loss","teamPTS":102,"teamAST":17,"teamTO":16,"teamSTL":8,"teamBLK":7,"teamPF":13,"teamFGA":82,"teamFGM":33,"team2PA":52,"team2PM":24,"team3PA":30,"team3PM":9,"teamFTA":34,"teamFTM":27,"teamORB":9,"teamDRB":31,"teamPTS1":29,"teamPTS2":22,"teamPTS3":27,"teamPTS4":24,"teamPTS5":0,"teamPTS6":0,"teamPTS7":0,"teamPTS8":0,"opptAbbr":"PHI","opptConf":"East","opptLoc":"Away","opptRslt":"Win","opptPTS":119,"opptAST":36,"opptTO":14,"opptSTL":15,"opptBLK":5,"opptPF":24,"opptFGA":94,"opptFGM":48,"oppt2PA":62,"oppt2PM":34,"oppt3PA":32,"oppt3PM":14,"opptFTA":10,"opptFTM":9,"opptORB":7,"opptDRB":37,"opptPTS1":28,"opptPTS2":32,"opptPTS3":31,"opptPTS4":28,"opptPTS5":0,"opptPTS6":0,"opptPTS7":0,"opptPTS8":0}
{"_id":{"$oid":"5cb552f6e0f627212ff3bfd6"},"gmDate":"2018/4/3","offLNm3":"Zielinski","offFNm3":"Gary","teamAbbr":"CHI","teamConf":"East","teamLoc":"Home","teamRslt":"Win","teamPTS":120,"teamAST":26,"teamTO":8,"teamSTL":9,"teamBLK":4,"teamPF":20,"teamFGA":99,"teamFGM":46,"team2PA":65,"team2PM":31,"team3PA":34,"team3PM":15,"teamFTA":18,"teamFTM":13,"teamORB":11,"teamDRB":33,"teamPTS1":19,"teamPTS2":34,"teamPTS3":33,"teamPTS4":34,"teamPTS5":0,"teamPTS6":0,"teamPTS7":0,"teamPTS8":0,"opptAbbr":"CHA","opptConf":"East","opptLoc":"Away","opptRslt":"Loss","opptPTS":114,"opptAST":24,"opptTO":20,"opptSTL":3,"opptBLK":4,"opptPF":16,"opptFGA":81,"opptFGM":40,"oppt2PA":47,"oppt2PM":27,"oppt3PA":34,"oppt3PM":13,"opptFTA":28,"opptFTM":21,"opptORB":10,"opptDRB":39,"opptPTS1":22,"opptPTS2":25,"opptPTS3":32,"opptPTS4":35,"opptPTS5":0,"opptPTS6":0,"opptPTS7":0,"opptPTS8":0}
{"_id":{"$oid":"5cb552f6e0f627212ff3bfef"},"gmDate":"2018/4/6","offLNm3":"Kirkland","offFNm3":"Courtney","teamAbbr":"ORL","teamConf":"East","teamLoc":"Home","teamRslt":"Loss","teamPTS":100,"teamAST":27,"teamTO":9,"teamSTL":2,"teamBLK":3,"teamPF":19,"teamFGA":94,"teamFGM":42,"team2PA":71,"team2PM":33,"team3PA":23,"team3PM":9,"teamFTA":13,"teamFTM":7,"teamORB":12,"teamDRB":24,"teamPTS1":25,"teamPTS2":24,"teamPTS3":26,"teamPTS4":25,"teamPTS5":0,"teamPTS6":0,"teamPTS7":0,"teamPTS8":0,"opptAbbr":"CHA","opptConf":"East","opptLoc":"Away","opptRslt":"Win","opptPTS":137,"opptAST":32,"opptTO":10,"opptSTL":4,"opptBLK":5,"opptPF":15,"opptFGA":86,"opptFGM":48,"oppt2PA":55,"oppt2PM":31,"oppt3PA":31,"oppt3PM":17,"opptFTA":26,"opptFTM":24,"opptORB":9,"opptDRB":41,"opptPTS1":43,"opptPTS2":29,"opptPTS3":31,"opptPTS4":34,"opptPTS5":0,"opptPTS6":0,"opptPTS7":0,"opptPTS8":0}
{"_id":{"$oid":"5cb552f6e0f627212ff3bffb"},"gmDate":"2018/4/8","offLNm3":"Washington","offFNm3":"Tom","teamAbbr":"CHA","teamConf":"East","teamLoc":"Home","teamRslt":"Loss","teamPTS":117,"teamAST":27,"teamTO":21,"teamSTL":6,"teamBLK":3,"teamPF":17,"teamFGA":80,"teamFGM":40,"team2PA":50,"team2PM":29,"team3PA":30,"team3PM":11,"teamFTA":30,"teamFTM":26,"teamORB":5,"teamDRB":31,"teamPTS1":25,"teamPTS2":32,"teamPTS3":24,"teamPTS4":36,"teamPTS5":0,"teamPTS6":0,"teamPTS7":0,"teamPTS8":0,"opptAbbr":"IND","opptConf":"East","opptLoc":"Away","opptRslt":"Win","opptPTS":123,"opptAST":27,"opptTO":15,"opptSTL":11,"opptBLK":1,"opptPF":22,"opptFGA":93,"opptFGM":50,"oppt2PA":68,"oppt2PM":41,"oppt3PA":25,"oppt3PM":9,"opptFTA":18,"opptFTM":14,"opptORB":7,"opptDRB":32,"opptPTS1":31,"opptPTS2":39,"opptPTS3":25,"opptPTS4":28,"opptPTS5":0,"opptPTS6":0,"opptPTS7":0,"opptPTS8":0}
{"_id":{"$oid":"5cb552f6e0f627212ff3c00b"},"gmDate":"2018/4/10","offLNm3":"Collins","offFNm3":"Derrick","teamAbbr":"IND","teamConf":"East","teamLoc":"Home","teamRslt":"Loss","teamPTS":93,"teamAST":22,"teamTO":8,"teamSTL":2,"teamBLK":4,"teamPF":16,"teamFGA":99,"teamFGM":40,"team2PA":68,"team2PM":32,"team3PA":31,"team3PM":8,"teamFTA":8,"teamFTM":5,"teamORB":13,"teamDRB":41,"teamPTS1":25,"teamPTS2":30,"teamPTS3":16,"teamPTS4":22,"teamPTS5":0,"teamPTS6":0,"teamPTS7":0,"teamPTS8":0,"opptAbbr":"CHA","opptConf":"East","opptLoc":"Away","opptRslt":"Win","opptPTS":119,"opptAST":27,"opptTO":6,"opptSTL":5,"opptBLK":7,"opptPF":8,"opptFGA":99,"opptFGM":46,"oppt2PA":57,"oppt2PM":28,"oppt3PA":42,"oppt3PM":18,"opptFTA":12,"opptFTM":9,"opptORB":12,"opptDRB":42,"opptPTS1":37,"opptPTS2":26,"opptPTS3":24,"opptPTS4":32,"opptPTS5":0,"opptPTS6":0,"opptPTS7":0,"opptPTS8":0}
