{"_id":{"$oid":"5cb552e5e0f627212ff3a797"},"stDate":"2017/10/17","teamAbbr":"CHA","rank":2,"rankOrd":"2nd","gameWon":0,"gameLost":0,"stk":"-","homeWin":0,"homeLoss":0,"awayWin":0,"awayLoss":0}
{"_id":{"$oid":"5cb552e5e0f627212ff3a7b6"},"stDate":"2017/10/18","teamAbbr":"CHA","rank":11,"rankOrd":"11th","gameWon":0,"gameLost":1,"stk":"L1","homeWin":0,"homeLoss":0,"awayWin":0,"awayLoss":1}
{"_id":{"$oid":"5cb552e5e0f627212ff3a7d4"},"stDate":"2017/10/19","teamAbbr":"CHA","rank":9,"rankOrd":"9th","gameWon":0,"gameLost":1,"stk":"L1","homeWin":0,"homeLoss":0,"awayWin":0,"awayLoss":1}
{"_id":{"$oid":"5cb552e5e0f627212ff3a7eb"},"stDate":"2017/10/20","teamAbbr":"CHA","rank":4,"rankOrd":"4th","gameWon":1,"gameLost":1,"stk":"W1","homeWin":1,"homeLoss":0,"awayWin":0,"awayLoss":1}
{"_id":{"$oid":"5cb552e5e0f627212ff3a816"},"stDate":"2017/10/21","teamAbbr":"CHA","rank":7,"rankOrd":"7th","gameWon":1,"gameLost":1,"stk":"W1","homeWin":1,"homeLoss":0,"awayWin":0,"awayLoss":1}
{"_id":{"$oid":"5cb552e5e0f627212ff3a82b"},"stDate":"2017/10/22","teamAbbr":"CHA","rank":8,"rankOrd":"8th","gameWon":1,"gameLost":1,"stk":"W1","homeWin":1,"homeLoss":0,"awayWin":0,"awayLoss":1}
{"_id":{"$oid":"5cb552e5e0f627212ff3a84c"},"stDate":"2017/10/23","teamAbbr":"CHA","rank":9,"rankOrd":"9th","gameWon":1,"gameLost":2,"stk":"L1","homeWin":1,"homeLoss":0,"awayWin":0,"awayLoss":2}
{"_id":{"$oid":"5cb552e5e0f627212ff3a86a"},"stDate":"2017/10/24","teamAbbr":"CHA","rank":11,"rankOrd":"11th","gameWon":1,"gameLost":2,"stk":"L1","homeWin":1,"homeLoss":0,"awayWin":0,"awayLoss":2}
{"_id":{"$oid":"5cb552e5e0f627212ff3a888"},"stDate":"2017/10/25","teamAbbr":"CHA","rank":7,"rankOrd":"7th","gameWon":2,"gameLost":2,"stk":"W1","homeWin":2,"homeLoss":0,"awayWin":0,"awayLoss":2}
{"_id":{"$oid":"5cb552e5e0f627212ff3a8a8"},"stDate":"2017/10/26","teamAbbr":"CHA","rank":8,"rankOrd":"8th","gameWon":2,"gameLost":2,"stk":"W1","homeWin":2,"homeLoss":0,"awayWin":0,"awayLoss":2}
{"_id":{"$oid":"5cb552e5e0f627212ff3a8c4"},"stDate":"2017/10/27","teamAbbr":"CHA","rank":10,"rankOrd":"10th","gameWon":2,"gameLost":3,"stk":"L1","homeWin":2,"homeLoss":1,"awayWin":0,"awayLoss":2}
{"_id":{"$oid":"5cb552e5e0f627212ff3a8e5"},"stDate":"2017/10/28","teamAbbr":"CHA","rank":9,"rankOrd":"9th","gameWon":2,"gameLost":3,"stk":"L1","homeWin":2,"homeLoss":1,"awayWin":0,"awayLoss":2}
{"_id":{"$oid":"5cb552e5e0f627212ff3a903"},"stDate":"2017/10/29","teamAbbr":"CHA","rank":7,"rankOrd":"7th","gameWon":3,"gameLost":3,"stk":"W1","homeWin":3,"homeLoss":1,"awayWin":0,"awayLoss":2}
{"_id":{"$oid":"5cb552e5e0f627212ff3a91e"},"stDate":"2017/10/30","teamAbbr":"CHA","rank":7,"rankOrd":"7th","gameWon":4,"gameLost":3,"stk":"W2","homeWin":3,"homeLoss":1,"awayWin":1,"awayLoss":2}
{"_id":{"$oid":"5cb552e5e0f627212ff3a93c"},"stDate":"2017/10/31","teamAbbr":"CHA","rank":6,"rankOrd":"6th","gameWon":4,"gameLost":3,"stk":"W2","homeWin":3,"homeLoss":1,"awayWin":1,"awayLoss":2}
{"_id":{"$oid":"5cb552e5e0f627212ff3a95a"},"stDate":"2017/11/1","teamAbbr":"CHA","rank":3,"rankOrd":"3rd","gameWon":5,"gameLost":3,"stk":"W3","homeWin":4,"homeLoss":1,"awayWin":1,"awayLoss":2}
{"_id":{"$oid":"5cb552e5e0f627212ff3a98e"},"stDate":"2017/11/2","teamAbbr":"CHA","rank":3,"rankOrd":"3rd","gameWon":5,"gameLost":3,"stk":"W3","homeWin":4,"homeLoss":1,"awayWin":1,"awayLoss":2}
{"_id":{"$oid":"5cb552e5e0f627212ff3a996"},"stDate":"2017/11/3","teamAbbr":"CHA","rank":5,"rankOrd":"5th","gameWon":5,"gameLost":4,"stk":"L1","homeWin":4,"homeLoss":1,"awayWin":1,"awayLoss":3}
{"_id":{"$oid":"5cb552e5e0f627212ff3a9b9"},"stDate":"2017/11/4","teamAbbr":"CHA","rank":5,"rankOrd":"5th","gameWon":5,"gameLost":4,"stk":"L1","homeWin":4,"homeLoss":1,"awayWin":1,"awayLoss":3}
{"_id":{"$oid":"5cb552e5e0f627212ff3a9ce"},"stDate":"2017/11/5","teamAbbr":"CHA","rank":8,"rankOrd":"8th","gameWon":5,"gameLost":5,"stk":"L2","homeWin":4,"homeLoss":1,"awayWin":1,"awayLoss":4}
{"_id":{"$oid":"5cb552e5e0f627212ff3a9ef"},"stDate":"2017/11/6","teamAbbr":"CHA","rank":8,"rankOrd":"8th","gameWon":5,"gameLost":5,"stk":"L2","homeWin":4,"homeLoss":1,"awayWin":1,"awayLoss":4}
{"_id":{"$oid":"5cb552e5e0f627212ff3aa0e"},"stDate":"2017/11/7","teamAbbr":"CHA","rank":8,"rankOrd":"8th","gameWon":5,"gameLost":6,"stk":"L3","homeWin":4,"homeLoss":1,"awayWin":1,"awayLoss":5}
{"_id":{"$oid":"5cb552e5e0f627212ff3aa2e"},"stDate":"2017/11/8","teamAbbr":"CHA","rank":8,"rankOrd":"8th","gameWon":5,"gameLost":6,"stk":"L3","homeWin":4,"homeLoss":1,"awayWin":1,"awayLoss":5}
{"_id":{"$oid":"5cb552e5e0f627212ff3aa4a"},"stDate":"2017/11/9","teamAbbr":"CHA","rank":8,"rankOrd":"8th","gameWon":5,"gameLost":6,"stk":"L3","homeWin":4,"homeLoss":1,"awayWin":1,"awayLoss":5}
{"_id":{"$oid":"5cb552e5e0f627212ff3aa68"},"stDate":"2017/11/10","teamAbbr":"CHA","rank":11,"rankOrd":"11th","gameWon":5,"gameLost":7,"stk":"L4","homeWin":4,"homeLoss":1,"awayWin":1,"awayLoss":6}
{"_id":{"$oid":"5cb552e5e0f627212ff3aa86"},"stDate":"2017/11/11","teamAbbr":"CHA","rank":12,"rankOrd":"12th","gameWon":5,"gameLost":7,"stk":"L4","homeWin":4,"homeLoss":1,"awayWin":1,"awayLoss":6}
{"_id":{"$oid":"5cb552e5e0f627212ff3aaa4"},"stDate":"2017/11/12","teamAbbr":"CHA","rank":11,"rankOrd":"11th","gameWon":5,"gameLost":7,"stk":"L4","homeWin":4,"homeLoss":1,"awayWin":1,"awayLoss":6}
{"_id":{"$oid":"5cb552e5e0f627212ff3aac2"},"stDate":"2017/11/13","teamAbbr":"CHA","rank":11,"rankOrd":"11th","gameWon":5,"gameLost":7,"stk":"L4","homeWin":4,"homeLoss":1,"awayWin":1,"awayLoss":6}
{"_id":{"$oid":"5cb552e5e0f627212ff3aae0"},"stDate":"2017/11/14","teamAbbr":"CHA","rank":11,"rankOrd":"11th","gameWon":5,"gameLost":7,"stk":"L4","homeWin":4,"homeLoss":1,"awayWin":1,"awayLoss":6}
{"_id":{"$oid":"5cb552e5e0f627212ff3aafe"},"stDate":"2017/11/15","teamAbbr":"CHA","rank":12,"rankOrd":"12th","gameWon":5,"gameLost":8,"stk":"L5","homeWin":4,"homeLoss":2,"awayWin":1,"awayLoss":6}
{"_id":{"$oid":"5cb552e5e0f627212ff3ab1c"},"stDate":"2017/11/16","teamAbbr":"CHA","rank":12,"rankOrd":"12th","gameWon":5,"gameLost":8,"stk":"L5","homeWin":4,"homeLoss":2,"awayWin":1,"awayLoss":6}
{"_id":{"$oid":"5cb552e5e0f627212ff3ab39"},"stDate":"2017/11/17","teamAbbr":"CHA","rank":13,"rankOrd":"13th","gameWon":5,"gameLost":9,"stk":"L6","homeWin":4,"homeLoss":2,"awayWin":1,"awayLoss":7}
{"_id":{"$oid":"5cb552e5e0f627212ff3ab58"},"stDate":"2017/11/18","teamAbbr":"CHA","rank":12,"rankOrd":"12th","gameWon":6,"gameLost":9,"stk":"W1","homeWin":5,"homeLoss":2,"awayWin":1,"awayLoss":7}
{"_id":{"$oid":"5cb552e5e0f627212ff3ab74"},"stDate":"2017/11/19","teamAbbr":"CHA","rank":12,"rankOrd":"12th","gameWon":6,"gameLost":9,"stk":"W1","homeWin":5,"homeLoss":2,"awayWin":1,"awayLoss":7}
{"_id":{"$oid":"5cb552e5e0f627212ff3ab95"},"stDate":"2017/11/20","teamAbbr":"CHA","rank":11,"rankOrd":"11th","gameWon":7,"gameLost":9,"stk":"W2","homeWin":6,"homeLoss":2,"awayWin":1,"awayLoss":7}
{"_id":{"$oid":"5cb552e5e0f627212ff3abb3"},"stDate":"2017/11/21","teamAbbr":"CHA","rank":11,"rankOrd":"11th","gameWon":7,"gameLost":9,"stk":"W2","homeWin":6,"homeLoss":2,"awayWin":1,"awayLoss":7}
{"_id":{"$oid":"5cb552e5e0f627212ff3abd0"},"stDate":"2017/11/22","teamAbbr":"CHA","rank":10,"rankOrd":"10th","gameWon":8,"gameLost":9,"stk":"W3","homeWin":7,"homeLoss":2,"awayWin":1,"awayLoss":7}
{"_id":{"$oid":"5cb552e5e0f627212ff3abef"},"stDate":"2017/11/24","teamAbbr":"CHA","rank":11,"rankOrd":"11th","gameWon":8,"gameLost":10,"stk":"L1","homeWin":7,"homeLoss":2,"awayWin":1,"awayLoss":8}
{"_id":{"$oid":"5cb552e5e0f627212ff3ac0c"},"stDate":"2017/11/25","teamAbbr":"CHA","rank":11,"rankOrd":"11th","gameWon":8,"gameLost":11,"stk":"L2","homeWin":7,"homeLoss":3,"awayWin":1,"awayLoss":8}
{"_id":{"$oid":"5cb552e5e0f627212ff3ac2c"},"stDate":"2017/11/26","teamAbbr":"CHA","rank":11,"rankOrd":"11th","gameWon":8,"gameLost":11,"stk":"L2","homeWin":7,"homeLoss":3,"awayWin":1,"awayLoss":8}
{"_id":{"$oid":"5cb552e5e0f627212ff3ac49"},"stDate":"2017/11/27","teamAbbr":"CHA","rank":11,"rankOrd":"11th","gameWon":8,"gameLost":11,"stk":"L2","homeWin":7,"homeLoss":3,"awayWin":1,"awayLoss":8}
{"_id":{"$oid":"5cb552e5e0f627212ff3ac67"},"stDate":"2017/11/28","teamAbbr":"CHA","rank":11,"rankOrd":"11th","gameWon":8,"gameLost":11,"stk":"L2","homeWin":7,"homeLoss":3,"awayWin":1,"awayLoss":8}
{"_id":{"$oid":"5cb552e5e0f627212ff3ac8b"},"stDate":"2017/11/29","teamAbbr":"CHA","rank":11,"rankOrd":"11th","gameWon":8,"gameLost":12,"stk":"L3","homeWin":7,"homeLoss":3,"awayWin":1,"awayLoss":9}
{"_id":{"$oid":"5cb552e5e0f627212ff3aca3"},"stDate":"2017/11/30","teamAbbr":"CHA","rank":11,"rankOrd":"11th","gameWon":8,"gameLost":12,"stk":"L3","homeWin":7,"homeLoss":3,"awayWin":1,"awayLoss":9}
{"_id":{"$oid":"5cb552e5e0f627212ff3acc2"},"stDate":"2017/12/1","teamAbbr":"CHA","rank":11,"rankOrd":"11th","gameWon":8,"gameLost":13,"stk":"L4","homeWin":7,"homeLoss":3,"awayWin":1,"awayLoss":10}
{"_id":{"$oid":"5cb552e5e0f627212ff3ace0"},"stDate":"2017/12/2","teamAbbr":"CHA","rank":11,"rankOrd":"11th","gameWon":8,"gameLost":13,"stk":"L4","homeWin":7,"homeLoss":3,"awayWin":1,"awayLoss":10}
{"_id":{"$oid":"5cb552e5e0f627212ff3ad0e"},"stDate":"2017/12/3","teamAbbr":"CHA","rank":12,"rankOrd":"12th","gameWon":8,"gameLost":13,"stk":"L4","homeWin":7,"homeLoss":3,"awayWin":1,"awayLoss":10}
{"_id":{"$oid":"5cb552e5e0f627212ff3ad1d"},"stDate":"2017/12/4","teamAbbr":"CHA","rank":11,"rankOrd":"11th","gameWon":9,"gameLost":13,"stk":"W1","homeWin":8,"homeLoss":3,"awayWin":1,"awayLoss":10}
{"_id":{"$oid":"5cb552e5e0f627212ff3ad32"},"stDate":"2017/12/5","teamAbbr":"CHA","rank":11,"rankOrd":"11th","gameWon":9,"gameLost":13,"stk":"W1","homeWin":8,"homeLoss":3,"awayWin":1,"awayLoss":10}
{"_id":{"$oid":"5cb552e5e0f627212ff3ad57"},"stDate":"2017/12/6","teamAbbr":"CHA","rank":12,"rankOrd":"12th","gameWon":9,"gameLost":14,"stk":"L1","homeWin":8,"homeLoss":4,"awayWin":1,"awayLoss":10}
{"_id":{"$oid":"5cb552e5e0f627212ff3ad74"},"stDate":"2017/12/7","teamAbbr":"CHA","rank":13,"rankOrd":"13th","gameWon":9,"gameLost":14,"stk":"L1","homeWin":8,"homeLoss":4,"awayWin":1,"awayLoss":10}
{"_id":{"$oid":"5cb552e5e0f627212ff3ad93"},"stDate":"2017/12/8","teamAbbr":"CHA","rank":13,"rankOrd":"13th","gameWon":9,"gameLost":15,"stk":"L2","homeWin":8,"homeLoss":5,"awayWin":1,"awayLoss":10}
{"_id":{"$oid":"5cb552e5e0f627212ff3adb3"},"stDate":"2017/12/9","teamAbbr":"CHA","rank":13,"rankOrd":"13th","gameWon":9,"gameLost":16,"stk":"L3","homeWin":8,"homeLoss":6,"awayWin":1,"awayLoss":10}
{"_id":{"$oid":"5cb552e5e0f627212ff3add0"},"stDate":"2017/12/10","teamAbbr":"CHA","rank":13,"rankOrd":"13th","gameWon":9,"gameLost":16,"stk":"L3","homeWin":8,"homeLoss":6,"awayWin":1,"awayLoss":10}
{"_id":{"$oid":"5cb552e5e0f627212ff3adeb"},"stDate":"2017/12/11","teamAbbr":"CHA","rank":12,"rankOrd":"12th","gameWon":10,"gameLost":16,"stk":"W1","homeWin":8,"homeLoss":6,"awayWin":2,"awayLoss":10}
{"_id":{"$oid":"5cb552e5e0f627212ff3ae0b"},"stDate":"2017/12/12","teamAbbr":"CHA","rank":12,"rankOrd":"12th","gameWon":10,"gameLost":16,"stk":"W1","homeWin":8,"homeLoss":6,"awayWin":2,"awayLoss":10}
{"_id":{"$oid":"5cb552e5e0f627212ff3ae29"},"stDate":"2017/12/13","teamAbbr":"CHA","rank":12,"rankOrd":"12th","gameWon":10,"gameLost":17,"stk":"L1","homeWin":8,"homeLoss":6,"awayWin":2,"awayLoss":11}
{"_id":{"$oid":"5cb552e5e0f627212ff3ae46"},"stDate":"2017/12/14","teamAbbr":"CHA","rank":12,"rankOrd":"12th","gameWon":10,"gameLost":17,"stk":"L1","homeWin":8,"homeLoss":6,"awayWin":2,"awayLoss":11}
{"_id":{"$oid":"5cb552e5e0f627212ff3ae66"},"stDate":"2017/12/15","teamAbbr":"CHA","rank":12,"rankOrd":"12th","gameWon":10,"gameLost":18,"stk":"L2","homeWin":8,"homeLoss":7,"awayWin":2,"awayLoss":11}
{"_id":{"$oid":"5cb552e5e0f627212ff3ae83"},"stDate":"2017/12/16","teamAbbr":"CHA","rank":13,"rankOrd":"13th","gameWon":10,"gameLost":19,"stk":"L3","homeWin":8,"homeLoss":8,"awayWin":2,"awayLoss":11}
{"_id":{"$oid":"5cb552e5e0f627212ff3aea1"},"stDate":"2017/12/17","teamAbbr":"CHA","rank":12,"rankOrd":"12th","gameWon":10,"gameLost":19,"stk":"L3","homeWin":8,"homeLoss":8,"awayWin":2,"awayLoss":11}
{"_id":{"$oid":"5cb552e5e0f627212ff3aec0"},"stDate":"2017/12/18","teamAbbr":"CHA","rank":12,"rankOrd":"12th","gameWon":11,"gameLost":19,"stk":"W1","homeWin":9,"homeLoss":8,"awayWin":2,"awayLoss":11}
{"_id":{"$oid":"5cb552e5e0f627212ff3aedc"},"stDate":"2017/12/19","teamAbbr":"CHA","rank":12,"rankOrd":"12th","gameWon":11,"gameLost":19,"stk":"W1","homeWin":9,"homeLoss":8,"awayWin":2,"awayLoss":11}
{"_id":{"$oid":"5cb552e5e0f627212ff3aefb"},"stDate":"2017/12/20","teamAbbr":"CHA","rank":12,"rankOrd":"12th","gameWon":11,"gameLost":20,"stk":"L1","homeWin":9,"homeLoss":9,"awayWin":2,"awayLoss":11}
{"_id":{"$oid":"5cb552e5e0f627212ff3af19"},"stDate":"2017/12/21","teamAbbr":"CHA","rank":12,"rankOrd":"12th","gameWon":11,"gameLost":20,"stk":"L1","homeWin":9,"homeLoss":9,"awayWin":2,"awayLoss":11}
{"_id":{"$oid":"5cb552e5e0f627212ff3af36"},"stDate":"2017/12/22","teamAbbr":"CHA","rank":12,"rankOrd":"12th","gameWon":11,"gameLost":21,"stk":"L2","homeWin":9,"homeLoss":9,"awayWin":2,"awayLoss":12}
{"_id":{"$oid":"5cb552e5e0f627212ff3af55"},"stDate":"2017/12/23","teamAbbr":"CHA","rank":12,"rankOrd":"12th","gameWon":12,"gameLost":21,"stk":"W1","homeWin":10,"homeLoss":9,"awayWin":2,"awayLoss":12}
{"_id":{"$oid":"5cb552e5e0f627212ff3af74"},"stDate":"2017/12/25","teamAbbr":"CHA","rank":12,"rankOrd":"12th","gameWon":12,"gameLost":21,"stk":"W1","homeWin":10,"homeLoss":9,"awayWin":2,"awayLoss":12}
{"_id":{"$oid":"5cb552e5e0f627212ff3af90"},"stDate":"2017/12/26","teamAbbr":"CHA","rank":11,"rankOrd":"11th","gameWon":12,"gameLost":21,"stk":"W1","homeWin":10,"homeLoss":9,"awayWin":2,"awayLoss":12}
{"_id":{"$oid":"5cb552e5e0f627212ff3afb1"},"stDate":"2017/12/27","teamAbbr":"CHA","rank":11,"rankOrd":"11th","gameWon":12,"gameLost":22,"stk":"L1","homeWin":10,"homeLoss":10,"awayWin":2,"awayLoss":12}
{"_id":{"$oid":"5cb552e5e0f627212ff3afce"},"stDate":"2017/12/28","teamAbbr":"CHA","rank":11,"rankOrd":"11th","gameWon":12,"gameLost":22,"stk":"L1","homeWin":10,"homeLoss":10,"awayWin":2,"awayLoss":12}
{"_id":{"$oid":"5cb552e5e0f627212ff3aff4"},"stDate":"2017/12/29","teamAbbr":"CHA","rank":11,"rankOrd":"11th","gameWon":13,"gameLost":22,"stk":"W1","homeWin":10,"homeLoss":10,"awayWin":3,"awayLoss":12}
{"_id":{"$oid":"5cb552e5e0f627212ff3b004"},"stDate":"2017/12/30","teamAbbr":"CHA","rank":11,"rankOrd":"11th","gameWon":13,"gameLost":22,"stk":"W1","homeWin":10,"homeLoss":10,"awayWin":3,"awayLoss":12}
{"_id":{"$oid":"5cb552e5e0f627212ff3b028"},"stDate":"2017/12/31","teamAbbr":"CHA","rank":11,"rankOrd":"11th","gameWon":13,"gameLost":23,"stk":"L1","homeWin":10,"homeLoss":10,"awayWin":3,"awayLoss":13}
{"_id":{"$oid":"5cb552e5e0f627212ff3b046"},"stDate":"2018/1/1","teamAbbr":"CHA","rank":12,"rankOrd":"12th","gameWon":13,"gameLost":23,"stk":"L1","homeWin":10,"homeLoss":10,"awayWin":3,"awayLoss":13}
{"_id":{"$oid":"5cb552e5e0f627212ff3b05d"},"stDate":"2018/1/2","teamAbbr":"CHA","rank":11,"rankOrd":"11th","gameWon":14,"gameLost":23,"stk":"W1","homeWin":10,"homeLoss":10,"awayWin":4,"awayLoss":13}
{"_id":{"$oid":"5cb552e5e0f627212ff3b082"},"stDate":"2018/1/3","teamAbbr":"CHA","rank":12,"rankOrd":"12th","gameWon":14,"gameLost":23,"stk":"W1","homeWin":10,"homeLoss":10,"awayWin":4,"awayLoss":13}
{"_id":{"$oid":"5cb552e5e0f627212ff3b0a0"},"stDate":"2018/1/4","teamAbbr":"CHA","rank":12,"rankOrd":"12th","gameWon":14,"gameLost":23,"stk":"W1","homeWin":10,"homeLoss":10,"awayWin":4,"awayLoss":13}
{"_id":{"$oid":"5cb552e5e0f627212ff3b0b7"},"stDate":"2018/1/5","teamAbbr":"CHA","rank":11,"rankOrd":"11th","gameWon":15,"gameLost":23,"stk":"W2","homeWin":10,"homeLoss":10,"awayWin":5,"awayLoss":13}
{"_id":{"$oid":"5cb552e5e0f627212ff3b0dc"},"stDate":"2018/1/6","teamAbbr":"CHA","rank":11,"rankOrd":"11th","gameWon":15,"gameLost":23,"stk":"W2","homeWin":10,"homeLoss":10,"awayWin":5,"awayLoss":13}
{"_id":{"$oid":"5cb552e5e0f627212ff3b0fa"},"stDate":"2018/1/7","teamAbbr":"CHA","rank":11,"rankOrd":"11th","gameWon":15,"gameLost":23,"stk":"W2","homeWin":10,"homeLoss":10,"awayWin":5,"awayLoss":13}
{"_id":{"$oid":"5cb552e5e0f627212ff3b118"},"stDate":"2018/1/8","teamAbbr":"CHA","rank":11,"rankOrd":"11th","gameWon":15,"gameLost":23,"stk":"W2","homeWin":10,"homeLoss":10,"awayWin":5,"awayLoss":13}
{"_id":{"$oid":"5cb552e5e0f627212ff3b12f"},"stDate":"2018/1/9","teamAbbr":"CHA","rank":11,"rankOrd":"11th","gameWon":15,"gameLost":23,"stk":"W2","homeWin":10,"homeLoss":10,"awayWin":5,"awayLoss":13}
{"_id":{"$oid":"5cb552e5e0f627212ff3b155"},"stDate":"2018/1/10","teamAbbr":"CHA","rank":11,"rankOrd":"11th","gameWon":15,"gameLost":24,"stk":"L1","homeWin":10,"homeLoss":11,"awayWin":5,"awayLoss":13}
{"_id":{"$oid":"5cb552e5e0f627212ff3b172"},"stDate":"2018/1/11","teamAbbr":"CHA","rank":11,"rankOrd":"11th","gameWon":15,"gameLost":24,"stk":"L1","homeWin":10,"homeLoss":11,"awayWin":5,"awayLoss":13}
{"_id":{"$oid":"5cb552e5e0f627212ff3b190"},"stDate":"2018/1/12","teamAbbr":"CHA","rank":11,"rankOrd":"11th","gameWon":16,"gameLost":24,"stk":"W1","homeWin":11,"homeLoss":11,"awayWin":5,"awayLoss":13}
{"_id":{"$oid":"5cb552e5e0f627212ff3b1ad"},"stDate":"2018/1/13","teamAbbr":"CHA","rank":11,"rankOrd":"11th","gameWon":16,"gameLost":25,"stk":"L1","homeWin":11,"homeLoss":12,"awayWin":5,"awayLoss":13}
{"_id":{"$oid":"5cb552e5e0f627212ff3b1cc"},"stDate":"2018/1/14","teamAbbr":"CHA","rank":11,"rankOrd":"11th","gameWon":16,"gameLost":25,"stk":"L1","homeWin":11,"homeLoss":12,"awayWin":5,"awayLoss":13}
{"_id":{"$oid":"5cb552e5e0f627212ff3b1e8"},"stDate":"2018/1/15","teamAbbr":"CHA","rank":11,"rankOrd":"11th","gameWon":17,"gameLost":25,"stk":"W1","homeWin":11,"homeLoss":12,"awayWin":6,"awayLoss":13}
{"_id":{"$oid":"5cb552e5e0f627212ff3b208"},"stDate":"2018/1/16","teamAbbr":"CHA","rank":11,"rankOrd":"11th","gameWon":17,"gameLost":25,"stk":"W1","homeWin":11,"homeLoss":12,"awayWin":6,"awayLoss":13}
{"_id":{"$oid":"5cb552e5e0f627212ff3b226"},"stDate":"2018/1/17","teamAbbr":"CHA","rank":11,"rankOrd":"11th","gameWon":18,"gameLost":25,"stk":"W2","homeWin":12,"homeLoss":12,"awayWin":6,"awayLoss":13}
{"_id":{"$oid":"5cb552e5e0f627212ff3b244"},"stDate":"2018/1/18","teamAbbr":"CHA","rank":11,"rankOrd":"11th","gameWon":18,"gameLost":25,"stk":"W2","homeWin":12,"homeLoss":12,"awayWin":6,"awayLoss":13}
{"_id":{"$oid":"5cb552e5e0f627212ff3b262"},"stDate":"2018/1/19","teamAbbr":"CHA","rank":11,"rankOrd":"11th","gameWon":18,"gameLost":25,"stk":"W2","homeWin":12,"homeLoss":12,"awayWin":6,"awayLoss":13}
{"_id":{"$oid":"5cb552e5e0f627212ff3b280"},"stDate":"2018/1/20","teamAbbr":"CHA","rank":11,"rankOrd":"11th","gameWon":18,"gameLost":26,"stk":"L1","homeWin":12,"homeLoss":13,"awayWin":6,"awayLoss":13}
{"_id":{"$oid":"5cb552e5e0f627212ff3b29d"},"stDate":"2018/1/21","teamAbbr":"CHA","rank":11,"rankOrd":"11th","gameWon":18,"gameLost":26,"stk":"L1","homeWin":12,"homeLoss":13,"awayWin":6,"awayLoss":13}
{"_id":{"$oid":"5cb552e5e0f627212ff3b2b7"},"stDate":"2018/1/22","teamAbbr":"CHA","rank":11,"rankOrd":"11th","gameWon":19,"gameLost":26,"stk":"W1","homeWin":13,"homeLoss":13,"awayWin":6,"awayLoss":13}
{"_id":{"$oid":"5cb552e5e0f627212ff3b2d9"},"stDate":"2018/1/23","teamAbbr":"CHA","rank":11,"rankOrd":"11th","gameWon":19,"gameLost":26,"stk":"W1","homeWin":13,"homeLoss":13,"awayWin":6,"awayLoss":13}
{"_id":{"$oid":"5cb552e5e0f627212ff3b2f7"},"stDate":"2018/1/24","teamAbbr":"CHA","rank":11,"rankOrd":"11th","gameWon":19,"gameLost":27,"stk":"L1","homeWin":13,"homeLoss":14,"awayWin":6,"awayLoss":13}
{"_id":{"$oid":"5cb552e5e0f627212ff3b316"},"stDate":"2018/1/25","teamAbbr":"CHA","rank":11,"rankOrd":"11th","gameWon":19,"gameLost":27,"stk":"L1","homeWin":13,"homeLoss":14,"awayWin":6,"awayLoss":13}
{"_id":{"$oid":"5cb552e5e0f627212ff3b333"},"stDate":"2018/1/26","teamAbbr":"CHA","rank":11,"rankOrd":"11th","gameWon":20,"gameLost":27,"stk":"W1","homeWin":14,"homeLoss":14,"awayWin":6,"awayLoss":13}
{"_id":{"$oid":"5cb552e5e0f627212ff3b353"},"stDate":"2018/1/27","teamAbbr":"CHA","rank":11,"rankOrd":"11th","gameWon":20,"gameLost":28,"stk":"L1","homeWin":14,"homeLoss":14,"awayWin":6,"awayLoss":14}
{"_id":{"$oid":"5cb552e5e0f627212ff3b371"},"stDate":"2018/1/28","teamAbbr":"CHA","rank":11,"rankOrd":"11th","gameWon":20,"gameLost":28,"stk":"L1","homeWin":14,"homeLoss":14,"awayWin":6,"awayLoss":14}
{"_id":{"$oid":"5cb552e5e0f627212ff3b38e"},"stDate":"2018/1/29","teamAbbr":"CHA","rank":11,"rankOrd":"11th","gameWon":20,"gameLost":29,"stk":"L2","homeWin":14,"homeLoss":14,"awayWin":6,"awayLoss":15}
{"_id":{"$oid":"5cb552e5e0f627212ff3b3ad"},"stDate":"2018/1/30","teamAbbr":"CHA","rank":11,"rankOrd":"11th","gameWon":20,"gameLost":29,"stk":"L2","homeWin":14,"homeLoss":14,"awayWin":6,"awayLoss":15}
{"_id":{"$oid":"5cb552e5e0f627212ff3b3ca"},"stDate":"2018/1/31","teamAbbr":"CHA","rank":11,"rankOrd":"11th","gameWon":21,"gameLost":29,"stk":"W1","homeWin":14,"homeLoss":14,"awayWin":7,"awayLoss":15}
{"_id":{"$oid":"5cb552e5e0f627212ff3b3e6"},"stDate":"2018/2/1","teamAbbr":"CHA","rank":11,"rankOrd":"11th","gameWon":21,"gameLost":29,"stk":"W1","homeWin":14,"homeLoss":14,"awayWin":7,"awayLoss":15}
{"_id":{"$oid":"5cb552e5e0f627212ff3b407"},"stDate":"2018/2/2","teamAbbr":"CHA","rank":10,"rankOrd":"10th","gameWon":22,"gameLost":29,"stk":"W2","homeWin":15,"homeLoss":14,"awayWin":7,"awayLoss":15}
{"_id":{"$oid":"5cb552e5e0f627212ff3b426"},"stDate":"2018/2/3","teamAbbr":"CHA","rank":10,"rankOrd":"10th","gameWon":22,"gameLost":29,"stk":"W2","homeWin":15,"homeLoss":14,"awayWin":7,"awayLoss":15}
{"_id":{"$oid":"5cb552e5e0f627212ff3b43c"},"stDate":"2018/2/4","teamAbbr":"CHA","rank":10,"rankOrd":"10th","gameWon":23,"gameLost":29,"stk":"W3","homeWin":15,"homeLoss":14,"awayWin":8,"awayLoss":15}
{"_id":{"$oid":"5cb552e5e0f627212ff3b460"},"stDate":"2018/2/5","teamAbbr":"CHA","rank":10,"rankOrd":"10th","gameWon":23,"gameLost":30,"stk":"L1","homeWin":15,"homeLoss":14,"awayWin":8,"awayLoss":16}
{"_id":{"$oid":"5cb552e5e0f627212ff3b47f"},"stDate":"2018/2/6","teamAbbr":"CHA","rank":10,"rankOrd":"10th","gameWon":23,"gameLost":30,"stk":"L1","homeWin":15,"homeLoss":14,"awayWin":8,"awayLoss":16}
{"_id":{"$oid":"5cb552e5e0f627212ff3b49c"},"stDate":"2018/2/7","teamAbbr":"CHA","rank":10,"rankOrd":"10th","gameWon":23,"gameLost":30,"stk":"L1","homeWin":15,"homeLoss":14,"awayWin":8,"awayLoss":16}
{"_id":{"$oid":"5cb552e5e0f627212ff3b4bb"},"stDate":"2018/2/8","teamAbbr":"CHA","rank":10,"rankOrd":"10th","gameWon":23,"gameLost":31,"stk":"L2","homeWin":15,"homeLoss":14,"awayWin":8,"awayLoss":17}
{"_id":{"$oid":"5cb552e5e0f627212ff3b4da"},"stDate":"2018/2/9","teamAbbr":"CHA","rank":10,"rankOrd":"10th","gameWon":23,"gameLost":32,"stk":"L3","homeWin":15,"homeLoss":14,"awayWin":8,"awayLoss":18}
{"_id":{"$oid":"5cb552e5e0f627212ff3b4f7"},"stDate":"2018/2/10","teamAbbr":"CHA","rank":10,"rankOrd":"10th","gameWon":23,"gameLost":32,"stk":"L3","homeWin":15,"homeLoss":14,"awayWin":8,"awayLoss":18}
{"_id":{"$oid":"5cb552e5e0f627212ff3b516"},"stDate":"2018/2/11","teamAbbr":"CHA","rank":10,"rankOrd":"10th","gameWon":23,"gameLost":33,"stk":"L4","homeWin":15,"homeLoss":15,"awayWin":8,"awayLoss":18}
{"_id":{"$oid":"5cb552e5e0f627212ff3b532"},"stDate":"2018/2/12","teamAbbr":"CHA","rank":10,"rankOrd":"10th","gameWon":23,"gameLost":33,"stk":"L4","homeWin":15,"homeLoss":15,"awayWin":8,"awayLoss":18}
{"_id":{"$oid":"5cb552e5e0f627212ff3b54a"},"stDate":"2018/2/13","teamAbbr":"CHA","rank":10,"rankOrd":"10th","gameWon":23,"gameLost":33,"stk":"L4","homeWin":15,"homeLoss":15,"awayWin":8,"awayLoss":18}
{"_id":{"$oid":"5cb552e5e0f627212ff3b56f"},"stDate":"2018/2/14","teamAbbr":"CHA","rank":10,"rankOrd":"10th","gameWon":24,"gameLost":33,"stk":"W1","homeWin":15,"homeLoss":15,"awayWin":9,"awayLoss":18}
{"_id":{"$oid":"5cb552e5e0f627212ff3b58d"},"stDate":"2018/2/15","teamAbbr":"CHA","rank":10,"rankOrd":"10th","gameWon":24,"gameLost":33,"stk":"W1","homeWin":15,"homeLoss":15,"awayWin":9,"awayLoss":18}
{"_id":{"$oid":"5cb552e5e0f627212ff3b5ab"},"stDate":"2018/2/22","teamAbbr":"CHA","rank":10,"rankOrd":"10th","gameWon":25,"gameLost":33,"stk":"W2","homeWin":16,"homeLoss":15,"awayWin":9,"awayLoss":18}
{"_id":{"$oid":"5cb552e5e0f627212ff3b5c9"},"stDate":"2018/2/23","teamAbbr":"CHA","rank":10,"rankOrd":"10th","gameWon":26,"gameLost":33,"stk":"W3","homeWin":16,"homeLoss":15,"awayWin":10,"awayLoss":18}
{"_id":{"$oid":"5cb552e5e0f627212ff3b5e8"},"stDate":"2018/2/24","teamAbbr":"CHA","rank":10,"rankOrd":"10th","gameWon":26,"gameLost":33,"stk":"W3","homeWin":16,"homeLoss":15,"awayWin":10,"awayLoss":18}
{"_id":{"$oid":"5cb552e5e0f627212ff3b605"},"stDate":"2018/2/25","teamAbbr":"CHA","rank":10,"rankOrd":"10th","gameWon":27,"gameLost":33,"stk":"W4","homeWin":17,"homeLoss":15,"awayWin":10,"awayLoss":18}
{"_id":{"$oid":"5cb552e5e0f627212ff3b623"},"stDate":"2018/2/26","teamAbbr":"CHA","rank":10,"rankOrd":"10th","gameWon":27,"gameLost":33,"stk":"W4","homeWin":17,"homeLoss":15,"awayWin":10,"awayLoss":18}
{"_id":{"$oid":"5cb552e5e0f627212ff3b644"},"stDate":"2018/2/27","teamAbbr":"CHA","rank":10,"rankOrd":"10th","gameWon":28,"gameLost":33,"stk":"W5","homeWin":18,"homeLoss":15,"awayWin":10,"awayLoss":18}
{"_id":{"$oid":"5cb552e5e0f627212ff3b65f"},"stDate":"2018/2/28","teamAbbr":"CHA","rank":10,"rankOrd":"10th","gameWon":28,"gameLost":34,"stk":"L1","homeWin":18,"homeLoss":15,"awayWin":10,"awayLoss":19}
{"_id":{"$oid":"5cb552e5e0f627212ff3b67d"},"stDate":"2018/3/1","teamAbbr":"CHA","rank":10,"rankOrd":"10th","gameWon":28,"gameLost":34,"stk":"L1","homeWin":18,"homeLoss":15,"awayWin":10,"awayLoss":19}
{"_id":{"$oid":"5cb552e5e0f627212ff3b69c"},"stDate":"2018/3/2","teamAbbr":"CHA","rank":10,"rankOrd":"10th","gameWon":28,"gameLost":35,"stk":"L2","homeWin":18,"homeLoss":15,"awayWin":10,"awayLoss":20}
{"_id":{"$oid":"5cb552e5e0f627212ff3b6b9"},"stDate":"2018/3/3","teamAbbr":"CHA","rank":10,"rankOrd":"10th","gameWon":28,"gameLost":35,"stk":"L2","homeWin":18,"homeLoss":15,"awayWin":10,"awayLoss":20}
{"_id":{"$oid":"5cb552e5e0f627212ff3b6d6"},"stDate":"2018/3/4","teamAbbr":"CHA","rank":10,"rankOrd":"10th","gameWon":28,"gameLost":36,"stk":"L3","homeWin":18,"homeLoss":15,"awayWin":10,"awayLoss":21}
{"_id":{"$oid":"5cb552e5e0f627212ff3b6ef"},"stDate":"2018/3/5","teamAbbr":"CHA","rank":10,"rankOrd":"10th","gameWon":28,"gameLost":36,"stk":"L3","homeWin":18,"homeLoss":15,"awayWin":10,"awayLoss":21}
{"_id":{"$oid":"5cb552e5e0f627212ff3b70e"},"stDate":"2018/3/6","teamAbbr":"CHA","rank":10,"rankOrd":"10th","gameWon":28,"gameLost":37,"stk":"L4","homeWin":18,"homeLoss":16,"awayWin":10,"awayLoss":21}
{"_id":{"$oid":"5cb552e5e0f627212ff3b731"},"stDate":"2018/3/7","teamAbbr":"CHA","rank":10,"rankOrd":"10th","gameWon":28,"gameLost":37,"stk":"L4","homeWin":18,"homeLoss":16,"awayWin":10,"awayLoss":21}
{"_id":{"$oid":"5cb552e5e0f627212ff3b74f"},"stDate":"2018/3/8","teamAbbr":"CHA","rank":10,"rankOrd":"10th","gameWon":28,"gameLost":38,"stk":"L5","homeWin":18,"homeLoss":17,"awayWin":10,"awayLoss":21}
{"_id":{"$oid":"5cb552e5e0f627212ff3b771"},"stDate":"2018/3/9","teamAbbr":"CHA","rank":10,"rankOrd":"10th","gameWon":28,"gameLost":38,"stk":"L5","homeWin":18,"homeLoss":17,"awayWin":10,"awayLoss":21}
{"_id":{"$oid":"5cb552e5e0f627212ff3b78b"},"stDate":"2018/3/10","teamAbbr":"CHA","rank":10,"rankOrd":"10th","gameWon":29,"gameLost":38,"stk":"W1","homeWin":19,"homeLoss":17,"awayWin":10,"awayLoss":21}
{"_id":{"$oid":"5cb552e5e0f627212ff3b7aa"},"stDate":"2018/3/11","teamAbbr":"CHA","rank":10,"rankOrd":"10th","gameWon":29,"gameLost":38,"stk":"W1","homeWin":19,"homeLoss":17,"awayWin":10,"awayLoss":21}
{"_id":{"$oid":"5cb552e5e0f627212ff3b7c8"},"stDate":"2018/3/12","teamAbbr":"CHA","rank":10,"rankOrd":"10th","gameWon":29,"gameLost":38,"stk":"W1","homeWin":19,"homeLoss":17,"awayWin":10,"awayLoss":21}
{"_id":{"$oid":"5cb552e5e0f627212ff3b7e5"},"stDate":"2018/3/13","teamAbbr":"CHA","rank":10,"rankOrd":"10th","gameWon":29,"gameLost":39,"stk":"L1","homeWin":19,"homeLoss":17,"awayWin":10,"awayLoss":22}
{"_id":{"$oid":"5cb552e5e0f627212ff3b804"},"stDate":"2018/3/14","teamAbbr":"CHA","rank":10,"rankOrd":"10th","gameWon":29,"gameLost":39,"stk":"L1","homeWin":19,"homeLoss":17,"awayWin":10,"awayLoss":22}
{"_id":{"$oid":"5cb552e5e0f627212ff3b820"},"stDate":"2018/3/15","teamAbbr":"CHA","rank":10,"rankOrd":"10th","gameWon":30,"gameLost":39,"stk":"W1","homeWin":19,"homeLoss":17,"awayWin":11,"awayLoss":22}
{"_id":{"$oid":"5cb552e5e0f627212ff3b840"},"stDate":"2018/3/16","teamAbbr":"CHA","rank":10,"rankOrd":"10th","gameWon":30,"gameLost":39,"stk":"W1","homeWin":19,"homeLoss":17,"awayWin":11,"awayLoss":22}
{"_id":{"$oid":"5cb552e5e0f627212ff3b85e"},"stDate":"2018/3/17","teamAbbr":"CHA","rank":10,"rankOrd":"10th","gameWon":30,"gameLost":40,"stk":"L1","homeWin":19,"homeLoss":17,"awayWin":11,"awayLoss":23}
{"_id":{"$oid":"5cb552e5e0f627212ff3b87b"},"stDate":"2018/3/18","teamAbbr":"CHA","rank":10,"rankOrd":"10th","gameWon":30,"gameLost":40,"stk":"L1","homeWin":19,"homeLoss":17,"awayWin":11,"awayLoss":23}
{"_id":{"$oid":"5cb552e5e0f627212ff3b89a"},"stDate":"2018/3/19","teamAbbr":"CHA","rank":10,"rankOrd":"10th","gameWon":30,"gameLost":41,"stk":"L2","homeWin":19,"homeLoss":17,"awayWin":11,"awayLoss":24}
{"_id":{"$oid":"5cb552e5e0f627212ff3b8b9"},"stDate":"2018/3/20","teamAbbr":"CHA","rank":10,"rankOrd":"10th","gameWon":30,"gameLost":41,"stk":"L2","homeWin":19,"homeLoss":17,"awayWin":11,"awayLoss":24}
{"_id":{"$oid":"5cb552e5e0f627212ff3b8d7"},"stDate":"2018/3/21","teamAbbr":"CHA","rank":10,"rankOrd":"10th","gameWon":31,"gameLost":41,"stk":"W1","homeWin":19,"homeLoss":17,"awayWin":12,"awayLoss":24}
{"_id":{"$oid":"5cb552e5e0f627212ff3b8f3"},"stDate":"2018/3/22","teamAbbr":"CHA","rank":10,"rankOrd":"10th","gameWon":32,"gameLost":41,"stk":"W2","homeWin":20,"homeLoss":17,"awayWin":12,"awayLoss":24}
{"_id":{"$oid":"5cb552e5e0f627212ff3b912"},"stDate":"2018/3/23","teamAbbr":"CHA","rank":10,"rankOrd":"10th","gameWon":32,"gameLost":41,"stk":"W2","homeWin":20,"homeLoss":17,"awayWin":12,"awayLoss":24}
{"_id":{"$oid":"5cb552e5e0f627212ff3b92a"},"stDate":"2018/3/24","teamAbbr":"CHA","rank":10,"rankOrd":"10th","gameWon":33,"gameLost":41,"stk":"W3","homeWin":20,"homeLoss":17,"awayWin":13,"awayLoss":24}
{"_id":{"$oid":"5cb552e5e0f627212ff3b94e"},"stDate":"2018/3/25","teamAbbr":"CHA","rank":10,"rankOrd":"10th","gameWon":33,"gameLost":41,"stk":"W3","homeWin":20,"homeLoss":17,"awayWin":13,"awayLoss":24}
{"_id":{"$oid":"5cb552e5e0f627212ff3b96d"},"stDate":"2018/3/26","teamAbbr":"CHA","rank":10,"rankOrd":"10th","gameWon":34,"gameLost":41,"stk":"W4","homeWin":21,"homeLoss":17,"awayWin":13,"awayLoss":24}
{"_id":{"$oid":"5cb552e5e0f627212ff3b989"},"stDate":"2018/3/27","teamAbbr":"CHA","rank":10,"rankOrd":"10th","gameWon":34,"gameLost":41,"stk":"W4","homeWin":21,"homeLoss":17,"awayWin":13,"awayLoss":24}
{"_id":{"$oid":"5cb552e5e0f627212ff3b9a7"},"stDate":"2018/3/28","teamAbbr":"CHA","rank":10,"rankOrd":"10th","gameWon":34,"gameLost":42,"stk":"L1","homeWin":21,"homeLoss":18,"awayWin":13,"awayLoss":24}
{"_id":{"$oid":"5cb552e5e0f627212ff3b9c6"},"stDate":"2018/3/29","teamAbbr":"CHA","rank":10,"rankOrd":"10th","gameWon":34,"gameLost":42,"stk":"L1","homeWin":21,"homeLoss":18,"awayWin":13,"awayLoss":24}
{"_id":{"$oid":"5cb552e5e0f627212ff3b9e4"},"stDate":"2018/3/30","teamAbbr":"CHA","rank":10,"rankOrd":"10th","gameWon":34,"gameLost":42,"stk":"L1","homeWin":21,"homeLoss":18,"awayWin":13,"awayLoss":24}
{"_id":{"$oid":"5cb552e5e0f627212ff3ba01"},"stDate":"2018/3/31","teamAbbr":"CHA","rank":10,"rankOrd":"10th","gameWon":34,"gameLost":43,"stk":"L2","homeWin":21,"homeLoss":18,"awayWin":13,"awayLoss":25}
{"_id":{"$oid":"5cb552e5e0f627212ff3ba20"},"stDate":"2018/4/1","teamAbbr":"CHA","rank":10,"rankOrd":"10th","gameWon":34,"gameLost":44,"stk":"L3","homeWin":21,"homeLoss":19,"awayWin":13,"awayLoss":25}
{"_id":{"$oid":"5cb552e5e0f627212ff3ba3f"},"stDate":"2018/4/3","teamAbbr":"CHA","rank":10,"rankOrd":"10th","gameWon":34,"gameLost":45,"stk":"L4","homeWin":21,"homeLoss":19,"awayWin":13,"awayLoss":26}
{"_id":{"$oid":"5cb552e5e0f627212ff3ba5b"},"stDate":"2018/4/4","teamAbbr":"CHA","rank":10,"rankOrd":"10th","gameWon":34,"gameLost":45,"stk":"L4","homeWin":21,"homeLoss":19,"awayWin":13,"awayLoss":26}
{"_id":{"$oid":"5cb552e5e0f627212ff3ba79"},"stDate":"2018/4/5","teamAbbr":"CHA","rank":10,"rankOrd":"10th","gameWon":34,"gameLost":45,"stk":"L4","homeWin":21,"homeLoss":19,"awayWin":13,"awayLoss":26}
{"_id":{"$oid":"5cb552e5e0f627212ff3ba98"},"stDate":"2018/4/6","teamAbbr":"CHA","rank":10,"rankOrd":"10th","gameWon":35,"gameLost":45,"stk":"W1","homeWin":21,"homeLoss":19,"awayWin":14,"awayLoss":26}
{"_id":{"$oid":"5cb552e5e0f627212ff3bab5"},"stDate":"2018/4/7","teamAbbr":"CHA","rank":10,"rankOrd":"10th","gameWon":35,"gameLost":45,"stk":"W1","homeWin":21,"homeLoss":19,"awayWin":14,"awayLoss":26}
{"_id":{"$oid":"5cb552e5e0f627212ff3bad4"},"stDate":"2018/4/8","teamAbbr":"CHA","rank":10,"rankOrd":"10th","gameWon":35,"gameLost":46,"stk":"L1","homeWin":21,"homeLoss":20,"awayWin":14,"awayLoss":26}
{"_id":{"$oid":"5cb552e5e0f627212ff3baf2"},"stDate":"2018/4/9","teamAbbr":"CHA","rank":10,"rankOrd":"10th","gameWon":35,"gameLost":46,"stk":"L1","homeWin":21,"homeLoss":20,"awayWin":14,"awayLoss":26}
{"_id":{"$oid":"5cb552e5e0f627212ff3bb0f"},"stDate":"2018/4/10","teamAbbr":"CHA","rank":10,"rankOrd":"10th","gameWon":36,"gameLost":46,"stk":"W1","homeWin":21,"homeLoss":20,"awayWin":15,"awayLoss":26}
{"_id":{"$oid":"5cb552e5e0f627212ff3bb2f"},"stDate":"2018/4/11","teamAbbr":"CHA","rank":10,"rankOrd":"10th","gameWon":36,"gameLost":46,"stk":"W1","homeWin":21,"homeLoss":20,"awayWin":15,"awayLoss":26}
