{"_id":{"$oid":"5cb552e5e0f627212ff3a798"},"stDate":"2017/10/17","teamAbbr":"CHI","rank":2,"rankOrd":"2nd","gameWon":0,"gameLost":0,"stk":"-","homeWin":0,"homeLoss":0,"awayWin":0,"awayLoss":0}
{"_id":{"$oid":"5cb552e5e0f627212ff3a7b7"},"stDate":"2017/10/18","teamAbbr":"CHI","rank":8,"rankOrd":"8th","gameWon":0,"gameLost":0,"stk":"-","homeWin":0,"homeLoss":0,"awayWin":0,"awayLoss":0}
{"_id":{"$oid":"5cb552e5e0f627212ff3a7d5"},"stDate":"2017/10/19","teamAbbr":"CHI","rank":9,"rankOrd":"9th","gameWon":0,"gameLost":1,"stk":"L1","homeWin":0,"homeLoss":0,"awayWin":0,"awayLoss":1}
{"_id":{"$oid":"5cb552e5e0f627212ff3a7ec"},"stDate":"2017/10/20","teamAbbr":"CHI","rank":11,"rankOrd":"11th","gameWon":0,"gameLost":1,"stk":"L1","homeWin":0,"homeLoss":0,"awayWin":0,"awayLoss":1}
{"_id":{"$oid":"5cb552e5e0f627212ff3a810"},"stDate":"2017/10/21","teamAbbr":"CHI","rank":13,"rankOrd":"13th","gameWon":0,"gameLost":2,"stk":"L2","homeWin":0,"homeLoss":1,"awayWin":0,"awayLoss":1}
{"_id":{"$oid":"5cb552e5e0f627212ff3a82d"},"stDate":"2017/10/22","teamAbbr":"CHI","rank":13,"rankOrd":"13th","gameWon":0,"gameLost":2,"stk":"L2","homeWin":0,"homeLoss":1,"awayWin":0,"awayLoss":1}
{"_id":{"$oid":"5cb552e5e0f627212ff3a84d"},"stDate":"2017/10/23","teamAbbr":"CHI","rank":12,"rankOrd":"12th","gameWon":0,"gameLost":2,"stk":"L2","homeWin":0,"homeLoss":1,"awayWin":0,"awayLoss":1}
{"_id":{"$oid":"5cb552e5e0f627212ff3a86b"},"stDate":"2017/10/24","teamAbbr":"CHI","rank":14,"rankOrd":"14th","gameWon":0,"gameLost":3,"stk":"L3","homeWin":0,"homeLoss":1,"awayWin":0,"awayLoss":2}
{"_id":{"$oid":"5cb552e5e0f627212ff3a889"},"stDate":"2017/10/25","teamAbbr":"CHI","rank":13,"rankOrd":"13th","gameWon":0,"gameLost":3,"stk":"L3","homeWin":0,"homeLoss":1,"awayWin":0,"awayLoss":2}
{"_id":{"$oid":"5cb552e5e0f627212ff3a8a6"},"stDate":"2017/10/26","teamAbbr":"CHI","rank":12,"rankOrd":"12th","gameWon":1,"gameLost":3,"stk":"W1","homeWin":1,"homeLoss":1,"awayWin":0,"awayLoss":2}
{"_id":{"$oid":"5cb552e5e0f627212ff3a8c7"},"stDate":"2017/10/27","teamAbbr":"CHI","rank":12,"rankOrd":"12th","gameWon":1,"gameLost":3,"stk":"W1","homeWin":1,"homeLoss":1,"awayWin":0,"awayLoss":2}
{"_id":{"$oid":"5cb552e5e0f627212ff3a8e1"},"stDate":"2017/10/28","teamAbbr":"CHI","rank":14,"rankOrd":"14th","gameWon":1,"gameLost":4,"stk":"L1","homeWin":1,"homeLoss":2,"awayWin":0,"awayLoss":2}
{"_id":{"$oid":"5cb552e5e0f627212ff3a8fe"},"stDate":"2017/10/29","teamAbbr":"CHI","rank":14,"rankOrd":"14th","gameWon":1,"gameLost":4,"stk":"L1","homeWin":1,"homeLoss":2,"awayWin":0,"awayLoss":2}
{"_id":{"$oid":"5cb552e5e0f627212ff3a91f"},"stDate":"2017/10/30","teamAbbr":"CHI","rank":14,"rankOrd":"14th","gameWon":1,"gameLost":4,"stk":"L1","homeWin":1,"homeLoss":2,"awayWin":0,"awayLoss":2}
{"_id":{"$oid":"5cb552e5e0f627212ff3a93d"},"stDate":"2017/10/31","teamAbbr":"CHI","rank":14,"rankOrd":"14th","gameWon":1,"gameLost":4,"stk":"L1","homeWin":1,"homeLoss":2,"awayWin":0,"awayLoss":2}
{"_id":{"$oid":"5cb552e5e0f627212ff3a95d"},"stDate":"2017/11/1","teamAbbr":"CHI","rank":14,"rankOrd":"14th","gameWon":1,"gameLost":5,"stk":"L2","homeWin":1,"homeLoss":2,"awayWin":0,"awayLoss":3}
{"_id":{"$oid":"5cb552e5e0f627212ff3a976"},"stDate":"2017/11/2","teamAbbr":"CHI","rank":14,"rankOrd":"14th","gameWon":1,"gameLost":5,"stk":"L2","homeWin":1,"homeLoss":2,"awayWin":0,"awayLoss":3}
{"_id":{"$oid":"5cb552e5e0f627212ff3a997"},"stDate":"2017/11/3","teamAbbr":"CHI","rank":13,"rankOrd":"13th","gameWon":2,"gameLost":5,"stk":"W1","homeWin":1,"homeLoss":2,"awayWin":1,"awayLoss":3}
{"_id":{"$oid":"5cb552e5e0f627212ff3a9b4"},"stDate":"2017/11/4","teamAbbr":"CHI","rank":14,"rankOrd":"14th","gameWon":2,"gameLost":6,"stk":"L1","homeWin":1,"homeLoss":3,"awayWin":1,"awayLoss":3}
{"_id":{"$oid":"5cb552e5e0f627212ff3a9e5"},"stDate":"2017/11/5","teamAbbr":"CHI","rank":14,"rankOrd":"14th","gameWon":2,"gameLost":6,"stk":"L1","homeWin":1,"homeLoss":3,"awayWin":1,"awayLoss":3}
{"_id":{"$oid":"5cb552e5e0f627212ff3a9f1"},"stDate":"2017/11/6","teamAbbr":"CHI","rank":14,"rankOrd":"14th","gameWon":2,"gameLost":6,"stk":"L1","homeWin":1,"homeLoss":3,"awayWin":1,"awayLoss":3}
{"_id":{"$oid":"5cb552e5e0f627212ff3aa0f"},"stDate":"2017/11/7","teamAbbr":"CHI","rank":14,"rankOrd":"14th","gameWon":2,"gameLost":7,"stk":"L2","homeWin":1,"homeLoss":3,"awayWin":1,"awayLoss":4}
{"_id":{"$oid":"5cb552e5e0f627212ff3aa2b"},"stDate":"2017/11/8","teamAbbr":"CHI","rank":14,"rankOrd":"14th","gameWon":2,"gameLost":7,"stk":"L2","homeWin":1,"homeLoss":3,"awayWin":1,"awayLoss":4}
{"_id":{"$oid":"5cb552e5e0f627212ff3aa4b"},"stDate":"2017/11/9","teamAbbr":"CHI","rank":14,"rankOrd":"14th","gameWon":2,"gameLost":7,"stk":"L2","homeWin":1,"homeLoss":3,"awayWin":1,"awayLoss":4}
{"_id":{"$oid":"5cb552e5e0f627212ff3aa6a"},"stDate":"2017/11/10","teamAbbr":"CHI","rank":14,"rankOrd":"14th","gameWon":2,"gameLost":8,"stk":"L3","homeWin":1,"homeLoss":4,"awayWin":1,"awayLoss":4}
{"_id":{"$oid":"5cb552e5e0f627212ff3aa87"},"stDate":"2017/11/11","teamAbbr":"CHI","rank":14,"rankOrd":"14th","gameWon":2,"gameLost":9,"stk":"L4","homeWin":1,"homeLoss":4,"awayWin":1,"awayLoss":5}
{"_id":{"$oid":"5cb552e5e0f627212ff3aaa5"},"stDate":"2017/11/12","teamAbbr":"CHI","rank":14,"rankOrd":"14th","gameWon":2,"gameLost":9,"stk":"L4","homeWin":1,"homeLoss":4,"awayWin":1,"awayLoss":5}
{"_id":{"$oid":"5cb552e5e0f627212ff3aac3"},"stDate":"2017/11/13","teamAbbr":"CHI","rank":14,"rankOrd":"14th","gameWon":2,"gameLost":9,"stk":"L4","homeWin":1,"homeLoss":4,"awayWin":1,"awayLoss":5}
{"_id":{"$oid":"5cb552e5e0f627212ff3aae1"},"stDate":"2017/11/14","teamAbbr":"CHI","rank":14,"rankOrd":"14th","gameWon":2,"gameLost":9,"stk":"L4","homeWin":1,"homeLoss":4,"awayWin":1,"awayLoss":5}
{"_id":{"$oid":"5cb552e5e0f627212ff3aaff"},"stDate":"2017/11/15","teamAbbr":"CHI","rank":14,"rankOrd":"14th","gameWon":2,"gameLost":10,"stk":"L5","homeWin":1,"homeLoss":4,"awayWin":1,"awayLoss":6}
{"_id":{"$oid":"5cb552e5e0f627212ff3ab1d"},"stDate":"2017/11/16","teamAbbr":"CHI","rank":14,"rankOrd":"14th","gameWon":2,"gameLost":10,"stk":"L5","homeWin":1,"homeLoss":4,"awayWin":1,"awayLoss":6}
{"_id":{"$oid":"5cb552e5e0f627212ff3ab3b"},"stDate":"2017/11/17","teamAbbr":"CHI","rank":14,"rankOrd":"14th","gameWon":3,"gameLost":10,"stk":"W1","homeWin":2,"homeLoss":4,"awayWin":1,"awayLoss":6}
{"_id":{"$oid":"5cb552e5e0f627212ff3ab59"},"stDate":"2017/11/18","teamAbbr":"CHI","rank":14,"rankOrd":"14th","gameWon":3,"gameLost":10,"stk":"W1","homeWin":2,"homeLoss":4,"awayWin":1,"awayLoss":6}
{"_id":{"$oid":"5cb552e5e0f627212ff3ab7e"},"stDate":"2017/11/19","teamAbbr":"CHI","rank":14,"rankOrd":"14th","gameWon":3,"gameLost":11,"stk":"L1","homeWin":2,"homeLoss":4,"awayWin":1,"awayLoss":7}
{"_id":{"$oid":"5cb552e5e0f627212ff3ab96"},"stDate":"2017/11/20","teamAbbr":"CHI","rank":14,"rankOrd":"14th","gameWon":3,"gameLost":11,"stk":"L1","homeWin":2,"homeLoss":4,"awayWin":1,"awayLoss":7}
{"_id":{"$oid":"5cb552e5e0f627212ff3abb4"},"stDate":"2017/11/21","teamAbbr":"CHI","rank":14,"rankOrd":"14th","gameWon":3,"gameLost":12,"stk":"L2","homeWin":2,"homeLoss":4,"awayWin":1,"awayLoss":8}
{"_id":{"$oid":"5cb552e5e0f627212ff3abd5"},"stDate":"2017/11/22","teamAbbr":"CHI","rank":14,"rankOrd":"14th","gameWon":3,"gameLost":13,"stk":"L3","homeWin":2,"homeLoss":4,"awayWin":1,"awayLoss":9}
{"_id":{"$oid":"5cb552e5e0f627212ff3abf0"},"stDate":"2017/11/24","teamAbbr":"CHI","rank":14,"rankOrd":"14th","gameWon":3,"gameLost":14,"stk":"L4","homeWin":2,"homeLoss":4,"awayWin":1,"awayLoss":10}
{"_id":{"$oid":"5cb552e5e0f627212ff3ac0e"},"stDate":"2017/11/25","teamAbbr":"CHI","rank":14,"rankOrd":"14th","gameWon":3,"gameLost":14,"stk":"L4","homeWin":2,"homeLoss":4,"awayWin":1,"awayLoss":10}
{"_id":{"$oid":"5cb552e5e0f627212ff3ac2b"},"stDate":"2017/11/26","teamAbbr":"CHI","rank":14,"rankOrd":"14th","gameWon":3,"gameLost":15,"stk":"L5","homeWin":2,"homeLoss":5,"awayWin":1,"awayLoss":10}
{"_id":{"$oid":"5cb552e5e0f627212ff3ac4a"},"stDate":"2017/11/27","teamAbbr":"CHI","rank":14,"rankOrd":"14th","gameWon":3,"gameLost":15,"stk":"L5","homeWin":2,"homeLoss":5,"awayWin":1,"awayLoss":10}
{"_id":{"$oid":"5cb552e5e0f627212ff3ac68"},"stDate":"2017/11/28","teamAbbr":"CHI","rank":15,"rankOrd":"15th","gameWon":3,"gameLost":16,"stk":"L6","homeWin":2,"homeLoss":6,"awayWin":1,"awayLoss":10}
{"_id":{"$oid":"5cb552e5e0f627212ff3ac9a"},"stDate":"2017/11/29","teamAbbr":"CHI","rank":15,"rankOrd":"15th","gameWon":3,"gameLost":16,"stk":"L6","homeWin":2,"homeLoss":6,"awayWin":1,"awayLoss":10}
{"_id":{"$oid":"5cb552e5e0f627212ff3aca6"},"stDate":"2017/11/30","teamAbbr":"CHI","rank":15,"rankOrd":"15th","gameWon":3,"gameLost":17,"stk":"L7","homeWin":2,"homeLoss":6,"awayWin":1,"awayLoss":11}
{"_id":{"$oid":"5cb552e5e0f627212ff3acc1"},"stDate":"2017/12/1","teamAbbr":"CHI","rank":15,"rankOrd":"15th","gameWon":3,"gameLost":18,"stk":"L8","homeWin":2,"homeLoss":7,"awayWin":1,"awayLoss":11}
{"_id":{"$oid":"5cb552e5e0f627212ff3acdf"},"stDate":"2017/12/2","teamAbbr":"CHI","rank":15,"rankOrd":"15th","gameWon":3,"gameLost":18,"stk":"L8","homeWin":2,"homeLoss":7,"awayWin":1,"awayLoss":11}
{"_id":{"$oid":"5cb552e5e0f627212ff3ad14"},"stDate":"2017/12/3","teamAbbr":"CHI","rank":15,"rankOrd":"15th","gameWon":3,"gameLost":18,"stk":"L8","homeWin":2,"homeLoss":7,"awayWin":1,"awayLoss":11}
{"_id":{"$oid":"5cb552e5e0f627212ff3ad27"},"stDate":"2017/12/4","teamAbbr":"CHI","rank":15,"rankOrd":"15th","gameWon":3,"gameLost":19,"stk":"L9","homeWin":2,"homeLoss":8,"awayWin":1,"awayLoss":11}
{"_id":{"$oid":"5cb552e5e0f627212ff3ad39"},"stDate":"2017/12/5","teamAbbr":"CHI","rank":15,"rankOrd":"15th","gameWon":3,"gameLost":19,"stk":"L9","homeWin":2,"homeLoss":8,"awayWin":1,"awayLoss":11}
{"_id":{"$oid":"5cb552e5e0f627212ff3ad58"},"stDate":"2017/12/6","teamAbbr":"CHI","rank":15,"rankOrd":"15th","gameWon":3,"gameLost":20,"stk":"L10","homeWin":2,"homeLoss":8,"awayWin":1,"awayLoss":12}
{"_id":{"$oid":"5cb552e5e0f627212ff3ad76"},"stDate":"2017/12/7","teamAbbr":"CHI","rank":15,"rankOrd":"15th","gameWon":3,"gameLost":20,"stk":"L10","homeWin":2,"homeLoss":8,"awayWin":1,"awayLoss":12}
{"_id":{"$oid":"5cb552e5e0f627212ff3ad92"},"stDate":"2017/12/8","teamAbbr":"CHI","rank":15,"rankOrd":"15th","gameWon":4,"gameLost":20,"stk":"W1","homeWin":2,"homeLoss":8,"awayWin":2,"awayLoss":12}
{"_id":{"$oid":"5cb552e5e0f627212ff3adb1"},"stDate":"2017/12/9","teamAbbr":"CHI","rank":15,"rankOrd":"15th","gameWon":5,"gameLost":20,"stk":"W2","homeWin":3,"homeLoss":8,"awayWin":2,"awayLoss":12}
{"_id":{"$oid":"5cb552e5e0f627212ff3adcf"},"stDate":"2017/12/10","teamAbbr":"CHI","rank":15,"rankOrd":"15th","gameWon":5,"gameLost":20,"stk":"W2","homeWin":3,"homeLoss":8,"awayWin":2,"awayLoss":12}
{"_id":{"$oid":"5cb552e5e0f627212ff3adee"},"stDate":"2017/12/11","teamAbbr":"CHI","rank":14,"rankOrd":"14th","gameWon":6,"gameLost":20,"stk":"W3","homeWin":4,"homeLoss":8,"awayWin":2,"awayLoss":12}
{"_id":{"$oid":"5cb552e5e0f627212ff3ae0c"},"stDate":"2017/12/12","teamAbbr":"CHI","rank":14,"rankOrd":"14th","gameWon":6,"gameLost":20,"stk":"W3","homeWin":4,"homeLoss":8,"awayWin":2,"awayLoss":12}
{"_id":{"$oid":"5cb552e5e0f627212ff3ae2a"},"stDate":"2017/12/13","teamAbbr":"CHI","rank":14,"rankOrd":"14th","gameWon":7,"gameLost":20,"stk":"W4","homeWin":5,"homeLoss":8,"awayWin":2,"awayLoss":12}
{"_id":{"$oid":"5cb552e5e0f627212ff3ae49"},"stDate":"2017/12/14","teamAbbr":"CHI","rank":14,"rankOrd":"14th","gameWon":7,"gameLost":20,"stk":"W4","homeWin":5,"homeLoss":8,"awayWin":2,"awayLoss":12}
{"_id":{"$oid":"5cb552e5e0f627212ff3ae64"},"stDate":"2017/12/15","teamAbbr":"CHI","rank":14,"rankOrd":"14th","gameWon":8,"gameLost":20,"stk":"W5","homeWin":5,"homeLoss":8,"awayWin":3,"awayLoss":12}
{"_id":{"$oid":"5cb552e5e0f627212ff3ae84"},"stDate":"2017/12/16","teamAbbr":"CHI","rank":14,"rankOrd":"14th","gameWon":8,"gameLost":20,"stk":"W5","homeWin":5,"homeLoss":8,"awayWin":3,"awayLoss":12}
{"_id":{"$oid":"5cb552e5e0f627212ff3aea2"},"stDate":"2017/12/17","teamAbbr":"CHI","rank":14,"rankOrd":"14th","gameWon":8,"gameLost":20,"stk":"W5","homeWin":5,"homeLoss":8,"awayWin":3,"awayLoss":12}
{"_id":{"$oid":"5cb552e5e0f627212ff3aec4"},"stDate":"2017/12/18","teamAbbr":"CHI","rank":14,"rankOrd":"14th","gameWon":9,"gameLost":20,"stk":"W6","homeWin":6,"homeLoss":8,"awayWin":3,"awayLoss":12}
{"_id":{"$oid":"5cb552e5e0f627212ff3aede"},"stDate":"2017/12/19","teamAbbr":"CHI","rank":14,"rankOrd":"14th","gameWon":9,"gameLost":20,"stk":"W6","homeWin":6,"homeLoss":8,"awayWin":3,"awayLoss":12}
{"_id":{"$oid":"5cb552e5e0f627212ff3aefc"},"stDate":"2017/12/20","teamAbbr":"CHI","rank":13,"rankOrd":"13th","gameWon":10,"gameLost":20,"stk":"W7","homeWin":7,"homeLoss":8,"awayWin":3,"awayLoss":12}
{"_id":{"$oid":"5cb552e5e0f627212ff3af1a"},"stDate":"2017/12/21","teamAbbr":"CHI","rank":14,"rankOrd":"14th","gameWon":10,"gameLost":21,"stk":"L1","homeWin":7,"homeLoss":8,"awayWin":3,"awayLoss":13}
{"_id":{"$oid":"5cb552e5e0f627212ff3af39"},"stDate":"2017/12/22","teamAbbr":"CHI","rank":13,"rankOrd":"13th","gameWon":10,"gameLost":21,"stk":"L1","homeWin":7,"homeLoss":8,"awayWin":3,"awayLoss":13}
{"_id":{"$oid":"5cb552e5e0f627212ff3af56"},"stDate":"2017/12/23","teamAbbr":"CHI","rank":13,"rankOrd":"13th","gameWon":10,"gameLost":22,"stk":"L2","homeWin":7,"homeLoss":8,"awayWin":3,"awayLoss":14}
{"_id":{"$oid":"5cb552e5e0f627212ff3af75"},"stDate":"2017/12/25","teamAbbr":"CHI","rank":13,"rankOrd":"13th","gameWon":10,"gameLost":22,"stk":"L2","homeWin":7,"homeLoss":8,"awayWin":3,"awayLoss":14}
{"_id":{"$oid":"5cb552e5e0f627212ff3af94"},"stDate":"2017/12/26","teamAbbr":"CHI","rank":13,"rankOrd":"13th","gameWon":11,"gameLost":22,"stk":"W1","homeWin":7,"homeLoss":8,"awayWin":4,"awayLoss":14}
{"_id":{"$oid":"5cb552e5e0f627212ff3afb0"},"stDate":"2017/12/27","teamAbbr":"CHI","rank":11,"rankOrd":"11th","gameWon":12,"gameLost":22,"stk":"W2","homeWin":8,"homeLoss":8,"awayWin":4,"awayLoss":14}
{"_id":{"$oid":"5cb552e5e0f627212ff3afcf"},"stDate":"2017/12/28","teamAbbr":"CHI","rank":11,"rankOrd":"11th","gameWon":12,"gameLost":22,"stk":"W2","homeWin":8,"homeLoss":8,"awayWin":4,"awayLoss":14}
{"_id":{"$oid":"5cb552e5e0f627212ff3afe6"},"stDate":"2017/12/29","teamAbbr":"CHI","rank":11,"rankOrd":"11th","gameWon":13,"gameLost":22,"stk":"W3","homeWin":9,"homeLoss":8,"awayWin":4,"awayLoss":14}
{"_id":{"$oid":"5cb552e5e0f627212ff3b005"},"stDate":"2017/12/30","teamAbbr":"CHI","rank":11,"rankOrd":"11th","gameWon":13,"gameLost":22,"stk":"W3","homeWin":9,"homeLoss":8,"awayWin":4,"awayLoss":14}
{"_id":{"$oid":"5cb552e5e0f627212ff3b029"},"stDate":"2017/12/31","teamAbbr":"CHI","rank":11,"rankOrd":"11th","gameWon":13,"gameLost":23,"stk":"L1","homeWin":9,"homeLoss":8,"awayWin":4,"awayLoss":15}
{"_id":{"$oid":"5cb552e5e0f627212ff3b047"},"stDate":"2018/1/1","teamAbbr":"CHI","rank":13,"rankOrd":"13th","gameWon":13,"gameLost":24,"stk":"L2","homeWin":9,"homeLoss":9,"awayWin":4,"awayLoss":15}
{"_id":{"$oid":"5cb552e5e0f627212ff3b05e"},"stDate":"2018/1/2","teamAbbr":"CHI","rank":13,"rankOrd":"13th","gameWon":13,"gameLost":24,"stk":"L2","homeWin":9,"homeLoss":9,"awayWin":4,"awayLoss":15}
{"_id":{"$oid":"5cb552e5e0f627212ff3b083"},"stDate":"2018/1/3","teamAbbr":"CHI","rank":13,"rankOrd":"13th","gameWon":13,"gameLost":25,"stk":"L3","homeWin":9,"homeLoss":10,"awayWin":4,"awayLoss":15}
{"_id":{"$oid":"5cb552e5e0f627212ff3b0a1"},"stDate":"2018/1/4","teamAbbr":"CHI","rank":13,"rankOrd":"13th","gameWon":13,"gameLost":25,"stk":"L3","homeWin":9,"homeLoss":10,"awayWin":4,"awayLoss":15}
{"_id":{"$oid":"5cb552e5e0f627212ff3b0b8"},"stDate":"2018/1/5","teamAbbr":"CHI","rank":13,"rankOrd":"13th","gameWon":14,"gameLost":25,"stk":"W1","homeWin":9,"homeLoss":10,"awayWin":5,"awayLoss":15}
{"_id":{"$oid":"5cb552e5e0f627212ff3b0dd"},"stDate":"2018/1/6","teamAbbr":"CHI","rank":13,"rankOrd":"13th","gameWon":14,"gameLost":26,"stk":"L1","homeWin":9,"homeLoss":10,"awayWin":5,"awayLoss":16}
{"_id":{"$oid":"5cb552e5e0f627212ff3b0fb"},"stDate":"2018/1/7","teamAbbr":"CHI","rank":13,"rankOrd":"13th","gameWon":14,"gameLost":26,"stk":"L1","homeWin":9,"homeLoss":10,"awayWin":5,"awayLoss":16}
{"_id":{"$oid":"5cb552e5e0f627212ff3b119"},"stDate":"2018/1/8","teamAbbr":"CHI","rank":13,"rankOrd":"13th","gameWon":14,"gameLost":27,"stk":"L2","homeWin":9,"homeLoss":11,"awayWin":5,"awayLoss":16}
{"_id":{"$oid":"5cb552e5e0f627212ff3b130"},"stDate":"2018/1/9","teamAbbr":"CHI","rank":13,"rankOrd":"13th","gameWon":14,"gameLost":27,"stk":"L2","homeWin":9,"homeLoss":11,"awayWin":5,"awayLoss":16}
{"_id":{"$oid":"5cb552e5e0f627212ff3b154"},"stDate":"2018/1/10","teamAbbr":"CHI","rank":13,"rankOrd":"13th","gameWon":15,"gameLost":27,"stk":"W1","homeWin":9,"homeLoss":11,"awayWin":6,"awayLoss":16}
{"_id":{"$oid":"5cb552e5e0f627212ff3b173"},"stDate":"2018/1/11","teamAbbr":"CHI","rank":13,"rankOrd":"13th","gameWon":15,"gameLost":27,"stk":"W1","homeWin":9,"homeLoss":11,"awayWin":6,"awayLoss":16}
{"_id":{"$oid":"5cb552e5e0f627212ff3b193"},"stDate":"2018/1/12","teamAbbr":"CHI","rank":13,"rankOrd":"13th","gameWon":15,"gameLost":27,"stk":"W1","homeWin":9,"homeLoss":11,"awayWin":6,"awayLoss":16}
{"_id":{"$oid":"5cb552e5e0f627212ff3b1ae"},"stDate":"2018/1/13","teamAbbr":"CHI","rank":12,"rankOrd":"12th","gameWon":16,"gameLost":27,"stk":"W2","homeWin":10,"homeLoss":11,"awayWin":6,"awayLoss":16}
{"_id":{"$oid":"5cb552e5e0f627212ff3b1cd"},"stDate":"2018/1/14","teamAbbr":"CHI","rank":12,"rankOrd":"12th","gameWon":16,"gameLost":27,"stk":"W2","homeWin":10,"homeLoss":11,"awayWin":6,"awayLoss":16}
{"_id":{"$oid":"5cb552e5e0f627212ff3b1ec"},"stDate":"2018/1/15","teamAbbr":"CHI","rank":12,"rankOrd":"12th","gameWon":17,"gameLost":27,"stk":"W3","homeWin":11,"homeLoss":11,"awayWin":6,"awayLoss":16}
{"_id":{"$oid":"5cb552e5e0f627212ff3b209"},"stDate":"2018/1/16","teamAbbr":"CHI","rank":12,"rankOrd":"12th","gameWon":17,"gameLost":27,"stk":"W3","homeWin":11,"homeLoss":11,"awayWin":6,"awayLoss":16}
{"_id":{"$oid":"5cb552e5e0f627212ff3b227"},"stDate":"2018/1/17","teamAbbr":"CHI","rank":12,"rankOrd":"12th","gameWon":17,"gameLost":28,"stk":"L1","homeWin":11,"homeLoss":12,"awayWin":6,"awayLoss":16}
{"_id":{"$oid":"5cb552e5e0f627212ff3b245"},"stDate":"2018/1/18","teamAbbr":"CHI","rank":12,"rankOrd":"12th","gameWon":17,"gameLost":28,"stk":"L1","homeWin":11,"homeLoss":12,"awayWin":6,"awayLoss":16}
{"_id":{"$oid":"5cb552e5e0f627212ff3b263"},"stDate":"2018/1/19","teamAbbr":"CHI","rank":12,"rankOrd":"12th","gameWon":17,"gameLost":28,"stk":"L1","homeWin":11,"homeLoss":12,"awayWin":6,"awayLoss":16}
{"_id":{"$oid":"5cb552e5e0f627212ff3b281"},"stDate":"2018/1/20","teamAbbr":"CHI","rank":12,"rankOrd":"12th","gameWon":18,"gameLost":28,"stk":"W1","homeWin":11,"homeLoss":12,"awayWin":7,"awayLoss":16}
{"_id":{"$oid":"5cb552e5e0f627212ff3b2a0"},"stDate":"2018/1/21","teamAbbr":"CHI","rank":12,"rankOrd":"12th","gameWon":18,"gameLost":28,"stk":"W1","homeWin":11,"homeLoss":12,"awayWin":7,"awayLoss":16}
{"_id":{"$oid":"5cb552e5e0f627212ff3b2b6"},"stDate":"2018/1/22","teamAbbr":"CHI","rank":12,"rankOrd":"12th","gameWon":18,"gameLost":29,"stk":"L1","homeWin":11,"homeLoss":12,"awayWin":7,"awayLoss":17}
{"_id":{"$oid":"5cb552e5e0f627212ff3b2dc"},"stDate":"2018/1/23","teamAbbr":"CHI","rank":12,"rankOrd":"12th","gameWon":18,"gameLost":29,"stk":"L1","homeWin":11,"homeLoss":12,"awayWin":7,"awayLoss":17}
{"_id":{"$oid":"5cb552e5e0f627212ff3b2f8"},"stDate":"2018/1/24","teamAbbr":"CHI","rank":12,"rankOrd":"12th","gameWon":18,"gameLost":30,"stk":"L2","homeWin":11,"homeLoss":12,"awayWin":7,"awayLoss":18}
{"_id":{"$oid":"5cb552e5e0f627212ff3b317"},"stDate":"2018/1/25","teamAbbr":"CHI","rank":12,"rankOrd":"12th","gameWon":18,"gameLost":30,"stk":"L2","homeWin":11,"homeLoss":12,"awayWin":7,"awayLoss":18}
{"_id":{"$oid":"5cb552e5e0f627212ff3b335"},"stDate":"2018/1/26","teamAbbr":"CHI","rank":12,"rankOrd":"12th","gameWon":18,"gameLost":31,"stk":"L3","homeWin":11,"homeLoss":13,"awayWin":7,"awayLoss":18}
{"_id":{"$oid":"5cb552e5e0f627212ff3b354"},"stDate":"2018/1/27","teamAbbr":"CHI","rank":12,"rankOrd":"12th","gameWon":18,"gameLost":31,"stk":"L3","homeWin":11,"homeLoss":13,"awayWin":7,"awayLoss":18}
{"_id":{"$oid":"5cb552e5e0f627212ff3b37d"},"stDate":"2018/1/28","teamAbbr":"CHI","rank":12,"rankOrd":"12th","gameWon":18,"gameLost":32,"stk":"L4","homeWin":11,"homeLoss":14,"awayWin":7,"awayLoss":18}
{"_id":{"$oid":"5cb552e5e0f627212ff3b38f"},"stDate":"2018/1/29","teamAbbr":"CHI","rank":12,"rankOrd":"12th","gameWon":18,"gameLost":32,"stk":"L4","homeWin":11,"homeLoss":14,"awayWin":7,"awayLoss":18}
{"_id":{"$oid":"5cb552e5e0f627212ff3b3ae"},"stDate":"2018/1/30","teamAbbr":"CHI","rank":12,"rankOrd":"12th","gameWon":18,"gameLost":32,"stk":"L4","homeWin":11,"homeLoss":14,"awayWin":7,"awayLoss":18}
{"_id":{"$oid":"5cb552e5e0f627212ff3b3ce"},"stDate":"2018/1/31","teamAbbr":"CHI","rank":13,"rankOrd":"13th","gameWon":18,"gameLost":33,"stk":"L5","homeWin":11,"homeLoss":14,"awayWin":7,"awayLoss":19}
{"_id":{"$oid":"5cb552e5e0f627212ff3b3ea"},"stDate":"2018/2/1","teamAbbr":"CHI","rank":13,"rankOrd":"13th","gameWon":18,"gameLost":33,"stk":"L5","homeWin":11,"homeLoss":14,"awayWin":7,"awayLoss":19}
{"_id":{"$oid":"5cb552e5e0f627212ff3b409"},"stDate":"2018/2/2","teamAbbr":"CHI","rank":12,"rankOrd":"12th","gameWon":18,"gameLost":33,"stk":"L5","homeWin":11,"homeLoss":14,"awayWin":7,"awayLoss":19}
{"_id":{"$oid":"5cb552e5e0f627212ff3b423"},"stDate":"2018/2/3","teamAbbr":"CHI","rank":13,"rankOrd":"13th","gameWon":18,"gameLost":34,"stk":"L6","homeWin":11,"homeLoss":14,"awayWin":7,"awayLoss":20}
{"_id":{"$oid":"5cb552e5e0f627212ff3b43d"},"stDate":"2018/2/4","teamAbbr":"CHI","rank":12,"rankOrd":"12th","gameWon":18,"gameLost":34,"stk":"L6","homeWin":11,"homeLoss":14,"awayWin":7,"awayLoss":20}
{"_id":{"$oid":"5cb552e5e0f627212ff3b463"},"stDate":"2018/2/5","teamAbbr":"CHI","rank":13,"rankOrd":"13th","gameWon":18,"gameLost":35,"stk":"L7","homeWin":11,"homeLoss":14,"awayWin":7,"awayLoss":21}
{"_id":{"$oid":"5cb552e5e0f627212ff3b480"},"stDate":"2018/2/6","teamAbbr":"CHI","rank":12,"rankOrd":"12th","gameWon":18,"gameLost":35,"stk":"L7","homeWin":11,"homeLoss":14,"awayWin":7,"awayLoss":21}
{"_id":{"$oid":"5cb552e5e0f627212ff3b49d"},"stDate":"2018/2/7","teamAbbr":"CHI","rank":12,"rankOrd":"12th","gameWon":18,"gameLost":35,"stk":"L7","homeWin":11,"homeLoss":14,"awayWin":7,"awayLoss":21}
{"_id":{"$oid":"5cb552e5e0f627212ff3b4bc"},"stDate":"2018/2/8","teamAbbr":"CHI","rank":12,"rankOrd":"12th","gameWon":18,"gameLost":35,"stk":"L7","homeWin":11,"homeLoss":14,"awayWin":7,"awayLoss":21}
{"_id":{"$oid":"5cb552e5e0f627212ff3b4d9"},"stDate":"2018/2/9","teamAbbr":"CHI","rank":12,"rankOrd":"12th","gameWon":19,"gameLost":35,"stk":"W1","homeWin":12,"homeLoss":14,"awayWin":7,"awayLoss":21}
{"_id":{"$oid":"5cb552e5e0f627212ff3b4f8"},"stDate":"2018/2/10","teamAbbr":"CHI","rank":12,"rankOrd":"12th","gameWon":19,"gameLost":36,"stk":"L1","homeWin":12,"homeLoss":15,"awayWin":7,"awayLoss":21}
{"_id":{"$oid":"5cb552e5e0f627212ff3b515"},"stDate":"2018/2/11","teamAbbr":"CHI","rank":12,"rankOrd":"12th","gameWon":19,"gameLost":36,"stk":"L1","homeWin":12,"homeLoss":15,"awayWin":7,"awayLoss":21}
{"_id":{"$oid":"5cb552e5e0f627212ff3b535"},"stDate":"2018/2/12","teamAbbr":"CHI","rank":12,"rankOrd":"12th","gameWon":20,"gameLost":36,"stk":"W1","homeWin":13,"homeLoss":15,"awayWin":7,"awayLoss":21}
{"_id":{"$oid":"5cb552e5e0f627212ff3b54c"},"stDate":"2018/2/13","teamAbbr":"CHI","rank":12,"rankOrd":"12th","gameWon":20,"gameLost":36,"stk":"W1","homeWin":13,"homeLoss":15,"awayWin":7,"awayLoss":21}
{"_id":{"$oid":"5cb552e5e0f627212ff3b570"},"stDate":"2018/2/14","teamAbbr":"CHI","rank":12,"rankOrd":"12th","gameWon":20,"gameLost":37,"stk":"L1","homeWin":13,"homeLoss":16,"awayWin":7,"awayLoss":21}
{"_id":{"$oid":"5cb552e5e0f627212ff3b58e"},"stDate":"2018/2/15","teamAbbr":"CHI","rank":12,"rankOrd":"12th","gameWon":20,"gameLost":37,"stk":"L1","homeWin":13,"homeLoss":16,"awayWin":7,"awayLoss":21}
{"_id":{"$oid":"5cb552e5e0f627212ff3b5af"},"stDate":"2018/2/22","teamAbbr":"CHI","rank":12,"rankOrd":"12th","gameWon":20,"gameLost":38,"stk":"L2","homeWin":13,"homeLoss":17,"awayWin":7,"awayLoss":21}
{"_id":{"$oid":"5cb552e5e0f627212ff3b5ca"},"stDate":"2018/2/23","teamAbbr":"CHI","rank":12,"rankOrd":"12th","gameWon":20,"gameLost":38,"stk":"L2","homeWin":13,"homeLoss":17,"awayWin":7,"awayLoss":21}
{"_id":{"$oid":"5cb552e5e0f627212ff3b5e7"},"stDate":"2018/2/24","teamAbbr":"CHI","rank":12,"rankOrd":"12th","gameWon":20,"gameLost":39,"stk":"L3","homeWin":13,"homeLoss":17,"awayWin":7,"awayLoss":22}
{"_id":{"$oid":"5cb552e5e0f627212ff3b606"},"stDate":"2018/2/25","teamAbbr":"CHI","rank":12,"rankOrd":"12th","gameWon":20,"gameLost":39,"stk":"L3","homeWin":13,"homeLoss":17,"awayWin":7,"awayLoss":22}
{"_id":{"$oid":"5cb552e5e0f627212ff3b624"},"stDate":"2018/2/26","teamAbbr":"CHI","rank":12,"rankOrd":"12th","gameWon":20,"gameLost":40,"stk":"L4","homeWin":13,"homeLoss":17,"awayWin":7,"awayLoss":23}
{"_id":{"$oid":"5cb552e5e0f627212ff3b643"},"stDate":"2018/2/27","teamAbbr":"CHI","rank":12,"rankOrd":"12th","gameWon":20,"gameLost":41,"stk":"L5","homeWin":13,"homeLoss":17,"awayWin":7,"awayLoss":24}
{"_id":{"$oid":"5cb552e5e0f627212ff3b660"},"stDate":"2018/2/28","teamAbbr":"CHI","rank":12,"rankOrd":"12th","gameWon":20,"gameLost":41,"stk":"L5","homeWin":13,"homeLoss":17,"awayWin":7,"awayLoss":24}
{"_id":{"$oid":"5cb552e5e0f627212ff3b67e"},"stDate":"2018/3/1","teamAbbr":"CHI","rank":12,"rankOrd":"12th","gameWon":20,"gameLost":41,"stk":"L5","homeWin":13,"homeLoss":17,"awayWin":7,"awayLoss":24}
{"_id":{"$oid":"5cb552e5e0f627212ff3b69b"},"stDate":"2018/3/2","teamAbbr":"CHI","rank":12,"rankOrd":"12th","gameWon":21,"gameLost":41,"stk":"W1","homeWin":14,"homeLoss":17,"awayWin":7,"awayLoss":24}
{"_id":{"$oid":"5cb552e5e0f627212ff3b6ba"},"stDate":"2018/3/3","teamAbbr":"CHI","rank":12,"rankOrd":"12th","gameWon":21,"gameLost":41,"stk":"W1","homeWin":14,"homeLoss":17,"awayWin":7,"awayLoss":24}
{"_id":{"$oid":"5cb552e5e0f627212ff3b6d7"},"stDate":"2018/3/4","teamAbbr":"CHI","rank":12,"rankOrd":"12th","gameWon":21,"gameLost":41,"stk":"W1","homeWin":14,"homeLoss":17,"awayWin":7,"awayLoss":24}
{"_id":{"$oid":"5cb552e5e0f627212ff3b6f1"},"stDate":"2018/3/5","teamAbbr":"CHI","rank":12,"rankOrd":"12th","gameWon":21,"gameLost":42,"stk":"L1","homeWin":14,"homeLoss":18,"awayWin":7,"awayLoss":24}
{"_id":{"$oid":"5cb552e5e0f627212ff3b70f"},"stDate":"2018/3/6","teamAbbr":"CHI","rank":12,"rankOrd":"12th","gameWon":21,"gameLost":42,"stk":"L1","homeWin":14,"homeLoss":18,"awayWin":7,"awayLoss":24}
{"_id":{"$oid":"5cb552e5e0f627212ff3b732"},"stDate":"2018/3/7","teamAbbr":"CHI","rank":12,"rankOrd":"12th","gameWon":22,"gameLost":42,"stk":"W1","homeWin":15,"homeLoss":18,"awayWin":7,"awayLoss":24}
{"_id":{"$oid":"5cb552e5e0f627212ff3b750"},"stDate":"2018/3/8","teamAbbr":"CHI","rank":12,"rankOrd":"12th","gameWon":22,"gameLost":42,"stk":"W1","homeWin":15,"homeLoss":18,"awayWin":7,"awayLoss":24}
{"_id":{"$oid":"5cb552e5e0f627212ff3b76e"},"stDate":"2018/3/9","teamAbbr":"CHI","rank":12,"rankOrd":"12th","gameWon":22,"gameLost":43,"stk":"L1","homeWin":15,"homeLoss":18,"awayWin":7,"awayLoss":25}
{"_id":{"$oid":"5cb552e5e0f627212ff3b78d"},"stDate":"2018/3/10","teamAbbr":"CHI","rank":12,"rankOrd":"12th","gameWon":22,"gameLost":43,"stk":"L1","homeWin":15,"homeLoss":18,"awayWin":7,"awayLoss":25}
{"_id":{"$oid":"5cb552e5e0f627212ff3b7ab"},"stDate":"2018/3/11","teamAbbr":"CHI","rank":12,"rankOrd":"12th","gameWon":23,"gameLost":43,"stk":"W1","homeWin":15,"homeLoss":18,"awayWin":8,"awayLoss":25}
{"_id":{"$oid":"5cb552e5e0f627212ff3b7c9"},"stDate":"2018/3/12","teamAbbr":"CHI","rank":12,"rankOrd":"12th","gameWon":23,"gameLost":43,"stk":"W1","homeWin":15,"homeLoss":18,"awayWin":8,"awayLoss":25}
{"_id":{"$oid":"5cb552e5e0f627212ff3b7e7"},"stDate":"2018/3/13","teamAbbr":"CHI","rank":12,"rankOrd":"12th","gameWon":23,"gameLost":44,"stk":"L1","homeWin":15,"homeLoss":19,"awayWin":8,"awayLoss":25}
{"_id":{"$oid":"5cb552e5e0f627212ff3b805"},"stDate":"2018/3/14","teamAbbr":"CHI","rank":12,"rankOrd":"12th","gameWon":23,"gameLost":44,"stk":"L1","homeWin":15,"homeLoss":19,"awayWin":8,"awayLoss":25}
{"_id":{"$oid":"5cb552e5e0f627212ff3b823"},"stDate":"2018/3/15","teamAbbr":"CHI","rank":11,"rankOrd":"11th","gameWon":24,"gameLost":44,"stk":"W1","homeWin":15,"homeLoss":19,"awayWin":9,"awayLoss":25}
{"_id":{"$oid":"5cb552e5e0f627212ff3b841"},"stDate":"2018/3/16","teamAbbr":"CHI","rank":11,"rankOrd":"11th","gameWon":24,"gameLost":44,"stk":"W1","homeWin":15,"homeLoss":19,"awayWin":9,"awayLoss":25}
{"_id":{"$oid":"5cb552e5e0f627212ff3b85f"},"stDate":"2018/3/17","teamAbbr":"CHI","rank":12,"rankOrd":"12th","gameWon":24,"gameLost":45,"stk":"L1","homeWin":15,"homeLoss":20,"awayWin":9,"awayLoss":25}
{"_id":{"$oid":"5cb552e5e0f627212ff3b87d"},"stDate":"2018/3/18","teamAbbr":"CHI","rank":12,"rankOrd":"12th","gameWon":24,"gameLost":45,"stk":"L1","homeWin":15,"homeLoss":20,"awayWin":9,"awayLoss":25}
{"_id":{"$oid":"5cb552e5e0f627212ff3b89b"},"stDate":"2018/3/19","teamAbbr":"CHI","rank":12,"rankOrd":"12th","gameWon":24,"gameLost":46,"stk":"L2","homeWin":15,"homeLoss":20,"awayWin":9,"awayLoss":26}
{"_id":{"$oid":"5cb552e5e0f627212ff3b8b8"},"stDate":"2018/3/20","teamAbbr":"CHI","rank":12,"rankOrd":"12th","gameWon":24,"gameLost":46,"stk":"L2","homeWin":15,"homeLoss":20,"awayWin":9,"awayLoss":26}
{"_id":{"$oid":"5cb552e5e0f627212ff3b8d6"},"stDate":"2018/3/21","teamAbbr":"CHI","rank":12,"rankOrd":"12th","gameWon":24,"gameLost":47,"stk":"L3","homeWin":15,"homeLoss":21,"awayWin":9,"awayLoss":26}
{"_id":{"$oid":"5cb552e5e0f627212ff3b8f4"},"stDate":"2018/3/22","teamAbbr":"CHI","rank":12,"rankOrd":"12th","gameWon":24,"gameLost":47,"stk":"L3","homeWin":15,"homeLoss":21,"awayWin":9,"awayLoss":26}
{"_id":{"$oid":"5cb552e5e0f627212ff3b916"},"stDate":"2018/3/23","teamAbbr":"CHI","rank":12,"rankOrd":"12th","gameWon":24,"gameLost":48,"stk":"L4","homeWin":15,"homeLoss":22,"awayWin":9,"awayLoss":26}
{"_id":{"$oid":"5cb552e5e0f627212ff3b92b"},"stDate":"2018/3/24","teamAbbr":"CHI","rank":12,"rankOrd":"12th","gameWon":24,"gameLost":49,"stk":"L5","homeWin":15,"homeLoss":22,"awayWin":9,"awayLoss":27}
{"_id":{"$oid":"5cb552e5e0f627212ff3b94f"},"stDate":"2018/3/25","teamAbbr":"CHI","rank":12,"rankOrd":"12th","gameWon":24,"gameLost":49,"stk":"L5","homeWin":15,"homeLoss":22,"awayWin":9,"awayLoss":27}
{"_id":{"$oid":"5cb552e5e0f627212ff3b96c"},"stDate":"2018/3/26","teamAbbr":"CHI","rank":12,"rankOrd":"12th","gameWon":24,"gameLost":49,"stk":"L5","homeWin":15,"homeLoss":22,"awayWin":9,"awayLoss":27}
{"_id":{"$oid":"5cb552e5e0f627212ff3b98b"},"stDate":"2018/3/27","teamAbbr":"CHI","rank":12,"rankOrd":"12th","gameWon":24,"gameLost":50,"stk":"L6","homeWin":15,"homeLoss":22,"awayWin":9,"awayLoss":28}
{"_id":{"$oid":"5cb552e5e0f627212ff3b9aa"},"stDate":"2018/3/28","teamAbbr":"CHI","rank":12,"rankOrd":"12th","gameWon":24,"gameLost":50,"stk":"L6","homeWin":15,"homeLoss":22,"awayWin":9,"awayLoss":28}
{"_id":{"$oid":"5cb552e5e0f627212ff3b9c7"},"stDate":"2018/3/29","teamAbbr":"CHI","rank":12,"rankOrd":"12th","gameWon":24,"gameLost":51,"stk":"L7","homeWin":15,"homeLoss":22,"awayWin":9,"awayLoss":29}
{"_id":{"$oid":"5cb552e5e0f627212ff3b9e7"},"stDate":"2018/3/30","teamAbbr":"CHI","rank":12,"rankOrd":"12th","gameWon":25,"gameLost":51,"stk":"W1","homeWin":15,"homeLoss":22,"awayWin":10,"awayLoss":29}
{"_id":{"$oid":"5cb552e5e0f627212ff3ba03"},"stDate":"2018/3/31","teamAbbr":"CHI","rank":12,"rankOrd":"12th","gameWon":25,"gameLost":51,"stk":"W1","homeWin":15,"homeLoss":22,"awayWin":10,"awayLoss":29}
{"_id":{"$oid":"5cb552e5e0f627212ff3ba21"},"stDate":"2018/4/1","teamAbbr":"CHI","rank":12,"rankOrd":"12th","gameWon":26,"gameLost":51,"stk":"W2","homeWin":16,"homeLoss":22,"awayWin":10,"awayLoss":29}
{"_id":{"$oid":"5cb552e5e0f627212ff3ba3e"},"stDate":"2018/4/3","teamAbbr":"CHI","rank":11,"rankOrd":"11th","gameWon":27,"gameLost":51,"stk":"W3","homeWin":17,"homeLoss":22,"awayWin":10,"awayLoss":29}
{"_id":{"$oid":"5cb552e5e0f627212ff3ba5d"},"stDate":"2018/4/4","teamAbbr":"CHI","rank":11,"rankOrd":"11th","gameWon":27,"gameLost":51,"stk":"W3","homeWin":17,"homeLoss":22,"awayWin":10,"awayLoss":29}
{"_id":{"$oid":"5cb552e5e0f627212ff3ba7b"},"stDate":"2018/4/5","teamAbbr":"CHI","rank":11,"rankOrd":"11th","gameWon":27,"gameLost":51,"stk":"W3","homeWin":17,"homeLoss":22,"awayWin":10,"awayLoss":29}
{"_id":{"$oid":"5cb552e5e0f627212ff3ba99"},"stDate":"2018/4/6","teamAbbr":"CHI","rank":12,"rankOrd":"12th","gameWon":27,"gameLost":52,"stk":"L1","homeWin":17,"homeLoss":22,"awayWin":10,"awayLoss":30}
{"_id":{"$oid":"5cb552e5e0f627212ff3bab7"},"stDate":"2018/4/7","teamAbbr":"CHI","rank":12,"rankOrd":"12th","gameWon":27,"gameLost":53,"stk":"L2","homeWin":17,"homeLoss":23,"awayWin":10,"awayLoss":30}
{"_id":{"$oid":"5cb552e5e0f627212ff3bad5"},"stDate":"2018/4/8","teamAbbr":"CHI","rank":12,"rankOrd":"12th","gameWon":27,"gameLost":53,"stk":"L2","homeWin":17,"homeLoss":23,"awayWin":10,"awayLoss":30}
{"_id":{"$oid":"5cb552e5e0f627212ff3baf3"},"stDate":"2018/4/9","teamAbbr":"CHI","rank":13,"rankOrd":"13th","gameWon":27,"gameLost":54,"stk":"L3","homeWin":17,"homeLoss":23,"awayWin":10,"awayLoss":31}
{"_id":{"$oid":"5cb552e5e0f627212ff3bb11"},"stDate":"2018/4/10","teamAbbr":"CHI","rank":13,"rankOrd":"13th","gameWon":27,"gameLost":54,"stk":"L3","homeWin":17,"homeLoss":23,"awayWin":10,"awayLoss":31}
{"_id":{"$oid":"5cb552e5e0f627212ff3bb30"},"stDate":"2018/4/11","teamAbbr":"CHI","rank":13,"rankOrd":"13th","gameWon":27,"gameLost":55,"stk":"L4","homeWin":17,"homeLoss":24,"awayWin":10,"awayLoss":31}
