{"_id":{"$oid":"5cb552f6e0f627212ff3bb4e"},"gmDate":"2017/10/17","offLNm3":"McCutchen","offFNm3":"Monty","teamAbbr":"CLE","teamConf":"East","teamLoc":"Home","teamRslt":"Win","teamPTS":102,"teamAST":19,"teamTO":17,"teamSTL":3,"teamBLK":4,"teamPF":25,"teamFGA":83,"teamFGM":38,"team2PA":61,"team2PM":33,"team3PA":22,"team3PM":5,"teamFTA":25,"teamFTM":21,"teamORB":9,"teamDRB":41,"teamPTS1":29,"teamPTS2":25,"teamPTS3":18,"teamPTS4":30,"teamPTS5":0,"teamPTS6":0,"teamPTS7":0,"teamPTS8":0,"opptAbbr":"BOS","opptConf":"East","opptLoc":"Away","opptRslt":"Loss","opptPTS":99,"opptAST":24,"opptTO":12,"opptSTL":11,"opptBLK":4,"opptPF":24,"opptFGA":88,"opptFGM":36,"oppt2PA":56,"oppt2PM":28,"oppt3PA":32,"oppt3PM":8,"opptFTA":25,"opptFTM":19,"opptORB":9,"opptDRB":37,"opptPTS1":19,"opptPTS2":19,"opptPTS3":33,"opptPTS4":28,"opptPTS5":0,"opptPTS6":0,"opptPTS7":0,"opptPTS8":0}
{"_id":{"$oid":"5cb552f6e0f627212ff3bb60"},"gmDate":"2017/10/20","offLNm3":"Davis","offFNm3":"Marc","teamAbbr":"MIL","teamConf":"East","teamLoc":"Home","teamRslt":"Loss","teamPTS":97,"teamAST":23,"teamTO":15,"teamSTL":8,"teamBLK":2,"teamPF":17,"teamFGA":82,"teamFGM":38,"team2PA":47,"team2PM":27,"team3PA":35,"team3PM":11,"teamFTA":12,"teamFTM":10,"teamORB":8,"teamDRB":22,"teamPTS1":25,"teamPTS2":24,"teamPTS3":24,"teamPTS4":24,"teamPTS5":0,"teamPTS6":0,"teamPTS7":0,"teamPTS8":0,"opptAbbr":"CLE","opptConf":"East","opptLoc":"Away","opptRslt":"Win","opptPTS":116,"opptAST":25,"opptTO":17,"opptSTL":8,"opptBLK":3,"opptPF":10,"opptFGA":81,"opptFGM":44,"oppt2PA":55,"oppt2PM":33,"oppt3PA":26,"oppt3PM":11,"opptFTA":17,"opptFTM":17,"opptORB":9,"opptDRB":35,"opptPTS1":25,"opptPTS2":30,"opptPTS3":31,"opptPTS4":30,"opptPTS5":0,"opptPTS6":0,"opptPTS7":0,"opptPTS8":0}
{"_id":{"$oid":"5cb552f6e0f627212ff3bb6a"},"gmDate":"2017/10/21","offLNm3":"Collins","offFNm3":"Derrick","teamAbbr":"CLE","teamConf":"East","teamLoc":"Home","teamRslt":"Loss","teamPTS":93,"teamAST":15,"teamTO":16,"teamSTL":4,"teamBLK":7,"teamPF":14,"teamFGA":86,"teamFGM":33,"team2PA":61,"team2PM":26,"team3PA":25,"team3PM":7,"teamFTA":27,"teamFTM":20,"teamORB":11,"teamDRB":33,"teamPTS1":18,"teamPTS2":27,"teamPTS3":20,"teamPTS4":28,"teamPTS5":0,"teamPTS6":0,"teamPTS7":0,"teamPTS8":0,"opptAbbr":"ORL","opptConf":"East","opptLoc":"Away","opptRslt":"Win","opptPTS":114,"opptAST":28,"opptTO":12,"opptSTL":7,"opptBLK":6,"opptPF":28,"opptFGA":90,"opptFGM":40,"oppt2PA":55,"oppt2PM":23,"oppt3PA":35,"oppt3PM":17,"opptFTA":20,"opptFTM":17,"opptORB":12,"opptDRB":38,"opptPTS1":36,"opptPTS2":20,"opptPTS3":32,"opptPTS4":26,"opptPTS5":0,"opptPTS6":0,"opptPTS7":0,"opptPTS8":0}
{"_id":{"$oid":"5cb552f6e0f627212ff3bb7e"},"gmDate":"2017/10/24","offLNm3":"DeRosa","offFNm3":"Joe","teamAbbr":"CLE","teamConf":"East","teamLoc":"Home","teamRslt":"Win","teamPTS":119,"teamAST":28,"teamTO":9,"teamSTL":5,"teamBLK":3,"teamPF":14,"teamFGA":83,"teamFGM":43,"team2PA":45,"team2PM":27,"team3PA":38,"team3PM":16,"teamFTA":22,"teamFTM":17,"teamORB":8,"teamDRB":31,"teamPTS1":28,"teamPTS2":37,"teamPTS3":26,"teamPTS4":28,"teamPTS5":0,"teamPTS6":0,"teamPTS7":0,"teamPTS8":0,"opptAbbr":"CHI","opptConf":"East","opptLoc":"Away","opptRslt":"Loss","opptPTS":112,"opptAST":28,"opptTO":12,"opptSTL":3,"opptBLK":3,"opptPF":20,"opptFGA":88,"opptFGM":42,"oppt2PA":55,"oppt2PM":25,"oppt3PA":33,"oppt3PM":17,"opptFTA":13,"opptFTM":11,"opptORB":8,"opptDRB":31,"opptPTS1":38,"opptPTS2":30,"opptPTS3":24,"opptPTS4":20,"opptPTS5":0,"opptPTS6":0,"opptPTS7":0,"opptPTS8":0}
{"_id":{"$oid":"5cb552f6e0f627212ff3bb86"},"gmDate":"2017/10/25","offLNm3":"Wood","offFNm3":"Leon","teamAbbr":"BKN","teamConf":"East","teamLoc":"Home","teamRslt":"Win","teamPTS":112,"teamAST":22,"teamTO":13,"teamSTL":11,"teamBLK":3,"teamPF":22,"teamFGA":93,"teamFGM":40,"team2PA":47,"team2PM":23,"team3PA":46,"team3PM":17,"teamFTA":21,"teamFTM":15,"teamORB":10,"teamDRB":28,"teamPTS1":26,"teamPTS2":29,"teamPTS3":29,"teamPTS4":28,"teamPTS5":0,"teamPTS6":0,"teamPTS7":0,"teamPTS8":0,"opptAbbr":"CLE","opptConf":"East","opptLoc":"Away","opptRslt":"Loss","opptPTS":107,"opptAST":21,"opptTO":21,"opptSTL":5,"opptBLK":7,"opptPF":17,"opptFGA":81,"opptFGM":39,"oppt2PA":46,"oppt2PM":27,"oppt3PA":35,"oppt3PM":12,"opptFTA":26,"opptFTM":17,"opptORB":9,"opptDRB":38,"opptPTS1":23,"opptPTS2":29,"opptPTS3":21,"opptPTS4":34,"opptPTS5":0,"opptPTS6":0,"opptPTS7":0,"opptPTS8":0}
{"_id":{"$oid":"5cb552f6e0f627212ff3bb9b"},"gmDate":"2017/10/28","offLNm3":"Smith","offFNm3":"Michael","teamAbbr":"NO","teamConf":"West","teamLoc":"Home","teamRslt":"Win","teamPTS":123,"teamAST":33,"teamTO":11,"teamSTL":9,"teamBLK":4,"teamPF":20,"teamFGA":92,"teamFGM":49,"team2PA":61,"team2PM":36,"team3PA":31,"team3PM":13,"teamFTA":16,"teamFTM":12,"teamORB":8,"teamDRB":37,"teamPTS1":35,"teamPTS2":30,"teamPTS3":24,"teamPTS4":34,"teamPTS5":0,"teamPTS6":0,"teamPTS7":0,"teamPTS8":0,"opptAbbr":"CLE","opptConf":"East","opptLoc":"Away","opptRslt":"Loss","opptPTS":101,"opptAST":19,"opptTO":17,"opptSTL":8,"opptBLK":2,"opptPF":19,"opptFGA":78,"opptFGM":36,"oppt2PA":46,"oppt2PM":24,"oppt3PA":32,"oppt3PM":12,"opptFTA":23,"opptFTM":17,"opptORB":5,"opptDRB":32,"opptPTS1":22,"opptPTS2":30,"opptPTS3":31,"opptPTS4":18,"opptPTS5":0,"opptPTS6":0,"opptPTS7":0,"opptPTS8":0}
{"_id":{"$oid":"5cb552f6e0f627212ff3bba6"},"gmDate":"2017/10/29","offLNm3":"Brown","offFNm3":"Tony","teamAbbr":"CLE","teamConf":"East","teamLoc":"Home","teamRslt":"Loss","teamPTS":95,"teamAST":20,"teamTO":15,"teamSTL":5,"teamBLK":5,"teamPF":23,"teamFGA":81,"teamFGM":31,"team2PA":48,"team2PM":21,"team3PA":33,"team3PM":10,"teamFTA":27,"teamFTM":23,"teamORB":7,"teamDRB":34,"teamPTS1":19,"teamPTS2":35,"teamPTS3":21,"teamPTS4":20,"teamPTS5":0,"teamPTS6":0,"teamPTS7":0,"teamPTS8":0,"opptAbbr":"NY","opptConf":"East","opptLoc":"Away","opptRslt":"Win","opptPTS":114,"opptAST":27,"opptTO":14,"opptSTL":9,"opptBLK":6,"opptPF":26,"opptFGA":89,"opptFGM":42,"oppt2PA":61,"oppt2PM":29,"oppt3PA":28,"oppt3PM":13,"opptFTA":21,"opptFTM":17,"opptORB":11,"opptDRB":40,"opptPTS1":29,"opptPTS2":33,"opptPTS3":30,"opptPTS4":22,"opptPTS5":0,"opptPTS6":0,"opptPTS7":0,"opptPTS8":0}
{"_id":{"$oid":"5cb552f6e0f627212ff3bbb7"},"gmDate":"2017/11/1","offLNm3":"Ervin","offFNm3":"Mitchell","teamAbbr":"CLE","teamConf":"East","teamLoc":"Home","teamRslt":"Loss","teamPTS":107,"teamAST":25,"teamTO":16,"teamSTL":6,"teamBLK":3,"teamPF":19,"teamFGA":86,"teamFGM":43,"team2PA":55,"team2PM":36,"team3PA":31,"team3PM":7,"teamFTA":20,"teamFTM":14,"teamORB":8,"teamDRB":33,"teamPTS1":28,"teamPTS2":33,"teamPTS3":24,"teamPTS4":22,"teamPTS5":0,"teamPTS6":0,"teamPTS7":0,"teamPTS8":0,"opptAbbr":"IND","opptConf":"East","opptLoc":"Away","opptRslt":"Win","opptPTS":124,"opptAST":35,"opptTO":14,"opptSTL":9,"opptBLK":1,"opptPF":23,"opptFGA":90,"opptFGM":49,"oppt2PA":64,"oppt2PM":33,"oppt3PA":26,"oppt3PM":16,"opptFTA":13,"opptFTM":10,"opptORB":8,"opptDRB":35,"opptPTS1":30,"opptPTS2":32,"opptPTS3":30,"opptPTS4":32,"opptPTS5":0,"opptPTS6":0,"opptPTS7":0,"opptPTS8":0}
{"_id":{"$oid":"5cb552f6e0f627212ff3bbc7"},"gmDate":"2017/11/3","offLNm3":"Kennedy","offFNm3":"Bill","teamAbbr":"WAS","teamConf":"East","teamLoc":"Home","teamRslt":"Loss","teamPTS":122,"teamAST":25,"teamTO":16,"teamSTL":5,"teamBLK":2,"teamPF":24,"teamFGA":84,"teamFGM":45,"team2PA":56,"team2PM":34,"team3PA":28,"team3PM":11,"teamFTA":31,"teamFTM":21,"teamORB":9,"teamDRB":28,"teamPTS1":36,"teamPTS2":30,"teamPTS3":27,"teamPTS4":29,"teamPTS5":0,"teamPTS6":0,"teamPTS7":0,"teamPTS8":0,"opptAbbr":"CLE","opptConf":"East","opptLoc":"Away","opptRslt":"Win","opptPTS":130,"opptAST":20,"opptTO":15,"opptSTL":11,"opptBLK":4,"opptPF":27,"opptFGA":82,"opptFGM":46,"oppt2PA":55,"oppt2PM":34,"oppt3PA":27,"oppt3PM":12,"opptFTA":28,"opptFTM":26,"opptORB":8,"opptDRB":26,"opptPTS1":42,"opptPTS2":32,"opptPTS3":30,"opptPTS4":26,"opptPTS5":0,"opptPTS6":0,"opptPTS7":0,"opptPTS8":0}
{"_id":{"$oid":"5cb552f6e0f627212ff3bbd6"},"gmDate":"2017/11/5","offLNm3":"Wall","offFNm3":"Scott","teamAbbr":"CLE","teamConf":"East","teamLoc":"Home","teamRslt":"Loss","teamPTS":115,"teamAST":27,"teamTO":13,"teamSTL":6,"teamBLK":6,"teamPF":29,"teamFGA":96,"teamFGM":42,"team2PA":60,"team2PM":32,"team3PA":36,"team3PM":10,"teamFTA":23,"teamFTM":21,"teamORB":15,"teamDRB":32,"teamPTS1":28,"teamPTS2":17,"teamPTS3":33,"teamPTS4":37,"teamPTS5":0,"teamPTS6":0,"teamPTS7":0,"teamPTS8":0,"opptAbbr":"ATL","opptConf":"East","opptLoc":"Away","opptRslt":"Win","opptPTS":117,"opptAST":24,"opptTO":17,"opptSTL":4,"opptBLK":6,"opptPF":20,"opptFGA":86,"opptFGM":41,"oppt2PA":61,"oppt2PM":30,"oppt3PA":25,"oppt3PM":11,"opptFTA":34,"opptFTM":24,"opptORB":11,"opptDRB":33,"opptPTS1":37,"opptPTS2":17,"opptPTS3":37,"opptPTS4":26,"opptPTS5":0,"opptPTS6":0,"opptPTS7":0,"opptPTS8":0}
{"_id":{"$oid":"5cb552f6e0f627212ff3bbe2"},"gmDate":"2017/11/7","offLNm3":"Callahan","offFNm3":"Mike","teamAbbr":"CLE","teamConf":"East","teamLoc":"Home","teamRslt":"Win","teamPTS":124,"teamAST":18,"teamTO":13,"teamSTL":7,"teamBLK":4,"teamPF":16,"teamFGA":82,"teamFGM":41,"team2PA":64,"team2PM":32,"team3PA":18,"team3PM":9,"teamFTA":38,"teamFTM":33,"teamORB":12,"teamDRB":27,"teamPTS1":39,"teamPTS2":26,"teamPTS3":29,"teamPTS4":30,"teamPTS5":0,"teamPTS6":0,"teamPTS7":0,"teamPTS8":0,"opptAbbr":"MIL","opptConf":"East","opptLoc":"Away","opptRslt":"Loss","opptPTS":119,"opptAST":29,"opptTO":17,"opptSTL":6,"opptBLK":8,"opptPF":31,"opptFGA":83,"opptFGM":47,"oppt2PA":53,"oppt2PM":34,"oppt3PA":30,"oppt3PM":13,"opptFTA":16,"opptFTM":12,"opptORB":8,"opptDRB":28,"opptPTS1":28,"opptPTS2":39,"opptPTS3":23,"opptPTS4":29,"opptPTS5":0,"opptPTS6":0,"opptPTS7":0,"opptPTS8":0}
{"_id":{"$oid":"5cb552f6e0f627212ff3bbf3"},"gmDate":"2017/11/9","offLNm3":"Brown","offFNm3":"Tony","teamAbbr":"HOU","teamConf":"West","teamLoc":"Home","teamRslt":"Win","teamPTS":117,"teamAST":21,"teamTO":22,"teamSTL":11,"teamBLK":5,"teamPF":27,"teamFGA":77,"teamFGM":36,"team2PA":31,"team2PM":20,"team3PA":46,"team3PM":16,"teamFTA":36,"teamFTM":29,"teamORB":17,"teamDRB":28,"teamPTS1":36,"teamPTS2":29,"teamPTS3":35,"teamPTS4":17,"teamPTS5":0,"teamPTS6":0,"teamPTS7":0,"teamPTS8":0,"opptAbbr":"CLE","opptConf":"East","opptLoc":"Away","opptRslt":"Loss","opptPTS":113,"opptAST":24,"opptTO":19,"opptSTL":9,"opptBLK":1,"opptPF":30,"opptFGA":81,"opptFGM":45,"oppt2PA":54,"oppt2PM":33,"oppt3PA":27,"oppt3PM":12,"opptFTA":14,"opptFTM":11,"opptORB":4,"opptDRB":22,"opptPTS1":25,"opptPTS2":42,"opptPTS3":26,"opptPTS4":20,"opptPTS5":0,"opptPTS6":0,"opptPTS7":0,"opptPTS8":0}
{"_id":{"$oid":"5cb552f6e0f627212ff3bc02"},"gmDate":"2017/11/11","offLNm3":"McCutchen","offFNm3":"Monty","teamAbbr":"DAL","teamConf":"West","teamLoc":"Home","teamRslt":"Loss","teamPTS":104,"teamAST":21,"teamTO":11,"teamSTL":7,"teamBLK":3,"teamPF":26,"teamFGA":92,"teamFGM":39,"team2PA":58,"team2PM":29,"team3PA":34,"team3PM":10,"teamFTA":21,"teamFTM":16,"teamORB":9,"teamDRB":33,"teamPTS1":23,"teamPTS2":29,"teamPTS3":22,"teamPTS4":30,"teamPTS5":0,"teamPTS6":0,"teamPTS7":0,"teamPTS8":0,"opptAbbr":"CLE","opptConf":"East","opptLoc":"Away","opptRslt":"Win","opptPTS":111,"opptAST":18,"opptTO":17,"opptSTL":8,"opptBLK":3,"opptPF":18,"opptFGA":81,"opptFGM":35,"oppt2PA":50,"oppt2PM":23,"oppt3PA":31,"oppt3PM":12,"opptFTA":35,"opptFTM":29,"opptORB":10,"opptDRB":43,"opptPTS1":29,"opptPTS2":20,"opptPTS3":34,"opptPTS4":28,"opptPTS5":0,"opptPTS6":0,"opptPTS7":0,"opptPTS8":0}
{"_id":{"$oid":"5cb552f6e0f627212ff3bc0e"},"gmDate":"2017/11/13","offLNm3":"Brothers","offFNm3":"Tony","teamAbbr":"NY","teamConf":"East","teamLoc":"Home","teamRslt":"Loss","teamPTS":101,"teamAST":19,"teamTO":17,"teamSTL":13,"teamBLK":3,"teamPF":21,"teamFGA":88,"teamFGM":38,"team2PA":63,"team2PM":30,"team3PA":25,"team3PM":8,"teamFTA":22,"teamFTM":17,"teamORB":13,"teamDRB":36,"teamPTS1":22,"teamPTS2":29,"teamPTS3":25,"teamPTS4":25,"teamPTS5":0,"teamPTS6":0,"teamPTS7":0,"teamPTS8":0,"opptAbbr":"CLE","opptConf":"East","opptLoc":"Away","opptRslt":"Win","opptPTS":104,"opptAST":21,"opptTO":21,"opptSTL":7,"opptBLK":7,"opptPF":21,"opptFGA":88,"opptFGM":35,"oppt2PA":43,"oppt2PM":19,"oppt3PA":45,"oppt3PM":16,"opptFTA":22,"opptFTM":18,"opptORB":14,"opptDRB":34,"opptPTS1":25,"opptPTS2":13,"opptPTS3":23,"opptPTS4":43,"opptPTS5":0,"opptPTS6":0,"opptPTS7":0,"opptPTS8":0}
{"_id":{"$oid":"5cb552f6e0f627212ff3bc1c"},"gmDate":"2017/11/15","offLNm3":"Stafford","offFNm3":"Derrick","teamAbbr":"CHA","teamConf":"East","teamLoc":"Home","teamRslt":"Loss","teamPTS":107,"teamAST":21,"teamTO":13,"teamSTL":7,"teamBLK":7,"teamPF":19,"teamFGA":86,"teamFGM":41,"team2PA":60,"team2PM":35,"team3PA":26,"team3PM":6,"teamFTA":28,"teamFTM":19,"teamORB":8,"teamDRB":34,"teamPTS1":30,"teamPTS2":37,"teamPTS3":17,"teamPTS4":23,"teamPTS5":0,"teamPTS6":0,"teamPTS7":0,"teamPTS8":0,"opptAbbr":"CLE","opptConf":"East","opptLoc":"Away","opptRslt":"Win","opptPTS":115,"opptAST":25,"opptTO":14,"opptSTL":9,"opptBLK":4,"opptPF":24,"opptFGA":97,"opptFGM":42,"oppt2PA":59,"oppt2PM":29,"oppt3PA":38,"oppt3PM":13,"opptFTA":20,"opptFTM":18,"opptORB":16,"opptDRB":35,"opptPTS1":36,"opptPTS2":25,"opptPTS3":27,"opptPTS4":27,"opptPTS5":0,"opptPTS6":0,"opptPTS7":0,"opptPTS8":0}
{"_id":{"$oid":"5cb552f6e0f627212ff3bc29"},"gmDate":"2017/11/17","offLNm3":"Malloy","offFNm3":"Ed","teamAbbr":"CLE","teamConf":"East","teamLoc":"Home","teamRslt":"Win","teamPTS":118,"teamAST":24,"teamTO":15,"teamSTL":9,"teamBLK":4,"teamPF":20,"teamFGA":90,"teamFGM":42,"team2PA":57,"team2PM":31,"team3PA":33,"team3PM":11,"teamFTA":29,"teamFTM":23,"teamORB":8,"teamDRB":43,"teamPTS1":24,"teamPTS2":32,"teamPTS3":22,"teamPTS4":27,"teamPTS5":13,"teamPTS6":0,"teamPTS7":0,"teamPTS8":0,"opptAbbr":"LAC","opptConf":"West","opptLoc":"Away","opptRslt":"Loss","opptPTS":113,"opptAST":29,"opptTO":15,"opptSTL":7,"opptBLK":10,"opptPF":26,"opptFGA":103,"opptFGM":46,"oppt2PA":68,"oppt2PM":36,"oppt3PA":35,"oppt3PM":10,"opptFTA":14,"opptFTM":11,"opptORB":13,"opptDRB":42,"opptPTS1":27,"opptPTS2":29,"opptPTS3":25,"opptPTS4":24,"opptPTS5":8,"opptPTS6":0,"opptPTS7":0,"opptPTS8":0}
{"_id":{"$oid":"5cb552f6e0f627212ff3bc3f"},"gmDate":"2017/11/20","offLNm3":"Washington","offFNm3":"Tom","teamAbbr":"DET","teamConf":"East","teamLoc":"Home","teamRslt":"Loss","teamPTS":88,"teamAST":23,"teamTO":14,"teamSTL":7,"teamBLK":2,"teamPF":19,"teamFGA":77,"teamFGM":34,"team2PA":47,"team2PM":21,"team3PA":30,"team3PM":13,"teamFTA":13,"teamFTM":7,"teamORB":7,"teamDRB":27,"teamPTS1":23,"teamPTS2":23,"teamPTS3":16,"teamPTS4":26,"teamPTS5":0,"teamPTS6":0,"teamPTS7":0,"teamPTS8":0,"opptAbbr":"CLE","opptConf":"East","opptLoc":"Away","opptRslt":"Win","opptPTS":116,"opptAST":28,"opptTO":11,"opptSTL":4,"opptBLK":2,"opptPF":14,"opptFGA":80,"opptFGM":42,"oppt2PA":47,"oppt2PM":26,"oppt3PA":33,"oppt3PM":16,"opptFTA":17,"opptFTM":16,"opptORB":7,"opptDRB":35,"opptPTS1":36,"opptPTS2":37,"opptPTS3":28,"opptPTS4":15,"opptPTS5":0,"opptPTS6":0,"opptPTS7":0,"opptPTS8":0}
{"_id":{"$oid":"5cb552f6e0f627212ff3bc4b"},"gmDate":"2017/11/22","offLNm3":"Sterling","offFNm3":"Jonathan","teamAbbr":"CLE","teamConf":"East","teamLoc":"Home","teamRslt":"Win","teamPTS":119,"teamAST":21,"teamTO":10,"teamSTL":8,"teamBLK":2,"teamPF":19,"teamFGA":83,"teamFGM":43,"team2PA":49,"team2PM":29,"team3PA":34,"team3PM":14,"teamFTA":27,"teamFTM":19,"teamORB":4,"teamDRB":29,"teamPTS1":20,"teamPTS2":25,"teamPTS3":32,"teamPTS4":42,"teamPTS5":0,"teamPTS6":0,"teamPTS7":0,"teamPTS8":0,"opptAbbr":"BKN","opptConf":"East","opptLoc":"Away","opptRslt":"Loss","opptPTS":109,"opptAST":26,"opptTO":19,"opptSTL":5,"opptBLK":3,"opptPF":21,"opptFGA":81,"opptFGM":42,"oppt2PA":44,"oppt2PM":28,"oppt3PA":37,"oppt3PM":14,"opptFTA":16,"opptFTM":11,"opptORB":8,"opptDRB":34,"opptPTS1":17,"opptPTS2":29,"opptPTS3":31,"opptPTS4":32,"opptPTS5":0,"opptPTS6":0,"opptPTS7":0,"opptPTS8":0}
{"_id":{"$oid":"5cb552f6e0f627212ff3bc5a"},"gmDate":"2017/11/24","offLNm3":"Fraher","offFNm3":"Pat","teamAbbr":"CLE","teamConf":"East","teamLoc":"Home","teamRslt":"Win","teamPTS":100,"teamAST":25,"teamTO":12,"teamSTL":4,"teamBLK":7,"teamPF":24,"teamFGA":83,"teamFGM":38,"team2PA":44,"team2PM":25,"team3PA":39,"team3PM":13,"teamFTA":15,"teamFTM":11,"teamORB":3,"teamDRB":42,"teamPTS1":27,"teamPTS2":27,"teamPTS3":29,"teamPTS4":17,"teamPTS5":0,"teamPTS6":0,"teamPTS7":0,"teamPTS8":0,"opptAbbr":"CHA","opptConf":"East","opptLoc":"Away","opptRslt":"Loss","opptPTS":99,"opptAST":25,"opptTO":9,"opptSTL":4,"opptBLK":3,"opptPF":17,"opptFGA":94,"opptFGM":36,"oppt2PA":65,"oppt2PM":25,"oppt3PA":29,"oppt3PM":11,"opptFTA":27,"opptFTM":16,"opptORB":15,"opptDRB":40,"opptPTS1":28,"opptPTS2":29,"opptPTS3":25,"opptPTS4":17,"opptPTS5":0,"opptPTS6":0,"opptPTS7":0,"opptPTS8":0}
{"_id":{"$oid":"5cb552f6e0f627212ff3bc70"},"gmDate":"2017/11/27","offLNm3":"Blair","offFNm3":"Curtis","teamAbbr":"PHI","teamConf":"East","teamLoc":"Home","teamRslt":"Loss","teamPTS":91,"teamAST":15,"teamTO":14,"teamSTL":6,"teamBLK":1,"teamPF":18,"teamFGA":96,"teamFGM":36,"team2PA":68,"team2PM":33,"team3PA":28,"team3PM":3,"teamFTA":20,"teamFTM":16,"teamORB":22,"teamDRB":31,"teamPTS1":22,"teamPTS2":23,"teamPTS3":28,"teamPTS4":18,"teamPTS5":0,"teamPTS6":0,"teamPTS7":0,"teamPTS8":0,"opptAbbr":"CLE","opptConf":"East","opptLoc":"Away","opptRslt":"Win","opptPTS":113,"opptAST":25,"opptTO":12,"opptSTL":7,"opptBLK":3,"opptPF":21,"opptFGA":85,"opptFGM":41,"oppt2PA":48,"oppt2PM":26,"oppt3PA":37,"oppt3PM":15,"opptFTA":20,"opptFTM":16,"opptORB":10,"opptDRB":35,"opptPTS1":29,"opptPTS2":24,"opptPTS3":33,"opptPTS4":27,"opptPTS5":0,"opptPTS6":0,"opptPTS7":0,"opptPTS8":0}
{"_id":{"$oid":"5cb552f6e0f627212ff3bc77"},"gmDate":"2017/11/28","offLNm3":"Ayotte","offFNm3":"Mark","teamAbbr":"CLE","teamConf":"East","teamLoc":"Home","teamRslt":"Win","teamPTS":108,"teamAST":21,"teamTO":14,"teamSTL":12,"teamBLK":2,"teamPF":17,"teamFGA":81,"teamFGM":40,"team2PA":48,"team2PM":29,"team3PA":33,"team3PM":11,"teamFTA":23,"teamFTM":17,"teamORB":5,"teamDRB":40,"teamPTS1":35,"teamPTS2":40,"teamPTS3":18,"teamPTS4":15,"teamPTS5":0,"teamPTS6":0,"teamPTS7":0,"teamPTS8":0,"opptAbbr":"MIA","opptConf":"East","opptLoc":"Away","opptRslt":"Loss","opptPTS":97,"opptAST":24,"opptTO":15,"opptSTL":7,"opptBLK":5,"opptPF":19,"opptFGA":84,"opptFGM":37,"oppt2PA":53,"oppt2PM":27,"oppt3PA":31,"oppt3PM":10,"opptFTA":20,"opptFTM":13,"opptORB":8,"opptDRB":34,"opptPTS1":24,"opptPTS2":25,"opptPTS3":25,"opptPTS4":23,"opptPTS5":0,"opptPTS6":0,"opptPTS7":0,"opptPTS8":0}
{"_id":{"$oid":"5cb552f6e0f627212ff3bc86"},"gmDate":"2017/11/30","offLNm3":"Acosta","offFNm3":"Ray","teamAbbr":"ATL","teamConf":"East","teamLoc":"Home","teamRslt":"Loss","teamPTS":114,"teamAST":24,"teamTO":18,"teamSTL":9,"teamBLK":4,"teamPF":20,"teamFGA":79,"teamFGM":41,"team2PA":48,"team2PM":29,"team3PA":31,"team3PM":12,"teamFTA":24,"teamFTM":20,"teamORB":8,"teamDRB":21,"teamPTS1":35,"teamPTS2":32,"teamPTS3":23,"teamPTS4":24,"teamPTS5":0,"teamPTS6":0,"teamPTS7":0,"teamPTS8":0,"opptAbbr":"CLE","opptConf":"East","opptLoc":"Away","opptRslt":"Win","opptPTS":121,"opptAST":30,"opptTO":20,"opptSTL":9,"opptBLK":5,"opptPF":20,"opptFGA":79,"opptFGM":41,"oppt2PA":40,"oppt2PM":23,"oppt3PA":39,"oppt3PM":18,"opptFTA":27,"opptFTM":21,"opptORB":12,"opptDRB":28,"opptPTS1":42,"opptPTS2":21,"opptPTS3":36,"opptPTS4":22,"opptPTS5":0,"opptPTS6":0,"opptPTS7":0,"opptPTS8":0}
{"_id":{"$oid":"5cb552f6e0f627212ff3bc96"},"gmDate":"2017/12/2","offLNm3":"Stafford","offFNm3":"Derrick","teamAbbr":"CLE","teamConf":"East","teamLoc":"Home","teamRslt":"Win","teamPTS":116,"teamAST":24,"teamTO":11,"teamSTL":8,"teamBLK":7,"teamPF":14,"teamFGA":75,"teamFGM":42,"team2PA":51,"team2PM":31,"team3PA":24,"team3PM":11,"teamFTA":23,"teamFTM":21,"teamORB":1,"teamDRB":30,"teamPTS1":28,"teamPTS2":38,"teamPTS3":27,"teamPTS4":23,"teamPTS5":0,"teamPTS6":0,"teamPTS7":0,"teamPTS8":0,"opptAbbr":"MEM","opptConf":"West","opptLoc":"Away","opptRslt":"Loss","opptPTS":111,"opptAST":31,"opptTO":13,"opptSTL":6,"opptBLK":4,"opptPF":19,"opptFGA":84,"opptFGM":43,"oppt2PA":61,"oppt2PM":30,"oppt3PA":23,"oppt3PM":13,"opptFTA":14,"opptFTM":12,"opptORB":6,"opptDRB":30,"opptPTS1":32,"opptPTS2":20,"opptPTS3":30,"opptPTS4":29,"opptPTS5":0,"opptPTS6":0,"opptPTS7":0,"opptPTS8":0}
{"_id":{"$oid":"5cb552f6e0f627212ff3bca5"},"gmDate":"2017/12/4","offLNm3":"Kennedy","offFNm3":"Bill","teamAbbr":"CHI","teamConf":"East","teamLoc":"Home","teamRslt":"Loss","teamPTS":91,"teamAST":21,"teamTO":11,"teamSTL":4,"teamBLK":5,"teamPF":16,"teamFGA":82,"teamFGM":34,"team2PA":48,"team2PM":25,"team3PA":34,"team3PM":9,"teamFTA":18,"teamFTM":14,"teamORB":10,"teamDRB":33,"teamPTS1":22,"teamPTS2":23,"teamPTS3":26,"teamPTS4":20,"teamPTS5":0,"teamPTS6":0,"teamPTS7":0,"teamPTS8":0,"opptAbbr":"CLE","opptConf":"East","opptLoc":"Away","opptRslt":"Win","opptPTS":113,"opptAST":22,"opptTO":8,"opptSTL":6,"opptBLK":2,"opptPF":13,"opptFGA":81,"opptFGM":42,"oppt2PA":45,"oppt2PM":29,"oppt3PA":36,"oppt3PM":13,"opptFTA":17,"opptFTM":16,"opptORB":5,"opptDRB":41,"opptPTS1":29,"opptPTS2":32,"opptPTS3":25,"opptPTS4":27,"opptPTS5":0,"opptPTS6":0,"opptPTS7":0,"opptPTS8":0}
{"_id":{"$oid":"5cb552f6e0f627212ff3bcae"},"gmDate":"2017/12/6","offLNm3":"Capers","offFNm3":"James","teamAbbr":"CLE","teamConf":"East","teamLoc":"Home","teamRslt":"Win","teamPTS":101,"teamAST":28,"teamTO":15,"teamSTL":5,"teamBLK":3,"teamPF":10,"teamFGA":78,"teamFGM":37,"team2PA":39,"team2PM":23,"team3PA":39,"team3PM":14,"teamFTA":21,"teamFTM":13,"teamORB":7,"teamDRB":36,"teamPTS1":19,"teamPTS2":29,"teamPTS3":25,"teamPTS4":28,"teamPTS5":0,"teamPTS6":0,"teamPTS7":0,"teamPTS8":0,"opptAbbr":"SAC","opptConf":"West","opptLoc":"Away","opptRslt":"Loss","opptPTS":95,"opptAST":25,"opptTO":14,"opptSTL":15,"opptBLK":5,"opptPF":20,"opptFGA":86,"opptFGM":39,"oppt2PA":54,"oppt2PM":29,"oppt3PA":32,"oppt3PM":10,"opptFTA":13,"opptFTM":7,"opptORB":9,"opptDRB":36,"opptPTS1":22,"opptPTS2":35,"opptPTS3":21,"opptPTS4":17,"opptPTS5":0,"opptPTS6":0,"opptPTS7":0,"opptPTS8":0}
{"_id":{"$oid":"5cb552f6e0f627212ff3bcbe"},"gmDate":"2017/12/8","offLNm3":"Wood","offFNm3":"Leon","teamAbbr":"IND","teamConf":"East","teamLoc":"Home","teamRslt":"Win","teamPTS":106,"teamAST":21,"teamTO":10,"teamSTL":6,"teamBLK":4,"teamPF":19,"teamFGA":86,"teamFGM":38,"team2PA":47,"team2PM":23,"team3PA":39,"team3PM":15,"teamFTA":24,"teamFTM":15,"teamORB":12,"teamDRB":38,"teamPTS1":32,"teamPTS2":25,"teamPTS3":32,"teamPTS4":17,"teamPTS5":0,"teamPTS6":0,"teamPTS7":0,"teamPTS8":0,"opptAbbr":"CLE","opptConf":"East","opptLoc":"Away","opptRslt":"Loss","opptPTS":102,"opptAST":23,"opptTO":12,"opptSTL":4,"opptBLK":4,"opptPF":23,"opptFGA":86,"opptFGM":37,"oppt2PA":50,"oppt2PM":26,"oppt3PA":36,"oppt3PM":11,"opptFTA":22,"opptFTM":17,"opptORB":9,"opptDRB":35,"opptPTS1":33,"opptPTS2":30,"opptPTS3":23,"opptPTS4":16,"opptPTS5":0,"opptPTS6":0,"opptPTS7":0,"opptPTS8":0}
{"_id":{"$oid":"5cb552f6e0f627212ff3bcc9"},"gmDate":"2017/12/9","offLNm3":"Orr","offFNm3":"J.T.","teamAbbr":"CLE","teamConf":"East","teamLoc":"Home","teamRslt":"Win","teamPTS":105,"teamAST":26,"teamTO":18,"teamSTL":12,"teamBLK":2,"teamPF":16,"teamFGA":75,"teamFGM":36,"team2PA":46,"team2PM":22,"team3PA":29,"team3PM":14,"teamFTA":25,"teamFTM":19,"teamORB":6,"teamDRB":27,"teamPTS1":23,"teamPTS2":29,"teamPTS3":26,"teamPTS4":27,"teamPTS5":0,"teamPTS6":0,"teamPTS7":0,"teamPTS8":0,"opptAbbr":"PHI","opptConf":"East","opptLoc":"Away","opptRslt":"Loss","opptPTS":98,"opptAST":31,"opptTO":19,"opptSTL":10,"opptBLK":2,"opptPF":21,"opptFGA":78,"opptFGM":37,"oppt2PA":45,"oppt2PM":26,"oppt3PA":33,"oppt3PM":11,"opptFTA":13,"opptFTM":13,"opptORB":7,"opptDRB":32,"opptPTS1":24,"opptPTS2":22,"opptPTS3":27,"opptPTS4":25,"opptPTS5":0,"opptPTS6":0,"opptPTS7":0,"opptPTS8":0}
{"_id":{"$oid":"5cb552f6e0f627212ff3bcda"},"gmDate":"2017/12/12","offLNm3":"Collins","offFNm3":"Derrick","teamAbbr":"CLE","teamConf":"East","teamLoc":"Home","teamRslt":"Win","teamPTS":123,"teamAST":35,"teamTO":13,"teamSTL":5,"teamBLK":2,"teamPF":18,"teamFGA":86,"teamFGM":48,"team2PA":48,"team2PM":28,"team3PA":38,"team3PM":20,"teamFTA":10,"teamFTM":7,"teamORB":6,"teamDRB":31,"teamPTS1":31,"teamPTS2":31,"teamPTS3":32,"teamPTS4":29,"teamPTS5":0,"teamPTS6":0,"teamPTS7":0,"teamPTS8":0,"opptAbbr":"ATL","opptConf":"East","opptLoc":"Away","opptRslt":"Loss","opptPTS":114,"opptAST":26,"opptTO":10,"opptSTL":8,"opptBLK":4,"opptPF":17,"opptFGA":92,"opptFGM":43,"oppt2PA":56,"oppt2PM":27,"oppt3PA":36,"oppt3PM":16,"opptFTA":13,"opptFTM":12,"opptORB":10,"opptDRB":27,"opptPTS1":31,"opptPTS2":17,"opptPTS3":29,"opptPTS4":37,"opptPTS5":0,"opptPTS6":0,"opptPTS7":0,"opptPTS8":0}
{"_id":{"$oid":"5cb552f6e0f627212ff3bcec"},"gmDate":"2017/12/14","offLNm3":"Brown","offFNm3":"Tony","teamAbbr":"CLE","teamConf":"East","teamLoc":"Home","teamRslt":"Win","teamPTS":121,"teamAST":32,"teamTO":17,"teamSTL":10,"teamBLK":5,"teamPF":16,"teamFGA":86,"teamFGM":43,"team2PA":50,"team2PM":28,"team3PA":36,"team3PM":15,"teamFTA":25,"teamFTM":20,"teamORB":8,"teamDRB":31,"teamPTS1":24,"teamPTS2":39,"teamPTS3":31,"teamPTS4":27,"teamPTS5":0,"teamPTS6":0,"teamPTS7":0,"teamPTS8":0,"opptAbbr":"LAL","opptConf":"West","opptLoc":"Away","opptRslt":"Loss","opptPTS":112,"opptAST":33,"opptTO":18,"opptSTL":7,"opptBLK":3,"opptPF":20,"opptFGA":95,"opptFGM":47,"oppt2PA":64,"oppt2PM":38,"oppt3PA":31,"oppt3PM":9,"opptFTA":14,"opptFTM":9,"opptORB":16,"opptDRB":33,"opptPTS1":26,"opptPTS2":34,"opptPTS3":26,"opptPTS4":26,"opptPTS5":0,"opptPTS6":0,"opptPTS7":0,"opptPTS8":0}
{"_id":{"$oid":"5cb552f6e0f627212ff3bcfb"},"gmDate":"2017/12/16","offLNm3":"Malloy","offFNm3":"Ed","teamAbbr":"CLE","teamConf":"East","teamLoc":"Home","teamRslt":"Win","teamPTS":109,"teamAST":30,"teamTO":12,"teamSTL":9,"teamBLK":1,"teamPF":15,"teamFGA":79,"teamFGM":42,"team2PA":57,"team2PM":32,"team3PA":22,"team3PM":10,"teamFTA":17,"teamFTM":15,"teamORB":8,"teamDRB":33,"teamPTS1":23,"teamPTS2":28,"teamPTS3":29,"teamPTS4":29,"teamPTS5":0,"teamPTS6":0,"teamPTS7":0,"teamPTS8":0,"opptAbbr":"UTA","opptConf":"West","opptLoc":"Away","opptRslt":"Loss","opptPTS":100,"opptAST":24,"opptTO":12,"opptSTL":9,"opptBLK":7,"opptPF":14,"opptFGA":81,"opptFGM":37,"oppt2PA":47,"oppt2PM":20,"oppt3PA":34,"oppt3PM":17,"opptFTA":14,"opptFTM":9,"opptORB":11,"opptDRB":27,"opptPTS1":24,"opptPTS2":24,"opptPTS3":25,"opptPTS4":27,"opptPTS5":0,"opptPTS6":0,"opptPTS7":0,"opptPTS8":0}
{"_id":{"$oid":"5cb552f6e0f627212ff3bd05"},"gmDate":"2017/12/17","offLNm3":"Callahan","offFNm3":"Mike","teamAbbr":"WAS","teamConf":"East","teamLoc":"Home","teamRslt":"Loss","teamPTS":99,"teamAST":20,"teamTO":10,"teamSTL":4,"teamBLK":5,"teamPF":18,"teamFGA":91,"teamFGM":39,"team2PA":58,"team2PM":27,"team3PA":33,"team3PM":12,"teamFTA":16,"teamFTM":9,"teamORB":13,"teamDRB":38,"teamPTS1":23,"teamPTS2":37,"teamPTS3":23,"teamPTS4":16,"teamPTS5":0,"teamPTS6":0,"teamPTS7":0,"teamPTS8":0,"opptAbbr":"CLE","opptConf":"East","opptLoc":"Away","opptRslt":"Win","opptPTS":106,"opptAST":24,"opptTO":10,"opptSTL":6,"opptBLK":4,"opptPF":16,"opptFGA":87,"opptFGM":41,"oppt2PA":53,"oppt2PM":27,"oppt3PA":34,"oppt3PM":14,"opptFTA":12,"opptFTM":10,"opptORB":4,"opptDRB":38,"opptPTS1":27,"opptPTS2":33,"opptPTS3":23,"opptPTS4":23,"opptPTS5":0,"opptPTS6":0,"opptPTS7":0,"opptPTS8":0}
{"_id":{"$oid":"5cb552f6e0f627212ff3bd12"},"gmDate":"2017/12/19","offLNm3":"Davis","offFNm3":"Marc","teamAbbr":"MIL","teamConf":"East","teamLoc":"Home","teamRslt":"Win","teamPTS":119,"teamAST":27,"teamTO":14,"teamSTL":12,"teamBLK":3,"teamPF":18,"teamFGA":82,"teamFGM":43,"team2PA":53,"team2PM":32,"team3PA":29,"team3PM":11,"teamFTA":27,"teamFTM":22,"teamORB":9,"teamDRB":32,"teamPTS1":30,"teamPTS2":39,"teamPTS3":29,"teamPTS4":21,"teamPTS5":0,"teamPTS6":0,"teamPTS7":0,"teamPTS8":0,"opptAbbr":"CLE","opptConf":"East","opptLoc":"Away","opptRslt":"Loss","opptPTS":116,"opptAST":26,"opptTO":14,"opptSTL":9,"opptBLK":3,"opptPF":20,"opptFGA":80,"opptFGM":40,"oppt2PA":39,"oppt2PM":24,"oppt3PA":41,"oppt3PM":16,"opptFTA":24,"opptFTM":20,"opptORB":7,"opptDRB":30,"opptPTS1":34,"opptPTS2":24,"opptPTS3":25,"opptPTS4":33,"opptPTS5":0,"opptPTS6":0,"opptPTS7":0,"opptPTS8":0}
{"_id":{"$oid":"5cb552f6e0f627212ff3bd1f"},"gmDate":"2017/12/21","offLNm3":"Capers","offFNm3":"James","teamAbbr":"CLE","teamConf":"East","teamLoc":"Home","teamRslt":"Win","teamPTS":115,"teamAST":25,"teamTO":12,"teamSTL":10,"teamBLK":3,"teamPF":14,"teamFGA":82,"teamFGM":42,"team2PA":53,"team2PM":30,"team3PA":29,"team3PM":12,"teamFTA":22,"teamFTM":19,"teamORB":7,"teamDRB":28,"teamPTS1":29,"teamPTS2":29,"teamPTS3":24,"teamPTS4":33,"teamPTS5":0,"teamPTS6":0,"teamPTS7":0,"teamPTS8":0,"opptAbbr":"CHI","opptConf":"East","opptLoc":"Away","opptRslt":"Loss","opptPTS":112,"opptAST":34,"opptTO":14,"opptSTL":8,"opptBLK":1,"opptPF":19,"opptFGA":85,"opptFGM":47,"oppt2PA":54,"oppt2PM":35,"oppt3PA":31,"oppt3PM":12,"opptFTA":8,"opptFTM":6,"opptORB":5,"opptDRB":30,"opptPTS1":27,"opptPTS2":29,"opptPTS3":23,"opptPTS4":33,"opptPTS5":0,"opptPTS6":0,"opptPTS7":0,"opptPTS8":0}
{"_id":{"$oid":"5cb552f6e0f627212ff3bd3a"},"gmDate":"2017/12/25","offLNm3":"Stafford","offFNm3":"Derrick","teamAbbr":"GS","teamConf":"West","teamLoc":"Home","teamRslt":"Win","teamPTS":99,"teamAST":28,"teamTO":15,"teamSTL":7,"teamBLK":8,"teamPF":18,"teamFGA":82,"teamFGM":38,"team2PA":45,"team2PM":28,"team3PA":37,"team3PM":10,"teamFTA":17,"teamFTM":13,"teamORB":10,"teamDRB":37,"teamPTS1":24,"teamPTS2":22,"teamPTS3":25,"teamPTS4":28,"teamPTS5":0,"teamPTS6":0,"teamPTS7":0,"teamPTS8":0,"opptAbbr":"CLE","opptConf":"East","opptLoc":"Away","opptRslt":"Loss","opptPTS":92,"opptAST":12,"opptTO":14,"opptSTL":8,"opptBLK":0,"opptPF":19,"opptFGA":88,"opptFGM":28,"oppt2PA":52,"oppt2PM":13,"oppt3PA":36,"oppt3PM":15,"opptFTA":25,"opptFTM":21,"opptORB":19,"opptDRB":31,"opptPTS1":28,"opptPTS2":16,"opptPTS3":23,"opptPTS4":25,"opptPTS5":0,"opptPTS6":0,"opptPTS7":0,"opptPTS8":0}
{"_id":{"$oid":"5cb552f6e0f627212ff3bd4e"},"gmDate":"2017/12/27","offLNm3":"Van Duyne","offFNm3":"Justin","teamAbbr":"SAC","teamConf":"West","teamLoc":"Home","teamRslt":"Win","teamPTS":109,"teamAST":25,"teamTO":11,"teamSTL":8,"teamBLK":6,"teamPF":19,"teamFGA":79,"teamFGM":41,"team2PA":49,"team2PM":29,"team3PA":30,"team3PM":12,"teamFTA":18,"teamFTM":15,"teamORB":7,"teamDRB":33,"teamPTS1":28,"teamPTS2":34,"teamPTS3":23,"teamPTS4":24,"teamPTS5":0,"teamPTS6":0,"teamPTS7":0,"teamPTS8":0,"opptAbbr":"CLE","opptConf":"East","opptLoc":"Away","opptRslt":"Loss","opptPTS":95,"opptAST":19,"opptTO":12,"opptSTL":9,"opptBLK":4,"opptPF":15,"opptFGA":74,"opptFGM":32,"oppt2PA":43,"oppt2PM":20,"oppt3PA":31,"oppt3PM":12,"opptFTA":25,"opptFTM":19,"opptORB":7,"opptDRB":30,"opptPTS1":27,"opptPTS2":28,"opptPTS3":25,"opptPTS4":15,"opptPTS5":0,"opptPTS6":0,"opptPTS7":0,"opptPTS8":0}
{"_id":{"$oid":"5cb552f6e0f627212ff3bd63"},"gmDate":"2017/12/30","offLNm3":"Ayotte","offFNm3":"Mark","teamAbbr":"UTA","teamConf":"West","teamLoc":"Home","teamRslt":"Win","teamPTS":104,"teamAST":24,"teamTO":11,"teamSTL":12,"teamBLK":4,"teamPF":24,"teamFGA":82,"teamFGM":38,"team2PA":51,"team2PM":28,"team3PA":31,"team3PM":10,"teamFTA":21,"teamFTM":18,"teamORB":5,"teamDRB":38,"teamPTS1":22,"teamPTS2":26,"teamPTS3":28,"teamPTS4":28,"teamPTS5":0,"teamPTS6":0,"teamPTS7":0,"teamPTS8":0,"opptAbbr":"CLE","opptConf":"East","opptLoc":"Away","opptRslt":"Loss","opptPTS":101,"opptAST":20,"opptTO":15,"opptSTL":6,"opptBLK":5,"opptPF":19,"opptFGA":81,"opptFGM":34,"oppt2PA":41,"oppt2PM":22,"oppt3PA":40,"oppt3PM":12,"opptFTA":26,"opptFTM":21,"opptORB":9,"opptDRB":37,"opptPTS1":32,"opptPTS2":21,"opptPTS3":16,"opptPTS4":32,"opptPTS5":0,"opptPTS6":0,"opptPTS7":0,"opptPTS8":0}
{"_id":{"$oid":"5cb552f6e0f627212ff3bd72"},"gmDate":"2018/1/2","offLNm3":"Spooner","offFNm3":"Bill","teamAbbr":"CLE","teamConf":"East","teamLoc":"Home","teamRslt":"Win","teamPTS":127,"teamAST":28,"teamTO":10,"teamSTL":11,"teamBLK":4,"teamPF":17,"teamFGA":83,"teamFGM":43,"team2PA":51,"team2PM":30,"team3PA":32,"team3PM":13,"teamFTA":37,"teamFTM":28,"teamORB":8,"teamDRB":32,"teamPTS1":28,"teamPTS2":25,"teamPTS3":38,"teamPTS4":36,"teamPTS5":0,"teamPTS6":0,"teamPTS7":0,"teamPTS8":0,"opptAbbr":"POR","opptConf":"West","opptLoc":"Away","opptRslt":"Loss","opptPTS":110,"opptAST":25,"opptTO":15,"opptSTL":5,"opptBLK":5,"opptPF":29,"opptFGA":90,"opptFGM":42,"oppt2PA":58,"oppt2PM":29,"oppt3PA":32,"oppt3PM":13,"opptFTA":19,"opptFTM":13,"opptORB":13,"opptDRB":30,"opptPTS1":28,"opptPTS2":28,"opptPTS3":31,"opptPTS4":23,"opptPTS5":0,"opptPTS6":0,"opptPTS7":0,"opptPTS8":0}
{"_id":{"$oid":"5cb552f6e0f627212ff3bd7c"},"gmDate":"2018/1/3","offLNm3":"Malloy","offFNm3":"Ed","teamAbbr":"BOS","teamConf":"East","teamLoc":"Home","teamRslt":"Win","teamPTS":102,"teamAST":27,"teamTO":16,"teamSTL":9,"teamBLK":2,"teamPF":20,"teamFGA":92,"teamFGM":41,"team2PA":56,"team2PM":29,"team3PA":36,"team3PM":12,"teamFTA":11,"teamFTM":8,"teamORB":9,"teamDRB":43,"teamPTS1":32,"teamPTS2":23,"teamPTS3":26,"teamPTS4":21,"teamPTS5":0,"teamPTS6":0,"teamPTS7":0,"teamPTS8":0,"opptAbbr":"CLE","opptConf":"East","opptLoc":"Away","opptRslt":"Loss","opptPTS":88,"opptAST":16,"opptTO":15,"opptSTL":6,"opptBLK":7,"opptPF":17,"opptFGA":89,"opptFGM":31,"oppt2PA":57,"oppt2PM":23,"oppt3PA":32,"oppt3PM":8,"opptFTA":18,"opptFTM":18,"opptORB":9,"opptDRB":39,"opptPTS1":21,"opptPTS2":26,"opptPTS3":21,"opptPTS4":20,"opptPTS5":0,"opptPTS6":0,"opptPTS7":0,"opptPTS8":0}
{"_id":{"$oid":"5cb552f6e0f627212ff3bd93"},"gmDate":"2018/1/6","offLNm3":"Sterling","offFNm3":"Jonathan","teamAbbr":"ORL","teamConf":"East","teamLoc":"Home","teamRslt":"Loss","teamPTS":127,"teamAST":29,"teamTO":20,"teamSTL":5,"teamBLK":2,"teamPF":28,"teamFGA":98,"teamFGM":49,"team2PA":61,"team2PM":35,"team3PA":37,"team3PM":14,"teamFTA":22,"teamFTM":15,"teamORB":14,"teamDRB":32,"teamPTS1":30,"teamPTS2":34,"teamPTS3":23,"teamPTS4":40,"teamPTS5":0,"teamPTS6":0,"teamPTS7":0,"teamPTS8":0,"opptAbbr":"CLE","opptConf":"East","opptLoc":"Away","opptRslt":"Win","opptPTS":131,"opptAST":25,"opptTO":18,"opptSTL":11,"opptBLK":2,"opptPF":26,"opptFGA":94,"opptFGM":47,"oppt2PA":60,"oppt2PM":32,"oppt3PA":34,"oppt3PM":15,"opptFTA":31,"opptFTM":22,"opptORB":14,"opptDRB":31,"opptPTS1":31,"opptPTS2":36,"opptPTS3":40,"opptPTS4":24,"opptPTS5":0,"opptPTS6":0,"opptPTS7":0,"opptPTS8":0}
{"_id":{"$oid":"5cb552f6e0f627212ff3bda0"},"gmDate":"2018/1/8","offLNm3":"Washington","offFNm3":"Tom","teamAbbr":"MIN","teamConf":"West","teamLoc":"Home","teamRslt":"Win","teamPTS":127,"teamAST":30,"teamTO":5,"teamSTL":6,"teamBLK":2,"teamPF":17,"teamFGA":100,"teamFGM":52,"team2PA":69,"team2PM":42,"team3PA":31,"team3PM":10,"teamFTA":17,"teamFTM":13,"teamORB":15,"teamDRB":41,"teamPTS1":32,"teamPTS2":37,"teamPTS3":33,"teamPTS4":25,"teamPTS5":0,"teamPTS6":0,"teamPTS7":0,"teamPTS8":0,"opptAbbr":"CLE","opptConf":"East","opptLoc":"Away","opptRslt":"Loss","opptPTS":99,"opptAST":26,"opptTO":14,"opptSTL":0,"opptBLK":4,"opptPF":15,"opptFGA":84,"opptFGM":37,"oppt2PA":46,"oppt2PM":24,"oppt3PA":38,"oppt3PM":13,"opptFTA":16,"opptFTM":12,"opptORB":8,"opptDRB":29,"opptPTS1":18,"opptPTS2":24,"opptPTS3":25,"opptPTS4":32,"opptPTS5":0,"opptPTS6":0,"opptPTS7":0,"opptPTS8":0}
{"_id":{"$oid":"5cb552f6e0f627212ff3bdb4"},"gmDate":"2018/1/11","offLNm3":"Capers","offFNm3":"James","teamAbbr":"TOR","teamConf":"East","teamLoc":"Home","teamRslt":"Win","teamPTS":133,"teamAST":31,"teamTO":9,"teamSTL":3,"teamBLK":7,"teamPF":25,"teamFGA":106,"teamFGM":53,"team2PA":64,"team2PM":35,"team3PA":42,"team3PM":18,"teamFTA":13,"teamFTM":9,"teamORB":18,"teamDRB":45,"teamPTS1":30,"teamPTS2":35,"teamPTS3":35,"teamPTS4":33,"teamPTS5":0,"teamPTS6":0,"teamPTS7":0,"teamPTS8":0,"opptAbbr":"CLE","opptConf":"East","opptLoc":"Away","opptRslt":"Loss","opptPTS":99,"opptAST":18,"opptTO":10,"opptSTL":3,"opptBLK":4,"opptPF":16,"opptFGA":89,"opptFGM":34,"oppt2PA":63,"oppt2PM":28,"oppt3PA":26,"oppt3PM":6,"opptFTA":30,"opptFTM":25,"opptORB":9,"opptDRB":26,"opptPTS1":24,"opptPTS2":16,"opptPTS3":32,"opptPTS4":27,"opptPTS5":0,"opptPTS6":0,"opptPTS7":0,"opptPTS8":0}
{"_id":{"$oid":"5cb552f6e0f627212ff3bdb8"},"gmDate":"2018/1/12","offLNm3":"Phillips","offFNm3":"Jason","teamAbbr":"IND","teamConf":"East","teamLoc":"Home","teamRslt":"Win","teamPTS":97,"teamAST":16,"teamTO":14,"teamSTL":5,"teamBLK":4,"teamPF":18,"teamFGA":85,"teamFGM":39,"team2PA":64,"team2PM":29,"team3PA":21,"team3PM":10,"teamFTA":12,"teamFTM":9,"teamORB":6,"teamDRB":38,"teamPTS1":12,"teamPTS2":32,"teamPTS3":32,"teamPTS4":21,"teamPTS5":0,"teamPTS6":0,"teamPTS7":0,"teamPTS8":0,"opptAbbr":"CLE","opptConf":"East","opptLoc":"Away","opptRslt":"Loss","opptPTS":95,"opptAST":19,"opptTO":12,"opptSTL":12,"opptBLK":4,"opptPF":15,"opptFGA":86,"opptFGM":37,"oppt2PA":52,"oppt2PM":30,"oppt3PA":34,"oppt3PM":7,"opptFTA":19,"opptFTM":14,"opptORB":10,"opptDRB":37,"opptPTS1":34,"opptPTS2":24,"opptPTS3":16,"opptPTS4":21,"opptPTS5":0,"opptPTS6":0,"opptPTS7":0,"opptPTS8":0}
{"_id":{"$oid":"5cb552f6e0f627212ff3bdd2"},"gmDate":"2018/1/15","offLNm3":"Lewis","offFNm3":"Eric","teamAbbr":"CLE","teamConf":"East","teamLoc":"Home","teamRslt":"Loss","teamPTS":108,"teamAST":26,"teamTO":15,"teamSTL":9,"teamBLK":5,"teamPF":22,"teamFGA":94,"teamFGM":43,"team2PA":66,"team2PM":36,"team3PA":28,"team3PM":7,"teamFTA":22,"teamFTM":15,"teamORB":12,"teamDRB":31,"teamPTS1":37,"teamPTS2":27,"teamPTS3":27,"teamPTS4":17,"teamPTS5":0,"teamPTS6":0,"teamPTS7":0,"teamPTS8":0,"opptAbbr":"GS","opptConf":"West","opptLoc":"Away","opptRslt":"Win","opptPTS":118,"opptAST":33,"opptTO":17,"opptSTL":8,"opptBLK":6,"opptPF":23,"opptFGA":85,"opptFGM":41,"oppt2PA":53,"oppt2PM":29,"oppt3PA":32,"oppt3PM":12,"opptFTA":30,"opptFTM":24,"opptORB":13,"opptDRB":35,"opptPTS1":35,"opptPTS2":22,"opptPTS3":36,"opptPTS4":25,"opptPTS5":0,"opptPTS6":0,"opptPTS7":0,"opptPTS8":0}
{"_id":{"$oid":"5cb552f6e0f627212ff3bde5"},"gmDate":"2018/1/18","offLNm3":"Twardoski","offFNm3":"Scott","teamAbbr":"CLE","teamConf":"East","teamLoc":"Home","teamRslt":"Win","teamPTS":104,"teamAST":22,"teamTO":19,"teamSTL":8,"teamBLK":5,"teamPF":21,"teamFGA":85,"teamFGM":38,"team2PA":51,"team2PM":28,"team3PA":34,"team3PM":10,"teamFTA":27,"teamFTM":18,"teamORB":14,"teamDRB":31,"teamPTS1":36,"teamPTS2":31,"teamPTS3":17,"teamPTS4":20,"teamPTS5":0,"teamPTS6":0,"teamPTS7":0,"teamPTS8":0,"opptAbbr":"ORL","opptConf":"East","opptLoc":"Away","opptRslt":"Loss","opptPTS":103,"opptAST":25,"opptTO":15,"opptSTL":11,"opptBLK":6,"opptPF":22,"opptFGA":88,"opptFGM":41,"oppt2PA":66,"oppt2PM":36,"oppt3PA":22,"oppt3PM":5,"opptFTA":21,"opptFTM":16,"opptORB":10,"opptDRB":33,"opptPTS1":20,"opptPTS2":27,"opptPTS3":33,"opptPTS4":23,"opptPTS5":0,"opptPTS6":0,"opptPTS7":0,"opptPTS8":0}
{"_id":{"$oid":"5cb552f6e0f627212ff3bdef"},"gmDate":"2018/1/20","offLNm3":"Davis","offFNm3":"Marc","teamAbbr":"CLE","teamConf":"East","teamLoc":"Home","teamRslt":"Loss","teamPTS":124,"teamAST":32,"teamTO":15,"teamSTL":7,"teamBLK":4,"teamPF":18,"teamFGA":89,"teamFGM":46,"team2PA":52,"team2PM":36,"team3PA":37,"team3PM":10,"teamFTA":27,"teamFTM":22,"teamORB":3,"teamDRB":25,"teamPTS1":24,"teamPTS2":36,"teamPTS3":34,"teamPTS4":30,"teamPTS5":0,"teamPTS6":0,"teamPTS7":0,"teamPTS8":0,"opptAbbr":"OKC","opptConf":"West","opptLoc":"Away","opptRslt":"Win","opptPTS":148,"opptAST":37,"opptTO":14,"opptSTL":9,"opptBLK":2,"opptPF":23,"opptFGA":100,"opptFGM":58,"oppt2PA":70,"oppt2PM":44,"oppt3PA":30,"oppt3PM":14,"opptFTA":28,"opptFTM":18,"opptORB":16,"opptDRB":36,"opptPTS1":43,"opptPTS2":33,"opptPTS3":38,"opptPTS4":34,"opptPTS5":0,"opptPTS6":0,"opptPTS7":0,"opptPTS8":0}
{"_id":{"$oid":"5cb552f6e0f627212ff3be07"},"gmDate":"2018/1/23","offLNm3":"Washington","offFNm3":"Tom","teamAbbr":"SA","teamConf":"West","teamLoc":"Home","teamRslt":"Win","teamPTS":114,"teamAST":23,"teamTO":10,"teamSTL":11,"teamBLK":4,"teamPF":19,"teamFGA":94,"teamFGM":47,"team2PA":66,"team2PM":39,"team3PA":28,"team3PM":8,"teamFTA":16,"teamFTM":12,"teamORB":13,"teamDRB":32,"teamPTS1":25,"teamPTS2":38,"teamPTS3":26,"teamPTS4":25,"teamPTS5":0,"teamPTS6":0,"teamPTS7":0,"teamPTS8":0,"opptAbbr":"CLE","opptConf":"East","opptLoc":"Away","opptRslt":"Loss","opptPTS":102,"opptAST":19,"opptTO":18,"opptSTL":6,"opptBLK":3,"opptPF":14,"opptFGA":72,"opptFGM":35,"oppt2PA":51,"oppt2PM":29,"oppt3PA":21,"oppt3PM":6,"opptFTA":31,"opptFTM":26,"opptORB":6,"opptDRB":35,"opptPTS1":29,"opptPTS2":26,"opptPTS3":26,"opptPTS4":21,"opptPTS5":0,"opptPTS6":0,"opptPTS7":0,"opptPTS8":0}
{"_id":{"$oid":"5cb552f6e0f627212ff3be18"},"gmDate":"2018/1/26","offLNm3":"Wood","offFNm3":"Leon","teamAbbr":"CLE","teamConf":"East","teamLoc":"Home","teamRslt":"Win","teamPTS":115,"teamAST":27,"teamTO":21,"teamSTL":13,"teamBLK":4,"teamPF":11,"teamFGA":82,"teamFGM":46,"team2PA":45,"team2PM":33,"team3PA":37,"team3PM":13,"teamFTA":13,"teamFTM":10,"teamORB":8,"teamDRB":36,"teamPTS1":38,"teamPTS2":35,"teamPTS3":24,"teamPTS4":18,"teamPTS5":0,"teamPTS6":0,"teamPTS7":0,"teamPTS8":0,"opptAbbr":"IND","opptConf":"East","opptLoc":"Away","opptRslt":"Loss","opptPTS":108,"opptAST":27,"opptTO":16,"opptSTL":13,"opptBLK":1,"opptPF":15,"opptFGA":91,"opptFGM":43,"oppt2PA":60,"oppt2PM":30,"oppt3PA":31,"oppt3PM":13,"opptFTA":11,"opptFTM":9,"opptORB":8,"opptDRB":29,"opptPTS1":31,"opptPTS2":29,"opptPTS3":20,"opptPTS4":28,"opptPTS5":0,"opptPTS6":0,"opptPTS7":0,"opptPTS8":0}
{"_id":{"$oid":"5cb552f6e0f627212ff3be2b"},"gmDate":"2018/1/28","offLNm3":"Spooner","offFNm3":"Bill","teamAbbr":"CLE","teamConf":"East","teamLoc":"Home","teamRslt":"Win","teamPTS":121,"teamAST":27,"teamTO":10,"teamSTL":2,"teamBLK":3,"teamPF":14,"teamFGA":83,"teamFGM":42,"team2PA":48,"team2PM":27,"team3PA":35,"team3PM":15,"teamFTA":26,"teamFTM":22,"teamORB":4,"teamDRB":41,"teamPTS1":33,"teamPTS2":25,"teamPTS3":32,"teamPTS4":31,"teamPTS5":0,"teamPTS6":0,"teamPTS7":0,"teamPTS8":0,"opptAbbr":"DET","opptConf":"East","opptLoc":"Away","opptRslt":"Loss","opptPTS":104,"opptAST":31,"opptTO":6,"opptSTL":5,"opptBLK":6,"opptPF":23,"opptFGA":95,"opptFGM":40,"oppt2PA":59,"oppt2PM":26,"oppt3PA":36,"oppt3PM":14,"opptFTA":13,"opptFTM":10,"opptORB":7,"opptDRB":36,"opptPTS1":28,"opptPTS2":33,"opptPTS3":26,"opptPTS4":17,"opptPTS5":0,"opptPTS6":0,"opptPTS7":0,"opptPTS8":0}
{"_id":{"$oid":"5cb552f6e0f627212ff3be38"},"gmDate":"2018/1/30","offLNm3":"Collins","offFNm3":"Derrick","teamAbbr":"DET","teamConf":"East","teamLoc":"Home","teamRslt":"Win","teamPTS":125,"teamAST":30,"teamTO":11,"teamSTL":12,"teamBLK":5,"teamPF":27,"teamFGA":93,"teamFGM":49,"team2PA":70,"team2PM":40,"team3PA":23,"team3PM":9,"teamFTA":28,"teamFTM":18,"teamORB":8,"teamDRB":39,"teamPTS1":33,"teamPTS2":26,"teamPTS3":30,"teamPTS4":36,"teamPTS5":0,"teamPTS6":0,"teamPTS7":0,"teamPTS8":0,"opptAbbr":"CLE","opptConf":"East","opptLoc":"Away","opptRslt":"Loss","opptPTS":114,"opptAST":24,"opptTO":15,"opptSTL":2,"opptBLK":5,"opptPF":22,"opptFGA":84,"opptFGM":38,"oppt2PA":49,"oppt2PM":25,"oppt3PA":35,"oppt3PM":13,"opptFTA":32,"opptFTM":25,"opptORB":7,"opptDRB":34,"opptPTS1":27,"opptPTS2":36,"opptPTS3":21,"opptPTS4":30,"opptPTS5":0,"opptPTS6":0,"opptPTS7":0,"opptPTS8":0}
{"_id":{"$oid":"5cb552f6e0f627212ff3be42"},"gmDate":"2018/1/31","offLNm3":"Foster","offFNm3":"Scott","teamAbbr":"CLE","teamConf":"East","teamLoc":"Home","teamRslt":"Win","teamPTS":91,"teamAST":18,"teamTO":16,"teamSTL":9,"teamBLK":5,"teamPF":20,"teamFGA":80,"teamFGM":28,"team2PA":54,"team2PM":22,"team3PA":26,"team3PM":6,"teamFTA":38,"teamFTM":29,"teamORB":7,"teamDRB":38,"teamPTS1":27,"teamPTS2":21,"teamPTS3":24,"teamPTS4":19,"teamPTS5":0,"teamPTS6":0,"teamPTS7":0,"teamPTS8":0,"opptAbbr":"MIA","opptConf":"East","opptLoc":"Away","opptRslt":"Loss","opptPTS":89,"opptAST":17,"opptTO":20,"opptSTL":8,"opptBLK":5,"opptPF":25,"opptFGA":83,"opptFGM":36,"oppt2PA":55,"oppt2PM":33,"oppt3PA":28,"oppt3PM":3,"opptFTA":25,"opptFTM":14,"opptORB":6,"opptDRB":46,"opptPTS1":21,"opptPTS2":29,"opptPTS3":22,"opptPTS4":17,"opptPTS5":0,"opptPTS6":0,"opptPTS7":0,"opptPTS8":0}
{"_id":{"$oid":"5cb552f6e0f627212ff3be58"},"gmDate":"2018/2/3","offLNm3":"Brothers","offFNm3":"Tony","teamAbbr":"CLE","teamConf":"East","teamLoc":"Home","teamRslt":"Loss","teamPTS":88,"teamAST":22,"teamTO":11,"teamSTL":4,"teamBLK":3,"teamPF":16,"teamFGA":87,"teamFGM":34,"team2PA":57,"team2PM":26,"team3PA":30,"team3PM":8,"teamFTA":16,"teamFTM":12,"teamORB":5,"teamDRB":42,"teamPTS1":20,"teamPTS2":19,"teamPTS3":30,"teamPTS4":19,"teamPTS5":0,"teamPTS6":0,"teamPTS7":0,"teamPTS8":0,"opptAbbr":"HOU","opptConf":"West","opptLoc":"Away","opptRslt":"Win","opptPTS":120,"opptAST":28,"opptTO":9,"opptSTL":6,"opptBLK":5,"opptPF":19,"opptFGA":93,"opptFGM":44,"oppt2PA":42,"oppt2PM":25,"oppt3PA":51,"oppt3PM":19,"opptFTA":16,"opptFTM":13,"opptORB":6,"opptDRB":47,"opptPTS1":32,"opptPTS2":33,"opptPTS3":32,"opptPTS4":23,"opptPTS5":0,"opptPTS6":0,"opptPTS7":0,"opptPTS8":0}
{"_id":{"$oid":"5cb552f6e0f627212ff3be6a"},"gmDate":"2018/2/6","offLNm3":"Fraher","offFNm3":"Pat","teamAbbr":"ORL","teamConf":"East","teamLoc":"Home","teamRslt":"Win","teamPTS":116,"teamAST":27,"teamTO":14,"teamSTL":7,"teamBLK":8,"teamPF":16,"teamFGA":87,"teamFGM":46,"team2PA":65,"team2PM":40,"team3PA":22,"team3PM":6,"teamFTA":27,"teamFTM":18,"teamORB":12,"teamDRB":38,"teamPTS1":31,"teamPTS2":20,"teamPTS3":41,"teamPTS4":24,"teamPTS5":0,"teamPTS6":0,"teamPTS7":0,"teamPTS8":0,"opptAbbr":"CLE","opptConf":"East","opptLoc":"Away","opptRslt":"Loss","opptPTS":98,"opptAST":19,"opptTO":14,"opptSTL":5,"opptBLK":3,"opptPF":24,"opptFGA":84,"opptFGM":36,"oppt2PA":47,"oppt2PM":24,"oppt3PA":37,"oppt3PM":12,"opptFTA":20,"opptFTM":14,"opptORB":9,"opptDRB":26,"opptPTS1":43,"opptPTS2":24,"opptPTS3":22,"opptPTS4":9,"opptPTS5":0,"opptPTS6":0,"opptPTS7":0,"opptPTS8":0}
{"_id":{"$oid":"5cb552f6e0f627212ff3be74"},"gmDate":"2018/2/7","offLNm3":"Callahan","offFNm3":"Mike","teamAbbr":"CLE","teamConf":"East","teamLoc":"Home","teamRslt":"Win","teamPTS":140,"teamAST":33,"teamTO":16,"teamSTL":5,"teamBLK":1,"teamPF":21,"teamFGA":88,"teamFGM":52,"team2PA":47,"team2PM":31,"team3PA":41,"team3PM":21,"teamFTA":23,"teamFTM":15,"teamORB":7,"teamDRB":34,"teamPTS1":31,"teamPTS2":33,"teamPTS3":37,"teamPTS4":28,"teamPTS5":11,"teamPTS6":0,"teamPTS7":0,"teamPTS8":0,"opptAbbr":"MIN","opptConf":"West","opptLoc":"Away","opptRslt":"Loss","opptPTS":138,"opptAST":33,"opptTO":12,"opptSTL":7,"opptBLK":4,"opptPF":19,"opptFGA":93,"opptFGM":54,"oppt2PA":60,"oppt2PM":35,"oppt3PA":33,"oppt3PM":19,"opptFTA":12,"opptFTM":11,"opptORB":4,"opptDRB":31,"opptPTS1":29,"opptPTS2":37,"opptPTS3":33,"opptPTS4":30,"opptPTS5":9,"opptPTS6":0,"opptPTS7":0,"opptPTS8":0}
{"_id":{"$oid":"5cb552f6e0f627212ff3be7f"},"gmDate":"2018/2/9","offLNm3":"Acosta","offFNm3":"Ray","teamAbbr":"ATL","teamConf":"East","teamLoc":"Home","teamRslt":"Loss","teamPTS":107,"teamAST":20,"teamTO":11,"teamSTL":4,"teamBLK":4,"teamPF":18,"teamFGA":85,"teamFGM":37,"team2PA":41,"team2PM":21,"team3PA":44,"team3PM":16,"teamFTA":19,"teamFTM":17,"teamORB":6,"teamDRB":36,"teamPTS1":27,"teamPTS2":29,"teamPTS3":26,"teamPTS4":25,"teamPTS5":0,"teamPTS6":0,"teamPTS7":0,"teamPTS8":0,"opptAbbr":"CLE","opptConf":"East","opptLoc":"Away","opptRslt":"Win","opptPTS":123,"opptAST":31,"opptTO":9,"opptSTL":7,"opptBLK":5,"opptPF":17,"opptFGA":86,"opptFGM":46,"oppt2PA":51,"oppt2PM":31,"oppt3PA":35,"oppt3PM":15,"opptFTA":24,"opptFTM":16,"opptORB":6,"opptDRB":38,"opptPTS1":31,"opptPTS2":30,"opptPTS3":36,"opptPTS4":26,"opptPTS5":0,"opptPTS6":0,"opptPTS7":0,"opptPTS8":0}
{"_id":{"$oid":"5cb552f6e0f627212ff3be8f"},"gmDate":"2018/2/11","offLNm3":"Lewis","offFNm3":"Eric","teamAbbr":"BOS","teamConf":"East","teamLoc":"Home","teamRslt":"Loss","teamPTS":99,"teamAST":22,"teamTO":15,"teamSTL":3,"teamBLK":4,"teamPF":14,"teamFGA":89,"teamFGM":36,"team2PA":51,"team2PM":26,"team3PA":38,"team3PM":10,"teamFTA":22,"teamFTM":17,"teamORB":13,"teamDRB":30,"teamPTS1":32,"teamPTS2":20,"teamPTS3":22,"teamPTS4":25,"teamPTS5":0,"teamPTS6":0,"teamPTS7":0,"teamPTS8":0,"opptAbbr":"CLE","opptConf":"East","opptLoc":"Away","opptRslt":"Win","opptPTS":121,"opptAST":22,"opptTO":11,"opptSTL":7,"opptBLK":6,"opptPF":20,"opptFGA":84,"opptFGM":45,"oppt2PA":54,"oppt2PM":29,"oppt3PA":30,"oppt3PM":16,"opptFTA":20,"opptFTM":15,"opptORB":5,"opptDRB":36,"opptPTS1":31,"opptPTS2":33,"opptPTS3":31,"opptPTS4":26,"opptPTS5":0,"opptPTS6":0,"opptPTS7":0,"opptPTS8":0}
{"_id":{"$oid":"5cb552f6e0f627212ff3be9e"},"gmDate":"2018/2/13","offLNm3":"Capers","offFNm3":"James","teamAbbr":"OKC","teamConf":"West","teamLoc":"Home","teamRslt":"Loss","teamPTS":112,"teamAST":23,"teamTO":11,"teamSTL":6,"teamBLK":3,"teamPF":20,"teamFGA":90,"teamFGM":40,"team2PA":55,"team2PM":29,"team3PA":35,"team3PM":11,"teamFTA":30,"teamFTM":21,"teamORB":18,"teamDRB":33,"teamPTS1":28,"teamPTS2":29,"teamPTS3":30,"teamPTS4":25,"teamPTS5":0,"teamPTS6":0,"teamPTS7":0,"teamPTS8":0,"opptAbbr":"CLE","opptConf":"East","opptLoc":"Away","opptRslt":"Win","opptPTS":120,"opptAST":24,"opptTO":7,"opptSTL":6,"opptBLK":4,"opptPF":28,"opptFGA":88,"opptFGM":45,"oppt2PA":52,"oppt2PM":29,"oppt3PA":36,"oppt3PM":16,"opptFTA":22,"opptFTM":14,"opptORB":10,"opptDRB":31,"opptPTS1":29,"opptPTS2":33,"opptPTS3":29,"opptPTS4":29,"opptPTS5":0,"opptPTS6":0,"opptPTS7":0,"opptPTS8":0}
{"_id":{"$oid":"5cb552f6e0f627212ff3beb2"},"gmDate":"2018/2/22","offLNm3":"Phillips","offFNm3":"Jason","teamAbbr":"CLE","teamConf":"East","teamLoc":"Home","teamRslt":"Loss","teamPTS":103,"teamAST":20,"teamTO":13,"teamSTL":5,"teamBLK":2,"teamPF":15,"teamFGA":84,"teamFGM":42,"team2PA":49,"team2PM":34,"team3PA":35,"team3PM":8,"teamFTA":19,"teamFTM":11,"teamORB":6,"teamDRB":30,"teamPTS1":31,"teamPTS2":23,"teamPTS3":25,"teamPTS4":24,"teamPTS5":0,"teamPTS6":0,"teamPTS7":0,"teamPTS8":0,"opptAbbr":"WAS","opptConf":"East","opptLoc":"Away","opptRslt":"Win","opptPTS":110,"opptAST":29,"opptTO":11,"opptSTL":9,"opptBLK":3,"opptPF":23,"opptFGA":92,"opptFGM":44,"oppt2PA":62,"oppt2PM":32,"oppt3PA":30,"oppt3PM":12,"opptFTA":10,"opptFTM":10,"opptORB":9,"opptDRB":34,"opptPTS1":22,"opptPTS2":35,"opptPTS3":25,"opptPTS4":28,"opptPTS5":0,"opptPTS6":0,"opptPTS7":0,"opptPTS8":0}
{"_id":{"$oid":"5cb552f6e0f627212ff3beba"},"gmDate":"2018/2/23","offLNm3":"Brown","offFNm3":"Tony","teamAbbr":"MEM","teamConf":"West","teamLoc":"Home","teamRslt":"Loss","teamPTS":89,"teamAST":22,"teamTO":23,"teamSTL":10,"teamBLK":4,"teamPF":25,"teamFGA":84,"teamFGM":33,"team2PA":60,"team2PM":24,"team3PA":24,"team3PM":9,"teamFTA":18,"teamFTM":14,"teamORB":5,"teamDRB":32,"teamPTS1":27,"teamPTS2":22,"teamPTS3":22,"teamPTS4":18,"teamPTS5":0,"teamPTS6":0,"teamPTS7":0,"teamPTS8":0,"opptAbbr":"CLE","opptConf":"East","opptLoc":"Away","opptRslt":"Win","opptPTS":112,"opptAST":26,"opptTO":18,"opptSTL":13,"opptBLK":9,"opptPF":23,"opptFGA":87,"opptFGM":40,"oppt2PA":58,"oppt2PM":29,"oppt3PA":29,"oppt3PM":11,"opptFTA":22,"opptFTM":21,"opptORB":7,"opptDRB":39,"opptPTS1":20,"opptPTS2":34,"opptPTS3":31,"opptPTS4":27,"opptPTS5":0,"opptPTS6":0,"opptPTS7":0,"opptPTS8":0}
{"_id":{"$oid":"5cb552f6e0f627212ff3beca"},"gmDate":"2018/2/25","offLNm3":"Richardson","offFNm3":"Derek","teamAbbr":"CLE","teamConf":"East","teamLoc":"Home","teamRslt":"Loss","teamPTS":94,"teamAST":18,"teamTO":16,"teamSTL":8,"teamBLK":3,"teamPF":24,"teamFGA":91,"teamFGM":38,"team2PA":57,"team2PM":30,"team3PA":34,"team3PM":8,"teamFTA":14,"teamFTM":10,"teamORB":13,"teamDRB":34,"teamPTS1":20,"teamPTS2":33,"teamPTS3":21,"teamPTS4":20,"teamPTS5":0,"teamPTS6":0,"teamPTS7":0,"teamPTS8":0,"opptAbbr":"SA","opptConf":"West","opptLoc":"Away","opptRslt":"Win","opptPTS":110,"opptAST":22,"opptTO":10,"opptSTL":11,"opptBLK":9,"opptPF":12,"opptFGA":86,"opptFGM":38,"oppt2PA":67,"oppt2PM":29,"oppt3PA":19,"oppt3PM":9,"opptFTA":32,"opptFTM":25,"opptORB":10,"opptDRB":34,"opptPTS1":25,"opptPTS2":25,"opptPTS3":26,"opptPTS4":34,"opptPTS5":0,"opptPTS6":0,"opptPTS7":0,"opptPTS8":0}
{"_id":{"$oid":"5cb552f6e0f627212ff3bed8"},"gmDate":"2018/2/27","offLNm3":"Boland","offFNm3":"Matt","teamAbbr":"CLE","teamConf":"East","teamLoc":"Home","teamRslt":"Win","teamPTS":129,"teamAST":24,"teamTO":11,"teamSTL":7,"teamBLK":1,"teamPF":24,"teamFGA":97,"teamFGM":50,"team2PA":73,"team2PM":38,"team3PA":24,"team3PM":12,"teamFTA":27,"teamFTM":17,"teamORB":14,"teamDRB":41,"teamPTS1":25,"teamPTS2":35,"teamPTS3":34,"teamPTS4":35,"teamPTS5":0,"teamPTS6":0,"teamPTS7":0,"teamPTS8":0,"opptAbbr":"BKN","opptConf":"East","opptLoc":"Away","opptRslt":"Loss","opptPTS":123,"opptAST":29,"opptTO":13,"opptSTL":6,"opptBLK":0,"opptPF":21,"opptFGA":82,"opptFGM":44,"oppt2PA":50,"oppt2PM":32,"oppt3PA":32,"oppt3PM":12,"opptFTA":30,"opptFTM":23,"opptORB":3,"opptDRB":33,"opptPTS1":29,"opptPTS2":32,"opptPTS3":30,"opptPTS4":32,"opptPTS5":0,"opptPTS6":0,"opptPTS7":0,"opptPTS8":0}
{"_id":{"$oid":"5cb552f6e0f627212ff3bee7"},"gmDate":"2018/3/1","offLNm3":"Lewis","offFNm3":"Eric","teamAbbr":"CLE","teamConf":"East","teamLoc":"Home","teamRslt":"Loss","teamPTS":97,"teamAST":23,"teamTO":10,"teamSTL":4,"teamBLK":6,"teamPF":21,"teamFGA":87,"teamFGM":36,"team2PA":55,"team2PM":27,"team3PA":32,"team3PM":9,"teamFTA":23,"teamFTM":16,"teamORB":10,"teamDRB":35,"teamPTS1":29,"teamPTS2":27,"teamPTS3":15,"teamPTS4":26,"teamPTS5":0,"teamPTS6":0,"teamPTS7":0,"teamPTS8":0,"opptAbbr":"PHI","opptConf":"East","opptLoc":"Away","opptRslt":"Win","opptPTS":108,"opptAST":22,"opptTO":10,"opptSTL":4,"opptBLK":5,"opptPF":20,"opptFGA":90,"opptFGM":40,"oppt2PA":60,"oppt2PM":30,"oppt3PA":30,"oppt3PM":10,"opptFTA":27,"opptFTM":18,"opptORB":14,"opptDRB":40,"opptPTS1":32,"opptPTS2":27,"opptPTS3":18,"opptPTS4":31,"opptPTS5":0,"opptPTS6":0,"opptPTS7":0,"opptPTS8":0}
{"_id":{"$oid":"5cb552f6e0f627212ff3bef5"},"gmDate":"2018/3/3","offLNm3":"Smith","offFNm3":"Aaron","teamAbbr":"CLE","teamConf":"East","teamLoc":"Home","teamRslt":"Loss","teamPTS":117,"teamAST":25,"teamTO":9,"teamSTL":5,"teamBLK":2,"teamPF":16,"teamFGA":88,"teamFGM":46,"team2PA":64,"team2PM":37,"team3PA":24,"team3PM":9,"teamFTA":21,"teamFTM":16,"teamORB":12,"teamDRB":29,"teamPTS1":31,"teamPTS2":31,"teamPTS3":35,"teamPTS4":20,"teamPTS5":0,"teamPTS6":0,"teamPTS7":0,"teamPTS8":0,"opptAbbr":"DEN","opptConf":"West","opptLoc":"Away","opptRslt":"Win","opptPTS":126,"opptAST":35,"opptTO":9,"opptSTL":4,"opptBLK":3,"opptPF":19,"opptFGA":86,"opptFGM":47,"oppt2PA":51,"oppt2PM":28,"oppt3PA":35,"oppt3PM":19,"opptFTA":15,"opptFTM":13,"opptORB":6,"opptDRB":29,"opptPTS1":37,"opptPTS2":36,"opptPTS3":30,"opptPTS4":23,"opptPTS5":0,"opptPTS6":0,"opptPTS7":0,"opptPTS8":0}
{"_id":{"$oid":"5cb552f6e0f627212ff3bf02"},"gmDate":"2018/3/5","offLNm3":"Zarba","offFNm3":"Zach","teamAbbr":"CLE","teamConf":"East","teamLoc":"Home","teamRslt":"Win","teamPTS":112,"teamAST":29,"teamTO":14,"teamSTL":8,"teamBLK":2,"teamPF":18,"teamFGA":88,"teamFGM":43,"team2PA":55,"team2PM":31,"team3PA":33,"team3PM":12,"teamFTA":17,"teamFTM":14,"teamORB":11,"teamDRB":42,"teamPTS1":26,"teamPTS2":28,"teamPTS3":36,"teamPTS4":22,"teamPTS5":0,"teamPTS6":0,"teamPTS7":0,"teamPTS8":0,"opptAbbr":"DET","opptConf":"East","opptLoc":"Away","opptRslt":"Loss","opptPTS":90,"opptAST":17,"opptTO":12,"opptSTL":9,"opptBLK":6,"opptPF":22,"opptFGA":87,"opptFGM":34,"oppt2PA":53,"oppt2PM":22,"oppt3PA":34,"oppt3PM":12,"opptFTA":15,"opptFTM":10,"opptORB":8,"opptDRB":32,"opptPTS1":28,"opptPTS2":21,"opptPTS3":21,"opptPTS4":20,"opptPTS5":0,"opptPTS6":0,"opptPTS7":0,"opptPTS8":0}
{"_id":{"$oid":"5cb552f6e0f627212ff3bf16"},"gmDate":"2018/3/7","offLNm3":"Phillips","offFNm3":"Jason","teamAbbr":"DEN","teamConf":"West","teamLoc":"Home","teamRslt":"Loss","teamPTS":108,"teamAST":22,"teamTO":21,"teamSTL":7,"teamBLK":2,"teamPF":16,"teamFGA":86,"teamFGM":42,"team2PA":59,"team2PM":32,"team3PA":27,"team3PM":10,"teamFTA":18,"teamFTM":14,"teamORB":14,"teamDRB":37,"teamPTS1":23,"teamPTS2":35,"teamPTS3":29,"teamPTS4":21,"teamPTS5":0,"teamPTS6":0,"teamPTS7":0,"teamPTS8":0,"opptAbbr":"CLE","opptConf":"East","opptLoc":"Away","opptRslt":"Win","opptPTS":113,"opptAST":25,"opptTO":10,"opptSTL":10,"opptBLK":4,"opptPF":19,"opptFGA":87,"opptFGM":44,"oppt2PA":58,"oppt2PM":31,"oppt3PA":29,"oppt3PM":13,"opptFTA":18,"opptFTM":12,"opptORB":7,"opptDRB":28,"opptPTS1":38,"opptPTS2":32,"opptPTS3":19,"opptPTS4":24,"opptPTS5":0,"opptPTS6":0,"opptPTS7":0,"opptPTS8":0}
{"_id":{"$oid":"5cb552f6e0f627212ff3bf26"},"gmDate":"2018/3/9","offLNm3":"Van Duyne","offFNm3":"Justin","teamAbbr":"LAC","teamConf":"West","teamLoc":"Home","teamRslt":"Win","teamPTS":116,"teamAST":25,"teamTO":14,"teamSTL":6,"teamBLK":3,"teamPF":16,"teamFGA":89,"teamFGM":43,"team2PA":61,"team2PM":32,"team3PA":28,"team3PM":11,"teamFTA":30,"teamFTM":19,"teamORB":13,"teamDRB":39,"teamPTS1":35,"teamPTS2":26,"teamPTS3":24,"teamPTS4":31,"teamPTS5":0,"teamPTS6":0,"teamPTS7":0,"teamPTS8":0,"opptAbbr":"CLE","opptConf":"East","opptLoc":"Away","opptRslt":"Loss","opptPTS":102,"opptAST":22,"opptTO":13,"opptSTL":10,"opptBLK":7,"opptPF":28,"opptFGA":87,"opptFGM":39,"oppt2PA":51,"oppt2PM":27,"oppt3PA":36,"oppt3PM":12,"opptFTA":18,"opptFTM":12,"opptORB":8,"opptDRB":32,"opptPTS1":17,"opptPTS2":30,"opptPTS3":30,"opptPTS4":25,"opptPTS5":0,"opptPTS6":0,"opptPTS7":0,"opptPTS8":0}
{"_id":{"$oid":"5cb552f6e0f627212ff3bf34"},"gmDate":"2018/3/11","offLNm3":"Capers","offFNm3":"James","teamAbbr":"LAL","teamConf":"West","teamLoc":"Home","teamRslt":"Win","teamPTS":127,"teamAST":30,"teamTO":13,"teamSTL":9,"teamBLK":4,"teamPF":19,"teamFGA":96,"teamFGM":48,"team2PA":62,"team2PM":35,"team3PA":34,"team3PM":13,"teamFTA":20,"teamFTM":18,"teamORB":14,"teamDRB":37,"teamPTS1":33,"teamPTS2":32,"teamPTS3":33,"teamPTS4":29,"teamPTS5":0,"teamPTS6":0,"teamPTS7":0,"teamPTS8":0,"opptAbbr":"CLE","opptConf":"East","opptLoc":"Away","opptRslt":"Loss","opptPTS":113,"opptAST":22,"opptTO":12,"opptSTL":4,"opptBLK":5,"opptPF":18,"opptFGA":88,"opptFGM":41,"oppt2PA":57,"oppt2PM":29,"oppt3PA":31,"oppt3PM":12,"opptFTA":23,"opptFTM":19,"opptORB":7,"opptDRB":30,"opptPTS1":29,"opptPTS2":31,"opptPTS3":22,"opptPTS4":31,"opptPTS5":0,"opptPTS6":0,"opptPTS7":0,"opptPTS8":0}
{"_id":{"$oid":"5cb552f6e0f627212ff3bf43"},"gmDate":"2018/3/13","offLNm3":"Zarba","offFNm3":"Zach","teamAbbr":"PHO","teamConf":"West","teamLoc":"Home","teamRslt":"Loss","teamPTS":107,"teamAST":17,"teamTO":18,"teamSTL":10,"teamBLK":2,"teamPF":21,"teamFGA":98,"teamFGM":38,"team2PA":66,"team2PM":32,"team3PA":32,"team3PM":6,"teamFTA":30,"teamFTM":25,"teamORB":11,"teamDRB":36,"teamPTS1":18,"teamPTS2":34,"teamPTS3":28,"teamPTS4":27,"teamPTS5":0,"teamPTS6":0,"teamPTS7":0,"teamPTS8":0,"opptAbbr":"CLE","opptConf":"East","opptLoc":"Away","opptRslt":"Win","opptPTS":129,"opptAST":25,"opptTO":20,"opptSTL":12,"opptBLK":9,"opptPF":25,"opptFGA":87,"opptFGM":43,"oppt2PA":52,"oppt2PM":26,"oppt3PA":35,"oppt3PM":17,"opptFTA":30,"opptFTM":26,"opptORB":5,"opptDRB":39,"opptPTS1":38,"opptPTS2":30,"opptPTS3":34,"opptPTS4":27,"opptPTS5":0,"opptPTS6":0,"opptPTS7":0,"opptPTS8":0}
{"_id":{"$oid":"5cb552f6e0f627212ff3bf51"},"gmDate":"2018/3/15","offLNm3":"Boland","offFNm3":"Matt","teamAbbr":"POR","teamConf":"West","teamLoc":"Home","teamRslt":"Win","teamPTS":113,"teamAST":26,"teamTO":7,"teamSTL":4,"teamBLK":3,"teamPF":15,"teamFGA":96,"teamFGM":43,"team2PA":61,"team2PM":31,"team3PA":35,"team3PM":12,"teamFTA":19,"teamFTM":15,"teamORB":13,"teamDRB":37,"teamPTS1":29,"teamPTS2":30,"teamPTS3":29,"teamPTS4":25,"teamPTS5":0,"teamPTS6":0,"teamPTS7":0,"teamPTS8":0,"opptAbbr":"CLE","opptConf":"East","opptLoc":"Away","opptRslt":"Loss","opptPTS":105,"opptAST":17,"opptTO":11,"opptSTL":5,"opptBLK":7,"opptPF":21,"opptFGA":80,"opptFGM":41,"oppt2PA":47,"oppt2PM":30,"oppt3PA":33,"oppt3PM":11,"opptFTA":21,"opptFTM":12,"opptORB":2,"opptDRB":32,"opptPTS1":29,"opptPTS2":25,"opptPTS3":23,"opptPTS4":28,"opptPTS5":0,"opptPTS6":0,"opptPTS7":0,"opptPTS8":0}
{"_id":{"$oid":"5cb552f6e0f627212ff3bf5c"},"gmDate":"2018/3/17","offLNm3":"Spooner","offFNm3":"Bill","teamAbbr":"CHI","teamConf":"East","teamLoc":"Home","teamRslt":"Loss","teamPTS":109,"teamAST":30,"teamTO":12,"teamSTL":4,"teamBLK":3,"teamPF":21,"teamFGA":91,"teamFGM":41,"team2PA":57,"team2PM":25,"team3PA":34,"team3PM":16,"teamFTA":15,"teamFTM":11,"teamORB":11,"teamDRB":34,"teamPTS1":31,"teamPTS2":21,"teamPTS3":29,"teamPTS4":28,"teamPTS5":0,"teamPTS6":0,"teamPTS7":0,"teamPTS8":0,"opptAbbr":"CLE","opptConf":"East","opptLoc":"Away","opptRslt":"Win","opptPTS":114,"opptAST":25,"opptTO":13,"opptSTL":4,"opptBLK":5,"opptPF":14,"opptFGA":87,"opptFGM":44,"oppt2PA":50,"oppt2PM":31,"oppt3PA":37,"oppt3PM":13,"opptFTA":20,"opptFTM":13,"opptORB":11,"opptDRB":33,"opptPTS1":32,"opptPTS2":37,"opptPTS3":16,"opptPTS4":29,"opptPTS5":0,"opptPTS6":0,"opptPTS7":0,"opptPTS8":0}
{"_id":{"$oid":"5cb552f6e0f627212ff3bf67"},"gmDate":"2018/3/19","offLNm3":"Mauer","offFNm3":"Ken","teamAbbr":"CLE","teamConf":"East","teamLoc":"Home","teamRslt":"Win","teamPTS":124,"teamAST":24,"teamTO":15,"teamSTL":4,"teamBLK":6,"teamPF":17,"teamFGA":87,"teamFGM":43,"team2PA":49,"team2PM":28,"team3PA":38,"team3PM":15,"teamFTA":27,"teamFTM":23,"teamORB":12,"teamDRB":30,"teamPTS1":26,"teamPTS2":38,"teamPTS3":29,"teamPTS4":31,"teamPTS5":0,"teamPTS6":0,"teamPTS7":0,"teamPTS8":0,"opptAbbr":"MIL","opptConf":"East","opptLoc":"Away","opptRslt":"Loss","opptPTS":117,"opptAST":26,"opptTO":15,"opptSTL":11,"opptBLK":7,"opptPF":23,"opptFGA":88,"opptFGM":45,"oppt2PA":57,"oppt2PM":37,"oppt3PA":31,"oppt3PM":8,"opptFTA":20,"opptFTM":19,"opptORB":8,"opptDRB":24,"opptPTS1":25,"opptPTS2":32,"opptPTS3":28,"opptPTS4":32,"opptPTS5":0,"opptPTS6":0,"opptPTS7":0,"opptPTS8":0}
{"_id":{"$oid":"5cb552f6e0f627212ff3bf76"},"gmDate":"2018/3/21","offLNm3":"Callahan","offFNm3":"Mike","teamAbbr":"CLE","teamConf":"East","teamLoc":"Home","teamRslt":"Win","teamPTS":132,"teamAST":28,"teamTO":10,"teamSTL":4,"teamBLK":3,"teamPF":18,"teamFGA":78,"teamFGM":47,"team2PA":54,"team2PM":32,"team3PA":24,"team3PM":15,"teamFTA":28,"teamFTM":23,"teamORB":4,"teamDRB":28,"teamPTS1":42,"teamPTS2":22,"teamPTS3":34,"teamPTS4":34,"teamPTS5":0,"teamPTS6":0,"teamPTS7":0,"teamPTS8":0,"opptAbbr":"TOR","opptConf":"East","opptLoc":"Away","opptRslt":"Loss","opptPTS":129,"opptAST":32,"opptTO":8,"opptSTL":4,"opptBLK":5,"opptPF":23,"opptFGA":87,"opptFGM":47,"oppt2PA":53,"oppt2PM":32,"oppt3PA":34,"oppt3PM":15,"opptFTA":23,"opptFTM":20,"opptORB":10,"opptDRB":23,"opptPTS1":38,"opptPTS2":41,"opptPTS3":20,"opptPTS4":30,"opptPTS5":0,"opptPTS6":0,"opptPTS7":0,"opptPTS8":0}
{"_id":{"$oid":"5cb552f6e0f627212ff3bf86"},"gmDate":"2018/3/23","offLNm3":"Capers","offFNm3":"James","teamAbbr":"CLE","teamConf":"East","teamLoc":"Home","teamRslt":"Win","teamPTS":120,"teamAST":23,"teamTO":14,"teamSTL":9,"teamBLK":4,"teamPF":14,"teamFGA":95,"teamFGM":47,"team2PA":66,"team2PM":39,"team3PA":29,"team3PM":8,"teamFTA":24,"teamFTM":18,"teamORB":15,"teamDRB":39,"teamPTS1":23,"teamPTS2":39,"teamPTS3":31,"teamPTS4":27,"teamPTS5":0,"teamPTS6":0,"teamPTS7":0,"teamPTS8":0,"opptAbbr":"PHO","opptConf":"West","opptLoc":"Away","opptRslt":"Loss","opptPTS":95,"opptAST":24,"opptTO":17,"opptSTL":9,"opptBLK":4,"opptPF":23,"opptFGA":87,"opptFGM":38,"oppt2PA":59,"oppt2PM":31,"oppt3PA":28,"oppt3PM":7,"opptFTA":20,"opptFTM":12,"opptORB":7,"opptDRB":29,"opptPTS1":27,"opptPTS2":18,"opptPTS3":26,"opptPTS4":24,"opptPTS5":0,"opptPTS6":0,"opptPTS7":0,"opptPTS8":0}
{"_id":{"$oid":"5cb552f6e0f627212ff3bf94"},"gmDate":"2018/3/25","offLNm3":"Smith","offFNm3":"Michael","teamAbbr":"BKN","teamConf":"East","teamLoc":"Home","teamRslt":"Loss","teamPTS":114,"teamAST":27,"teamTO":10,"teamSTL":7,"teamBLK":3,"teamPF":23,"teamFGA":83,"teamFGM":38,"team2PA":46,"team2PM":21,"team3PA":37,"team3PM":17,"teamFTA":26,"teamFTM":21,"teamORB":7,"teamDRB":31,"teamPTS1":30,"teamPTS2":32,"teamPTS3":27,"teamPTS4":25,"teamPTS5":0,"teamPTS6":0,"teamPTS7":0,"teamPTS8":0,"opptAbbr":"CLE","opptConf":"East","opptLoc":"Away","opptRslt":"Win","opptPTS":121,"opptAST":25,"opptTO":11,"opptSTL":5,"opptBLK":2,"opptPF":21,"opptFGA":87,"opptFGM":44,"oppt2PA":59,"oppt2PM":32,"oppt3PA":28,"oppt3PM":12,"opptFTA":26,"opptFTM":21,"opptORB":11,"opptDRB":38,"opptPTS1":28,"opptPTS2":32,"opptPTS3":27,"opptPTS4":34,"opptPTS5":0,"opptPTS6":0,"opptPTS7":0,"opptPTS8":0}
{"_id":{"$oid":"5cb552f6e0f627212ff3bfa6"},"gmDate":"2018/3/27","offLNm3":"Callahan","offFNm3":"Mike","teamAbbr":"MIA","teamConf":"East","teamLoc":"Home","teamRslt":"Win","teamPTS":98,"teamAST":24,"teamTO":16,"teamSTL":10,"teamBLK":9,"teamPF":18,"teamFGA":78,"teamFGM":37,"team2PA":49,"team2PM":28,"team3PA":29,"team3PM":9,"teamFTA":20,"teamFTM":15,"teamORB":9,"teamDRB":35,"teamPTS1":29,"teamPTS2":25,"teamPTS3":21,"teamPTS4":23,"teamPTS5":0,"teamPTS6":0,"teamPTS7":0,"teamPTS8":0,"opptAbbr":"CLE","opptConf":"East","opptLoc":"Away","opptRslt":"Loss","opptPTS":79,"opptAST":15,"opptTO":15,"opptSTL":8,"opptBLK":1,"opptPF":18,"opptFGA":85,"opptFGM":31,"oppt2PA":59,"oppt2PM":27,"oppt3PA":26,"oppt3PM":4,"opptFTA":19,"opptFTM":13,"opptORB":12,"opptDRB":30,"opptPTS1":18,"opptPTS2":16,"opptPTS3":25,"opptPTS4":20,"opptPTS5":0,"opptPTS6":0,"opptPTS7":0,"opptPTS8":0}
{"_id":{"$oid":"5cb552f6e0f627212ff3bfaa"},"gmDate":"2018/3/28","offLNm3":"Mott","offFNm3":"Rodney","teamAbbr":"CHA","teamConf":"East","teamLoc":"Home","teamRslt":"Loss","teamPTS":105,"teamAST":20,"teamTO":13,"teamSTL":2,"teamBLK":2,"teamPF":16,"teamFGA":76,"teamFGM":39,"team2PA":55,"team2PM":34,"team3PA":21,"team3PM":5,"teamFTA":24,"teamFTM":22,"teamORB":6,"teamDRB":34,"teamPTS1":26,"teamPTS2":28,"teamPTS3":24,"teamPTS4":27,"teamPTS5":0,"teamPTS6":0,"teamPTS7":0,"teamPTS8":0,"opptAbbr":"CLE","opptConf":"East","opptLoc":"Away","opptRslt":"Win","opptPTS":118,"opptAST":22,"opptTO":6,"opptSTL":9,"opptBLK":1,"opptPF":19,"opptFGA":93,"opptFGM":45,"oppt2PA":65,"oppt2PM":34,"oppt3PA":28,"oppt3PM":11,"opptFTA":20,"opptFTM":17,"opptORB":11,"opptDRB":27,"opptPTS1":22,"opptPTS2":42,"opptPTS3":31,"opptPTS4":23,"opptPTS5":0,"opptPTS6":0,"opptPTS7":0,"opptPTS8":0}
{"_id":{"$oid":"5cb552f6e0f627212ff3bfb9"},"gmDate":"2018/3/30","offLNm3":"Washington","offFNm3":"Tom","teamAbbr":"CLE","teamConf":"East","teamLoc":"Home","teamRslt":"Win","teamPTS":107,"teamAST":22,"teamTO":10,"teamSTL":6,"teamBLK":2,"teamPF":14,"teamFGA":90,"teamFGM":43,"team2PA":66,"team2PM":33,"team3PA":24,"team3PM":10,"teamFTA":15,"teamFTM":11,"teamORB":9,"teamDRB":36,"teamPTS1":29,"teamPTS2":18,"teamPTS3":33,"teamPTS4":27,"teamPTS5":0,"teamPTS6":0,"teamPTS7":0,"teamPTS8":0,"opptAbbr":"NO","opptConf":"West","opptLoc":"Away","opptRslt":"Loss","opptPTS":102,"opptAST":25,"opptTO":11,"opptSTL":4,"opptBLK":2,"opptPF":19,"opptFGA":89,"opptFGM":43,"oppt2PA":63,"oppt2PM":32,"oppt3PA":26,"oppt3PM":11,"opptFTA":6,"opptFTM":5,"opptORB":7,"opptDRB":34,"opptPTS1":29,"opptPTS2":28,"opptPTS3":22,"opptPTS4":23,"opptPTS5":0,"opptPTS6":0,"opptPTS7":0,"opptPTS8":0}
{"_id":{"$oid":"5cb552f6e0f627212ff3bfcb"},"gmDate":"2018/4/1","offLNm3":"Petraitis","offFNm3":"Gediminas","teamAbbr":"CLE","teamConf":"East","teamLoc":"Home","teamRslt":"Win","teamPTS":98,"teamAST":21,"teamTO":11,"teamSTL":7,"teamBLK":1,"teamPF":12,"teamFGA":85,"teamFGM":35,"team2PA":59,"team2PM":24,"team3PA":26,"team3PM":11,"teamFTA":23,"teamFTM":17,"teamORB":10,"teamDRB":40,"teamPTS1":18,"teamPTS2":30,"teamPTS3":25,"teamPTS4":25,"teamPTS5":0,"teamPTS6":0,"teamPTS7":0,"teamPTS8":0,"opptAbbr":"DAL","opptConf":"West","opptLoc":"Away","opptRslt":"Loss","opptPTS":87,"opptAST":15,"opptTO":15,"opptSTL":5,"opptBLK":3,"opptPF":20,"opptFGA":80,"opptFGM":32,"oppt2PA":43,"oppt2PM":19,"oppt3PA":37,"oppt3PM":13,"opptFTA":11,"opptFTM":10,"opptORB":4,"opptDRB":34,"opptPTS1":25,"opptPTS2":22,"opptPTS3":30,"opptPTS4":10,"opptPTS5":0,"opptPTS6":0,"opptPTS7":0,"opptPTS8":0}
{"_id":{"$oid":"5cb552f6e0f627212ff3bfd2"},"gmDate":"2018/4/3","offLNm3":"Lewis","offFNm3":"Eric","teamAbbr":"CLE","teamConf":"East","teamLoc":"Home","teamRslt":"Win","teamPTS":112,"teamAST":18,"teamTO":12,"teamSTL":8,"teamBLK":6,"teamPF":17,"teamFGA":77,"teamFGM":38,"team2PA":47,"team2PM":25,"team3PA":30,"team3PM":13,"teamFTA":26,"teamFTM":23,"teamORB":2,"teamDRB":40,"teamPTS1":28,"teamPTS2":32,"teamPTS3":26,"teamPTS4":26,"teamPTS5":0,"teamPTS6":0,"teamPTS7":0,"teamPTS8":0,"opptAbbr":"TOR","opptConf":"East","opptLoc":"Away","opptRslt":"Loss","opptPTS":106,"opptAST":28,"opptTO":11,"opptSTL":7,"opptBLK":1,"opptPF":23,"opptFGA":94,"opptFGM":42,"oppt2PA":60,"oppt2PM":31,"oppt3PA":34,"oppt3PM":11,"opptFTA":14,"opptFTM":11,"opptORB":9,"opptDRB":37,"opptPTS1":24,"opptPTS2":28,"opptPTS3":26,"opptPTS4":28,"opptPTS5":0,"opptPTS6":0,"opptPTS7":0,"opptPTS8":0}
{"_id":{"$oid":"5cb552f6e0f627212ff3bfe6"},"gmDate":"2018/4/5","offLNm3":"Richardson","offFNm3":"Derek","teamAbbr":"CLE","teamConf":"East","teamLoc":"Home","teamRslt":"Win","teamPTS":119,"teamAST":26,"teamTO":16,"teamSTL":10,"teamBLK":3,"teamPF":14,"teamFGA":77,"teamFGM":42,"team2PA":50,"team2PM":29,"team3PA":27,"team3PM":13,"teamFTA":28,"teamFTM":22,"teamORB":5,"teamDRB":30,"teamPTS1":39,"teamPTS2":20,"teamPTS3":23,"teamPTS4":37,"teamPTS5":0,"teamPTS6":0,"teamPTS7":0,"teamPTS8":0,"opptAbbr":"WAS","opptConf":"East","opptLoc":"Away","opptRslt":"Loss","opptPTS":115,"opptAST":34,"opptTO":15,"opptSTL":8,"opptBLK":7,"opptPF":23,"opptFGA":94,"opptFGM":47,"oppt2PA":73,"oppt2PM":38,"oppt3PA":21,"oppt3PM":9,"opptFTA":14,"opptFTM":12,"opptORB":12,"opptDRB":29,"opptPTS1":26,"opptPTS2":28,"opptPTS3":36,"opptPTS4":25,"opptPTS5":0,"opptPTS6":0,"opptPTS7":0,"opptPTS8":0}
{"_id":{"$oid":"5cb552f6e0f627212ff3bfec"},"gmDate":"2018/4/6","offLNm3":"Washington","offFNm3":"Tom","teamAbbr":"PHI","teamConf":"East","teamLoc":"Home","teamRslt":"Win","teamPTS":132,"teamAST":35,"teamTO":12,"teamSTL":10,"teamBLK":7,"teamPF":23,"teamFGA":101,"teamFGM":50,"team2PA":62,"team2PM":36,"team3PA":39,"team3PM":14,"teamFTA":21,"teamFTM":18,"teamORB":12,"teamDRB":33,"teamPTS1":41,"teamPTS2":37,"teamPTS3":27,"teamPTS4":27,"teamPTS5":0,"teamPTS6":0,"teamPTS7":0,"teamPTS8":0,"opptAbbr":"CLE","opptConf":"East","opptLoc":"Away","opptRslt":"Loss","opptPTS":130,"opptAST":24,"opptTO":14,"opptSTL":6,"opptBLK":2,"opptPF":20,"opptFGA":87,"opptFGM":45,"oppt2PA":53,"oppt2PM":29,"oppt3PA":34,"oppt3PM":16,"opptFTA":33,"opptFTM":24,"opptORB":8,"opptDRB":32,"opptPTS1":28,"opptPTS2":27,"opptPTS3":43,"opptPTS4":32,"opptPTS5":0,"opptPTS6":0,"opptPTS7":0,"opptPTS8":0}
{"_id":{"$oid":"5cb552f6e0f627212ff3c005"},"gmDate":"2018/4/9","offLNm3":"Petraitis","offFNm3":"Gediminas","teamAbbr":"NY","teamConf":"East","teamLoc":"Home","teamRslt":"Loss","teamPTS":109,"teamAST":26,"teamTO":14,"teamSTL":4,"teamBLK":7,"teamPF":20,"teamFGA":87,"teamFGM":46,"team2PA":57,"team2PM":35,"team3PA":30,"team3PM":11,"teamFTA":12,"teamFTM":6,"teamORB":8,"teamDRB":29,"teamPTS1":25,"teamPTS2":24,"teamPTS3":28,"teamPTS4":32,"teamPTS5":0,"teamPTS6":0,"teamPTS7":0,"teamPTS8":0,"opptAbbr":"CLE","opptConf":"East","opptLoc":"Away","opptRslt":"Win","opptPTS":123,"opptAST":29,"opptTO":11,"opptSTL":9,"opptBLK":2,"opptPF":15,"opptFGA":85,"opptFGM":40,"oppt2PA":40,"oppt2PM":21,"oppt3PA":45,"oppt3PM":19,"opptFTA":28,"opptFTM":24,"opptORB":7,"opptDRB":35,"opptPTS1":26,"opptPTS2":35,"opptPTS3":29,"opptPTS4":33,"opptPTS5":0,"opptPTS6":0,"opptPTS7":0,"opptPTS8":0}
{"_id":{"$oid":"5cb552f6e0f627212ff3c012"},"gmDate":"2018/4/11","offLNm3":"Zarba","offFNm3":"Zach","teamAbbr":"CLE","teamConf":"East","teamLoc":"Home","teamRslt":"Loss","teamPTS":98,"teamAST":15,"teamTO":16,"teamSTL":9,"teamBLK":3,"teamPF":15,"teamFGA":94,"teamFGM":37,"team2PA":70,"team2PM":31,"team3PA":24,"team3PM":6,"teamFTA":28,"teamFTM":18,"teamORB":17,"teamDRB":31,"teamPTS1":20,"teamPTS2":17,"teamPTS3":34,"teamPTS4":27,"teamPTS5":0,"teamPTS6":0,"teamPTS7":0,"teamPTS8":0,"opptAbbr":"NY","opptConf":"East","opptLoc":"Away","opptRslt":"Win","opptPTS":110,"opptAST":30,"opptTO":15,"opptSTL":10,"opptBLK":3,"opptPF":22,"opptFGA":85,"opptFGM":43,"oppt2PA":58,"oppt2PM":31,"oppt3PA":27,"oppt3PM":12,"opptFTA":13,"opptFTM":12,"opptORB":8,"opptDRB":31,"opptPTS1":20,"opptPTS2":37,"opptPTS3":27,"opptPTS4":26,"opptPTS5":0,"opptPTS6":0,"opptPTS7":0,"opptPTS8":0}
