{"_id":{"$oid":"5cb552e5e0f627212ff3a799"},"stDate":"2017/10/17","teamAbbr":"CLE","rank":1,"rankOrd":"1st","gameWon":1,"gameLost":0,"stk":"W1","homeWin":1,"homeLoss":0,"awayWin":0,"awayLoss":0}
{"_id":{"$oid":"5cb552e5e0f627212ff3a7b8"},"stDate":"2017/10/18","teamAbbr":"CLE","rank":1,"rankOrd":"1st","gameWon":1,"gameLost":0,"stk":"W1","homeWin":1,"homeLoss":0,"awayWin":0,"awayLoss":0}
{"_id":{"$oid":"5cb552e5e0f627212ff3a7d6"},"stDate":"2017/10/19","teamAbbr":"CLE","rank":1,"rankOrd":"1st","gameWon":1,"gameLost":0,"stk":"W1","homeWin":1,"homeLoss":0,"awayWin":0,"awayLoss":0}
{"_id":{"$oid":"5cb552e5e0f627212ff3a7ed"},"stDate":"2017/10/20","teamAbbr":"CLE","rank":1,"rankOrd":"1st","gameWon":2,"gameLost":0,"stk":"W2","homeWin":1,"homeLoss":0,"awayWin":1,"awayLoss":0}
{"_id":{"$oid":"5cb552e5e0f627212ff3a812"},"stDate":"2017/10/21","teamAbbr":"CLE","rank":3,"rankOrd":"3rd","gameWon":2,"gameLost":1,"stk":"L1","homeWin":1,"homeLoss":1,"awayWin":1,"awayLoss":0}
{"_id":{"$oid":"5cb552e5e0f627212ff3a82f"},"stDate":"2017/10/22","teamAbbr":"CLE","rank":3,"rankOrd":"3rd","gameWon":2,"gameLost":1,"stk":"L1","homeWin":1,"homeLoss":1,"awayWin":1,"awayLoss":0}
{"_id":{"$oid":"5cb552e5e0f627212ff3a84e"},"stDate":"2017/10/23","teamAbbr":"CLE","rank":3,"rankOrd":"3rd","gameWon":2,"gameLost":1,"stk":"L1","homeWin":1,"homeLoss":1,"awayWin":1,"awayLoss":0}
{"_id":{"$oid":"5cb552e5e0f627212ff3a86c"},"stDate":"2017/10/24","teamAbbr":"CLE","rank":2,"rankOrd":"2nd","gameWon":3,"gameLost":1,"stk":"W1","homeWin":2,"homeLoss":1,"awayWin":1,"awayLoss":0}
{"_id":{"$oid":"5cb552e5e0f627212ff3a88b"},"stDate":"2017/10/25","teamAbbr":"CLE","rank":4,"rankOrd":"4th","gameWon":3,"gameLost":2,"stk":"L1","homeWin":2,"homeLoss":1,"awayWin":1,"awayLoss":1}
{"_id":{"$oid":"5cb552e5e0f627212ff3a8ab"},"stDate":"2017/10/26","teamAbbr":"CLE","rank":3,"rankOrd":"3rd","gameWon":3,"gameLost":2,"stk":"L1","homeWin":2,"homeLoss":1,"awayWin":1,"awayLoss":1}
{"_id":{"$oid":"5cb552e5e0f627212ff3a8c5"},"stDate":"2017/10/27","teamAbbr":"CLE","rank":2,"rankOrd":"2nd","gameWon":3,"gameLost":2,"stk":"L1","homeWin":2,"homeLoss":1,"awayWin":1,"awayLoss":1}
{"_id":{"$oid":"5cb552e5e0f627212ff3a8e3"},"stDate":"2017/10/28","teamAbbr":"CLE","rank":7,"rankOrd":"7th","gameWon":3,"gameLost":3,"stk":"L2","homeWin":2,"homeLoss":1,"awayWin":1,"awayLoss":2}
{"_id":{"$oid":"5cb552e5e0f627212ff3a901"},"stDate":"2017/10/29","teamAbbr":"CLE","rank":9,"rankOrd":"9th","gameWon":3,"gameLost":4,"stk":"L3","homeWin":2,"homeLoss":2,"awayWin":1,"awayLoss":2}
{"_id":{"$oid":"5cb552e5e0f627212ff3a920"},"stDate":"2017/10/30","teamAbbr":"CLE","rank":10,"rankOrd":"10th","gameWon":3,"gameLost":4,"stk":"L3","homeWin":2,"homeLoss":2,"awayWin":1,"awayLoss":2}
{"_id":{"$oid":"5cb552e5e0f627212ff3a93e"},"stDate":"2017/10/31","teamAbbr":"CLE","rank":10,"rankOrd":"10th","gameWon":3,"gameLost":4,"stk":"L3","homeWin":2,"homeLoss":2,"awayWin":1,"awayLoss":2}
{"_id":{"$oid":"5cb552e5e0f627212ff3a95b"},"stDate":"2017/11/1","teamAbbr":"CLE","rank":12,"rankOrd":"12th","gameWon":3,"gameLost":5,"stk":"L4","homeWin":2,"homeLoss":3,"awayWin":1,"awayLoss":2}
{"_id":{"$oid":"5cb552e5e0f627212ff3a989"},"stDate":"2017/11/2","teamAbbr":"CLE","rank":12,"rankOrd":"12th","gameWon":3,"gameLost":5,"stk":"L4","homeWin":2,"homeLoss":3,"awayWin":1,"awayLoss":2}
{"_id":{"$oid":"5cb552e5e0f627212ff3a998"},"stDate":"2017/11/3","teamAbbr":"CLE","rank":10,"rankOrd":"10th","gameWon":4,"gameLost":5,"stk":"W1","homeWin":2,"homeLoss":3,"awayWin":2,"awayLoss":2}
{"_id":{"$oid":"5cb552e5e0f627212ff3a9b5"},"stDate":"2017/11/4","teamAbbr":"CLE","rank":10,"rankOrd":"10th","gameWon":4,"gameLost":5,"stk":"W1","homeWin":2,"homeLoss":3,"awayWin":2,"awayLoss":2}
{"_id":{"$oid":"5cb552e5e0f627212ff3a9e6"},"stDate":"2017/11/5","teamAbbr":"CLE","rank":12,"rankOrd":"12th","gameWon":4,"gameLost":6,"stk":"L1","homeWin":2,"homeLoss":4,"awayWin":2,"awayLoss":2}
{"_id":{"$oid":"5cb552e5e0f627212ff3a9f2"},"stDate":"2017/11/6","teamAbbr":"CLE","rank":11,"rankOrd":"11th","gameWon":4,"gameLost":6,"stk":"L1","homeWin":2,"homeLoss":4,"awayWin":2,"awayLoss":2}
{"_id":{"$oid":"5cb552e5e0f627212ff3aa10"},"stDate":"2017/11/7","teamAbbr":"CLE","rank":8,"rankOrd":"8th","gameWon":5,"gameLost":6,"stk":"W1","homeWin":3,"homeLoss":4,"awayWin":2,"awayLoss":2}
{"_id":{"$oid":"5cb552e5e0f627212ff3aa32"},"stDate":"2017/11/8","teamAbbr":"CLE","rank":8,"rankOrd":"8th","gameWon":5,"gameLost":6,"stk":"W1","homeWin":3,"homeLoss":4,"awayWin":2,"awayLoss":2}
{"_id":{"$oid":"5cb552e5e0f627212ff3aa4d"},"stDate":"2017/11/9","teamAbbr":"CLE","rank":10,"rankOrd":"10th","gameWon":5,"gameLost":7,"stk":"L1","homeWin":3,"homeLoss":4,"awayWin":2,"awayLoss":3}
{"_id":{"$oid":"5cb552e5e0f627212ff3aa69"},"stDate":"2017/11/10","teamAbbr":"CLE","rank":11,"rankOrd":"11th","gameWon":5,"gameLost":7,"stk":"L1","homeWin":3,"homeLoss":4,"awayWin":2,"awayLoss":3}
{"_id":{"$oid":"5cb552e5e0f627212ff3aa88"},"stDate":"2017/11/11","teamAbbr":"CLE","rank":10,"rankOrd":"10th","gameWon":6,"gameLost":7,"stk":"W1","homeWin":3,"homeLoss":4,"awayWin":3,"awayLoss":3}
{"_id":{"$oid":"5cb552e5e0f627212ff3aaa6"},"stDate":"2017/11/12","teamAbbr":"CLE","rank":9,"rankOrd":"9th","gameWon":6,"gameLost":7,"stk":"W1","homeWin":3,"homeLoss":4,"awayWin":3,"awayLoss":3}
{"_id":{"$oid":"5cb552e5e0f627212ff3aac4"},"stDate":"2017/11/13","teamAbbr":"CLE","rank":9,"rankOrd":"9th","gameWon":7,"gameLost":7,"stk":"W2","homeWin":3,"homeLoss":4,"awayWin":4,"awayLoss":3}
{"_id":{"$oid":"5cb552e5e0f627212ff3aae3"},"stDate":"2017/11/14","teamAbbr":"CLE","rank":9,"rankOrd":"9th","gameWon":7,"gameLost":7,"stk":"W2","homeWin":3,"homeLoss":4,"awayWin":4,"awayLoss":3}
{"_id":{"$oid":"5cb552e5e0f627212ff3ab00"},"stDate":"2017/11/15","teamAbbr":"CLE","rank":8,"rankOrd":"8th","gameWon":8,"gameLost":7,"stk":"W3","homeWin":3,"homeLoss":4,"awayWin":5,"awayLoss":3}
{"_id":{"$oid":"5cb552e5e0f627212ff3ab1e"},"stDate":"2017/11/16","teamAbbr":"CLE","rank":8,"rankOrd":"8th","gameWon":8,"gameLost":7,"stk":"W3","homeWin":3,"homeLoss":4,"awayWin":5,"awayLoss":3}
{"_id":{"$oid":"5cb552e5e0f627212ff3ab3c"},"stDate":"2017/11/17","teamAbbr":"CLE","rank":5,"rankOrd":"5th","gameWon":9,"gameLost":7,"stk":"W4","homeWin":4,"homeLoss":4,"awayWin":5,"awayLoss":3}
{"_id":{"$oid":"5cb552e5e0f627212ff3ab5b"},"stDate":"2017/11/18","teamAbbr":"CLE","rank":5,"rankOrd":"5th","gameWon":9,"gameLost":7,"stk":"W4","homeWin":4,"homeLoss":4,"awayWin":5,"awayLoss":3}
{"_id":{"$oid":"5cb552e5e0f627212ff3ab7f"},"stDate":"2017/11/19","teamAbbr":"CLE","rank":4,"rankOrd":"4th","gameWon":9,"gameLost":7,"stk":"W4","homeWin":4,"homeLoss":4,"awayWin":5,"awayLoss":3}
{"_id":{"$oid":"5cb552e5e0f627212ff3ab97"},"stDate":"2017/11/20","teamAbbr":"CLE","rank":4,"rankOrd":"4th","gameWon":10,"gameLost":7,"stk":"W5","homeWin":4,"homeLoss":4,"awayWin":6,"awayLoss":3}
{"_id":{"$oid":"5cb552e5e0f627212ff3abb6"},"stDate":"2017/11/21","teamAbbr":"CLE","rank":4,"rankOrd":"4th","gameWon":10,"gameLost":7,"stk":"W5","homeWin":4,"homeLoss":4,"awayWin":6,"awayLoss":3}
{"_id":{"$oid":"5cb552e5e0f627212ff3abd2"},"stDate":"2017/11/22","teamAbbr":"CLE","rank":4,"rankOrd":"4th","gameWon":11,"gameLost":7,"stk":"W6","homeWin":5,"homeLoss":4,"awayWin":6,"awayLoss":3}
{"_id":{"$oid":"5cb552e5e0f627212ff3abf1"},"stDate":"2017/11/24","teamAbbr":"CLE","rank":3,"rankOrd":"3rd","gameWon":12,"gameLost":7,"stk":"W7","homeWin":6,"homeLoss":4,"awayWin":6,"awayLoss":3}
{"_id":{"$oid":"5cb552e5e0f627212ff3ac10"},"stDate":"2017/11/25","teamAbbr":"CLE","rank":3,"rankOrd":"3rd","gameWon":12,"gameLost":7,"stk":"W7","homeWin":6,"homeLoss":4,"awayWin":6,"awayLoss":3}
{"_id":{"$oid":"5cb552e5e0f627212ff3ac2e"},"stDate":"2017/11/26","teamAbbr":"CLE","rank":3,"rankOrd":"3rd","gameWon":12,"gameLost":7,"stk":"W7","homeWin":6,"homeLoss":4,"awayWin":6,"awayLoss":3}
{"_id":{"$oid":"5cb552e5e0f627212ff3ac4b"},"stDate":"2017/11/27","teamAbbr":"CLE","rank":3,"rankOrd":"3rd","gameWon":13,"gameLost":7,"stk":"W8","homeWin":6,"homeLoss":4,"awayWin":7,"awayLoss":3}
{"_id":{"$oid":"5cb552e5e0f627212ff3ac69"},"stDate":"2017/11/28","teamAbbr":"CLE","rank":2,"rankOrd":"2nd","gameWon":14,"gameLost":7,"stk":"W9","homeWin":7,"homeLoss":4,"awayWin":7,"awayLoss":3}
{"_id":{"$oid":"5cb552e5e0f627212ff3ac80"},"stDate":"2017/11/29","teamAbbr":"CLE","rank":3,"rankOrd":"3rd","gameWon":14,"gameLost":7,"stk":"W9","homeWin":7,"homeLoss":4,"awayWin":7,"awayLoss":3}
{"_id":{"$oid":"5cb552e5e0f627212ff3aca4"},"stDate":"2017/11/30","teamAbbr":"CLE","rank":2,"rankOrd":"2nd","gameWon":15,"gameLost":7,"stk":"W10","homeWin":7,"homeLoss":4,"awayWin":8,"awayLoss":3}
{"_id":{"$oid":"5cb552e5e0f627212ff3acc3"},"stDate":"2017/12/1","teamAbbr":"CLE","rank":2,"rankOrd":"2nd","gameWon":15,"gameLost":7,"stk":"W10","homeWin":7,"homeLoss":4,"awayWin":8,"awayLoss":3}
{"_id":{"$oid":"5cb552e5e0f627212ff3ace2"},"stDate":"2017/12/2","teamAbbr":"CLE","rank":2,"rankOrd":"2nd","gameWon":16,"gameLost":7,"stk":"W11","homeWin":8,"homeLoss":4,"awayWin":8,"awayLoss":3}
{"_id":{"$oid":"5cb552e5e0f627212ff3ad13"},"stDate":"2017/12/3","teamAbbr":"CLE","rank":2,"rankOrd":"2nd","gameWon":16,"gameLost":7,"stk":"W11","homeWin":8,"homeLoss":4,"awayWin":8,"awayLoss":3}
{"_id":{"$oid":"5cb552e5e0f627212ff3ad1b"},"stDate":"2017/12/4","teamAbbr":"CLE","rank":2,"rankOrd":"2nd","gameWon":17,"gameLost":7,"stk":"W12","homeWin":8,"homeLoss":4,"awayWin":9,"awayLoss":3}
{"_id":{"$oid":"5cb552e5e0f627212ff3ad34"},"stDate":"2017/12/5","teamAbbr":"CLE","rank":2,"rankOrd":"2nd","gameWon":17,"gameLost":7,"stk":"W12","homeWin":8,"homeLoss":4,"awayWin":9,"awayLoss":3}
{"_id":{"$oid":"5cb552e5e0f627212ff3ad59"},"stDate":"2017/12/6","teamAbbr":"CLE","rank":2,"rankOrd":"2nd","gameWon":18,"gameLost":7,"stk":"W13","homeWin":9,"homeLoss":4,"awayWin":9,"awayLoss":3}
{"_id":{"$oid":"5cb552e5e0f627212ff3ad77"},"stDate":"2017/12/7","teamAbbr":"CLE","rank":2,"rankOrd":"2nd","gameWon":18,"gameLost":7,"stk":"W13","homeWin":9,"homeLoss":4,"awayWin":9,"awayLoss":3}
{"_id":{"$oid":"5cb552e5e0f627212ff3ad95"},"stDate":"2017/12/8","teamAbbr":"CLE","rank":2,"rankOrd":"2nd","gameWon":18,"gameLost":8,"stk":"L1","homeWin":9,"homeLoss":4,"awayWin":9,"awayLoss":4}
{"_id":{"$oid":"5cb552e5e0f627212ff3adb4"},"stDate":"2017/12/9","teamAbbr":"CLE","rank":2,"rankOrd":"2nd","gameWon":19,"gameLost":8,"stk":"W1","homeWin":10,"homeLoss":4,"awayWin":9,"awayLoss":4}
{"_id":{"$oid":"5cb552e5e0f627212ff3add1"},"stDate":"2017/12/10","teamAbbr":"CLE","rank":2,"rankOrd":"2nd","gameWon":19,"gameLost":8,"stk":"W1","homeWin":10,"homeLoss":4,"awayWin":9,"awayLoss":4}
{"_id":{"$oid":"5cb552e5e0f627212ff3adf0"},"stDate":"2017/12/11","teamAbbr":"CLE","rank":2,"rankOrd":"2nd","gameWon":19,"gameLost":8,"stk":"W1","homeWin":10,"homeLoss":4,"awayWin":9,"awayLoss":4}
{"_id":{"$oid":"5cb552e5e0f627212ff3ae0d"},"stDate":"2017/12/12","teamAbbr":"CLE","rank":2,"rankOrd":"2nd","gameWon":20,"gameLost":8,"stk":"W2","homeWin":11,"homeLoss":4,"awayWin":9,"awayLoss":4}
{"_id":{"$oid":"5cb552e5e0f627212ff3ae2b"},"stDate":"2017/12/13","teamAbbr":"CLE","rank":2,"rankOrd":"2nd","gameWon":20,"gameLost":8,"stk":"W2","homeWin":11,"homeLoss":4,"awayWin":9,"awayLoss":4}
{"_id":{"$oid":"5cb552e5e0f627212ff3ae48"},"stDate":"2017/12/14","teamAbbr":"CLE","rank":2,"rankOrd":"2nd","gameWon":21,"gameLost":8,"stk":"W3","homeWin":12,"homeLoss":4,"awayWin":9,"awayLoss":4}
{"_id":{"$oid":"5cb552e5e0f627212ff3ae67"},"stDate":"2017/12/15","teamAbbr":"CLE","rank":2,"rankOrd":"2nd","gameWon":21,"gameLost":8,"stk":"W3","homeWin":12,"homeLoss":4,"awayWin":9,"awayLoss":4}
{"_id":{"$oid":"5cb552e5e0f627212ff3ae85"},"stDate":"2017/12/16","teamAbbr":"CLE","rank":2,"rankOrd":"2nd","gameWon":22,"gameLost":8,"stk":"W4","homeWin":13,"homeLoss":4,"awayWin":9,"awayLoss":4}
{"_id":{"$oid":"5cb552e5e0f627212ff3aea3"},"stDate":"2017/12/17","teamAbbr":"CLE","rank":2,"rankOrd":"2nd","gameWon":23,"gameLost":8,"stk":"W5","homeWin":13,"homeLoss":4,"awayWin":10,"awayLoss":4}
{"_id":{"$oid":"5cb552e5e0f627212ff3aebf"},"stDate":"2017/12/18","teamAbbr":"CLE","rank":2,"rankOrd":"2nd","gameWon":23,"gameLost":8,"stk":"W5","homeWin":13,"homeLoss":4,"awayWin":10,"awayLoss":4}
{"_id":{"$oid":"5cb552e5e0f627212ff3aedf"},"stDate":"2017/12/19","teamAbbr":"CLE","rank":2,"rankOrd":"2nd","gameWon":23,"gameLost":9,"stk":"L1","homeWin":13,"homeLoss":4,"awayWin":10,"awayLoss":5}
{"_id":{"$oid":"5cb552e5e0f627212ff3aefd"},"stDate":"2017/12/20","teamAbbr":"CLE","rank":2,"rankOrd":"2nd","gameWon":23,"gameLost":9,"stk":"L1","homeWin":13,"homeLoss":4,"awayWin":10,"awayLoss":5}
{"_id":{"$oid":"5cb552e5e0f627212ff3af1b"},"stDate":"2017/12/21","teamAbbr":"CLE","rank":2,"rankOrd":"2nd","gameWon":24,"gameLost":9,"stk":"W1","homeWin":14,"homeLoss":4,"awayWin":10,"awayLoss":5}
{"_id":{"$oid":"5cb552e5e0f627212ff3af38"},"stDate":"2017/12/22","teamAbbr":"CLE","rank":2,"rankOrd":"2nd","gameWon":24,"gameLost":9,"stk":"W1","homeWin":14,"homeLoss":4,"awayWin":10,"awayLoss":5}
{"_id":{"$oid":"5cb552e5e0f627212ff3af57"},"stDate":"2017/12/23","teamAbbr":"CLE","rank":2,"rankOrd":"2nd","gameWon":24,"gameLost":9,"stk":"W1","homeWin":14,"homeLoss":4,"awayWin":10,"awayLoss":5}
{"_id":{"$oid":"5cb552e5e0f627212ff3af76"},"stDate":"2017/12/25","teamAbbr":"CLE","rank":3,"rankOrd":"3rd","gameWon":24,"gameLost":10,"stk":"L1","homeWin":14,"homeLoss":4,"awayWin":10,"awayLoss":6}
{"_id":{"$oid":"5cb552e5e0f627212ff3af93"},"stDate":"2017/12/26","teamAbbr":"CLE","rank":2,"rankOrd":"2nd","gameWon":24,"gameLost":10,"stk":"L1","homeWin":14,"homeLoss":4,"awayWin":10,"awayLoss":6}
{"_id":{"$oid":"5cb552e5e0f627212ff3afb2"},"stDate":"2017/12/27","teamAbbr":"CLE","rank":2,"rankOrd":"2nd","gameWon":24,"gameLost":11,"stk":"L2","homeWin":14,"homeLoss":4,"awayWin":10,"awayLoss":7}
{"_id":{"$oid":"5cb552e5e0f627212ff3afd0"},"stDate":"2017/12/28","teamAbbr":"CLE","rank":2,"rankOrd":"2nd","gameWon":24,"gameLost":11,"stk":"L2","homeWin":14,"homeLoss":4,"awayWin":10,"awayLoss":7}
{"_id":{"$oid":"5cb552e5e0f627212ff3afe7"},"stDate":"2017/12/29","teamAbbr":"CLE","rank":3,"rankOrd":"3rd","gameWon":24,"gameLost":11,"stk":"L2","homeWin":14,"homeLoss":4,"awayWin":10,"awayLoss":7}
{"_id":{"$oid":"5cb552e5e0f627212ff3b006"},"stDate":"2017/12/30","teamAbbr":"CLE","rank":3,"rankOrd":"3rd","gameWon":24,"gameLost":12,"stk":"L3","homeWin":14,"homeLoss":4,"awayWin":10,"awayLoss":8}
{"_id":{"$oid":"5cb552e5e0f627212ff3b02a"},"stDate":"2017/12/31","teamAbbr":"CLE","rank":3,"rankOrd":"3rd","gameWon":24,"gameLost":12,"stk":"L3","homeWin":14,"homeLoss":4,"awayWin":10,"awayLoss":8}
{"_id":{"$oid":"5cb552e5e0f627212ff3b048"},"stDate":"2018/1/1","teamAbbr":"CLE","rank":3,"rankOrd":"3rd","gameWon":24,"gameLost":12,"stk":"L3","homeWin":14,"homeLoss":4,"awayWin":10,"awayLoss":8}
{"_id":{"$oid":"5cb552e5e0f627212ff3b05f"},"stDate":"2018/1/2","teamAbbr":"CLE","rank":3,"rankOrd":"3rd","gameWon":25,"gameLost":12,"stk":"W1","homeWin":15,"homeLoss":4,"awayWin":10,"awayLoss":8}
{"_id":{"$oid":"5cb552e5e0f627212ff3b084"},"stDate":"2018/1/3","teamAbbr":"CLE","rank":3,"rankOrd":"3rd","gameWon":25,"gameLost":13,"stk":"L1","homeWin":15,"homeLoss":4,"awayWin":10,"awayLoss":9}
{"_id":{"$oid":"5cb552e5e0f627212ff3b0a2"},"stDate":"2018/1/4","teamAbbr":"CLE","rank":3,"rankOrd":"3rd","gameWon":25,"gameLost":13,"stk":"L1","homeWin":15,"homeLoss":4,"awayWin":10,"awayLoss":9}
{"_id":{"$oid":"5cb552e5e0f627212ff3b0b9"},"stDate":"2018/1/5","teamAbbr":"CLE","rank":3,"rankOrd":"3rd","gameWon":25,"gameLost":13,"stk":"L1","homeWin":15,"homeLoss":4,"awayWin":10,"awayLoss":9}
{"_id":{"$oid":"5cb552e5e0f627212ff3b0de"},"stDate":"2018/1/6","teamAbbr":"CLE","rank":3,"rankOrd":"3rd","gameWon":26,"gameLost":13,"stk":"W1","homeWin":15,"homeLoss":4,"awayWin":11,"awayLoss":9}
{"_id":{"$oid":"5cb552e5e0f627212ff3b0fc"},"stDate":"2018/1/7","teamAbbr":"CLE","rank":3,"rankOrd":"3rd","gameWon":26,"gameLost":13,"stk":"W1","homeWin":15,"homeLoss":4,"awayWin":11,"awayLoss":9}
{"_id":{"$oid":"5cb552e5e0f627212ff3b11a"},"stDate":"2018/1/8","teamAbbr":"CLE","rank":3,"rankOrd":"3rd","gameWon":26,"gameLost":14,"stk":"L1","homeWin":15,"homeLoss":4,"awayWin":11,"awayLoss":10}
{"_id":{"$oid":"5cb552e5e0f627212ff3b131"},"stDate":"2018/1/9","teamAbbr":"CLE","rank":3,"rankOrd":"3rd","gameWon":26,"gameLost":14,"stk":"L1","homeWin":15,"homeLoss":4,"awayWin":11,"awayLoss":10}
{"_id":{"$oid":"5cb552e5e0f627212ff3b156"},"stDate":"2018/1/10","teamAbbr":"CLE","rank":3,"rankOrd":"3rd","gameWon":26,"gameLost":14,"stk":"L1","homeWin":15,"homeLoss":4,"awayWin":11,"awayLoss":10}
{"_id":{"$oid":"5cb552e5e0f627212ff3b174"},"stDate":"2018/1/11","teamAbbr":"CLE","rank":3,"rankOrd":"3rd","gameWon":26,"gameLost":15,"stk":"L2","homeWin":15,"homeLoss":4,"awayWin":11,"awayLoss":11}
{"_id":{"$oid":"5cb552e5e0f627212ff3b1a7"},"stDate":"2018/1/12","teamAbbr":"CLE","rank":3,"rankOrd":"3rd","gameWon":26,"gameLost":16,"stk":"L3","homeWin":15,"homeLoss":4,"awayWin":11,"awayLoss":12}
{"_id":{"$oid":"5cb552e5e0f627212ff3b1b8"},"stDate":"2018/1/13","teamAbbr":"CLE","rank":3,"rankOrd":"3rd","gameWon":26,"gameLost":16,"stk":"L3","homeWin":15,"homeLoss":4,"awayWin":11,"awayLoss":12}
{"_id":{"$oid":"5cb552e5e0f627212ff3b1ce"},"stDate":"2018/1/14","teamAbbr":"CLE","rank":3,"rankOrd":"3rd","gameWon":26,"gameLost":16,"stk":"L3","homeWin":15,"homeLoss":4,"awayWin":11,"awayLoss":12}
{"_id":{"$oid":"5cb552e5e0f627212ff3b1e9"},"stDate":"2018/1/15","teamAbbr":"CLE","rank":3,"rankOrd":"3rd","gameWon":26,"gameLost":17,"stk":"L4","homeWin":15,"homeLoss":5,"awayWin":11,"awayLoss":12}
{"_id":{"$oid":"5cb552e5e0f627212ff3b20a"},"stDate":"2018/1/16","teamAbbr":"CLE","rank":3,"rankOrd":"3rd","gameWon":26,"gameLost":17,"stk":"L4","homeWin":15,"homeLoss":5,"awayWin":11,"awayLoss":12}
{"_id":{"$oid":"5cb552e5e0f627212ff3b228"},"stDate":"2018/1/17","teamAbbr":"CLE","rank":3,"rankOrd":"3rd","gameWon":26,"gameLost":17,"stk":"L4","homeWin":15,"homeLoss":5,"awayWin":11,"awayLoss":12}
{"_id":{"$oid":"5cb552e5e0f627212ff3b246"},"stDate":"2018/1/18","teamAbbr":"CLE","rank":3,"rankOrd":"3rd","gameWon":27,"gameLost":17,"stk":"W1","homeWin":16,"homeLoss":5,"awayWin":11,"awayLoss":12}
{"_id":{"$oid":"5cb552e5e0f627212ff3b264"},"stDate":"2018/1/19","teamAbbr":"CLE","rank":3,"rankOrd":"3rd","gameWon":27,"gameLost":17,"stk":"W1","homeWin":16,"homeLoss":5,"awayWin":11,"awayLoss":12}
{"_id":{"$oid":"5cb552e5e0f627212ff3b282"},"stDate":"2018/1/20","teamAbbr":"CLE","rank":3,"rankOrd":"3rd","gameWon":27,"gameLost":18,"stk":"L1","homeWin":16,"homeLoss":6,"awayWin":11,"awayLoss":12}
{"_id":{"$oid":"5cb552e5e0f627212ff3b29f"},"stDate":"2018/1/21","teamAbbr":"CLE","rank":3,"rankOrd":"3rd","gameWon":27,"gameLost":18,"stk":"L1","homeWin":16,"homeLoss":6,"awayWin":11,"awayLoss":12}
{"_id":{"$oid":"5cb552e5e0f627212ff3b2be"},"stDate":"2018/1/22","teamAbbr":"CLE","rank":3,"rankOrd":"3rd","gameWon":27,"gameLost":18,"stk":"L1","homeWin":16,"homeLoss":6,"awayWin":11,"awayLoss":12}
{"_id":{"$oid":"5cb552e5e0f627212ff3b2db"},"stDate":"2018/1/23","teamAbbr":"CLE","rank":3,"rankOrd":"3rd","gameWon":27,"gameLost":19,"stk":"L2","homeWin":16,"homeLoss":6,"awayWin":11,"awayLoss":13}
{"_id":{"$oid":"5cb552e5e0f627212ff3b2fb"},"stDate":"2018/1/24","teamAbbr":"CLE","rank":3,"rankOrd":"3rd","gameWon":27,"gameLost":19,"stk":"L2","homeWin":16,"homeLoss":6,"awayWin":11,"awayLoss":13}
{"_id":{"$oid":"5cb552e5e0f627212ff3b318"},"stDate":"2018/1/25","teamAbbr":"CLE","rank":3,"rankOrd":"3rd","gameWon":27,"gameLost":19,"stk":"L2","homeWin":16,"homeLoss":6,"awayWin":11,"awayLoss":13}
{"_id":{"$oid":"5cb552e5e0f627212ff3b336"},"stDate":"2018/1/26","teamAbbr":"CLE","rank":3,"rankOrd":"3rd","gameWon":28,"gameLost":19,"stk":"W1","homeWin":17,"homeLoss":6,"awayWin":11,"awayLoss":13}
{"_id":{"$oid":"5cb552e5e0f627212ff3b355"},"stDate":"2018/1/27","teamAbbr":"CLE","rank":3,"rankOrd":"3rd","gameWon":28,"gameLost":19,"stk":"W1","homeWin":17,"homeLoss":6,"awayWin":11,"awayLoss":13}
{"_id":{"$oid":"5cb552e5e0f627212ff3b372"},"stDate":"2018/1/28","teamAbbr":"CLE","rank":3,"rankOrd":"3rd","gameWon":29,"gameLost":19,"stk":"W2","homeWin":18,"homeLoss":6,"awayWin":11,"awayLoss":13}
{"_id":{"$oid":"5cb552e5e0f627212ff3b391"},"stDate":"2018/1/29","teamAbbr":"CLE","rank":3,"rankOrd":"3rd","gameWon":29,"gameLost":19,"stk":"W2","homeWin":18,"homeLoss":6,"awayWin":11,"awayLoss":13}
{"_id":{"$oid":"5cb552e5e0f627212ff3b3af"},"stDate":"2018/1/30","teamAbbr":"CLE","rank":3,"rankOrd":"3rd","gameWon":29,"gameLost":20,"stk":"L1","homeWin":18,"homeLoss":6,"awayWin":11,"awayLoss":14}
{"_id":{"$oid":"5cb552e5e0f627212ff3b3cc"},"stDate":"2018/1/31","teamAbbr":"CLE","rank":3,"rankOrd":"3rd","gameWon":30,"gameLost":20,"stk":"W1","homeWin":19,"homeLoss":6,"awayWin":11,"awayLoss":14}
{"_id":{"$oid":"5cb552e5e0f627212ff3b3e9"},"stDate":"2018/2/1","teamAbbr":"CLE","rank":3,"rankOrd":"3rd","gameWon":30,"gameLost":20,"stk":"W1","homeWin":19,"homeLoss":6,"awayWin":11,"awayLoss":14}
{"_id":{"$oid":"5cb552e5e0f627212ff3b408"},"stDate":"2018/2/2","teamAbbr":"CLE","rank":3,"rankOrd":"3rd","gameWon":30,"gameLost":20,"stk":"W1","homeWin":19,"homeLoss":6,"awayWin":11,"awayLoss":14}
{"_id":{"$oid":"5cb552e5e0f627212ff3b427"},"stDate":"2018/2/3","teamAbbr":"CLE","rank":3,"rankOrd":"3rd","gameWon":30,"gameLost":21,"stk":"L1","homeWin":19,"homeLoss":7,"awayWin":11,"awayLoss":14}
{"_id":{"$oid":"5cb552e5e0f627212ff3b43e"},"stDate":"2018/2/4","teamAbbr":"CLE","rank":3,"rankOrd":"3rd","gameWon":30,"gameLost":21,"stk":"L1","homeWin":19,"homeLoss":7,"awayWin":11,"awayLoss":14}
{"_id":{"$oid":"5cb552e5e0f627212ff3b462"},"stDate":"2018/2/5","teamAbbr":"CLE","rank":3,"rankOrd":"3rd","gameWon":30,"gameLost":21,"stk":"L1","homeWin":19,"homeLoss":7,"awayWin":11,"awayLoss":14}
{"_id":{"$oid":"5cb552e5e0f627212ff3b481"},"stDate":"2018/2/6","teamAbbr":"CLE","rank":3,"rankOrd":"3rd","gameWon":30,"gameLost":22,"stk":"L2","homeWin":19,"homeLoss":7,"awayWin":11,"awayLoss":15}
{"_id":{"$oid":"5cb552e5e0f627212ff3b49f"},"stDate":"2018/2/7","teamAbbr":"CLE","rank":3,"rankOrd":"3rd","gameWon":31,"gameLost":22,"stk":"W1","homeWin":20,"homeLoss":7,"awayWin":11,"awayLoss":15}
{"_id":{"$oid":"5cb552e5e0f627212ff3b4bd"},"stDate":"2018/2/8","teamAbbr":"CLE","rank":3,"rankOrd":"3rd","gameWon":31,"gameLost":22,"stk":"W1","homeWin":20,"homeLoss":7,"awayWin":11,"awayLoss":15}
{"_id":{"$oid":"5cb552e5e0f627212ff3b4db"},"stDate":"2018/2/9","teamAbbr":"CLE","rank":3,"rankOrd":"3rd","gameWon":32,"gameLost":22,"stk":"W2","homeWin":20,"homeLoss":7,"awayWin":12,"awayLoss":15}
{"_id":{"$oid":"5cb552e5e0f627212ff3b4f9"},"stDate":"2018/2/10","teamAbbr":"CLE","rank":3,"rankOrd":"3rd","gameWon":32,"gameLost":22,"stk":"W2","homeWin":20,"homeLoss":7,"awayWin":12,"awayLoss":15}
{"_id":{"$oid":"5cb552e5e0f627212ff3b517"},"stDate":"2018/2/11","teamAbbr":"CLE","rank":3,"rankOrd":"3rd","gameWon":33,"gameLost":22,"stk":"W3","homeWin":20,"homeLoss":7,"awayWin":13,"awayLoss":15}
{"_id":{"$oid":"5cb552e5e0f627212ff3b534"},"stDate":"2018/2/12","teamAbbr":"CLE","rank":3,"rankOrd":"3rd","gameWon":33,"gameLost":22,"stk":"W3","homeWin":20,"homeLoss":7,"awayWin":13,"awayLoss":15}
{"_id":{"$oid":"5cb552e5e0f627212ff3b550"},"stDate":"2018/2/13","teamAbbr":"CLE","rank":3,"rankOrd":"3rd","gameWon":34,"gameLost":22,"stk":"W4","homeWin":20,"homeLoss":7,"awayWin":14,"awayLoss":15}
{"_id":{"$oid":"5cb552e5e0f627212ff3b571"},"stDate":"2018/2/14","teamAbbr":"CLE","rank":3,"rankOrd":"3rd","gameWon":34,"gameLost":22,"stk":"W4","homeWin":20,"homeLoss":7,"awayWin":14,"awayLoss":15}
{"_id":{"$oid":"5cb552e5e0f627212ff3b58f"},"stDate":"2018/2/15","teamAbbr":"CLE","rank":3,"rankOrd":"3rd","gameWon":34,"gameLost":22,"stk":"W4","homeWin":20,"homeLoss":7,"awayWin":14,"awayLoss":15}
{"_id":{"$oid":"5cb552e5e0f627212ff3b5ac"},"stDate":"2018/2/22","teamAbbr":"CLE","rank":3,"rankOrd":"3rd","gameWon":34,"gameLost":23,"stk":"L1","homeWin":20,"homeLoss":8,"awayWin":14,"awayLoss":15}
{"_id":{"$oid":"5cb552e5e0f627212ff3b5cb"},"stDate":"2018/2/23","teamAbbr":"CLE","rank":3,"rankOrd":"3rd","gameWon":35,"gameLost":23,"stk":"W1","homeWin":20,"homeLoss":8,"awayWin":15,"awayLoss":15}
{"_id":{"$oid":"5cb552e5e0f627212ff3b5e9"},"stDate":"2018/2/24","teamAbbr":"CLE","rank":3,"rankOrd":"3rd","gameWon":35,"gameLost":23,"stk":"W1","homeWin":20,"homeLoss":8,"awayWin":15,"awayLoss":15}
{"_id":{"$oid":"5cb552e5e0f627212ff3b608"},"stDate":"2018/2/25","teamAbbr":"CLE","rank":3,"rankOrd":"3rd","gameWon":35,"gameLost":24,"stk":"L1","homeWin":20,"homeLoss":9,"awayWin":15,"awayLoss":15}
{"_id":{"$oid":"5cb552e5e0f627212ff3b625"},"stDate":"2018/2/26","teamAbbr":"CLE","rank":3,"rankOrd":"3rd","gameWon":35,"gameLost":24,"stk":"L1","homeWin":20,"homeLoss":9,"awayWin":15,"awayLoss":15}
{"_id":{"$oid":"5cb552e5e0f627212ff3b641"},"stDate":"2018/2/27","teamAbbr":"CLE","rank":3,"rankOrd":"3rd","gameWon":36,"gameLost":24,"stk":"W1","homeWin":21,"homeLoss":9,"awayWin":15,"awayLoss":15}
{"_id":{"$oid":"5cb552e5e0f627212ff3b661"},"stDate":"2018/2/28","teamAbbr":"CLE","rank":3,"rankOrd":"3rd","gameWon":36,"gameLost":24,"stk":"W1","homeWin":21,"homeLoss":9,"awayWin":15,"awayLoss":15}
{"_id":{"$oid":"5cb552e5e0f627212ff3b67f"},"stDate":"2018/3/1","teamAbbr":"CLE","rank":3,"rankOrd":"3rd","gameWon":36,"gameLost":25,"stk":"L1","homeWin":21,"homeLoss":10,"awayWin":15,"awayLoss":15}
{"_id":{"$oid":"5cb552e5e0f627212ff3b69e"},"stDate":"2018/3/2","teamAbbr":"CLE","rank":3,"rankOrd":"3rd","gameWon":36,"gameLost":25,"stk":"L1","homeWin":21,"homeLoss":10,"awayWin":15,"awayLoss":15}
{"_id":{"$oid":"5cb552e5e0f627212ff3b6bb"},"stDate":"2018/3/3","teamAbbr":"CLE","rank":3,"rankOrd":"3rd","gameWon":36,"gameLost":26,"stk":"L2","homeWin":21,"homeLoss":11,"awayWin":15,"awayLoss":15}
{"_id":{"$oid":"5cb552e5e0f627212ff3b6d8"},"stDate":"2018/3/4","teamAbbr":"CLE","rank":3,"rankOrd":"3rd","gameWon":36,"gameLost":26,"stk":"L2","homeWin":21,"homeLoss":11,"awayWin":15,"awayLoss":15}
{"_id":{"$oid":"5cb552e5e0f627212ff3b6f0"},"stDate":"2018/3/5","teamAbbr":"CLE","rank":3,"rankOrd":"3rd","gameWon":37,"gameLost":26,"stk":"W1","homeWin":22,"homeLoss":11,"awayWin":15,"awayLoss":15}
{"_id":{"$oid":"5cb552e5e0f627212ff3b710"},"stDate":"2018/3/6","teamAbbr":"CLE","rank":3,"rankOrd":"3rd","gameWon":37,"gameLost":26,"stk":"W1","homeWin":22,"homeLoss":11,"awayWin":15,"awayLoss":15}
{"_id":{"$oid":"5cb552e5e0f627212ff3b733"},"stDate":"2018/3/7","teamAbbr":"CLE","rank":3,"rankOrd":"3rd","gameWon":38,"gameLost":26,"stk":"W2","homeWin":22,"homeLoss":11,"awayWin":16,"awayLoss":15}
{"_id":{"$oid":"5cb552e5e0f627212ff3b752"},"stDate":"2018/3/8","teamAbbr":"CLE","rank":3,"rankOrd":"3rd","gameWon":38,"gameLost":26,"stk":"W2","homeWin":22,"homeLoss":11,"awayWin":16,"awayLoss":15}
{"_id":{"$oid":"5cb552e5e0f627212ff3b76f"},"stDate":"2018/3/9","teamAbbr":"CLE","rank":3,"rankOrd":"3rd","gameWon":38,"gameLost":27,"stk":"L1","homeWin":22,"homeLoss":11,"awayWin":16,"awayLoss":16}
{"_id":{"$oid":"5cb552e5e0f627212ff3b78e"},"stDate":"2018/3/10","teamAbbr":"CLE","rank":3,"rankOrd":"3rd","gameWon":38,"gameLost":27,"stk":"L1","homeWin":22,"homeLoss":11,"awayWin":16,"awayLoss":16}
{"_id":{"$oid":"5cb552e5e0f627212ff3b7ac"},"stDate":"2018/3/11","teamAbbr":"CLE","rank":4,"rankOrd":"4th","gameWon":38,"gameLost":28,"stk":"L2","homeWin":22,"homeLoss":11,"awayWin":16,"awayLoss":17}
{"_id":{"$oid":"5cb552e5e0f627212ff3b7ca"},"stDate":"2018/3/12","teamAbbr":"CLE","rank":4,"rankOrd":"4th","gameWon":38,"gameLost":28,"stk":"L2","homeWin":22,"homeLoss":11,"awayWin":16,"awayLoss":17}
{"_id":{"$oid":"5cb552e5e0f627212ff3b7e8"},"stDate":"2018/3/13","teamAbbr":"CLE","rank":4,"rankOrd":"4th","gameWon":39,"gameLost":28,"stk":"W1","homeWin":22,"homeLoss":11,"awayWin":17,"awayLoss":17}
{"_id":{"$oid":"5cb552e5e0f627212ff3b806"},"stDate":"2018/3/14","teamAbbr":"CLE","rank":4,"rankOrd":"4th","gameWon":39,"gameLost":28,"stk":"W1","homeWin":22,"homeLoss":11,"awayWin":17,"awayLoss":17}
{"_id":{"$oid":"5cb552e5e0f627212ff3b824"},"stDate":"2018/3/15","teamAbbr":"CLE","rank":4,"rankOrd":"4th","gameWon":39,"gameLost":29,"stk":"L1","homeWin":22,"homeLoss":11,"awayWin":17,"awayLoss":18}
{"_id":{"$oid":"5cb552e5e0f627212ff3b842"},"stDate":"2018/3/16","teamAbbr":"CLE","rank":4,"rankOrd":"4th","gameWon":39,"gameLost":29,"stk":"L1","homeWin":22,"homeLoss":11,"awayWin":17,"awayLoss":18}
{"_id":{"$oid":"5cb552e5e0f627212ff3b860"},"stDate":"2018/3/17","teamAbbr":"CLE","rank":3,"rankOrd":"3rd","gameWon":40,"gameLost":29,"stk":"W1","homeWin":22,"homeLoss":11,"awayWin":18,"awayLoss":18}
{"_id":{"$oid":"5cb552e5e0f627212ff3b87e"},"stDate":"2018/3/18","teamAbbr":"CLE","rank":3,"rankOrd":"3rd","gameWon":40,"gameLost":29,"stk":"W1","homeWin":22,"homeLoss":11,"awayWin":18,"awayLoss":18}
{"_id":{"$oid":"5cb552e5e0f627212ff3b89c"},"stDate":"2018/3/19","teamAbbr":"CLE","rank":3,"rankOrd":"3rd","gameWon":41,"gameLost":29,"stk":"W2","homeWin":23,"homeLoss":11,"awayWin":18,"awayLoss":18}
{"_id":{"$oid":"5cb552e5e0f627212ff3b8bc"},"stDate":"2018/3/20","teamAbbr":"CLE","rank":3,"rankOrd":"3rd","gameWon":41,"gameLost":29,"stk":"W2","homeWin":23,"homeLoss":11,"awayWin":18,"awayLoss":18}
{"_id":{"$oid":"5cb552e5e0f627212ff3b8d8"},"stDate":"2018/3/21","teamAbbr":"CLE","rank":3,"rankOrd":"3rd","gameWon":42,"gameLost":29,"stk":"W3","homeWin":24,"homeLoss":11,"awayWin":18,"awayLoss":18}
{"_id":{"$oid":"5cb552e5e0f627212ff3b8f6"},"stDate":"2018/3/22","teamAbbr":"CLE","rank":3,"rankOrd":"3rd","gameWon":42,"gameLost":29,"stk":"W3","homeWin":24,"homeLoss":11,"awayWin":18,"awayLoss":18}
{"_id":{"$oid":"5cb552e5e0f627212ff3b913"},"stDate":"2018/3/23","teamAbbr":"CLE","rank":3,"rankOrd":"3rd","gameWon":43,"gameLost":29,"stk":"W4","homeWin":25,"homeLoss":11,"awayWin":18,"awayLoss":18}
{"_id":{"$oid":"5cb552e5e0f627212ff3b92d"},"stDate":"2018/3/24","teamAbbr":"CLE","rank":3,"rankOrd":"3rd","gameWon":43,"gameLost":29,"stk":"W4","homeWin":25,"homeLoss":11,"awayWin":18,"awayLoss":18}
{"_id":{"$oid":"5cb552e5e0f627212ff3b951"},"stDate":"2018/3/25","teamAbbr":"CLE","rank":3,"rankOrd":"3rd","gameWon":44,"gameLost":29,"stk":"W5","homeWin":25,"homeLoss":11,"awayWin":19,"awayLoss":18}
{"_id":{"$oid":"5cb552e5e0f627212ff3b96f"},"stDate":"2018/3/26","teamAbbr":"CLE","rank":3,"rankOrd":"3rd","gameWon":44,"gameLost":29,"stk":"W5","homeWin":25,"homeLoss":11,"awayWin":19,"awayLoss":18}
{"_id":{"$oid":"5cb552e5e0f627212ff3b98c"},"stDate":"2018/3/27","teamAbbr":"CLE","rank":3,"rankOrd":"3rd","gameWon":44,"gameLost":30,"stk":"L1","homeWin":25,"homeLoss":11,"awayWin":19,"awayLoss":19}
{"_id":{"$oid":"5cb552e5e0f627212ff3b9a9"},"stDate":"2018/3/28","teamAbbr":"CLE","rank":3,"rankOrd":"3rd","gameWon":45,"gameLost":30,"stk":"W1","homeWin":25,"homeLoss":11,"awayWin":20,"awayLoss":19}
{"_id":{"$oid":"5cb552e5e0f627212ff3b9c8"},"stDate":"2018/3/29","teamAbbr":"CLE","rank":3,"rankOrd":"3rd","gameWon":45,"gameLost":30,"stk":"W1","homeWin":25,"homeLoss":11,"awayWin":20,"awayLoss":19}
{"_id":{"$oid":"5cb552e5e0f627212ff3b9e5"},"stDate":"2018/3/30","teamAbbr":"CLE","rank":3,"rankOrd":"3rd","gameWon":46,"gameLost":30,"stk":"W2","homeWin":26,"homeLoss":11,"awayWin":20,"awayLoss":19}
{"_id":{"$oid":"5cb552e5e0f627212ff3ba04"},"stDate":"2018/3/31","teamAbbr":"CLE","rank":3,"rankOrd":"3rd","gameWon":46,"gameLost":30,"stk":"W2","homeWin":26,"homeLoss":11,"awayWin":20,"awayLoss":19}
{"_id":{"$oid":"5cb552e5e0f627212ff3ba23"},"stDate":"2018/4/1","teamAbbr":"CLE","rank":3,"rankOrd":"3rd","gameWon":47,"gameLost":30,"stk":"W3","homeWin":27,"homeLoss":11,"awayWin":20,"awayLoss":19}
{"_id":{"$oid":"5cb552e5e0f627212ff3ba42"},"stDate":"2018/4/3","teamAbbr":"CLE","rank":3,"rankOrd":"3rd","gameWon":48,"gameLost":30,"stk":"W4","homeWin":28,"homeLoss":11,"awayWin":20,"awayLoss":19}
{"_id":{"$oid":"5cb552e5e0f627212ff3ba5e"},"stDate":"2018/4/4","teamAbbr":"CLE","rank":3,"rankOrd":"3rd","gameWon":48,"gameLost":30,"stk":"W4","homeWin":28,"homeLoss":11,"awayWin":20,"awayLoss":19}
{"_id":{"$oid":"5cb552e5e0f627212ff3ba7c"},"stDate":"2018/4/5","teamAbbr":"CLE","rank":3,"rankOrd":"3rd","gameWon":49,"gameLost":30,"stk":"W5","homeWin":29,"homeLoss":11,"awayWin":20,"awayLoss":19}
{"_id":{"$oid":"5cb552e5e0f627212ff3ba9a"},"stDate":"2018/4/6","teamAbbr":"CLE","rank":4,"rankOrd":"4th","gameWon":49,"gameLost":31,"stk":"L1","homeWin":29,"homeLoss":11,"awayWin":20,"awayLoss":20}
{"_id":{"$oid":"5cb552e5e0f627212ff3bab8"},"stDate":"2018/4/7","teamAbbr":"CLE","rank":4,"rankOrd":"4th","gameWon":49,"gameLost":31,"stk":"L1","homeWin":29,"homeLoss":11,"awayWin":20,"awayLoss":20}
{"_id":{"$oid":"5cb552e5e0f627212ff3bad6"},"stDate":"2018/4/8","teamAbbr":"CLE","rank":4,"rankOrd":"4th","gameWon":49,"gameLost":31,"stk":"L1","homeWin":29,"homeLoss":11,"awayWin":20,"awayLoss":20}
{"_id":{"$oid":"5cb552e5e0f627212ff3baf4"},"stDate":"2018/4/9","teamAbbr":"CLE","rank":4,"rankOrd":"4th","gameWon":50,"gameLost":31,"stk":"W1","homeWin":29,"homeLoss":11,"awayWin":21,"awayLoss":20}
{"_id":{"$oid":"5cb552e5e0f627212ff3bb12"},"stDate":"2018/4/10","teamAbbr":"CLE","rank":4,"rankOrd":"4th","gameWon":50,"gameLost":31,"stk":"W1","homeWin":29,"homeLoss":11,"awayWin":21,"awayLoss":20}
{"_id":{"$oid":"5cb552e5e0f627212ff3bb31"},"stDate":"2018/4/11","teamAbbr":"CLE","rank":4,"rankOrd":"4th","gameWon":50,"gameLost":32,"stk":"L1","homeWin":29,"homeLoss":12,"awayWin":21,"awayLoss":20}
