{"_id":{"$oid":"5cb552f6e0f627212ff3bb57"},"gmDate":"2017/10/18","offLNm3":"Mauer","offFNm3":"Ken","teamAbbr":"DAL","teamConf":"West","teamLoc":"Home","teamRslt":"Loss","teamPTS":111,"teamAST":27,"teamTO":16,"teamSTL":5,"teamBLK":4,"teamPF":19,"teamFGA":86,"teamFGM":38,"team2PA":41,"team2PM":21,"team3PA":45,"team3PM":17,"teamFTA":21,"teamFTM":18,"teamORB":9,"teamDRB":32,"teamPTS1":24,"teamPTS2":23,"teamPTS3":35,"teamPTS4":29,"teamPTS5":0,"teamPTS6":0,"teamPTS7":0,"teamPTS8":0,"opptAbbr":"ATL","opptConf":"East","opptLoc":"Away","opptRslt":"Win","opptPTS":117,"opptAST":20,"opptTO":13,"opptSTL":11,"opptBLK":6,"opptPF":18,"opptFGA":94,"opptFGM":48,"oppt2PA":76,"oppt2PM":39,"oppt3PA":18,"oppt3PM":9,"opptFTA":15,"opptFTM":12,"opptORB":14,"opptDRB":36,"opptPTS1":27,"opptPTS2":31,"opptPTS3":24,"opptPTS4":35,"opptPTS5":0,"opptPTS6":0,"opptPTS7":0,"opptPTS8":0}
{"_id":{"$oid":"5cb552f6e0f627212ff3bb65"},"gmDate":"2017/10/20","offLNm3":"Kennedy","offFNm3":"Bill","teamAbbr":"DAL","teamConf":"West","teamLoc":"Home","teamRslt":"Loss","teamPTS":88,"teamAST":19,"teamTO":12,"teamSTL":8,"teamBLK":7,"teamPF":13,"teamFGA":75,"teamFGM":31,"team2PA":42,"team2PM":20,"team3PA":33,"team3PM":11,"teamFTA":21,"teamFTM":15,"teamORB":7,"teamDRB":29,"teamPTS1":23,"teamPTS2":23,"teamPTS3":14,"teamPTS4":28,"teamPTS5":0,"teamPTS6":0,"teamPTS7":0,"teamPTS8":0,"opptAbbr":"SAC","opptConf":"West","opptLoc":"Away","opptRslt":"Win","opptPTS":93,"opptAST":20,"opptTO":15,"opptSTL":8,"opptBLK":3,"opptPF":18,"opptFGA":87,"opptFGM":37,"oppt2PA":64,"oppt2PM":27,"oppt3PA":23,"oppt3PM":10,"opptFTA":13,"opptFTM":9,"opptORB":16,"opptDRB":41,"opptPTS1":19,"opptPTS2":27,"opptPTS3":25,"opptPTS4":22,"opptPTS5":0,"opptPTS6":0,"opptPTS7":0,"opptPTS8":0}
{"_id":{"$oid":"5cb552f6e0f627212ff3bb6b"},"gmDate":"2017/10/21","offLNm3":"Capers","offFNm3":"James","teamAbbr":"HOU","teamConf":"West","teamLoc":"Home","teamRslt":"Win","teamPTS":107,"teamAST":17,"teamTO":15,"teamSTL":12,"teamBLK":4,"teamPF":24,"teamFGA":82,"teamFGM":39,"team2PA":35,"team2PM":28,"team3PA":47,"team3PM":11,"teamFTA":22,"teamFTM":18,"teamORB":8,"teamDRB":46,"teamPTS1":33,"teamPTS2":29,"teamPTS3":30,"teamPTS4":15,"teamPTS5":0,"teamPTS6":0,"teamPTS7":0,"teamPTS8":0,"opptAbbr":"DAL","opptConf":"West","opptLoc":"Away","opptRslt":"Loss","opptPTS":91,"opptAST":19,"opptTO":14,"opptSTL":6,"opptBLK":0,"opptPF":19,"opptFGA":84,"opptFGM":31,"oppt2PA":53,"oppt2PM":18,"oppt3PA":31,"oppt3PM":13,"opptFTA":21,"opptFTM":16,"opptORB":8,"opptDRB":33,"opptPTS1":20,"opptPTS2":19,"opptPTS3":19,"opptPTS4":33,"opptPTS5":0,"opptPTS6":0,"opptPTS7":0,"opptPTS8":0}
{"_id":{"$oid":"5cb552f6e0f627212ff3bb7a"},"gmDate":"2017/10/23","offLNm3":"Collins","offFNm3":"Derrick","teamAbbr":"DAL","teamConf":"West","teamLoc":"Home","teamRslt":"Loss","teamPTS":103,"teamAST":21,"teamTO":12,"teamSTL":11,"teamBLK":0,"teamPF":20,"teamFGA":96,"teamFGM":38,"team2PA":67,"team2PM":29,"team3PA":29,"team3PM":9,"teamFTA":30,"teamFTM":18,"teamORB":14,"teamDRB":28,"teamPTS1":24,"teamPTS2":38,"teamPTS3":22,"teamPTS4":19,"teamPTS5":0,"teamPTS6":0,"teamPTS7":0,"teamPTS8":0,"opptAbbr":"GS","opptConf":"West","opptLoc":"Away","opptRslt":"Win","opptPTS":133,"opptAST":33,"opptTO":16,"opptSTL":6,"opptBLK":8,"opptPF":23,"opptFGA":86,"opptFGM":48,"oppt2PA":47,"oppt2PM":33,"oppt3PA":39,"oppt3PM":15,"opptFTA":26,"opptFTM":22,"opptORB":10,"opptDRB":40,"opptPTS1":40,"opptPTS2":25,"opptPTS3":34,"opptPTS4":34,"opptPTS5":0,"opptPTS6":0,"opptPTS7":0,"opptPTS8":0}
{"_id":{"$oid":"5cb552f6e0f627212ff3bb8a"},"gmDate":"2017/10/25","offLNm3":"Fraher","offFNm3":"Pat","teamAbbr":"DAL","teamConf":"West","teamLoc":"Home","teamRslt":"Win","teamPTS":103,"teamAST":20,"teamTO":11,"teamSTL":6,"teamBLK":4,"teamPF":20,"teamFGA":74,"teamFGM":36,"team2PA":48,"team2PM":25,"team3PA":26,"team3PM":11,"teamFTA":29,"teamFTM":20,"teamORB":4,"teamDRB":31,"teamPTS1":32,"teamPTS2":25,"teamPTS3":22,"teamPTS4":24,"teamPTS5":0,"teamPTS6":0,"teamPTS7":0,"teamPTS8":0,"opptAbbr":"MEM","opptConf":"West","opptLoc":"Away","opptRslt":"Loss","opptPTS":94,"opptAST":14,"opptTO":18,"opptSTL":7,"opptBLK":2,"opptPF":22,"opptFGA":72,"opptFGM":33,"oppt2PA":41,"oppt2PM":21,"oppt3PA":31,"oppt3PM":12,"opptFTA":24,"opptFTM":16,"opptORB":6,"opptDRB":30,"opptPTS1":18,"opptPTS2":31,"opptPTS3":23,"opptPTS4":22,"opptPTS5":0,"opptPTS6":0,"opptPTS7":0,"opptPTS8":0}
{"_id":{"$oid":"5cb552f6e0f627212ff3bb8f"},"gmDate":"2017/10/26","offLNm3":"Lewis","offFNm3":"Eric","teamAbbr":"MEM","teamConf":"West","teamLoc":"Home","teamRslt":"Win","teamPTS":96,"teamAST":18,"teamTO":18,"teamSTL":7,"teamBLK":6,"teamPF":23,"teamFGA":73,"teamFGM":30,"team2PA":39,"team2PM":20,"team3PA":34,"team3PM":10,"teamFTA":30,"teamFTM":26,"teamORB":9,"teamDRB":37,"teamPTS1":28,"teamPTS2":26,"teamPTS3":22,"teamPTS4":20,"teamPTS5":0,"teamPTS6":0,"teamPTS7":0,"teamPTS8":0,"opptAbbr":"DAL","opptConf":"West","opptLoc":"Away","opptRslt":"Loss","opptPTS":91,"opptAST":20,"opptTO":14,"opptSTL":10,"opptBLK":3,"opptPF":22,"opptFGA":94,"opptFGM":32,"oppt2PA":60,"oppt2PM":22,"oppt3PA":34,"oppt3PM":10,"opptFTA":20,"opptFTM":17,"opptORB":18,"opptDRB":35,"opptPTS1":14,"opptPTS2":21,"opptPTS3":33,"opptPTS4":23,"opptPTS5":0,"opptPTS6":0,"opptPTS7":0,"opptPTS8":0}
{"_id":{"$oid":"5cb552f6e0f627212ff3bb9e"},"gmDate":"2017/10/28","offLNm3":"Richardson","offFNm3":"Derek","teamAbbr":"DAL","teamConf":"West","teamLoc":"Home","teamRslt":"Loss","teamPTS":110,"teamAST":22,"teamTO":18,"teamSTL":7,"teamBLK":2,"teamPF":15,"teamFGA":74,"teamFGM":38,"team2PA":34,"team2PM":19,"team3PA":40,"team3PM":19,"teamFTA":19,"teamFTM":15,"teamORB":3,"teamDRB":30,"teamPTS1":23,"teamPTS2":33,"teamPTS3":22,"teamPTS4":32,"teamPTS5":0,"teamPTS6":0,"teamPTS7":0,"teamPTS8":0,"opptAbbr":"PHI","opptConf":"East","opptLoc":"Away","opptRslt":"Win","opptPTS":112,"opptAST":25,"opptTO":14,"opptSTL":10,"opptBLK":1,"opptPF":21,"opptFGA":87,"opptFGM":43,"oppt2PA":52,"oppt2PM":27,"oppt3PA":35,"oppt3PM":16,"opptFTA":14,"opptFTM":10,"opptORB":11,"opptDRB":31,"opptPTS1":32,"opptPTS2":25,"opptPTS3":32,"opptPTS4":23,"opptPTS5":0,"opptPTS6":0,"opptPTS7":0,"opptPTS8":0}
{"_id":{"$oid":"5cb552f6e0f627212ff3bbb0"},"gmDate":"2017/10/30","offLNm3":"Washington","offFNm3":"Tom","teamAbbr":"UTA","teamConf":"West","teamLoc":"Home","teamRslt":"Win","teamPTS":104,"teamAST":25,"teamTO":14,"teamSTL":16,"teamBLK":8,"teamPF":17,"teamFGA":80,"teamFGM":38,"team2PA":45,"team2PM":22,"team3PA":35,"team3PM":16,"teamFTA":15,"teamFTM":12,"teamORB":5,"teamDRB":29,"teamPTS1":21,"teamPTS2":23,"teamPTS3":32,"teamPTS4":28,"teamPTS5":0,"teamPTS6":0,"teamPTS7":0,"teamPTS8":0,"opptAbbr":"DAL","opptConf":"West","opptLoc":"Away","opptRslt":"Loss","opptPTS":89,"opptAST":17,"opptTO":24,"opptSTL":4,"opptBLK":2,"opptPF":16,"opptFGA":76,"opptFGM":34,"oppt2PA":52,"oppt2PM":22,"oppt3PA":24,"oppt3PM":12,"opptFTA":11,"opptFTM":9,"opptORB":9,"opptDRB":33,"opptPTS1":27,"opptPTS2":26,"opptPTS3":15,"opptPTS4":21,"opptPTS5":0,"opptPTS6":0,"opptPTS7":0,"opptPTS8":0}
{"_id":{"$oid":"5cb552f6e0f627212ff3bbc1"},"gmDate":"2017/11/1","offLNm3":"McCutchen","offFNm3":"Monty","teamAbbr":"LAC","teamConf":"West","teamLoc":"Home","teamRslt":"Win","teamPTS":119,"teamAST":27,"teamTO":16,"teamSTL":9,"teamBLK":5,"teamPF":20,"teamFGA":77,"teamFGM":41,"team2PA":49,"team2PM":28,"team3PA":28,"team3PM":13,"teamFTA":29,"teamFTM":24,"teamORB":6,"teamDRB":42,"teamPTS1":32,"teamPTS2":34,"teamPTS3":29,"teamPTS4":24,"teamPTS5":0,"teamPTS6":0,"teamPTS7":0,"teamPTS8":0,"opptAbbr":"DAL","opptConf":"West","opptLoc":"Away","opptRslt":"Loss","opptPTS":98,"opptAST":20,"opptTO":14,"opptSTL":8,"opptBLK":4,"opptPF":22,"opptFGA":89,"opptFGM":35,"oppt2PA":53,"oppt2PM":23,"oppt3PA":36,"oppt3PM":12,"opptFTA":20,"opptFTM":16,"opptORB":9,"opptDRB":29,"opptPTS1":29,"opptPTS2":19,"opptPTS3":29,"opptPTS4":21,"opptPTS5":0,"opptPTS6":0,"opptPTS7":0,"opptPTS8":0}
{"_id":{"$oid":"5cb552f6e0f627212ff3bbca"},"gmDate":"2017/11/3","offLNm3":"Van Duyne","offFNm3":"Justin","teamAbbr":"DAL","teamConf":"West","teamLoc":"Home","teamRslt":"Loss","teamPTS":94,"teamAST":19,"teamTO":15,"teamSTL":4,"teamBLK":7,"teamPF":24,"teamFGA":88,"teamFGM":34,"team2PA":54,"team2PM":25,"team3PA":34,"team3PM":9,"teamFTA":22,"teamFTM":17,"teamORB":9,"teamDRB":38,"teamPTS1":25,"teamPTS2":21,"teamPTS3":17,"teamPTS4":31,"teamPTS5":0,"teamPTS6":0,"teamPTS7":0,"teamPTS8":0,"opptAbbr":"NO","opptConf":"West","opptLoc":"Away","opptRslt":"Win","opptPTS":99,"opptAST":23,"opptTO":14,"opptSTL":9,"opptBLK":4,"opptPF":22,"opptFGA":89,"opptFGM":36,"oppt2PA":60,"oppt2PM":29,"oppt3PA":29,"oppt3PM":7,"opptFTA":26,"opptFTM":20,"opptORB":9,"opptDRB":44,"opptPTS1":28,"opptPTS2":27,"opptPTS3":20,"opptPTS4":24,"opptPTS5":0,"opptPTS6":0,"opptPTS7":0,"opptPTS8":0}
{"_id":{"$oid":"5cb552f6e0f627212ff3bbd3"},"gmDate":"2017/11/4","offLNm3":"Foster","offFNm3":"Scott","teamAbbr":"MIN","teamConf":"West","teamLoc":"Home","teamRslt":"Win","teamPTS":112,"teamAST":33,"teamTO":19,"teamSTL":7,"teamBLK":8,"teamPF":20,"teamFGA":79,"teamFGM":43,"team2PA":55,"team2PM":33,"team3PA":24,"team3PM":10,"teamFTA":20,"teamFTM":16,"teamORB":10,"teamDRB":38,"teamPTS1":27,"teamPTS2":32,"teamPTS3":34,"teamPTS4":19,"teamPTS5":0,"teamPTS6":0,"teamPTS7":0,"teamPTS8":0,"opptAbbr":"DAL","opptConf":"West","opptLoc":"Away","opptRslt":"Loss","opptPTS":99,"opptAST":18,"opptTO":16,"opptSTL":7,"opptBLK":2,"opptPF":19,"opptFGA":86,"opptFGM":40,"oppt2PA":59,"oppt2PM":30,"oppt3PA":27,"oppt3PM":10,"opptFTA":12,"opptFTM":9,"opptORB":7,"opptDRB":24,"opptPTS1":18,"opptPTS2":31,"opptPTS3":20,"opptPTS4":30,"opptPTS5":0,"opptPTS6":0,"opptPTS7":0,"opptPTS8":0}
{"_id":{"$oid":"5cb552f6e0f627212ff3bbe4"},"gmDate":"2017/11/7","offLNm3":"Richardson","offFNm3":"Leroy","teamAbbr":"WAS","teamConf":"East","teamLoc":"Home","teamRslt":"Loss","teamPTS":99,"teamAST":21,"teamTO":15,"teamSTL":5,"teamBLK":5,"teamPF":19,"teamFGA":75,"teamFGM":32,"team2PA":50,"team2PM":22,"team3PA":25,"team3PM":10,"teamFTA":32,"teamFTM":25,"teamORB":3,"teamDRB":36,"teamPTS1":34,"teamPTS2":19,"teamPTS3":23,"teamPTS4":23,"teamPTS5":0,"teamPTS6":0,"teamPTS7":0,"teamPTS8":0,"opptAbbr":"DAL","opptConf":"West","opptLoc":"Away","opptRslt":"Win","opptPTS":113,"opptAST":26,"opptTO":12,"opptSTL":6,"opptBLK":8,"opptPF":23,"opptFGA":91,"opptFGM":43,"oppt2PA":61,"oppt2PM":32,"oppt3PA":30,"oppt3PM":11,"opptFTA":20,"opptFTM":16,"opptORB":11,"opptDRB":42,"opptPTS1":36,"opptPTS2":28,"opptPTS3":26,"opptPTS4":23,"opptPTS5":0,"opptPTS6":0,"opptPTS7":0,"opptPTS8":0}
{"_id":{"$oid":"5cb552f6e0f627212ff3bc02"},"gmDate":"2017/11/11","offLNm3":"McCutchen","offFNm3":"Monty","teamAbbr":"DAL","teamConf":"West","teamLoc":"Home","teamRslt":"Loss","teamPTS":104,"teamAST":21,"teamTO":11,"teamSTL":7,"teamBLK":3,"teamPF":26,"teamFGA":92,"teamFGM":39,"team2PA":58,"team2PM":29,"team3PA":34,"team3PM":10,"teamFTA":21,"teamFTM":16,"teamORB":9,"teamDRB":33,"teamPTS1":23,"teamPTS2":29,"teamPTS3":22,"teamPTS4":30,"teamPTS5":0,"teamPTS6":0,"teamPTS7":0,"teamPTS8":0,"opptAbbr":"CLE","opptConf":"East","opptLoc":"Away","opptRslt":"Win","opptPTS":111,"opptAST":18,"opptTO":17,"opptSTL":8,"opptBLK":3,"opptPF":18,"opptFGA":81,"opptFGM":35,"oppt2PA":50,"oppt2PM":23,"oppt3PA":31,"oppt3PM":12,"opptFTA":35,"opptFTM":29,"opptORB":10,"opptDRB":43,"opptPTS1":29,"opptPTS2":20,"opptPTS3":34,"opptPTS4":28,"opptPTS5":0,"opptPTS6":0,"opptPTS7":0,"opptPTS8":0}
{"_id":{"$oid":"5cb552f6e0f627212ff3bc0c"},"gmDate":"2017/11/12","offLNm3":"Corbin","offFNm3":"Sean","teamAbbr":"OKC","teamConf":"West","teamLoc":"Home","teamRslt":"Win","teamPTS":112,"teamAST":21,"teamTO":17,"teamSTL":10,"teamBLK":4,"teamPF":23,"teamFGA":72,"teamFGM":36,"team2PA":40,"team2PM":21,"team3PA":32,"team3PM":15,"teamFTA":33,"teamFTM":25,"teamORB":3,"teamDRB":34,"teamPTS1":18,"teamPTS2":26,"teamPTS3":39,"teamPTS4":29,"teamPTS5":0,"teamPTS6":0,"teamPTS7":0,"teamPTS8":0,"opptAbbr":"DAL","opptConf":"West","opptLoc":"Away","opptRslt":"Loss","opptPTS":99,"opptAST":18,"opptTO":20,"opptSTL":9,"opptBLK":4,"opptPF":20,"opptFGA":87,"opptFGM":37,"oppt2PA":50,"oppt2PM":26,"oppt3PA":37,"oppt3PM":11,"opptFTA":18,"opptFTM":14,"opptORB":11,"opptDRB":30,"opptPTS1":20,"opptPTS2":22,"opptPTS3":25,"opptPTS4":32,"opptPTS5":0,"opptPTS6":0,"opptPTS7":0,"opptPTS8":0}
{"_id":{"$oid":"5cb552f6e0f627212ff3bc18"},"gmDate":"2017/11/14","offLNm3":"Callahan","offFNm3":"Mike","teamAbbr":"DAL","teamConf":"West","teamLoc":"Home","teamRslt":"Loss","teamPTS":91,"teamAST":18,"teamTO":15,"teamSTL":7,"teamBLK":4,"teamPF":23,"teamFGA":81,"teamFGM":33,"team2PA":47,"team2PM":23,"team3PA":34,"team3PM":10,"teamFTA":18,"teamFTM":15,"teamORB":5,"teamDRB":35,"teamPTS1":16,"teamPTS2":23,"teamPTS3":21,"teamPTS4":31,"teamPTS5":0,"teamPTS6":0,"teamPTS7":0,"teamPTS8":0,"opptAbbr":"SA","opptConf":"West","opptLoc":"Away","opptRslt":"Win","opptPTS":97,"opptAST":18,"opptTO":12,"opptSTL":9,"opptBLK":7,"opptPF":16,"opptFGA":79,"opptFGM":35,"oppt2PA":53,"oppt2PM":29,"oppt3PA":26,"oppt3PM":6,"opptFTA":27,"opptFTM":21,"opptORB":8,"opptDRB":39,"opptPTS1":17,"opptPTS2":27,"opptPTS3":18,"opptPTS4":35,"opptPTS5":0,"opptPTS6":0,"opptPTS7":0,"opptPTS8":0}
{"_id":{"$oid":"5cb552f6e0f627212ff3bc2d"},"gmDate":"2017/11/17","offLNm3":"Nansel","offFNm3":"Brett","teamAbbr":"DAL","teamConf":"West","teamLoc":"Home","teamRslt":"Loss","teamPTS":87,"teamAST":18,"teamTO":11,"teamSTL":3,"teamBLK":3,"teamPF":20,"teamFGA":86,"teamFGM":32,"team2PA":48,"team2PM":24,"team3PA":38,"team3PM":8,"teamFTA":17,"teamFTM":15,"teamORB":11,"teamDRB":30,"teamPTS1":29,"teamPTS2":26,"teamPTS3":17,"teamPTS4":15,"teamPTS5":0,"teamPTS6":0,"teamPTS7":0,"teamPTS8":0,"opptAbbr":"MIN","opptConf":"West","opptLoc":"Away","opptRslt":"Win","opptPTS":111,"opptAST":27,"opptTO":10,"opptSTL":7,"opptBLK":0,"opptPF":18,"opptFGA":84,"opptFGM":39,"oppt2PA":54,"oppt2PM":26,"oppt3PA":30,"oppt3PM":13,"opptFTA":23,"opptFTM":20,"opptORB":11,"opptDRB":37,"opptPTS1":24,"opptPTS2":19,"opptPTS3":31,"opptPTS4":37,"opptPTS5":0,"opptPTS6":0,"opptPTS7":0,"opptPTS8":0}
{"_id":{"$oid":"5cb552f6e0f627212ff3bc36"},"gmDate":"2017/11/18","offLNm3":"Boland","offFNm3":"Matt","teamAbbr":"DAL","teamConf":"West","teamLoc":"Home","teamRslt":"Win","teamPTS":111,"teamAST":27,"teamTO":18,"teamSTL":7,"teamBLK":2,"teamPF":26,"teamFGA":79,"teamFGM":38,"team2PA":41,"team2PM":19,"team3PA":38,"team3PM":19,"teamFTA":19,"teamFTM":16,"teamORB":7,"teamDRB":42,"teamPTS1":33,"teamPTS2":23,"teamPTS3":26,"teamPTS4":29,"teamPTS5":0,"teamPTS6":0,"teamPTS7":0,"teamPTS8":0,"opptAbbr":"MIL","opptConf":"East","opptLoc":"Away","opptRslt":"Loss","opptPTS":79,"opptAST":13,"opptTO":13,"opptSTL":8,"opptBLK":5,"opptPF":25,"opptFGA":74,"opptFGM":28,"oppt2PA":49,"oppt2PM":22,"oppt3PA":25,"oppt3PM":6,"opptFTA":31,"opptFTM":17,"opptORB":8,"opptDRB":30,"opptPTS1":24,"opptPTS2":20,"opptPTS3":17,"opptPTS4":18,"opptPTS5":0,"opptPTS6":0,"opptPTS7":0,"opptPTS8":0}
{"_id":{"$oid":"5cb552f6e0f627212ff3bc46"},"gmDate":"2017/11/20","offLNm3":"Ayotte","offFNm3":"Mark","teamAbbr":"DAL","teamConf":"West","teamLoc":"Home","teamRslt":"Loss","teamPTS":102,"teamAST":18,"teamTO":11,"teamSTL":7,"teamBLK":3,"teamPF":22,"teamFGA":96,"teamFGM":39,"team2PA":63,"team2PM":32,"team3PA":33,"team3PM":7,"teamFTA":20,"teamFTM":17,"teamORB":8,"teamDRB":37,"teamPTS1":22,"teamPTS2":27,"teamPTS3":28,"teamPTS4":19,"teamPTS5":6,"teamPTS6":0,"teamPTS7":0,"teamPTS8":0,"opptAbbr":"BOS","opptConf":"East","opptLoc":"Away","opptRslt":"Win","opptPTS":110,"opptAST":24,"opptTO":17,"opptSTL":8,"opptBLK":4,"opptPF":24,"opptFGA":84,"opptFGM":38,"oppt2PA":48,"oppt2PM":25,"oppt3PA":36,"oppt3PM":13,"opptFTA":26,"opptFTM":21,"opptORB":5,"opptDRB":48,"opptPTS1":34,"opptPTS2":19,"opptPTS3":16,"opptPTS4":27,"opptPTS5":14,"opptPTS6":0,"opptPTS7":0,"opptPTS8":0}
{"_id":{"$oid":"5cb552f6e0f627212ff3bc51"},"gmDate":"2017/11/22","offLNm3":"Malloy","offFNm3":"Ed","teamAbbr":"MEM","teamConf":"West","teamLoc":"Home","teamRslt":"Loss","teamPTS":94,"teamAST":25,"teamTO":17,"teamSTL":7,"teamBLK":6,"teamPF":25,"teamFGA":81,"teamFGM":37,"team2PA":52,"team2PM":30,"team3PA":29,"team3PM":7,"teamFTA":14,"teamFTM":13,"teamORB":6,"teamDRB":46,"teamPTS1":27,"teamPTS2":29,"teamPTS3":16,"teamPTS4":22,"teamPTS5":0,"teamPTS6":0,"teamPTS7":0,"teamPTS8":0,"opptAbbr":"DAL","opptConf":"West","opptLoc":"Away","opptRslt":"Win","opptPTS":95,"opptAST":23,"opptTO":8,"opptSTL":9,"opptBLK":2,"opptPF":14,"opptFGA":91,"opptFGM":39,"oppt2PA":63,"oppt2PM":30,"oppt3PA":28,"oppt3PM":9,"opptFTA":16,"opptFTM":8,"opptORB":4,"opptDRB":36,"opptPTS1":12,"opptPTS2":27,"opptPTS3":35,"opptPTS4":21,"opptPTS5":0,"opptPTS6":0,"opptPTS7":0,"opptPTS8":0}
{"_id":{"$oid":"5cb552f6e0f627212ff3bc68"},"gmDate":"2017/11/25","offLNm3":"Stafford","offFNm3":"Derrick","teamAbbr":"DAL","teamConf":"West","teamLoc":"Home","teamRslt":"Win","teamPTS":97,"teamAST":25,"teamTO":17,"teamSTL":11,"teamBLK":5,"teamPF":18,"teamFGA":75,"teamFGM":37,"team2PA":40,"team2PM":22,"team3PA":35,"team3PM":15,"teamFTA":11,"teamFTM":8,"teamORB":8,"teamDRB":35,"teamPTS1":25,"teamPTS2":27,"teamPTS3":26,"teamPTS4":19,"teamPTS5":0,"teamPTS6":0,"teamPTS7":0,"teamPTS8":0,"opptAbbr":"OKC","opptConf":"West","opptLoc":"Away","opptRslt":"Loss","opptPTS":81,"opptAST":24,"opptTO":17,"opptSTL":12,"opptBLK":1,"opptPF":15,"opptFGA":80,"opptFGM":29,"oppt2PA":45,"oppt2PM":16,"oppt3PA":35,"oppt3PM":13,"opptFTA":13,"opptFTM":10,"opptORB":8,"opptDRB":31,"opptPTS1":24,"opptPTS2":13,"opptPTS3":18,"opptPTS4":26,"opptPTS5":0,"opptPTS6":0,"opptPTS7":0,"opptPTS8":0}
{"_id":{"$oid":"5cb552f6e0f627212ff3bc74"},"gmDate":"2017/11/27","offLNm3":"Mauer","offFNm3":"Ken","teamAbbr":"SA","teamConf":"West","teamLoc":"Home","teamRslt":"Win","teamPTS":115,"teamAST":27,"teamTO":10,"teamSTL":7,"teamBLK":5,"teamPF":16,"teamFGA":82,"teamFGM":43,"team2PA":58,"team2PM":33,"team3PA":24,"team3PM":10,"teamFTA":21,"teamFTM":19,"teamORB":4,"teamDRB":39,"teamPTS1":21,"teamPTS2":25,"teamPTS3":31,"teamPTS4":38,"teamPTS5":0,"teamPTS6":0,"teamPTS7":0,"teamPTS8":0,"opptAbbr":"DAL","opptConf":"West","opptLoc":"Away","opptRslt":"Loss","opptPTS":108,"opptAST":25,"opptTO":11,"opptSTL":7,"opptBLK":0,"opptPF":19,"opptFGA":85,"opptFGM":41,"oppt2PA":53,"oppt2PM":27,"oppt3PA":32,"oppt3PM":14,"opptFTA":17,"opptFTM":12,"opptORB":4,"opptDRB":36,"opptPTS1":23,"opptPTS2":30,"opptPTS3":22,"opptPTS4":33,"opptPTS5":0,"opptPTS6":0,"opptPTS7":0,"opptPTS8":0}
{"_id":{"$oid":"5cb552f6e0f627212ff3bc83"},"gmDate":"2017/11/29","offLNm3":"Lewis","offFNm3":"Eric","teamAbbr":"DAL","teamConf":"West","teamLoc":"Home","teamRslt":"Loss","teamPTS":104,"teamAST":26,"teamTO":11,"teamSTL":5,"teamBLK":3,"teamPF":23,"teamFGA":84,"teamFGM":39,"team2PA":57,"team2PM":30,"team3PA":27,"team3PM":9,"teamFTA":21,"teamFTM":17,"teamORB":7,"teamDRB":37,"teamPTS1":27,"teamPTS2":20,"teamPTS3":29,"teamPTS4":28,"teamPTS5":0,"teamPTS6":0,"teamPTS7":0,"teamPTS8":0,"opptAbbr":"BKN","opptConf":"East","opptLoc":"Away","opptRslt":"Win","opptPTS":109,"opptAST":25,"opptTO":14,"opptSTL":5,"opptBLK":1,"opptPF":21,"opptFGA":90,"opptFGM":42,"oppt2PA":61,"oppt2PM":31,"oppt3PA":29,"oppt3PM":11,"opptFTA":25,"opptFTM":14,"opptORB":14,"opptDRB":38,"opptPTS1":21,"opptPTS2":27,"opptPTS3":32,"opptPTS4":29,"opptPTS5":0,"opptPTS6":0,"opptPTS7":0,"opptPTS8":0}
{"_id":{"$oid":"5cb552f6e0f627212ff3bc94"},"gmDate":"2017/12/2","offLNm3":"Brown","offFNm3":"Tony","teamAbbr":"DAL","teamConf":"West","teamLoc":"Home","teamRslt":"Win","teamPTS":108,"teamAST":24,"teamTO":17,"teamSTL":4,"teamBLK":7,"teamPF":20,"teamFGA":79,"teamFGM":36,"team2PA":44,"team2PM":20,"team3PA":35,"team3PM":16,"teamFTA":26,"teamFTM":20,"teamORB":15,"teamDRB":39,"teamPTS1":24,"teamPTS2":35,"teamPTS3":27,"teamPTS4":22,"teamPTS5":0,"teamPTS6":0,"teamPTS7":0,"teamPTS8":0,"opptAbbr":"LAC","opptConf":"West","opptLoc":"Away","opptRslt":"Loss","opptPTS":82,"opptAST":16,"opptTO":11,"opptSTL":8,"opptBLK":6,"opptPF":20,"opptFGA":86,"opptFGM":30,"oppt2PA":64,"oppt2PM":24,"oppt3PA":22,"oppt3PM":6,"opptFTA":23,"opptFTM":16,"opptORB":11,"opptDRB":27,"opptPTS1":17,"opptPTS2":21,"opptPTS3":28,"opptPTS4":16,"opptPTS5":0,"opptPTS6":0,"opptPTS7":0,"opptPTS8":0}
{"_id":{"$oid":"5cb552f6e0f627212ff3bca8"},"gmDate":"2017/12/4","offLNm3":"Wall","offFNm3":"Scott","teamAbbr":"DAL","teamConf":"West","teamLoc":"Home","teamRslt":"Win","teamPTS":122,"teamAST":26,"teamTO":7,"teamSTL":4,"teamBLK":6,"teamPF":18,"teamFGA":86,"teamFGM":49,"team2PA":60,"team2PM":37,"team3PA":26,"team3PM":12,"teamFTA":17,"teamFTM":12,"teamORB":5,"teamDRB":37,"teamPTS1":39,"teamPTS2":25,"teamPTS3":29,"teamPTS4":29,"teamPTS5":0,"teamPTS6":0,"teamPTS7":0,"teamPTS8":0,"opptAbbr":"DEN","opptConf":"West","opptLoc":"Away","opptRslt":"Loss","opptPTS":105,"opptAST":25,"opptTO":7,"opptSTL":5,"opptBLK":5,"opptPF":19,"opptFGA":91,"opptFGM":38,"oppt2PA":55,"oppt2PM":24,"oppt3PA":36,"oppt3PM":14,"opptFTA":23,"opptFTM":15,"opptORB":15,"opptDRB":34,"opptPTS1":23,"opptPTS2":24,"opptPTS3":35,"opptPTS4":23,"opptPTS5":0,"opptPTS6":0,"opptPTS7":0,"opptPTS8":0}
{"_id":{"$oid":"5cb552f6e0f627212ff3bcb1"},"gmDate":"2017/12/6","offLNm3":"Fraher","offFNm3":"Pat","teamAbbr":"BOS","teamConf":"East","teamLoc":"Home","teamRslt":"Win","teamPTS":97,"teamAST":25,"teamTO":12,"teamSTL":8,"teamBLK":8,"teamPF":15,"teamFGA":87,"teamFGM":36,"team2PA":53,"team2PM":24,"team3PA":34,"team3PM":12,"teamFTA":17,"teamFTM":13,"teamORB":9,"teamDRB":44,"teamPTS1":24,"teamPTS2":23,"teamPTS3":23,"teamPTS4":27,"teamPTS5":0,"teamPTS6":0,"teamPTS7":0,"teamPTS8":0,"opptAbbr":"DAL","opptConf":"West","opptLoc":"Away","opptRslt":"Loss","opptPTS":90,"opptAST":19,"opptTO":11,"opptSTL":7,"opptBLK":5,"opptPF":12,"opptFGA":86,"opptFGM":34,"oppt2PA":58,"oppt2PM":25,"oppt3PA":28,"oppt3PM":9,"opptFTA":17,"opptFTM":13,"opptORB":6,"opptDRB":39,"opptPTS1":26,"opptPTS2":31,"opptPTS3":16,"opptPTS4":17,"opptPTS5":0,"opptPTS6":0,"opptPTS7":0,"opptPTS8":0}
{"_id":{"$oid":"5cb552f6e0f627212ff3bcc1"},"gmDate":"2017/12/8","offLNm3":"Adair","offFNm3":"Brandon","teamAbbr":"MIL","teamConf":"East","teamLoc":"Home","teamRslt":"Win","teamPTS":109,"teamAST":20,"teamTO":10,"teamSTL":10,"teamBLK":6,"teamPF":24,"teamFGA":79,"teamFGM":36,"team2PA":55,"team2PM":28,"team3PA":24,"team3PM":8,"teamFTA":34,"teamFTM":29,"teamORB":7,"teamDRB":33,"teamPTS1":22,"teamPTS2":27,"teamPTS3":28,"teamPTS4":32,"teamPTS5":0,"teamPTS6":0,"teamPTS7":0,"teamPTS8":0,"opptAbbr":"DAL","opptConf":"West","opptLoc":"Away","opptRslt":"Loss","opptPTS":102,"opptAST":18,"opptTO":12,"opptSTL":6,"opptBLK":2,"opptPF":22,"opptFGA":75,"opptFGM":35,"oppt2PA":51,"oppt2PM":25,"oppt3PA":24,"oppt3PM":10,"opptFTA":26,"opptFTM":22,"opptORB":4,"opptDRB":32,"opptPTS1":25,"opptPTS2":29,"opptPTS3":24,"opptPTS4":24,"opptPTS5":0,"opptPTS6":0,"opptPTS7":0,"opptPTS8":0}
{"_id":{"$oid":"5cb552f6e0f627212ff3bcd1"},"gmDate":"2017/12/10","offLNm3":"Collins","offFNm3":"Derrick","teamAbbr":"MIN","teamConf":"West","teamLoc":"Home","teamRslt":"Win","teamPTS":97,"teamAST":19,"teamTO":18,"teamSTL":7,"teamBLK":2,"teamPF":19,"teamFGA":72,"teamFGM":36,"team2PA":53,"team2PM":29,"team3PA":19,"team3PM":7,"teamFTA":23,"teamFTM":18,"teamORB":9,"teamDRB":36,"teamPTS1":23,"teamPTS2":24,"teamPTS3":24,"teamPTS4":26,"teamPTS5":0,"teamPTS6":0,"teamPTS7":0,"teamPTS8":0,"opptAbbr":"DAL","opptConf":"West","opptLoc":"Away","opptRslt":"Loss","opptPTS":92,"opptAST":23,"opptTO":11,"opptSTL":6,"opptBLK":5,"opptPF":22,"opptFGA":81,"opptFGM":37,"oppt2PA":50,"oppt2PM":26,"oppt3PA":31,"oppt3PM":11,"opptFTA":9,"opptFTM":7,"opptORB":6,"opptDRB":27,"opptPTS1":24,"opptPTS2":24,"opptPTS3":21,"opptPTS4":23,"opptPTS5":0,"opptPTS6":0,"opptPTS7":0,"opptPTS8":0}
{"_id":{"$oid":"5cb552f6e0f627212ff3bcdf"},"gmDate":"2017/12/12","offLNm3":"Malloy","offFNm3":"Ed","teamAbbr":"DAL","teamConf":"West","teamLoc":"Home","teamRslt":"Win","teamPTS":95,"teamAST":17,"teamTO":8,"teamSTL":8,"teamBLK":2,"teamPF":19,"teamFGA":89,"teamFGM":38,"team2PA":65,"team2PM":29,"team3PA":24,"team3PM":9,"teamFTA":12,"teamFTM":10,"teamORB":8,"teamDRB":41,"teamPTS1":30,"teamPTS2":16,"teamPTS3":21,"teamPTS4":28,"teamPTS5":0,"teamPTS6":0,"teamPTS7":0,"teamPTS8":0,"opptAbbr":"SA","opptConf":"West","opptLoc":"Away","opptRslt":"Loss","opptPTS":89,"opptAST":20,"opptTO":10,"opptSTL":4,"opptBLK":5,"opptPF":11,"opptFGA":87,"opptFGM":35,"oppt2PA":59,"oppt2PM":28,"oppt3PA":28,"oppt3PM":7,"opptFTA":19,"opptFTM":12,"opptORB":10,"opptDRB":39,"opptPTS1":23,"opptPTS2":21,"opptPTS3":25,"opptPTS4":20,"opptPTS5":0,"opptPTS6":0,"opptPTS7":0,"opptPTS8":0}
{"_id":{"$oid":"5cb552f6e0f627212ff3bcee"},"gmDate":"2017/12/14","offLNm3":"Boland","offFNm3":"Matt","teamAbbr":"GS","teamConf":"West","teamLoc":"Home","teamRslt":"Win","teamPTS":112,"teamAST":35,"teamTO":16,"teamSTL":7,"teamBLK":4,"teamPF":22,"teamFGA":78,"teamFGM":47,"team2PA":56,"team2PM":36,"team3PA":22,"team3PM":11,"teamFTA":9,"teamFTM":7,"teamORB":4,"teamDRB":37,"teamPTS1":24,"teamPTS2":24,"teamPTS3":32,"teamPTS4":32,"teamPTS5":0,"teamPTS6":0,"teamPTS7":0,"teamPTS8":0,"opptAbbr":"DAL","opptConf":"West","opptLoc":"Away","opptRslt":"Loss","opptPTS":97,"opptAST":25,"opptTO":12,"opptSTL":7,"opptBLK":1,"opptPF":16,"opptFGA":82,"opptFGM":37,"oppt2PA":53,"oppt2PM":27,"oppt3PA":29,"oppt3PM":10,"opptFTA":17,"opptFTM":13,"opptORB":8,"opptDRB":23,"opptPTS1":28,"opptPTS2":20,"opptPTS3":25,"opptPTS4":24,"opptPTS5":0,"opptPTS6":0,"opptPTS7":0,"opptPTS8":0}
{"_id":{"$oid":"5cb552f6e0f627212ff3bd00"},"gmDate":"2017/12/16","offLNm3":"Foster","offFNm3":"Scott","teamAbbr":"SA","teamConf":"West","teamLoc":"Home","teamRslt":"Win","teamPTS":98,"teamAST":14,"teamTO":7,"teamSTL":5,"teamBLK":2,"teamPF":14,"teamFGA":86,"teamFGM":39,"team2PA":61,"team2PM":34,"team3PA":25,"team3PM":5,"teamFTA":18,"teamFTM":15,"teamORB":9,"teamDRB":32,"teamPTS1":18,"teamPTS2":25,"teamPTS3":28,"teamPTS4":27,"teamPTS5":0,"teamPTS6":0,"teamPTS7":0,"teamPTS8":0,"opptAbbr":"DAL","opptConf":"West","opptLoc":"Away","opptRslt":"Loss","opptPTS":96,"opptAST":23,"opptTO":10,"opptSTL":4,"opptBLK":4,"opptPF":16,"opptFGA":80,"opptFGM":39,"oppt2PA":52,"oppt2PM":29,"oppt3PA":28,"oppt3PM":10,"opptFTA":9,"opptFTM":8,"opptORB":4,"opptDRB":34,"opptPTS1":31,"opptPTS2":22,"opptPTS3":27,"opptPTS4":16,"opptPTS5":0,"opptPTS6":0,"opptPTS7":0,"opptPTS8":0}
{"_id":{"$oid":"5cb552f6e0f627212ff3bd0d"},"gmDate":"2017/12/18","offLNm3":"Orr","offFNm3":"J.T.","teamAbbr":"DAL","teamConf":"West","teamLoc":"Home","teamRslt":"Loss","teamPTS":91,"teamAST":21,"teamTO":15,"teamSTL":10,"teamBLK":5,"teamPF":18,"teamFGA":88,"teamFGM":32,"team2PA":51,"team2PM":21,"team3PA":37,"team3PM":11,"teamFTA":17,"teamFTM":16,"teamORB":8,"teamDRB":34,"teamPTS1":22,"teamPTS2":28,"teamPTS3":25,"teamPTS4":16,"teamPTS5":0,"teamPTS6":0,"teamPTS7":0,"teamPTS8":0,"opptAbbr":"PHO","opptConf":"West","opptLoc":"Away","opptRslt":"Win","opptPTS":97,"opptAST":17,"opptTO":19,"opptSTL":9,"opptBLK":6,"opptPF":25,"opptFGA":79,"opptFGM":35,"oppt2PA":54,"oppt2PM":25,"oppt3PA":25,"oppt3PM":10,"opptFTA":22,"opptFTM":17,"opptORB":7,"opptDRB":42,"opptPTS1":25,"opptPTS2":24,"opptPTS3":19,"opptPTS4":29,"opptPTS5":0,"opptPTS6":0,"opptPTS7":0,"opptPTS8":0}
{"_id":{"$oid":"5cb552f6e0f627212ff3bd1a"},"gmDate":"2017/12/20","offLNm3":"Richardson","offFNm3":"Derek","teamAbbr":"DAL","teamConf":"West","teamLoc":"Home","teamRslt":"Win","teamPTS":110,"teamAST":22,"teamTO":12,"teamSTL":6,"teamBLK":7,"teamPF":17,"teamFGA":75,"teamFGM":40,"team2PA":45,"team2PM":26,"team3PA":30,"team3PM":14,"teamFTA":20,"teamFTM":16,"teamORB":4,"teamDRB":33,"teamPTS1":22,"teamPTS2":43,"teamPTS3":24,"teamPTS4":21,"teamPTS5":0,"teamPTS6":0,"teamPTS7":0,"teamPTS8":0,"opptAbbr":"DET","opptConf":"East","opptLoc":"Away","opptRslt":"Loss","opptPTS":93,"opptAST":19,"opptTO":13,"opptSTL":4,"opptBLK":2,"opptPF":19,"opptFGA":77,"opptFGM":33,"oppt2PA":53,"oppt2PM":26,"oppt3PA":24,"oppt3PM":7,"opptFTA":22,"opptFTM":20,"opptORB":6,"opptDRB":32,"opptPTS1":25,"opptPTS2":28,"opptPTS3":13,"opptPTS4":27,"opptPTS5":0,"opptPTS6":0,"opptPTS7":0,"opptPTS8":0}
{"_id":{"$oid":"5cb552f6e0f627212ff3bd28"},"gmDate":"2017/12/22","offLNm3":"Washington","offFNm3":"C.J.","teamAbbr":"MIA","teamConf":"East","teamLoc":"Home","teamRslt":"Win","teamPTS":113,"teamAST":25,"teamTO":12,"teamSTL":3,"teamBLK":3,"teamPF":15,"teamFGA":72,"teamFGM":46,"team2PA":47,"team2PM":30,"team3PA":25,"team3PM":16,"teamFTA":6,"teamFTM":5,"teamORB":2,"teamDRB":33,"teamPTS1":32,"teamPTS2":21,"teamPTS3":29,"teamPTS4":31,"teamPTS5":0,"teamPTS6":0,"teamPTS7":0,"teamPTS8":0,"opptAbbr":"DAL","opptConf":"West","opptLoc":"Away","opptRslt":"Loss","opptPTS":101,"opptAST":28,"opptTO":8,"opptSTL":5,"opptBLK":2,"opptPF":12,"opptFGA":75,"opptFGM":38,"oppt2PA":40,"oppt2PM":21,"oppt3PA":35,"oppt3PM":17,"opptFTA":11,"opptFTM":8,"opptORB":3,"opptDRB":19,"opptPTS1":23,"opptPTS2":30,"opptPTS3":20,"opptPTS4":28,"opptPTS5":0,"opptPTS6":0,"opptPTS7":0,"opptPTS8":0}
{"_id":{"$oid":"5cb552f6e0f627212ff3bd31"},"gmDate":"2017/12/23","offLNm3":"Collins","offFNm3":"Derrick","teamAbbr":"ATL","teamConf":"East","teamLoc":"Home","teamRslt":"Win","teamPTS":112,"teamAST":29,"teamTO":15,"teamSTL":5,"teamBLK":2,"teamPF":19,"teamFGA":74,"teamFGM":42,"team2PA":50,"team2PM":32,"team3PA":24,"team3PM":10,"teamFTA":22,"teamFTM":18,"teamORB":6,"teamDRB":32,"teamPTS1":25,"teamPTS2":23,"teamPTS3":31,"teamPTS4":33,"teamPTS5":0,"teamPTS6":0,"teamPTS7":0,"teamPTS8":0,"opptAbbr":"DAL","opptConf":"West","opptLoc":"Away","opptRslt":"Loss","opptPTS":107,"opptAST":31,"opptTO":11,"opptSTL":8,"opptBLK":3,"opptPF":17,"opptFGA":85,"opptFGM":43,"oppt2PA":52,"oppt2PM":34,"oppt3PA":33,"oppt3PM":9,"opptFTA":15,"opptFTM":12,"opptORB":7,"opptDRB":23,"opptPTS1":25,"opptPTS2":28,"opptPTS3":27,"opptPTS4":27,"opptPTS5":0,"opptPTS6":0,"opptPTS7":0,"opptPTS8":0}
{"_id":{"$oid":"5cb552f6e0f627212ff3bd3f"},"gmDate":"2017/12/26","offLNm3":"Smith","offFNm3":"Michael","teamAbbr":"DAL","teamConf":"West","teamLoc":"Home","teamRslt":"Win","teamPTS":98,"teamAST":20,"teamTO":14,"teamSTL":5,"teamBLK":11,"teamPF":24,"teamFGA":94,"teamFGM":40,"team2PA":70,"team2PM":34,"team3PA":24,"team3PM":6,"teamFTA":16,"teamFTM":12,"teamORB":16,"teamDRB":40,"teamPTS1":31,"teamPTS2":26,"teamPTS3":28,"teamPTS4":13,"teamPTS5":0,"teamPTS6":0,"teamPTS7":0,"teamPTS8":0,"opptAbbr":"TOR","opptConf":"East","opptLoc":"Away","opptRslt":"Loss","opptPTS":93,"opptAST":16,"opptTO":12,"opptSTL":10,"opptBLK":7,"opptPF":24,"opptFGA":89,"opptFGM":30,"oppt2PA":58,"oppt2PM":21,"oppt3PA":31,"oppt3PM":9,"opptFTA":32,"opptFTM":24,"opptORB":16,"opptDRB":37,"opptPTS1":23,"opptPTS2":30,"opptPTS3":24,"opptPTS4":16,"opptPTS5":0,"opptPTS6":0,"opptPTS7":0,"opptPTS8":0}
{"_id":{"$oid":"5cb552f6e0f627212ff3bd48"},"gmDate":"2017/12/27","offLNm3":"Ransom","offFNm3":"Phenizee","teamAbbr":"IND","teamConf":"East","teamLoc":"Home","teamRslt":"Loss","teamPTS":94,"teamAST":27,"teamTO":16,"teamSTL":8,"teamBLK":4,"teamPF":17,"teamFGA":79,"teamFGM":38,"team2PA":54,"team2PM":28,"team3PA":25,"team3PM":10,"teamFTA":10,"teamFTM":8,"teamORB":7,"teamDRB":32,"teamPTS1":29,"teamPTS2":25,"teamPTS3":20,"teamPTS4":20,"teamPTS5":0,"teamPTS6":0,"teamPTS7":0,"teamPTS8":0,"opptAbbr":"DAL","opptConf":"West","opptLoc":"Away","opptRslt":"Win","opptPTS":98,"opptAST":26,"opptTO":10,"opptSTL":7,"opptBLK":3,"opptPF":12,"opptFGA":78,"opptFGM":40,"oppt2PA":49,"oppt2PM":32,"oppt3PA":29,"oppt3PM":8,"opptFTA":15,"opptFTM":10,"opptORB":4,"opptDRB":31,"opptPTS1":22,"opptPTS2":31,"opptPTS3":18,"opptPTS4":27,"opptPTS5":0,"opptPTS6":0,"opptPTS7":0,"opptPTS8":0}
{"_id":{"$oid":"5cb552f6e0f627212ff3bd5a"},"gmDate":"2017/12/29","offLNm3":"Brown","offFNm3":"Tony","teamAbbr":"NO","teamConf":"West","teamLoc":"Home","teamRslt":"Loss","teamPTS":120,"teamAST":28,"teamTO":8,"teamSTL":8,"teamBLK":6,"teamPF":19,"teamFGA":85,"teamFGM":42,"team2PA":54,"team2PM":34,"team3PA":31,"team3PM":8,"teamFTA":32,"teamFTM":28,"teamORB":4,"teamDRB":27,"teamPTS1":21,"teamPTS2":39,"teamPTS3":41,"teamPTS4":19,"teamPTS5":0,"teamPTS6":0,"teamPTS7":0,"teamPTS8":0,"opptAbbr":"DAL","opptConf":"West","opptLoc":"Away","opptRslt":"Win","opptPTS":128,"opptAST":27,"opptTO":18,"opptSTL":5,"opptBLK":4,"opptPF":23,"opptFGA":83,"opptFGM":46,"oppt2PA":44,"oppt2PM":24,"oppt3PA":39,"oppt3PM":22,"opptFTA":18,"opptFTM":14,"opptORB":5,"opptDRB":38,"opptPTS1":36,"opptPTS2":41,"opptPTS3":32,"opptPTS4":19,"opptPTS5":0,"opptPTS6":0,"opptPTS7":0,"opptPTS8":0}
{"_id":{"$oid":"5cb552f6e0f627212ff3bd6b"},"gmDate":"2017/12/31","offLNm3":"Davis","offFNm3":"Marc","teamAbbr":"OKC","teamConf":"West","teamLoc":"Home","teamRslt":"Loss","teamPTS":113,"teamAST":18,"teamTO":11,"teamSTL":4,"teamBLK":4,"teamPF":20,"teamFGA":89,"teamFGM":43,"team2PA":57,"team2PM":33,"team3PA":32,"team3PM":10,"teamFTA":23,"teamFTM":17,"teamORB":11,"teamDRB":34,"teamPTS1":32,"teamPTS2":31,"teamPTS3":22,"teamPTS4":28,"teamPTS5":0,"teamPTS6":0,"teamPTS7":0,"teamPTS8":0,"opptAbbr":"DAL","opptConf":"West","opptLoc":"Away","opptRslt":"Win","opptPTS":116,"opptAST":26,"opptTO":8,"opptSTL":5,"opptBLK":5,"opptPF":18,"opptFGA":89,"opptFGM":46,"oppt2PA":55,"oppt2PM":31,"oppt3PA":34,"oppt3PM":15,"opptFTA":14,"opptFTM":9,"opptORB":8,"opptDRB":28,"opptPTS1":35,"opptPTS2":22,"opptPTS3":27,"opptPTS4":32,"opptPTS5":0,"opptPTS6":0,"opptPTS7":0,"opptPTS8":0}
{"_id":{"$oid":"5cb552f6e0f627212ff3bd7f"},"gmDate":"2018/1/3","offLNm3":"Foster","offFNm3":"Scott","teamAbbr":"DAL","teamConf":"West","teamLoc":"Home","teamRslt":"Loss","teamPTS":122,"teamAST":29,"teamTO":13,"teamSTL":6,"teamBLK":2,"teamPF":17,"teamFGA":90,"teamFGM":43,"team2PA":47,"team2PM":24,"team3PA":43,"team3PM":19,"teamFTA":22,"teamFTM":17,"teamORB":7,"teamDRB":33,"teamPTS1":26,"teamPTS2":35,"teamPTS3":28,"teamPTS4":33,"teamPTS5":0,"teamPTS6":0,"teamPTS7":0,"teamPTS8":0,"opptAbbr":"GS","opptConf":"West","opptLoc":"Away","opptRslt":"Win","opptPTS":125,"opptAST":36,"opptTO":14,"opptSTL":8,"opptBLK":7,"opptPF":21,"opptFGA":91,"opptFGM":48,"oppt2PA":59,"oppt2PM":35,"oppt3PA":32,"oppt3PM":13,"opptFTA":19,"opptFTM":16,"opptORB":7,"opptDRB":39,"opptPTS1":35,"opptPTS2":32,"opptPTS3":24,"opptPTS4":34,"opptPTS5":0,"opptPTS6":0,"opptPTS7":0,"opptPTS8":0}
{"_id":{"$oid":"5cb552f6e0f627212ff3bd89"},"gmDate":"2018/1/5","offLNm3":"Richardson","offFNm3":"Derek","teamAbbr":"DAL","teamConf":"West","teamLoc":"Home","teamRslt":"Loss","teamPTS":124,"teamAST":33,"teamTO":13,"teamSTL":11,"teamBLK":2,"teamPF":24,"teamFGA":92,"teamFGM":49,"team2PA":60,"team2PM":35,"team3PA":32,"team3PM":14,"teamFTA":17,"teamFTM":12,"teamORB":7,"teamDRB":27,"teamPTS1":28,"teamPTS2":25,"teamPTS3":35,"teamPTS4":36,"teamPTS5":0,"teamPTS6":0,"teamPTS7":0,"teamPTS8":0,"opptAbbr":"CHI","opptConf":"East","opptLoc":"Away","opptRslt":"Win","opptPTS":127,"opptAST":25,"opptTO":19,"opptSTL":9,"opptBLK":3,"opptPF":19,"opptFGA":78,"opptFGM":44,"oppt2PA":50,"oppt2PM":30,"oppt3PA":28,"oppt3PM":14,"opptFTA":31,"opptFTM":25,"opptORB":8,"opptDRB":34,"opptPTS1":34,"opptPTS2":23,"opptPTS3":23,"opptPTS4":47,"opptPTS5":0,"opptPTS6":0,"opptPTS7":0,"opptPTS8":0}
{"_id":{"$oid":"5cb552f6e0f627212ff3bd98"},"gmDate":"2018/1/7","offLNm3":"Brown","offFNm3":"Tony","teamAbbr":"DAL","teamConf":"West","teamLoc":"Home","teamRslt":"Loss","teamPTS":96,"teamAST":22,"teamTO":7,"teamSTL":7,"teamBLK":2,"teamPF":20,"teamFGA":92,"teamFGM":35,"team2PA":68,"team2PM":29,"team3PA":24,"team3PM":6,"teamFTA":24,"teamFTM":20,"teamORB":9,"teamDRB":31,"teamPTS1":25,"teamPTS2":27,"teamPTS3":19,"teamPTS4":25,"teamPTS5":0,"teamPTS6":0,"teamPTS7":0,"teamPTS8":0,"opptAbbr":"NY","opptConf":"East","opptLoc":"Away","opptRslt":"Win","opptPTS":100,"opptAST":22,"opptTO":16,"opptSTL":4,"opptBLK":6,"opptPF":23,"opptFGA":82,"opptFGM":38,"oppt2PA":66,"oppt2PM":32,"oppt3PA":16,"oppt3PM":6,"opptFTA":20,"opptFTM":18,"opptORB":10,"opptDRB":49,"opptPTS1":33,"opptPTS2":23,"opptPTS3":19,"opptPTS4":25,"opptPTS5":0,"opptPTS6":0,"opptPTS7":0,"opptPTS8":0}
{"_id":{"$oid":"5cb552f6e0f627212ff3bda6"},"gmDate":"2018/1/9","offLNm3":"Phillips","offFNm3":"Jason","teamAbbr":"DAL","teamConf":"West","teamLoc":"Home","teamRslt":"Win","teamPTS":114,"teamAST":27,"teamTO":4,"teamSTL":6,"teamBLK":2,"teamPF":22,"teamFGA":83,"teamFGM":43,"team2PA":57,"team2PM":34,"team3PA":26,"team3PM":9,"teamFTA":22,"teamFTM":19,"teamORB":5,"teamDRB":33,"teamPTS1":25,"teamPTS2":18,"teamPTS3":39,"teamPTS4":32,"teamPTS5":0,"teamPTS6":0,"teamPTS7":0,"teamPTS8":0,"opptAbbr":"ORL","opptConf":"East","opptLoc":"Away","opptRslt":"Loss","opptPTS":99,"opptAST":27,"opptTO":13,"opptSTL":2,"opptBLK":4,"opptPF":23,"opptFGA":79,"opptFGM":36,"oppt2PA":50,"oppt2PM":25,"oppt3PA":29,"oppt3PM":11,"opptFTA":22,"opptFTM":16,"opptORB":9,"opptDRB":33,"opptPTS1":19,"opptPTS2":29,"opptPTS3":27,"opptPTS4":24,"opptPTS5":0,"opptPTS6":0,"opptPTS7":0,"opptPTS8":0}
{"_id":{"$oid":"5cb552f6e0f627212ff3bda8"},"gmDate":"2018/1/10","offLNm3":"Adams","offFNm3":"Bennie","teamAbbr":"CHA","teamConf":"East","teamLoc":"Home","teamRslt":"Loss","teamPTS":111,"teamAST":16,"teamTO":11,"teamSTL":6,"teamBLK":5,"teamPF":22,"teamFGA":84,"teamFGM":43,"team2PA":58,"team2PM":33,"team3PA":26,"team3PM":10,"teamFTA":30,"teamFTM":15,"teamORB":4,"teamDRB":39,"teamPTS1":28,"teamPTS2":24,"teamPTS3":25,"teamPTS4":34,"teamPTS5":0,"teamPTS6":0,"teamPTS7":0,"teamPTS8":0,"opptAbbr":"DAL","opptConf":"West","opptLoc":"Away","opptRslt":"Win","opptPTS":115,"opptAST":23,"opptTO":8,"opptSTL":7,"opptBLK":7,"opptPF":22,"opptFGA":83,"opptFGM":39,"oppt2PA":47,"oppt2PM":24,"oppt3PA":36,"oppt3PM":15,"opptFTA":28,"opptFTM":22,"opptORB":3,"opptDRB":36,"opptPTS1":20,"opptPTS2":39,"opptPTS3":24,"opptPTS4":32,"opptPTS5":0,"opptPTS6":0,"opptPTS7":0,"opptPTS8":0}
{"_id":{"$oid":"5cb552f6e0f627212ff3bdc0"},"gmDate":"2018/1/13","offLNm3":"Boland","offFNm3":"Matt","teamAbbr":"DAL","teamConf":"West","teamLoc":"Home","teamRslt":"Loss","teamPTS":101,"teamAST":20,"teamTO":9,"teamSTL":5,"teamBLK":1,"teamPF":17,"teamFGA":90,"teamFGM":34,"team2PA":47,"team2PM":23,"team3PA":43,"team3PM":11,"teamFTA":28,"teamFTM":22,"teamORB":4,"teamDRB":35,"teamPTS1":20,"teamPTS2":32,"teamPTS3":21,"teamPTS4":22,"teamPTS5":6,"teamPTS6":0,"teamPTS7":0,"teamPTS8":0,"opptAbbr":"LAL","opptConf":"West","opptLoc":"Away","opptRslt":"Win","opptPTS":107,"opptAST":24,"opptTO":15,"opptSTL":4,"opptBLK":0,"opptPF":31,"opptFGA":95,"opptFGM":43,"oppt2PA":69,"oppt2PM":35,"oppt3PA":26,"oppt3PM":8,"opptFTA":18,"opptFTM":13,"opptORB":11,"opptDRB":48,"opptPTS1":31,"opptPTS2":15,"opptPTS3":24,"opptPTS4":25,"opptPTS5":12,"opptPTS6":0,"opptPTS7":0,"opptPTS8":0}
{"_id":{"$oid":"5cb552f6e0f627212ff3bdd8"},"gmDate":"2018/1/16","offLNm3":"Sterling","offFNm3":"Jonathan","teamAbbr":"DEN","teamConf":"West","teamLoc":"Home","teamRslt":"Win","teamPTS":105,"teamAST":23,"teamTO":19,"teamSTL":10,"teamBLK":3,"teamPF":23,"teamFGA":86,"teamFGM":40,"team2PA":60,"team2PM":32,"team3PA":26,"team3PM":8,"teamFTA":26,"teamFTM":17,"teamORB":15,"teamDRB":32,"teamPTS1":30,"teamPTS2":31,"teamPTS3":25,"teamPTS4":19,"teamPTS5":0,"teamPTS6":0,"teamPTS7":0,"teamPTS8":0,"opptAbbr":"DAL","opptConf":"West","opptLoc":"Away","opptRslt":"Loss","opptPTS":102,"opptAST":17,"opptTO":16,"opptSTL":10,"opptBLK":3,"opptPF":24,"opptFGA":78,"opptFGM":38,"oppt2PA":51,"oppt2PM":30,"oppt3PA":27,"oppt3PM":8,"opptFTA":22,"opptFTM":18,"opptORB":5,"opptDRB":30,"opptPTS1":27,"opptPTS2":21,"opptPTS3":21,"opptPTS4":33,"opptPTS5":0,"opptPTS6":0,"opptPTS7":0,"opptPTS8":0}
{"_id":{"$oid":"5cb552f6e0f627212ff3bdf7"},"gmDate":"2018/1/20","offLNm3":"Lewis","offFNm3":"Eric","teamAbbr":"POR","teamConf":"West","teamLoc":"Home","teamRslt":"Win","teamPTS":117,"teamAST":19,"teamTO":14,"teamSTL":3,"teamBLK":3,"teamPF":23,"teamFGA":86,"teamFGM":45,"team2PA":50,"team2PM":27,"team3PA":36,"team3PM":18,"teamFTA":10,"teamFTM":9,"teamORB":9,"teamDRB":31,"teamPTS1":33,"teamPTS2":29,"teamPTS3":29,"teamPTS4":26,"teamPTS5":0,"teamPTS6":0,"teamPTS7":0,"teamPTS8":0,"opptAbbr":"DAL","opptConf":"West","opptLoc":"Away","opptRslt":"Loss","opptPTS":108,"opptAST":19,"opptTO":9,"opptSTL":9,"opptBLK":5,"opptPF":21,"opptFGA":83,"opptFGM":38,"oppt2PA":58,"oppt2PM":28,"oppt3PA":25,"oppt3PM":10,"opptFTA":28,"opptFTM":22,"opptORB":11,"opptDRB":26,"opptPTS1":20,"opptPTS2":25,"opptPTS3":34,"opptPTS4":29,"opptPTS5":0,"opptPTS6":0,"opptPTS7":0,"opptPTS8":0}
{"_id":{"$oid":"5cb552f6e0f627212ff3be02"},"gmDate":"2018/1/22","offLNm3":"Forte","offFNm3":"Brian","teamAbbr":"DAL","teamConf":"West","teamLoc":"Home","teamRslt":"Win","teamPTS":98,"teamAST":20,"teamTO":12,"teamSTL":9,"teamBLK":8,"teamPF":21,"teamFGA":86,"teamFGM":38,"team2PA":55,"team2PM":28,"team3PA":31,"team3PM":10,"teamFTA":17,"teamFTM":12,"teamORB":9,"teamDRB":43,"teamPTS1":22,"teamPTS2":31,"teamPTS3":18,"teamPTS4":27,"teamPTS5":0,"teamPTS6":0,"teamPTS7":0,"teamPTS8":0,"opptAbbr":"WAS","opptConf":"East","opptLoc":"Away","opptRslt":"Loss","opptPTS":75,"opptAST":15,"opptTO":12,"opptSTL":8,"opptBLK":4,"opptPF":18,"opptFGA":85,"opptFGM":26,"oppt2PA":53,"oppt2PM":19,"oppt3PA":32,"oppt3PM":7,"opptFTA":27,"opptFTM":16,"opptORB":16,"opptDRB":29,"opptPTS1":22,"opptPTS2":15,"opptPTS3":17,"opptPTS4":21,"opptPTS5":0,"opptPTS6":0,"opptPTS7":0,"opptPTS8":0}
{"_id":{"$oid":"5cb552f6e0f627212ff3be0f"},"gmDate":"2018/1/24","offLNm3":"Kennedy","offFNm3":"Bill","teamAbbr":"DAL","teamConf":"West","teamLoc":"Home","teamRslt":"Loss","teamPTS":97,"teamAST":24,"teamTO":14,"teamSTL":5,"teamBLK":2,"teamPF":21,"teamFGA":82,"teamFGM":35,"team2PA":47,"team2PM":20,"team3PA":35,"team3PM":15,"teamFTA":18,"teamFTM":12,"teamORB":9,"teamDRB":40,"teamPTS1":28,"teamPTS2":17,"teamPTS3":22,"teamPTS4":30,"teamPTS5":0,"teamPTS6":0,"teamPTS7":0,"teamPTS8":0,"opptAbbr":"HOU","opptConf":"West","opptLoc":"Away","opptRslt":"Win","opptPTS":104,"opptAST":20,"opptTO":10,"opptSTL":8,"opptBLK":3,"opptPF":19,"opptFGA":82,"opptFGM":36,"oppt2PA":31,"oppt2PM":15,"oppt3PA":51,"oppt3PM":21,"opptFTA":23,"opptFTM":11,"opptORB":7,"opptDRB":37,"opptPTS1":38,"opptPTS2":13,"opptPTS3":34,"opptPTS4":19,"opptPTS5":0,"opptPTS6":0,"opptPTS7":0,"opptPTS8":0}
{"_id":{"$oid":"5cb552f6e0f627212ff3be1e"},"gmDate":"2018/1/26","offLNm3":"Adams","offFNm3":"Bennie","teamAbbr":"DAL","teamConf":"West","teamLoc":"Home","teamRslt":"Loss","teamPTS":93,"teamAST":17,"teamTO":5,"teamSTL":9,"teamBLK":3,"teamPF":19,"teamFGA":89,"teamFGM":35,"team2PA":59,"team2PM":25,"team3PA":30,"team3PM":10,"teamFTA":17,"teamFTM":13,"teamORB":8,"teamDRB":29,"teamPTS1":25,"teamPTS2":19,"teamPTS3":24,"teamPTS4":25,"teamPTS5":0,"teamPTS6":0,"teamPTS7":0,"teamPTS8":0,"opptAbbr":"POR","opptConf":"West","opptLoc":"Away","opptRslt":"Win","opptPTS":107,"opptAST":20,"opptTO":15,"opptSTL":4,"opptBLK":6,"opptPF":17,"opptFGA":79,"opptFGM":39,"oppt2PA":49,"oppt2PM":29,"oppt3PA":30,"oppt3PM":10,"opptFTA":23,"opptFTM":19,"opptORB":10,"opptDRB":44,"opptPTS1":17,"opptPTS2":35,"opptPTS3":23,"opptPTS4":32,"opptPTS5":0,"opptPTS6":0,"opptPTS7":0,"opptPTS8":0}
{"_id":{"$oid":"5cb552f6e0f627212ff3be26"},"gmDate":"2018/1/27","offLNm3":"Richardson","offFNm3":"Derek","teamAbbr":"DEN","teamConf":"West","teamLoc":"Home","teamRslt":"Win","teamPTS":91,"teamAST":23,"teamTO":16,"teamSTL":6,"teamBLK":8,"teamPF":21,"teamFGA":81,"teamFGM":34,"team2PA":48,"team2PM":22,"team3PA":33,"team3PM":12,"teamFTA":15,"teamFTM":11,"teamORB":9,"teamDRB":44,"teamPTS1":30,"teamPTS2":20,"teamPTS3":16,"teamPTS4":25,"teamPTS5":0,"teamPTS6":0,"teamPTS7":0,"teamPTS8":0,"opptAbbr":"DAL","opptConf":"West","opptLoc":"Away","opptRslt":"Loss","opptPTS":89,"opptAST":17,"opptTO":8,"opptSTL":8,"opptBLK":5,"opptPF":15,"opptFGA":85,"opptFGM":34,"oppt2PA":54,"oppt2PM":23,"oppt3PA":31,"oppt3PM":11,"opptFTA":19,"opptFTM":10,"opptORB":8,"opptDRB":35,"opptPTS1":26,"opptPTS2":16,"opptPTS3":32,"opptPTS4":15,"opptPTS5":0,"opptPTS6":0,"opptPTS7":0,"opptPTS8":0}
{"_id":{"$oid":"5cb552f6e0f627212ff3be33"},"gmDate":"2018/1/29","offLNm3":"Stafford","offFNm3":"Derrick","teamAbbr":"DAL","teamConf":"West","teamLoc":"Home","teamRslt":"Loss","teamPTS":88,"teamAST":20,"teamTO":12,"teamSTL":10,"teamBLK":3,"teamPF":22,"teamFGA":86,"teamFGM":33,"team2PA":57,"team2PM":25,"team3PA":29,"team3PM":8,"teamFTA":16,"teamFTM":14,"teamORB":11,"teamDRB":29,"teamPTS1":26,"teamPTS2":20,"teamPTS3":15,"teamPTS4":27,"teamPTS5":0,"teamPTS6":0,"teamPTS7":0,"teamPTS8":0,"opptAbbr":"MIA","opptConf":"East","opptLoc":"Away","opptRslt":"Win","opptPTS":95,"opptAST":23,"opptTO":17,"opptSTL":9,"opptBLK":11,"opptPF":19,"opptFGA":75,"opptFGM":34,"oppt2PA":44,"oppt2PM":22,"oppt3PA":31,"oppt3PM":12,"opptFTA":19,"opptFTM":15,"opptORB":11,"opptDRB":30,"opptPTS1":22,"opptPTS2":29,"opptPTS3":24,"opptPTS4":20,"opptPTS5":0,"opptPTS6":0,"opptPTS7":0,"opptPTS8":0}
{"_id":{"$oid":"5cb552f6e0f627212ff3be45"},"gmDate":"2018/1/31","offLNm3":"Capers","offFNm3":"James","teamAbbr":"PHO","teamConf":"West","teamLoc":"Home","teamRslt":"Win","teamPTS":102,"teamAST":23,"teamTO":18,"teamSTL":9,"teamBLK":3,"teamPF":29,"teamFGA":83,"teamFGM":40,"team2PA":53,"team2PM":29,"team3PA":30,"team3PM":11,"teamFTA":15,"teamFTM":11,"teamORB":8,"teamDRB":39,"teamPTS1":36,"teamPTS2":21,"teamPTS3":24,"teamPTS4":21,"teamPTS5":0,"teamPTS6":0,"teamPTS7":0,"teamPTS8":0,"opptAbbr":"DAL","opptConf":"West","opptLoc":"Away","opptRslt":"Loss","opptPTS":88,"opptAST":18,"opptTO":12,"opptSTL":11,"opptBLK":4,"opptPF":18,"opptFGA":88,"opptFGM":32,"oppt2PA":52,"oppt2PM":22,"oppt3PA":36,"oppt3PM":10,"opptFTA":26,"opptFTM":14,"opptORB":15,"opptDRB":34,"opptPTS1":17,"opptPTS2":29,"opptPTS3":15,"opptPTS4":27,"opptPTS5":0,"opptPTS6":0,"opptPTS7":0,"opptPTS8":0}
{"_id":{"$oid":"5cb552f6e0f627212ff3be5c"},"gmDate":"2018/2/3","offLNm3":"Garretson","offFNm3":"Ron","teamAbbr":"SAC","teamConf":"West","teamLoc":"Home","teamRslt":"Loss","teamPTS":99,"teamAST":23,"teamTO":16,"teamSTL":12,"teamBLK":3,"teamPF":21,"teamFGA":82,"teamFGM":43,"team2PA":55,"team2PM":35,"team3PA":27,"team3PM":8,"teamFTA":6,"teamFTM":5,"teamORB":7,"teamDRB":24,"teamPTS1":28,"teamPTS2":26,"teamPTS3":31,"teamPTS4":14,"teamPTS5":0,"teamPTS6":0,"teamPTS7":0,"teamPTS8":0,"opptAbbr":"DAL","opptConf":"West","opptLoc":"Away","opptRslt":"Win","opptPTS":106,"opptAST":28,"opptTO":15,"opptSTL":8,"opptBLK":0,"opptPF":12,"opptFGA":83,"opptFGM":41,"oppt2PA":42,"oppt2PM":28,"oppt3PA":41,"oppt3PM":13,"opptFTA":14,"opptFTM":11,"opptORB":10,"opptDRB":27,"opptPTS1":27,"opptPTS2":29,"opptPTS3":25,"opptPTS4":25,"opptPTS5":0,"opptPTS6":0,"opptPTS7":0,"opptPTS8":0}
{"_id":{"$oid":"5cb552f6e0f627212ff3be69"},"gmDate":"2018/2/5","offLNm3":"Acosta","offFNm3":"Ray","teamAbbr":"LAC","teamConf":"West","teamLoc":"Home","teamRslt":"Win","teamPTS":104,"teamAST":28,"teamTO":13,"teamSTL":10,"teamBLK":3,"teamPF":16,"teamFGA":87,"teamFGM":42,"team2PA":60,"team2PM":32,"team3PA":27,"team3PM":10,"teamFTA":12,"teamFTM":10,"teamORB":5,"teamDRB":34,"teamPTS1":32,"teamPTS2":26,"teamPTS3":20,"teamPTS4":26,"teamPTS5":0,"teamPTS6":0,"teamPTS7":0,"teamPTS8":0,"opptAbbr":"DAL","opptConf":"West","opptLoc":"Away","opptRslt":"Loss","opptPTS":101,"opptAST":22,"opptTO":20,"opptSTL":5,"opptBLK":5,"opptPF":23,"opptFGA":80,"opptFGM":33,"oppt2PA":38,"oppt2PM":16,"oppt3PA":42,"oppt3PM":17,"opptFTA":20,"opptFTM":18,"opptORB":7,"opptDRB":31,"opptPTS1":28,"opptPTS2":27,"opptPTS3":27,"opptPTS4":19,"opptPTS5":0,"opptPTS6":0,"opptPTS7":0,"opptPTS8":0}
{"_id":{"$oid":"5cb552f6e0f627212ff3be7b"},"gmDate":"2018/2/8","offLNm3":"Maddox","offFNm3":"Tre","teamAbbr":"GS","teamConf":"West","teamLoc":"Home","teamRslt":"Win","teamPTS":121,"teamAST":37,"teamTO":16,"teamSTL":6,"teamBLK":8,"teamPF":18,"teamFGA":88,"teamFGM":45,"team2PA":59,"team2PM":31,"team3PA":29,"team3PM":14,"teamFTA":20,"teamFTM":17,"teamORB":18,"teamDRB":33,"teamPTS1":23,"teamPTS2":37,"teamPTS3":33,"teamPTS4":28,"teamPTS5":0,"teamPTS6":0,"teamPTS7":0,"teamPTS8":0,"opptAbbr":"DAL","opptConf":"West","opptLoc":"Away","opptRslt":"Loss","opptPTS":103,"opptAST":19,"opptTO":12,"opptSTL":15,"opptBLK":7,"opptPF":16,"opptFGA":93,"opptFGM":40,"oppt2PA":56,"oppt2PM":31,"oppt3PA":37,"oppt3PM":9,"opptFTA":17,"opptFTM":14,"opptORB":10,"opptDRB":25,"opptPTS1":33,"opptPTS2":27,"opptPTS3":25,"opptPTS4":18,"opptPTS5":0,"opptPTS6":0,"opptPTS7":0,"opptPTS8":0}
{"_id":{"$oid":"5cb552f6e0f627212ff3be8a"},"gmDate":"2018/2/10","offLNm3":"Brown","offFNm3":"Tony","teamAbbr":"DAL","teamConf":"West","teamLoc":"Home","teamRslt":"Win","teamPTS":130,"teamAST":32,"teamTO":11,"teamSTL":8,"teamBLK":3,"teamPF":21,"teamFGA":89,"teamFGM":48,"team2PA":62,"team2PM":36,"team3PA":27,"team3PM":12,"teamFTA":27,"teamFTM":22,"teamORB":10,"teamDRB":30,"teamPTS1":34,"teamPTS2":31,"teamPTS3":35,"teamPTS4":30,"teamPTS5":0,"teamPTS6":0,"teamPTS7":0,"teamPTS8":0,"opptAbbr":"LAL","opptConf":"West","opptLoc":"Away","opptRslt":"Loss","opptPTS":123,"opptAST":29,"opptTO":17,"opptSTL":7,"opptBLK":0,"opptPF":25,"opptFGA":84,"opptFGM":46,"oppt2PA":50,"oppt2PM":30,"oppt3PA":34,"oppt3PM":16,"opptFTA":22,"opptFTM":15,"opptORB":9,"opptDRB":28,"opptPTS1":36,"opptPTS2":30,"opptPTS3":29,"opptPTS4":28,"opptPTS5":0,"opptPTS6":0,"opptPTS7":0,"opptPTS8":0}
{"_id":{"$oid":"5cb552f6e0f627212ff3be91"},"gmDate":"2018/2/11","offLNm3":"Capers","offFNm3":"James","teamAbbr":"HOU","teamConf":"West","teamLoc":"Home","teamRslt":"Win","teamPTS":104,"teamAST":15,"teamTO":9,"teamSTL":9,"teamBLK":7,"teamPF":18,"teamFGA":78,"teamFGM":34,"team2PA":33,"team2PM":21,"team3PA":45,"team3PM":13,"teamFTA":33,"teamFTM":23,"teamORB":2,"teamDRB":40,"teamPTS1":27,"teamPTS2":30,"teamPTS3":30,"teamPTS4":17,"teamPTS5":0,"teamPTS6":0,"teamPTS7":0,"teamPTS8":0,"opptAbbr":"DAL","opptConf":"West","opptLoc":"Away","opptRslt":"Loss","opptPTS":97,"opptAST":26,"opptTO":14,"opptSTL":6,"opptBLK":4,"opptPF":25,"opptFGA":93,"opptFGM":38,"oppt2PA":62,"oppt2PM":28,"oppt3PA":31,"oppt3PM":10,"opptFTA":16,"opptFTM":11,"opptORB":12,"opptDRB":40,"opptPTS1":19,"opptPTS2":36,"opptPTS3":20,"opptPTS4":22,"opptPTS5":0,"opptPTS6":0,"opptPTS7":0,"opptPTS8":0}
{"_id":{"$oid":"5cb552f6e0f627212ff3be9f"},"gmDate":"2018/2/13","offLNm3":"Ervin","offFNm3":"Mitchell","teamAbbr":"DAL","teamConf":"West","teamLoc":"Home","teamRslt":"Loss","teamPTS":109,"teamAST":29,"teamTO":9,"teamSTL":4,"teamBLK":4,"teamPF":15,"teamFGA":83,"teamFGM":38,"team2PA":43,"team2PM":23,"team3PA":40,"team3PM":15,"teamFTA":23,"teamFTM":18,"teamORB":4,"teamDRB":33,"teamPTS1":16,"teamPTS2":28,"teamPTS3":27,"teamPTS4":38,"teamPTS5":0,"teamPTS6":0,"teamPTS7":0,"teamPTS8":0,"opptAbbr":"SAC","opptConf":"West","opptLoc":"Away","opptRslt":"Win","opptPTS":114,"opptAST":30,"opptTO":9,"opptSTL":6,"opptBLK":4,"opptPF":19,"opptFGA":87,"opptFGM":47,"oppt2PA":58,"oppt2PM":35,"oppt3PA":29,"oppt3PM":12,"opptFTA":12,"opptFTM":8,"opptORB":5,"opptDRB":33,"opptPTS1":29,"opptPTS2":36,"opptPTS3":23,"opptPTS4":26,"opptPTS5":0,"opptPTS6":0,"opptPTS7":0,"opptPTS8":0}
{"_id":{"$oid":"5cb552f6e0f627212ff3bec0"},"gmDate":"2018/2/23","offLNm3":"Lewis","offFNm3":"Eric","teamAbbr":"LAL","teamConf":"West","teamLoc":"Home","teamRslt":"Win","teamPTS":124,"teamAST":32,"teamTO":16,"teamSTL":8,"teamBLK":6,"teamPF":17,"teamFGA":93,"teamFGM":48,"team2PA":60,"team2PM":35,"team3PA":33,"team3PM":13,"teamFTA":20,"teamFTM":15,"teamORB":13,"teamDRB":49,"teamPTS1":32,"teamPTS2":31,"teamPTS3":32,"teamPTS4":29,"teamPTS5":0,"teamPTS6":0,"teamPTS7":0,"teamPTS8":0,"opptAbbr":"DAL","opptConf":"West","opptLoc":"Away","opptRslt":"Loss","opptPTS":102,"opptAST":25,"opptTO":11,"opptSTL":9,"opptBLK":8,"opptPF":19,"opptFGA":91,"opptFGM":37,"oppt2PA":49,"oppt2PM":18,"oppt3PA":42,"oppt3PM":19,"opptFTA":11,"opptFTM":9,"opptORB":3,"opptDRB":26,"opptPTS1":17,"opptPTS2":24,"opptPTS3":35,"opptPTS4":26,"opptPTS5":0,"opptPTS6":0,"opptPTS7":0,"opptPTS8":0}
{"_id":{"$oid":"5cb552f6e0f627212ff3bec6"},"gmDate":"2018/2/24","offLNm3":"Sterling","offFNm3":"Jonathan","teamAbbr":"UTA","teamConf":"West","teamLoc":"Home","teamRslt":"Win","teamPTS":97,"teamAST":26,"teamTO":12,"teamSTL":6,"teamBLK":3,"teamPF":19,"teamFGA":85,"teamFGM":34,"team2PA":53,"team2PM":25,"team3PA":32,"team3PM":9,"teamFTA":26,"teamFTM":20,"teamORB":9,"teamDRB":35,"teamPTS1":35,"teamPTS2":18,"teamPTS3":21,"teamPTS4":23,"teamPTS5":0,"teamPTS6":0,"teamPTS7":0,"teamPTS8":0,"opptAbbr":"DAL","opptConf":"West","opptLoc":"Away","opptRslt":"Loss","opptPTS":90,"opptAST":19,"opptTO":16,"opptSTL":6,"opptBLK":4,"opptPF":23,"opptFGA":83,"opptFGM":34,"oppt2PA":48,"oppt2PM":24,"oppt3PA":35,"oppt3PM":10,"opptFTA":14,"opptFTM":12,"opptORB":5,"opptDRB":39,"opptPTS1":23,"opptPTS2":27,"opptPTS3":21,"opptPTS4":19,"opptPTS5":0,"opptPTS6":0,"opptPTS7":0,"opptPTS8":0}
{"_id":{"$oid":"5cb552f6e0f627212ff3bed3"},"gmDate":"2018/2/26","offLNm3":"Brothers","offFNm3":"Tony","teamAbbr":"DAL","teamConf":"West","teamLoc":"Home","teamRslt":"Win","teamPTS":109,"teamAST":20,"teamTO":10,"teamSTL":9,"teamBLK":3,"teamPF":21,"teamFGA":88,"teamFGM":40,"team2PA":51,"team2PM":26,"team3PA":37,"team3PM":14,"teamFTA":18,"teamFTM":15,"teamORB":7,"teamDRB":37,"teamPTS1":23,"teamPTS2":26,"teamPTS3":19,"teamPTS4":41,"teamPTS5":0,"teamPTS6":0,"teamPTS7":0,"teamPTS8":0,"opptAbbr":"IND","opptConf":"East","opptLoc":"Away","opptRslt":"Loss","opptPTS":103,"opptAST":22,"opptTO":12,"opptSTL":6,"opptBLK":4,"opptPF":19,"opptFGA":87,"opptFGM":41,"oppt2PA":67,"oppt2PM":36,"oppt3PA":20,"oppt3PM":5,"opptFTA":23,"opptFTM":16,"opptORB":9,"opptDRB":41,"opptPTS1":23,"opptPTS2":20,"opptPTS3":22,"opptPTS4":38,"opptPTS5":0,"opptPTS6":0,"opptPTS7":0,"opptPTS8":0}
{"_id":{"$oid":"5cb552f6e0f627212ff3bee3"},"gmDate":"2018/2/28","offLNm3":"Callahan","offFNm3":"Mike","teamAbbr":"DAL","teamConf":"West","teamLoc":"Home","teamRslt":"Loss","teamPTS":110,"teamAST":30,"teamTO":17,"teamSTL":11,"teamBLK":1,"teamPF":22,"teamFGA":91,"teamFGM":44,"team2PA":55,"team2PM":31,"team3PA":36,"team3PM":13,"teamFTA":15,"teamFTM":9,"teamORB":8,"teamDRB":28,"teamPTS1":21,"teamPTS2":22,"teamPTS3":33,"teamPTS4":24,"teamPTS5":10,"teamPTS6":0,"teamPTS7":0,"teamPTS8":0,"opptAbbr":"OKC","opptConf":"West","opptLoc":"Away","opptRslt":"Win","opptPTS":111,"opptAST":19,"opptTO":22,"opptSTL":7,"opptBLK":2,"opptPF":24,"opptFGA":93,"opptFGM":42,"oppt2PA":57,"oppt2PM":32,"oppt3PA":36,"oppt3PM":10,"opptFTA":19,"opptFTM":17,"opptORB":19,"opptDRB":37,"opptPTS1":32,"opptPTS2":22,"opptPTS3":23,"opptPTS4":23,"opptPTS5":11,"opptPTS6":0,"opptPTS7":0,"opptPTS8":0}
{"_id":{"$oid":"5cb552f6e0f627212ff3beed"},"gmDate":"2018/3/2","offLNm3":"Davis","offFNm3":"Marc","teamAbbr":"CHI","teamConf":"East","teamLoc":"Home","teamRslt":"Win","teamPTS":108,"teamAST":24,"teamTO":13,"teamSTL":9,"teamBLK":2,"teamPF":18,"teamFGA":89,"teamFGM":42,"team2PA":62,"team2PM":32,"team3PA":27,"team3PM":10,"teamFTA":20,"teamFTM":14,"teamORB":11,"teamDRB":35,"teamPTS1":24,"teamPTS2":23,"teamPTS3":31,"teamPTS4":30,"teamPTS5":0,"teamPTS6":0,"teamPTS7":0,"teamPTS8":0,"opptAbbr":"DAL","opptConf":"West","opptLoc":"Away","opptRslt":"Loss","opptPTS":100,"opptAST":21,"opptTO":16,"opptSTL":6,"opptBLK":4,"opptPF":15,"opptFGA":84,"opptFGM":35,"oppt2PA":55,"oppt2PM":22,"oppt3PA":29,"oppt3PM":13,"opptFTA":21,"opptFTM":17,"opptORB":12,"opptDRB":33,"opptPTS1":32,"opptPTS2":17,"opptPTS3":36,"opptPTS4":15,"opptPTS5":0,"opptPTS6":0,"opptPTS7":0,"opptPTS8":0}
{"_id":{"$oid":"5cb552f6e0f627212ff3befe"},"gmDate":"2018/3/4","offLNm3":"Ayotte","offFNm3":"Mark","teamAbbr":"DAL","teamConf":"West","teamLoc":"Home","teamRslt":"Loss","teamPTS":109,"teamAST":25,"teamTO":12,"teamSTL":5,"teamBLK":2,"teamPF":20,"teamFGA":90,"teamFGM":40,"team2PA":67,"team2PM":30,"team3PA":23,"team3PM":10,"teamFTA":25,"teamFTM":19,"teamORB":10,"teamDRB":33,"teamPTS1":25,"teamPTS2":24,"teamPTS3":29,"teamPTS4":31,"teamPTS5":0,"teamPTS6":0,"teamPTS7":0,"teamPTS8":0,"opptAbbr":"NO","opptConf":"West","opptLoc":"Away","opptRslt":"Win","opptPTS":126,"opptAST":27,"opptTO":12,"opptSTL":9,"opptBLK":4,"opptPF":21,"opptFGA":91,"opptFGM":49,"oppt2PA":65,"oppt2PM":37,"oppt3PA":26,"oppt3PM":12,"opptFTA":21,"opptFTM":16,"opptORB":6,"opptDRB":41,"opptPTS1":33,"opptPTS2":32,"opptPTS3":26,"opptPTS4":35,"opptPTS5":0,"opptPTS6":0,"opptPTS7":0,"opptPTS8":0}
{"_id":{"$oid":"5cb552f6e0f627212ff3bf0d"},"gmDate":"2018/3/6","offLNm3":"Capers","offFNm3":"James","teamAbbr":"DAL","teamConf":"West","teamLoc":"Home","teamRslt":"Win","teamPTS":118,"teamAST":24,"teamTO":16,"teamSTL":8,"teamBLK":3,"teamPF":20,"teamFGA":90,"teamFGM":43,"team2PA":63,"team2PM":28,"team3PA":27,"team3PM":15,"teamFTA":23,"teamFTM":17,"teamORB":9,"teamDRB":42,"teamPTS1":29,"teamPTS2":29,"teamPTS3":38,"teamPTS4":22,"teamPTS5":0,"teamPTS6":0,"teamPTS7":0,"teamPTS8":0,"opptAbbr":"DEN","opptConf":"West","opptLoc":"Away","opptRslt":"Loss","opptPTS":107,"opptAST":23,"opptTO":14,"opptSTL":5,"opptBLK":8,"opptPF":16,"opptFGA":92,"opptFGM":38,"oppt2PA":56,"oppt2PM":27,"oppt3PA":36,"oppt3PM":11,"opptFTA":26,"opptFTM":20,"opptORB":11,"opptDRB":38,"opptPTS1":25,"opptPTS2":37,"opptPTS3":23,"opptPTS4":22,"opptPTS5":0,"opptPTS6":0,"opptPTS7":0,"opptPTS8":0}
{"_id":{"$oid":"5cb552f6e0f627212ff3bf29"},"gmDate":"2018/3/10","offLNm3":"Malloy","offFNm3":"Ed","teamAbbr":"DAL","teamConf":"West","teamLoc":"Home","teamRslt":"Win","teamPTS":114,"teamAST":21,"teamTO":11,"teamSTL":8,"teamBLK":3,"teamPF":18,"teamFGA":77,"teamFGM":37,"team2PA":48,"team2PM":27,"team3PA":29,"team3PM":10,"teamFTA":35,"teamFTM":30,"teamORB":9,"teamDRB":43,"teamPTS1":31,"teamPTS2":25,"teamPTS3":28,"teamPTS4":30,"teamPTS5":0,"teamPTS6":0,"teamPTS7":0,"teamPTS8":0,"opptAbbr":"MEM","opptConf":"West","opptLoc":"Away","opptRslt":"Loss","opptPTS":80,"opptAST":19,"opptTO":14,"opptSTL":4,"opptBLK":4,"opptPF":24,"opptFGA":84,"opptFGM":30,"oppt2PA":66,"oppt2PM":23,"oppt3PA":18,"oppt3PM":7,"opptFTA":17,"opptFTM":13,"opptORB":9,"opptDRB":32,"opptPTS1":13,"opptPTS2":17,"opptPTS3":33,"opptPTS4":17,"opptPTS5":0,"opptPTS6":0,"opptPTS7":0,"opptPTS8":0}
{"_id":{"$oid":"5cb552f6e0f627212ff3bf31"},"gmDate":"2018/3/11","offLNm3":"Spooner","offFNm3":"Bill","teamAbbr":"DAL","teamConf":"West","teamLoc":"Home","teamRslt":"Loss","teamPTS":82,"teamAST":27,"teamTO":10,"teamSTL":5,"teamBLK":2,"teamPF":18,"teamFGA":94,"teamFGM":33,"team2PA":63,"team2PM":28,"team3PA":31,"team3PM":5,"teamFTA":18,"teamFTM":11,"teamORB":17,"teamDRB":36,"teamPTS1":14,"teamPTS2":33,"teamPTS3":16,"teamPTS4":19,"teamPTS5":0,"teamPTS6":0,"teamPTS7":0,"teamPTS8":0,"opptAbbr":"HOU","opptConf":"West","opptLoc":"Away","opptRslt":"Win","opptPTS":105,"opptAST":21,"opptTO":11,"opptSTL":5,"opptBLK":5,"opptPF":22,"opptFGA":84,"opptFGM":39,"oppt2PA":39,"oppt2PM":22,"oppt3PA":45,"oppt3PM":17,"opptFTA":14,"opptFTM":10,"opptORB":6,"opptDRB":39,"opptPTS1":25,"opptPTS2":23,"opptPTS3":32,"opptPTS4":25,"opptPTS5":0,"opptPTS6":0,"opptPTS7":0,"opptPTS8":0}
{"_id":{"$oid":"5cb552f6e0f627212ff3bf3e"},"gmDate":"2018/3/13","offLNm3":"Sterling","offFNm3":"Jonathan","teamAbbr":"NY","teamConf":"East","teamLoc":"Home","teamRslt":"Loss","teamPTS":97,"teamAST":19,"teamTO":19,"teamSTL":9,"teamBLK":1,"teamPF":18,"teamFGA":82,"teamFGM":40,"team2PA":57,"team2PM":32,"team3PA":25,"team3PM":8,"teamFTA":12,"teamFTM":9,"teamORB":10,"teamDRB":34,"teamPTS1":31,"teamPTS2":29,"teamPTS3":12,"teamPTS4":25,"teamPTS5":0,"teamPTS6":0,"teamPTS7":0,"teamPTS8":0,"opptAbbr":"DAL","opptConf":"West","opptLoc":"Away","opptRslt":"Win","opptPTS":110,"opptAST":22,"opptTO":12,"opptSTL":11,"opptBLK":1,"opptPF":15,"opptFGA":89,"opptFGM":40,"oppt2PA":54,"oppt2PM":26,"oppt3PA":35,"oppt3PM":14,"opptFTA":18,"opptFTM":16,"opptORB":12,"opptDRB":28,"opptPTS1":29,"opptPTS2":28,"opptPTS3":26,"opptPTS4":27,"opptPTS5":0,"opptPTS6":0,"opptPTS7":0,"opptPTS8":0}
{"_id":{"$oid":"5cb552f6e0f627212ff3bf55"},"gmDate":"2018/3/16","offLNm3":"Ford","offFNm3":"Tyler","teamAbbr":"TOR","teamConf":"East","teamLoc":"Home","teamRslt":"Win","teamPTS":122,"teamAST":26,"teamTO":14,"teamSTL":5,"teamBLK":8,"teamPF":21,"teamFGA":91,"teamFGM":43,"team2PA":61,"team2PM":33,"team3PA":30,"team3PM":10,"teamFTA":31,"teamFTM":26,"teamORB":12,"teamDRB":33,"teamPTS1":29,"teamPTS2":25,"teamPTS3":24,"teamPTS4":28,"teamPTS5":16,"teamPTS6":0,"teamPTS7":0,"teamPTS8":0,"opptAbbr":"DAL","opptConf":"West","opptLoc":"Away","opptRslt":"Loss","opptPTS":115,"opptAST":25,"opptTO":12,"opptSTL":7,"opptBLK":5,"opptPF":27,"opptFGA":91,"opptFGM":48,"oppt2PA":69,"oppt2PM":42,"oppt3PA":22,"oppt3PM":6,"opptFTA":18,"opptFTM":13,"opptORB":6,"opptDRB":30,"opptPTS1":27,"opptPTS2":33,"opptPTS3":24,"opptPTS4":22,"opptPTS5":9,"opptPTS6":0,"opptPTS7":0,"opptPTS8":0}
{"_id":{"$oid":"5cb552f6e0f627212ff3bf5a"},"gmDate":"2018/3/17","offLNm3":"Acosta","offFNm3":"Ray","teamAbbr":"BKN","teamConf":"East","teamLoc":"Home","teamRslt":"Win","teamPTS":114,"teamAST":25,"teamTO":10,"teamSTL":4,"teamBLK":6,"teamPF":14,"teamFGA":84,"teamFGM":43,"team2PA":48,"team2PM":29,"team3PA":36,"team3PM":14,"teamFTA":19,"teamFTM":14,"teamORB":10,"teamDRB":33,"teamPTS1":30,"teamPTS2":29,"teamPTS3":29,"teamPTS4":26,"teamPTS5":0,"teamPTS6":0,"teamPTS7":0,"teamPTS8":0,"opptAbbr":"DAL","opptConf":"West","opptLoc":"Away","opptRslt":"Loss","opptPTS":106,"opptAST":25,"opptTO":10,"opptSTL":5,"opptBLK":3,"opptPF":21,"opptFGA":92,"opptFGM":41,"oppt2PA":70,"oppt2PM":29,"oppt3PA":22,"oppt3PM":12,"opptFTA":14,"opptFTM":12,"opptORB":13,"opptDRB":32,"opptPTS1":24,"opptPTS2":32,"opptPTS3":33,"opptPTS4":17,"opptPTS5":0,"opptPTS6":0,"opptPTS7":0,"opptPTS8":0}
{"_id":{"$oid":"5cb552f6e0f627212ff3bf73"},"gmDate":"2018/3/20","offLNm3":"DeRosa","offFNm3":"Joe","teamAbbr":"NO","teamConf":"West","teamLoc":"Home","teamRslt":"Win","teamPTS":115,"teamAST":33,"teamTO":9,"teamSTL":5,"teamBLK":2,"teamPF":11,"teamFGA":91,"teamFGM":48,"team2PA":66,"team2PM":38,"team3PA":25,"team3PM":10,"teamFTA":15,"teamFTM":9,"teamORB":9,"teamDRB":37,"teamPTS1":29,"teamPTS2":25,"teamPTS3":26,"teamPTS4":35,"teamPTS5":0,"teamPTS6":0,"teamPTS7":0,"teamPTS8":0,"opptAbbr":"DAL","opptConf":"West","opptLoc":"Away","opptRslt":"Loss","opptPTS":105,"opptAST":25,"opptTO":8,"opptSTL":4,"opptBLK":2,"opptPF":14,"opptFGA":90,"opptFGM":43,"oppt2PA":55,"oppt2PM":33,"oppt3PA":35,"oppt3PM":10,"opptFTA":11,"opptFTM":9,"opptORB":9,"opptDRB":31,"opptPTS1":30,"opptPTS2":22,"opptPTS3":28,"opptPTS4":25,"opptPTS5":0,"opptPTS6":0,"opptPTS7":0,"opptPTS8":0}
{"_id":{"$oid":"5cb552f6e0f627212ff3bf82"},"gmDate":"2018/3/22","offLNm3":"Zarba","offFNm3":"Zach","teamAbbr":"DAL","teamConf":"West","teamLoc":"Home","teamRslt":"Loss","teamPTS":112,"teamAST":22,"teamTO":15,"teamSTL":5,"teamBLK":7,"teamPF":16,"teamFGA":85,"teamFGM":42,"team2PA":53,"team2PM":25,"team3PA":32,"team3PM":17,"teamFTA":14,"teamFTM":11,"teamORB":8,"teamDRB":27,"teamPTS1":34,"teamPTS2":24,"teamPTS3":23,"teamPTS4":31,"teamPTS5":0,"teamPTS6":0,"teamPTS7":0,"teamPTS8":0,"opptAbbr":"UTA","opptConf":"West","opptLoc":"Away","opptRslt":"Win","opptPTS":119,"opptAST":32,"opptTO":11,"opptSTL":11,"opptBLK":6,"opptPF":19,"opptFGA":87,"opptFGM":46,"oppt2PA":58,"oppt2PM":34,"oppt3PA":29,"oppt3PM":12,"opptFTA":16,"opptFTM":15,"opptORB":8,"opptDRB":31,"opptPTS1":37,"opptPTS2":28,"opptPTS3":31,"opptPTS4":23,"opptPTS5":0,"opptPTS6":0,"opptPTS7":0,"opptPTS8":0}
{"_id":{"$oid":"5cb552f6e0f627212ff3bf93"},"gmDate":"2018/3/24","offLNm3":"Van Duyne","offFNm3":"Justin","teamAbbr":"DAL","teamConf":"West","teamLoc":"Home","teamRslt":"Loss","teamPTS":98,"teamAST":22,"teamTO":12,"teamSTL":10,"teamBLK":6,"teamPF":22,"teamFGA":91,"teamFGM":36,"team2PA":50,"team2PM":24,"team3PA":41,"team3PM":12,"teamFTA":19,"teamFTM":14,"teamORB":5,"teamDRB":47,"teamPTS1":27,"teamPTS2":21,"teamPTS3":22,"teamPTS4":28,"teamPTS5":0,"teamPTS6":0,"teamPTS7":0,"teamPTS8":0,"opptAbbr":"CHA","opptConf":"East","opptLoc":"Away","opptRslt":"Win","opptPTS":102,"opptAST":21,"opptTO":13,"opptSTL":10,"opptBLK":4,"opptPF":14,"opptFGA":92,"opptFGM":35,"oppt2PA":67,"oppt2PM":23,"oppt3PA":25,"oppt3PM":12,"opptFTA":29,"opptFTM":20,"opptORB":13,"opptDRB":49,"opptPTS1":22,"opptPTS2":32,"opptPTS3":25,"opptPTS4":23,"opptPTS5":0,"opptPTS6":0,"opptPTS7":0,"opptPTS8":0}
{"_id":{"$oid":"5cb552f6e0f627212ff3bfa7"},"gmDate":"2018/3/27","offLNm3":"Wall","offFNm3":"Scott","teamAbbr":"SAC","teamConf":"West","teamLoc":"Home","teamRslt":"Loss","teamPTS":97,"teamAST":25,"teamTO":10,"teamSTL":6,"teamBLK":6,"teamPF":22,"teamFGA":93,"teamFGM":38,"team2PA":70,"team2PM":32,"team3PA":23,"team3PM":6,"teamFTA":19,"teamFTM":15,"teamORB":10,"teamDRB":35,"teamPTS1":20,"teamPTS2":25,"teamPTS3":25,"teamPTS4":27,"teamPTS5":0,"teamPTS6":0,"teamPTS7":0,"teamPTS8":0,"opptAbbr":"DAL","opptConf":"West","opptLoc":"Away","opptRslt":"Win","opptPTS":103,"opptAST":25,"opptTO":13,"opptSTL":7,"opptBLK":9,"opptPF":17,"opptFGA":80,"opptFGM":36,"oppt2PA":40,"oppt2PM":22,"oppt3PA":40,"oppt3PM":14,"opptFTA":25,"opptFTM":17,"opptORB":4,"opptDRB":39,"opptPTS1":25,"opptPTS2":28,"opptPTS3":22,"opptPTS4":28,"opptPTS5":0,"opptPTS6":0,"opptPTS7":0,"opptPTS8":0}
{"_id":{"$oid":"5cb552f6e0f627212ff3bfb1"},"gmDate":"2018/3/28","offLNm3":"Phillips","offFNm3":"Jason","teamAbbr":"LAL","teamConf":"West","teamLoc":"Home","teamRslt":"Win","teamPTS":103,"teamAST":25,"teamTO":15,"teamSTL":6,"teamBLK":5,"teamPF":16,"teamFGA":77,"teamFGM":36,"team2PA":44,"team2PM":27,"team3PA":33,"team3PM":9,"teamFTA":32,"teamFTM":22,"teamORB":7,"teamDRB":42,"teamPTS1":32,"teamPTS2":23,"teamPTS3":27,"teamPTS4":21,"teamPTS5":0,"teamPTS6":0,"teamPTS7":0,"teamPTS8":0,"opptAbbr":"DAL","opptConf":"West","opptLoc":"Away","opptRslt":"Loss","opptPTS":93,"opptAST":17,"opptTO":11,"opptSTL":10,"opptBLK":1,"opptPF":22,"opptFGA":84,"opptFGM":33,"oppt2PA":40,"oppt2PM":20,"oppt3PA":44,"oppt3PM":13,"opptFTA":19,"opptFTM":14,"opptORB":6,"opptDRB":34,"opptPTS1":34,"opptPTS2":22,"opptPTS3":25,"opptPTS4":12,"opptPTS5":0,"opptPTS6":0,"opptPTS7":0,"opptPTS8":0}
{"_id":{"$oid":"5cb552f6e0f627212ff3bfbc"},"gmDate":"2018/3/30","offLNm3":"Ayotte","offFNm3":"Mark","teamAbbr":"DAL","teamConf":"West","teamLoc":"Home","teamRslt":"Loss","teamPTS":92,"teamAST":22,"teamTO":14,"teamSTL":5,"teamBLK":5,"teamPF":17,"teamFGA":85,"teamFGM":38,"team2PA":57,"team2PM":27,"team3PA":28,"team3PM":11,"teamFTA":7,"teamFTM":5,"teamORB":6,"teamDRB":40,"teamPTS1":20,"teamPTS2":26,"teamPTS3":18,"teamPTS4":28,"teamPTS5":0,"teamPTS6":0,"teamPTS7":0,"teamPTS8":0,"opptAbbr":"MIN","opptConf":"West","opptLoc":"Away","opptRslt":"Win","opptPTS":93,"opptAST":14,"opptTO":10,"opptSTL":10,"opptBLK":6,"opptPF":13,"opptFGA":83,"opptFGM":35,"oppt2PA":58,"oppt2PM":27,"oppt3PA":25,"oppt3PM":8,"opptFTA":17,"opptFTM":15,"opptORB":6,"opptDRB":38,"opptPTS1":16,"opptPTS2":28,"opptPTS3":23,"opptPTS4":26,"opptPTS5":0,"opptPTS6":0,"opptPTS7":0,"opptPTS8":0}
{"_id":{"$oid":"5cb552f6e0f627212ff3bfcb"},"gmDate":"2018/4/1","offLNm3":"Petraitis","offFNm3":"Gediminas","teamAbbr":"CLE","teamConf":"East","teamLoc":"Home","teamRslt":"Win","teamPTS":98,"teamAST":21,"teamTO":11,"teamSTL":7,"teamBLK":1,"teamPF":12,"teamFGA":85,"teamFGM":35,"team2PA":59,"team2PM":24,"team3PA":26,"team3PM":11,"teamFTA":23,"teamFTM":17,"teamORB":10,"teamDRB":40,"teamPTS1":18,"teamPTS2":30,"teamPTS3":25,"teamPTS4":25,"teamPTS5":0,"teamPTS6":0,"teamPTS7":0,"teamPTS8":0,"opptAbbr":"DAL","opptConf":"West","opptLoc":"Away","opptRslt":"Loss","opptPTS":87,"opptAST":15,"opptTO":15,"opptSTL":5,"opptBLK":3,"opptPF":20,"opptFGA":80,"opptFGM":32,"oppt2PA":43,"oppt2PM":19,"oppt3PA":37,"oppt3PM":13,"opptFTA":11,"opptFTM":10,"opptORB":4,"opptDRB":34,"opptPTS1":25,"opptPTS2":22,"opptPTS3":30,"opptPTS4":10,"opptPTS5":0,"opptPTS6":0,"opptPTS7":0,"opptPTS8":0}
{"_id":{"$oid":"5cb552f6e0f627212ff3bfda"},"gmDate":"2018/4/3","offLNm3":"Spooner","offFNm3":"Bill","teamAbbr":"DAL","teamConf":"West","teamLoc":"Home","teamRslt":"Win","teamPTS":115,"teamAST":27,"teamTO":7,"teamSTL":8,"teamBLK":5,"teamPF":16,"teamFGA":92,"teamFGM":42,"team2PA":48,"team2PM":25,"team3PA":44,"team3PM":17,"teamFTA":20,"teamFTM":14,"teamORB":8,"teamDRB":35,"teamPTS1":22,"teamPTS2":28,"teamPTS3":32,"teamPTS4":33,"teamPTS5":0,"teamPTS6":0,"teamPTS7":0,"teamPTS8":0,"opptAbbr":"POR","opptConf":"West","opptLoc":"Away","opptRslt":"Loss","opptPTS":109,"opptAST":28,"opptTO":13,"opptSTL":6,"opptBLK":2,"opptPF":20,"opptFGA":87,"opptFGM":39,"oppt2PA":47,"oppt2PM":29,"oppt3PA":40,"oppt3PM":10,"opptFTA":24,"opptFTM":21,"opptORB":5,"opptDRB":41,"opptPTS1":22,"opptPTS2":27,"opptPTS3":29,"opptPTS4":31,"opptPTS5":0,"opptPTS6":0,"opptPTS7":0,"opptPTS8":0}
{"_id":{"$oid":"5cb552f6e0f627212ff3bfe0"},"gmDate":"2018/4/4","offLNm3":"Kennedy","offFNm3":"Bill","teamAbbr":"ORL","teamConf":"East","teamLoc":"Home","teamRslt":"Win","teamPTS":105,"teamAST":27,"teamTO":13,"teamSTL":4,"teamBLK":10,"teamPF":15,"teamFGA":86,"teamFGM":39,"team2PA":57,"team2PM":31,"team3PA":29,"team3PM":8,"teamFTA":27,"teamFTM":19,"teamORB":12,"teamDRB":35,"teamPTS1":33,"teamPTS2":23,"teamPTS3":21,"teamPTS4":28,"teamPTS5":0,"teamPTS6":0,"teamPTS7":0,"teamPTS8":0,"opptAbbr":"DAL","opptConf":"West","opptLoc":"Away","opptRslt":"Loss","opptPTS":100,"opptAST":24,"opptTO":12,"opptSTL":3,"opptBLK":1,"opptPF":23,"opptFGA":89,"opptFGM":39,"oppt2PA":59,"oppt2PM":29,"oppt3PA":30,"oppt3PM":10,"opptFTA":17,"opptFTM":12,"opptORB":11,"opptDRB":32,"opptPTS1":22,"opptPTS2":29,"opptPTS3":23,"opptPTS4":26,"opptPTS5":0,"opptPTS6":0,"opptPTS7":0,"opptPTS8":0}
{"_id":{"$oid":"5cb552f6e0f627212ff3bfe8"},"gmDate":"2018/4/6","offLNm3":"Scott","offFNm3":"Kevin","teamAbbr":"DET","teamConf":"East","teamLoc":"Home","teamRslt":"Win","teamPTS":113,"teamAST":24,"teamTO":11,"teamSTL":6,"teamBLK":4,"teamPF":19,"teamFGA":92,"teamFGM":46,"team2PA":62,"team2PM":34,"team3PA":30,"team3PM":12,"teamFTA":17,"teamFTM":9,"teamORB":6,"teamDRB":43,"teamPTS1":22,"teamPTS2":31,"teamPTS3":25,"teamPTS4":23,"teamPTS5":12,"teamPTS6":0,"teamPTS7":0,"teamPTS8":0,"opptAbbr":"DAL","opptConf":"West","opptLoc":"Away","opptRslt":"Loss","opptPTS":106,"opptAST":26,"opptTO":12,"opptSTL":7,"opptBLK":5,"opptPF":20,"opptFGA":92,"opptFGM":40,"oppt2PA":53,"oppt2PM":27,"oppt3PA":39,"oppt3PM":13,"opptFTA":18,"opptFTM":13,"opptORB":10,"opptDRB":36,"opptPTS1":24,"opptPTS2":30,"opptPTS3":21,"opptPTS4":26,"opptPTS5":5,"opptPTS6":0,"opptPTS7":0,"opptPTS8":0}
{"_id":{"$oid":"5cb552f6e0f627212ff3bffd"},"gmDate":"2018/4/8","offLNm3":"Kirkland","offFNm3":"Courtney","teamAbbr":"PHI","teamConf":"East","teamLoc":"Home","teamRslt":"Win","teamPTS":109,"teamAST":32,"teamTO":11,"teamSTL":9,"teamBLK":4,"teamPF":19,"teamFGA":91,"teamFGM":46,"team2PA":64,"team2PM":38,"team3PA":27,"team3PM":8,"teamFTA":14,"teamFTM":9,"teamORB":9,"teamDRB":43,"teamPTS1":28,"teamPTS2":33,"teamPTS3":24,"teamPTS4":24,"teamPTS5":0,"teamPTS6":0,"teamPTS7":0,"teamPTS8":0,"opptAbbr":"DAL","opptConf":"West","opptLoc":"Away","opptRslt":"Loss","opptPTS":97,"opptAST":24,"opptTO":12,"opptSTL":6,"opptBLK":6,"opptPF":9,"opptFGA":94,"opptFGM":40,"oppt2PA":54,"oppt2PM":29,"oppt3PA":40,"oppt3PM":11,"opptFTA":13,"opptFTM":6,"opptORB":10,"opptDRB":33,"opptPTS1":20,"opptPTS2":28,"opptPTS3":28,"opptPTS4":21,"opptPTS5":0,"opptPTS6":0,"opptPTS7":0,"opptPTS8":0}
{"_id":{"$oid":"5cb552f6e0f627212ff3c00e"},"gmDate":"2018/4/10","offLNm3":"Washington","offFNm3":"Tom","teamAbbr":"DAL","teamConf":"West","teamLoc":"Home","teamRslt":"Loss","teamPTS":97,"teamAST":20,"teamTO":9,"teamSTL":8,"teamBLK":1,"teamPF":19,"teamFGA":96,"teamFGM":37,"team2PA":63,"team2PM":29,"team3PA":33,"team3PM":8,"teamFTA":22,"teamFTM":15,"teamORB":18,"teamDRB":22,"teamPTS1":26,"teamPTS2":28,"teamPTS3":22,"teamPTS4":21,"teamPTS5":0,"teamPTS6":0,"teamPTS7":0,"teamPTS8":0,"opptAbbr":"PHO","opptConf":"West","opptLoc":"Away","opptRslt":"Win","opptPTS":124,"opptAST":35,"opptTO":15,"opptSTL":6,"opptBLK":5,"opptPF":16,"opptFGA":76,"opptFGM":48,"oppt2PA":50,"oppt2PM":35,"oppt3PA":26,"oppt3PM":13,"opptFTA":21,"opptFTM":15,"opptORB":5,"opptDRB":40,"opptPTS1":29,"opptPTS2":15,"opptPTS3":39,"opptPTS4":41,"opptPTS5":0,"opptPTS6":0,"opptPTS7":0,"opptPTS8":0}
