{"_id":{"$oid":"5cb552e5e0f627212ff3a79b"},"stDate":"2017/10/17","teamAbbr":"DEN","rank":2,"rankOrd":"2nd","gameWon":0,"gameLost":0,"stk":"-","homeWin":0,"homeLoss":0,"awayWin":0,"awayLoss":0}
{"_id":{"$oid":"5cb552e5e0f627212ff3a7b9"},"stDate":"2017/10/18","teamAbbr":"DEN","rank":9,"rankOrd":"9th","gameWon":0,"gameLost":1,"stk":"L1","homeWin":0,"homeLoss":0,"awayWin":0,"awayLoss":1}
{"_id":{"$oid":"5cb552e5e0f627212ff3a7d8"},"stDate":"2017/10/19","teamAbbr":"DEN","rank":8,"rankOrd":"8th","gameWon":0,"gameLost":1,"stk":"L1","homeWin":0,"homeLoss":0,"awayWin":0,"awayLoss":1}
{"_id":{"$oid":"5cb552e5e0f627212ff3a7ef"},"stDate":"2017/10/20","teamAbbr":"DEN","rank":12,"rankOrd":"12th","gameWon":0,"gameLost":1,"stk":"L1","homeWin":0,"homeLoss":0,"awayWin":0,"awayLoss":1}
{"_id":{"$oid":"5cb552e5e0f627212ff3a814"},"stDate":"2017/10/21","teamAbbr":"DEN","rank":7,"rankOrd":"7th","gameWon":1,"gameLost":1,"stk":"W1","homeWin":1,"homeLoss":0,"awayWin":0,"awayLoss":1}
{"_id":{"$oid":"5cb552e5e0f627212ff3a830"},"stDate":"2017/10/22","teamAbbr":"DEN","rank":8,"rankOrd":"8th","gameWon":1,"gameLost":1,"stk":"W1","homeWin":1,"homeLoss":0,"awayWin":0,"awayLoss":1}
{"_id":{"$oid":"5cb552e5e0f627212ff3a850"},"stDate":"2017/10/23","teamAbbr":"DEN","rank":9,"rankOrd":"9th","gameWon":1,"gameLost":2,"stk":"L1","homeWin":1,"homeLoss":1,"awayWin":0,"awayLoss":1}
{"_id":{"$oid":"5cb552e5e0f627212ff3a86e"},"stDate":"2017/10/24","teamAbbr":"DEN","rank":9,"rankOrd":"9th","gameWon":1,"gameLost":2,"stk":"L1","homeWin":1,"homeLoss":1,"awayWin":0,"awayLoss":1}
{"_id":{"$oid":"5cb552e5e0f627212ff3a88c"},"stDate":"2017/10/25","teamAbbr":"DEN","rank":12,"rankOrd":"12th","gameWon":1,"gameLost":3,"stk":"L2","homeWin":1,"homeLoss":1,"awayWin":0,"awayLoss":2}
{"_id":{"$oid":"5cb552e5e0f627212ff3a8a9"},"stDate":"2017/10/26","teamAbbr":"DEN","rank":13,"rankOrd":"13th","gameWon":1,"gameLost":3,"stk":"L2","homeWin":1,"homeLoss":1,"awayWin":0,"awayLoss":2}
{"_id":{"$oid":"5cb552e5e0f627212ff3a8c8"},"stDate":"2017/10/27","teamAbbr":"DEN","rank":8,"rankOrd":"8th","gameWon":2,"gameLost":3,"stk":"W1","homeWin":1,"homeLoss":1,"awayWin":1,"awayLoss":2}
{"_id":{"$oid":"5cb552e5e0f627212ff3a8e4"},"stDate":"2017/10/28","teamAbbr":"DEN","rank":11,"rankOrd":"11th","gameWon":2,"gameLost":3,"stk":"W1","homeWin":1,"homeLoss":1,"awayWin":1,"awayLoss":2}
{"_id":{"$oid":"5cb552e5e0f627212ff3a905"},"stDate":"2017/10/29","teamAbbr":"DEN","rank":7,"rankOrd":"7th","gameWon":3,"gameLost":3,"stk":"W2","homeWin":1,"homeLoss":1,"awayWin":2,"awayLoss":2}
{"_id":{"$oid":"5cb552e5e0f627212ff3a921"},"stDate":"2017/10/30","teamAbbr":"DEN","rank":10,"rankOrd":"10th","gameWon":3,"gameLost":4,"stk":"L1","homeWin":1,"homeLoss":1,"awayWin":2,"awayLoss":3}
{"_id":{"$oid":"5cb552e5e0f627212ff3a940"},"stDate":"2017/10/31","teamAbbr":"DEN","rank":10,"rankOrd":"10th","gameWon":3,"gameLost":4,"stk":"L1","homeWin":1,"homeLoss":1,"awayWin":2,"awayLoss":3}
{"_id":{"$oid":"5cb552e5e0f627212ff3a95e"},"stDate":"2017/11/1","teamAbbr":"DEN","rank":9,"rankOrd":"9th","gameWon":4,"gameLost":4,"stk":"W1","homeWin":2,"homeLoss":1,"awayWin":2,"awayLoss":3}
{"_id":{"$oid":"5cb552e5e0f627212ff3a98c"},"stDate":"2017/11/2","teamAbbr":"DEN","rank":9,"rankOrd":"9th","gameWon":4,"gameLost":4,"stk":"W1","homeWin":2,"homeLoss":1,"awayWin":2,"awayLoss":3}
{"_id":{"$oid":"5cb552e5e0f627212ff3a99a"},"stDate":"2017/11/3","teamAbbr":"DEN","rank":6,"rankOrd":"6th","gameWon":5,"gameLost":4,"stk":"W2","homeWin":3,"homeLoss":1,"awayWin":2,"awayLoss":3}
{"_id":{"$oid":"5cb552e5e0f627212ff3a9b7"},"stDate":"2017/11/4","teamAbbr":"DEN","rank":9,"rankOrd":"9th","gameWon":5,"gameLost":5,"stk":"L1","homeWin":3,"homeLoss":2,"awayWin":2,"awayLoss":3}
{"_id":{"$oid":"5cb552e5e0f627212ff3a9e7"},"stDate":"2017/11/5","teamAbbr":"DEN","rank":8,"rankOrd":"8th","gameWon":5,"gameLost":5,"stk":"L1","homeWin":3,"homeLoss":2,"awayWin":2,"awayLoss":3}
{"_id":{"$oid":"5cb552e5e0f627212ff3a9f4"},"stDate":"2017/11/6","teamAbbr":"DEN","rank":8,"rankOrd":"8th","gameWon":5,"gameLost":5,"stk":"L1","homeWin":3,"homeLoss":2,"awayWin":2,"awayLoss":3}
{"_id":{"$oid":"5cb552e5e0f627212ff3aa13"},"stDate":"2017/11/7","teamAbbr":"DEN","rank":6,"rankOrd":"6th","gameWon":6,"gameLost":5,"stk":"W1","homeWin":4,"homeLoss":2,"awayWin":2,"awayLoss":3}
{"_id":{"$oid":"5cb552e5e0f627212ff3aa33"},"stDate":"2017/11/8","teamAbbr":"DEN","rank":6,"rankOrd":"6th","gameWon":6,"gameLost":5,"stk":"W1","homeWin":4,"homeLoss":2,"awayWin":2,"awayLoss":3}
{"_id":{"$oid":"5cb552e5e0f627212ff3aa4e"},"stDate":"2017/11/9","teamAbbr":"DEN","rank":6,"rankOrd":"6th","gameWon":7,"gameLost":5,"stk":"W2","homeWin":5,"homeLoss":2,"awayWin":2,"awayLoss":3}
{"_id":{"$oid":"5cb552e5e0f627212ff3aa6b"},"stDate":"2017/11/10","teamAbbr":"DEN","rank":5,"rankOrd":"5th","gameWon":7,"gameLost":5,"stk":"W2","homeWin":5,"homeLoss":2,"awayWin":2,"awayLoss":3}
{"_id":{"$oid":"5cb552e5e0f627212ff3aa8a"},"stDate":"2017/11/11","teamAbbr":"DEN","rank":3,"rankOrd":"3rd","gameWon":8,"gameLost":5,"stk":"W3","homeWin":6,"homeLoss":2,"awayWin":2,"awayLoss":3}
{"_id":{"$oid":"5cb552e5e0f627212ff3aaa7"},"stDate":"2017/11/12","teamAbbr":"DEN","rank":3,"rankOrd":"3rd","gameWon":8,"gameLost":5,"stk":"W3","homeWin":6,"homeLoss":2,"awayWin":2,"awayLoss":3}
{"_id":{"$oid":"5cb552e5e0f627212ff3aac7"},"stDate":"2017/11/13","teamAbbr":"DEN","rank":5,"rankOrd":"5th","gameWon":8,"gameLost":6,"stk":"L1","homeWin":6,"homeLoss":2,"awayWin":2,"awayLoss":4}
{"_id":{"$oid":"5cb552e5e0f627212ff3aae4"},"stDate":"2017/11/14","teamAbbr":"DEN","rank":5,"rankOrd":"5th","gameWon":8,"gameLost":6,"stk":"L1","homeWin":6,"homeLoss":2,"awayWin":2,"awayLoss":4}
{"_id":{"$oid":"5cb552e5e0f627212ff3ab02"},"stDate":"2017/11/15","teamAbbr":"DEN","rank":5,"rankOrd":"5th","gameWon":8,"gameLost":6,"stk":"L1","homeWin":6,"homeLoss":2,"awayWin":2,"awayLoss":4}
{"_id":{"$oid":"5cb552e5e0f627212ff3ab20"},"stDate":"2017/11/16","teamAbbr":"DEN","rank":5,"rankOrd":"5th","gameWon":8,"gameLost":6,"stk":"L1","homeWin":6,"homeLoss":2,"awayWin":2,"awayLoss":4}
{"_id":{"$oid":"5cb552e5e0f627212ff3ab3f"},"stDate":"2017/11/17","teamAbbr":"DEN","rank":5,"rankOrd":"5th","gameWon":9,"gameLost":6,"stk":"W1","homeWin":7,"homeLoss":2,"awayWin":2,"awayLoss":4}
{"_id":{"$oid":"5cb552e5e0f627212ff3ab5c"},"stDate":"2017/11/18","teamAbbr":"DEN","rank":5,"rankOrd":"5th","gameWon":9,"gameLost":6,"stk":"W1","homeWin":7,"homeLoss":2,"awayWin":2,"awayLoss":4}
{"_id":{"$oid":"5cb552e5e0f627212ff3ab81"},"stDate":"2017/11/19","teamAbbr":"DEN","rank":5,"rankOrd":"5th","gameWon":9,"gameLost":7,"stk":"L1","homeWin":7,"homeLoss":2,"awayWin":2,"awayLoss":5}
{"_id":{"$oid":"5cb552e5e0f627212ff3ab99"},"stDate":"2017/11/20","teamAbbr":"DEN","rank":4,"rankOrd":"4th","gameWon":10,"gameLost":7,"stk":"W1","homeWin":7,"homeLoss":2,"awayWin":3,"awayLoss":5}
{"_id":{"$oid":"5cb552e5e0f627212ff3abb9"},"stDate":"2017/11/21","teamAbbr":"DEN","rank":4,"rankOrd":"4th","gameWon":10,"gameLost":7,"stk":"W1","homeWin":7,"homeLoss":2,"awayWin":3,"awayLoss":5}
{"_id":{"$oid":"5cb552e5e0f627212ff3abd3"},"stDate":"2017/11/22","teamAbbr":"DEN","rank":5,"rankOrd":"5th","gameWon":10,"gameLost":8,"stk":"L1","homeWin":7,"homeLoss":2,"awayWin":3,"awayLoss":6}
{"_id":{"$oid":"5cb552e5e0f627212ff3abf3"},"stDate":"2017/11/24","teamAbbr":"DEN","rank":4,"rankOrd":"4th","gameWon":11,"gameLost":8,"stk":"W1","homeWin":8,"homeLoss":2,"awayWin":3,"awayLoss":6}
{"_id":{"$oid":"5cb552e5e0f627212ff3ac12"},"stDate":"2017/11/25","teamAbbr":"DEN","rank":5,"rankOrd":"5th","gameWon":11,"gameLost":8,"stk":"W1","homeWin":8,"homeLoss":2,"awayWin":3,"awayLoss":6}
{"_id":{"$oid":"5cb552e5e0f627212ff3ac2f"},"stDate":"2017/11/26","teamAbbr":"DEN","rank":6,"rankOrd":"6th","gameWon":11,"gameLost":8,"stk":"W1","homeWin":8,"homeLoss":2,"awayWin":3,"awayLoss":6}
{"_id":{"$oid":"5cb552e5e0f627212ff3ac4d"},"stDate":"2017/11/27","teamAbbr":"DEN","rank":6,"rankOrd":"6th","gameWon":11,"gameLost":8,"stk":"W1","homeWin":8,"homeLoss":2,"awayWin":3,"awayLoss":6}
{"_id":{"$oid":"5cb552e5e0f627212ff3ac6c"},"stDate":"2017/11/28","teamAbbr":"DEN","rank":6,"rankOrd":"6th","gameWon":11,"gameLost":9,"stk":"L1","homeWin":8,"homeLoss":2,"awayWin":3,"awayLoss":7}
{"_id":{"$oid":"5cb552e5e0f627212ff3ac82"},"stDate":"2017/11/29","teamAbbr":"DEN","rank":6,"rankOrd":"6th","gameWon":11,"gameLost":9,"stk":"L1","homeWin":8,"homeLoss":2,"awayWin":3,"awayLoss":7}
{"_id":{"$oid":"5cb552e5e0f627212ff3aca7"},"stDate":"2017/11/30","teamAbbr":"DEN","rank":6,"rankOrd":"6th","gameWon":12,"gameLost":9,"stk":"W1","homeWin":9,"homeLoss":2,"awayWin":3,"awayLoss":7}
{"_id":{"$oid":"5cb552e5e0f627212ff3acc4"},"stDate":"2017/12/1","teamAbbr":"DEN","rank":5,"rankOrd":"5th","gameWon":12,"gameLost":9,"stk":"W1","homeWin":9,"homeLoss":2,"awayWin":3,"awayLoss":7}
{"_id":{"$oid":"5cb552e5e0f627212ff3ace3"},"stDate":"2017/12/2","teamAbbr":"DEN","rank":4,"rankOrd":"4th","gameWon":13,"gameLost":9,"stk":"W2","homeWin":10,"homeLoss":2,"awayWin":3,"awayLoss":7}
{"_id":{"$oid":"5cb552e5e0f627212ff3acfa"},"stDate":"2017/12/3","teamAbbr":"DEN","rank":4,"rankOrd":"4th","gameWon":13,"gameLost":9,"stk":"W2","homeWin":10,"homeLoss":2,"awayWin":3,"awayLoss":7}
{"_id":{"$oid":"5cb552e5e0f627212ff3ad36"},"stDate":"2017/12/5","teamAbbr":"DEN","rank":4,"rankOrd":"4th","gameWon":13,"gameLost":10,"stk":"L1","homeWin":10,"homeLoss":2,"awayWin":3,"awayLoss":8}
{"_id":{"$oid":"5cb552e5e0f627212ff3ad43"},"stDate":"2017/12/4","teamAbbr":"DEN","rank":4,"rankOrd":"4th","gameWon":13,"gameLost":10,"stk":"L1","homeWin":10,"homeLoss":2,"awayWin":3,"awayLoss":8}
{"_id":{"$oid":"5cb552e5e0f627212ff3ad5b"},"stDate":"2017/12/6","teamAbbr":"DEN","rank":5,"rankOrd":"5th","gameWon":13,"gameLost":11,"stk":"L2","homeWin":10,"homeLoss":2,"awayWin":3,"awayLoss":9}
{"_id":{"$oid":"5cb552e5e0f627212ff3ad7a"},"stDate":"2017/12/7","teamAbbr":"DEN","rank":5,"rankOrd":"5th","gameWon":13,"gameLost":11,"stk":"L2","homeWin":10,"homeLoss":2,"awayWin":3,"awayLoss":9}
{"_id":{"$oid":"5cb552e5e0f627212ff3ad96"},"stDate":"2017/12/8","teamAbbr":"DEN","rank":5,"rankOrd":"5th","gameWon":14,"gameLost":11,"stk":"W1","homeWin":10,"homeLoss":2,"awayWin":4,"awayLoss":9}
{"_id":{"$oid":"5cb552e5e0f627212ff3adba"},"stDate":"2017/12/9","teamAbbr":"DEN","rank":5,"rankOrd":"5th","gameWon":14,"gameLost":11,"stk":"W1","homeWin":10,"homeLoss":2,"awayWin":4,"awayLoss":9}
{"_id":{"$oid":"5cb552e5e0f627212ff3adde"},"stDate":"2017/12/10","teamAbbr":"DEN","rank":5,"rankOrd":"5th","gameWon":14,"gameLost":12,"stk":"L1","homeWin":10,"homeLoss":2,"awayWin":4,"awayLoss":10}
{"_id":{"$oid":"5cb552e5e0f627212ff3adf1"},"stDate":"2017/12/11","teamAbbr":"DEN","rank":5,"rankOrd":"5th","gameWon":14,"gameLost":12,"stk":"L1","homeWin":10,"homeLoss":2,"awayWin":4,"awayLoss":10}
{"_id":{"$oid":"5cb552e5e0f627212ff3ae0f"},"stDate":"2017/12/12","teamAbbr":"DEN","rank":5,"rankOrd":"5th","gameWon":15,"gameLost":12,"stk":"W1","homeWin":10,"homeLoss":2,"awayWin":5,"awayLoss":10}
{"_id":{"$oid":"5cb552e5e0f627212ff3ae2e"},"stDate":"2017/12/13","teamAbbr":"DEN","rank":5,"rankOrd":"5th","gameWon":15,"gameLost":13,"stk":"L1","homeWin":10,"homeLoss":2,"awayWin":5,"awayLoss":11}
{"_id":{"$oid":"5cb552e5e0f627212ff3ae4a"},"stDate":"2017/12/14","teamAbbr":"DEN","rank":5,"rankOrd":"5th","gameWon":15,"gameLost":13,"stk":"L1","homeWin":10,"homeLoss":2,"awayWin":5,"awayLoss":11}
{"_id":{"$oid":"5cb552e5e0f627212ff3ae68"},"stDate":"2017/12/15","teamAbbr":"DEN","rank":5,"rankOrd":"5th","gameWon":16,"gameLost":13,"stk":"W1","homeWin":11,"homeLoss":2,"awayWin":5,"awayLoss":11}
{"_id":{"$oid":"5cb552e5e0f627212ff3ae87"},"stDate":"2017/12/16","teamAbbr":"DEN","rank":5,"rankOrd":"5th","gameWon":16,"gameLost":13,"stk":"W1","homeWin":11,"homeLoss":2,"awayWin":5,"awayLoss":11}
{"_id":{"$oid":"5cb552e5e0f627212ff3aea5"},"stDate":"2017/12/17","teamAbbr":"DEN","rank":5,"rankOrd":"5th","gameWon":16,"gameLost":13,"stk":"W1","homeWin":11,"homeLoss":2,"awayWin":5,"awayLoss":11}
{"_id":{"$oid":"5cb552e5e0f627212ff3aecc"},"stDate":"2017/12/18","teamAbbr":"DEN","rank":5,"rankOrd":"5th","gameWon":16,"gameLost":14,"stk":"L1","homeWin":11,"homeLoss":2,"awayWin":5,"awayLoss":12}
{"_id":{"$oid":"5cb552e5e0f627212ff3aee3"},"stDate":"2017/12/19","teamAbbr":"DEN","rank":5,"rankOrd":"5th","gameWon":16,"gameLost":14,"stk":"L1","homeWin":11,"homeLoss":2,"awayWin":5,"awayLoss":12}
{"_id":{"$oid":"5cb552e5e0f627212ff3aeff"},"stDate":"2017/12/20","teamAbbr":"DEN","rank":5,"rankOrd":"5th","gameWon":16,"gameLost":15,"stk":"L2","homeWin":11,"homeLoss":3,"awayWin":5,"awayLoss":12}
{"_id":{"$oid":"5cb552e5e0f627212ff3af29"},"stDate":"2017/12/21","teamAbbr":"DEN","rank":5,"rankOrd":"5th","gameWon":16,"gameLost":15,"stk":"L2","homeWin":11,"homeLoss":3,"awayWin":5,"awayLoss":12}
{"_id":{"$oid":"5cb552e5e0f627212ff3af3b"},"stDate":"2017/12/22","teamAbbr":"DEN","rank":5,"rankOrd":"5th","gameWon":17,"gameLost":15,"stk":"W1","homeWin":11,"homeLoss":3,"awayWin":6,"awayLoss":12}
{"_id":{"$oid":"5cb552e5e0f627212ff3af59"},"stDate":"2017/12/23","teamAbbr":"DEN","rank":5,"rankOrd":"5th","gameWon":18,"gameLost":15,"stk":"W2","homeWin":11,"homeLoss":3,"awayWin":7,"awayLoss":12}
{"_id":{"$oid":"5cb552e5e0f627212ff3af77"},"stDate":"2017/12/25","teamAbbr":"DEN","rank":6,"rankOrd":"6th","gameWon":18,"gameLost":15,"stk":"W2","homeWin":11,"homeLoss":3,"awayWin":7,"awayLoss":12}
{"_id":{"$oid":"5cb552e5e0f627212ff3af96"},"stDate":"2017/12/26","teamAbbr":"DEN","rank":5,"rankOrd":"5th","gameWon":19,"gameLost":15,"stk":"W3","homeWin":12,"homeLoss":3,"awayWin":7,"awayLoss":12}
{"_id":{"$oid":"5cb552e5e0f627212ff3afb4"},"stDate":"2017/12/27","teamAbbr":"DEN","rank":6,"rankOrd":"6th","gameWon":19,"gameLost":16,"stk":"L1","homeWin":12,"homeLoss":3,"awayWin":7,"awayLoss":13}
{"_id":{"$oid":"5cb552e5e0f627212ff3afd2"},"stDate":"2017/12/28","teamAbbr":"DEN","rank":6,"rankOrd":"6th","gameWon":19,"gameLost":16,"stk":"L1","homeWin":12,"homeLoss":3,"awayWin":7,"awayLoss":13}
{"_id":{"$oid":"5cb552e5e0f627212ff3afe9"},"stDate":"2017/12/29","teamAbbr":"DEN","rank":6,"rankOrd":"6th","gameWon":19,"gameLost":16,"stk":"L1","homeWin":12,"homeLoss":3,"awayWin":7,"awayLoss":13}
{"_id":{"$oid":"5cb552e5e0f627212ff3b008"},"stDate":"2017/12/30","teamAbbr":"DEN","rank":6,"rankOrd":"6th","gameWon":19,"gameLost":17,"stk":"L2","homeWin":12,"homeLoss":4,"awayWin":7,"awayLoss":13}
{"_id":{"$oid":"5cb552e5e0f627212ff3b02d"},"stDate":"2017/12/31","teamAbbr":"DEN","rank":6,"rankOrd":"6th","gameWon":19,"gameLost":17,"stk":"L2","homeWin":12,"homeLoss":4,"awayWin":7,"awayLoss":13}
{"_id":{"$oid":"5cb552e5e0f627212ff3b057"},"stDate":"2018/1/1","teamAbbr":"DEN","rank":6,"rankOrd":"6th","gameWon":19,"gameLost":17,"stk":"L2","homeWin":12,"homeLoss":4,"awayWin":7,"awayLoss":13}
{"_id":{"$oid":"5cb552e5e0f627212ff3b061"},"stDate":"2018/1/2","teamAbbr":"DEN","rank":6,"rankOrd":"6th","gameWon":19,"gameLost":17,"stk":"L2","homeWin":12,"homeLoss":4,"awayWin":7,"awayLoss":13}
{"_id":{"$oid":"5cb552e5e0f627212ff3b086"},"stDate":"2018/1/3","teamAbbr":"DEN","rank":6,"rankOrd":"6th","gameWon":20,"gameLost":17,"stk":"W1","homeWin":13,"homeLoss":4,"awayWin":7,"awayLoss":13}
{"_id":{"$oid":"5cb552e5e0f627212ff3b0a4"},"stDate":"2018/1/4","teamAbbr":"DEN","rank":6,"rankOrd":"6th","gameWon":20,"gameLost":17,"stk":"W1","homeWin":13,"homeLoss":4,"awayWin":7,"awayLoss":13}
{"_id":{"$oid":"5cb552e5e0f627212ff3b0bb"},"stDate":"2018/1/5","teamAbbr":"DEN","rank":6,"rankOrd":"6th","gameWon":21,"gameLost":17,"stk":"W2","homeWin":14,"homeLoss":4,"awayWin":7,"awayLoss":13}
{"_id":{"$oid":"5cb552e5e0f627212ff3b0e0"},"stDate":"2018/1/6","teamAbbr":"DEN","rank":6,"rankOrd":"6th","gameWon":21,"gameLost":18,"stk":"L1","homeWin":14,"homeLoss":4,"awayWin":7,"awayLoss":14}
{"_id":{"$oid":"5cb552e5e0f627212ff3b0fe"},"stDate":"2018/1/7","teamAbbr":"DEN","rank":6,"rankOrd":"6th","gameWon":21,"gameLost":18,"stk":"L1","homeWin":14,"homeLoss":4,"awayWin":7,"awayLoss":14}
{"_id":{"$oid":"5cb552e5e0f627212ff3b11c"},"stDate":"2018/1/8","teamAbbr":"DEN","rank":7,"rankOrd":"7th","gameWon":21,"gameLost":19,"stk":"L2","homeWin":14,"homeLoss":4,"awayWin":7,"awayLoss":15}
{"_id":{"$oid":"5cb552e5e0f627212ff3b139"},"stDate":"2018/1/9","teamAbbr":"DEN","rank":7,"rankOrd":"7th","gameWon":21,"gameLost":19,"stk":"L2","homeWin":14,"homeLoss":4,"awayWin":7,"awayLoss":15}
{"_id":{"$oid":"5cb552e5e0f627212ff3b158"},"stDate":"2018/1/10","teamAbbr":"DEN","rank":7,"rankOrd":"7th","gameWon":21,"gameLost":20,"stk":"L3","homeWin":14,"homeLoss":5,"awayWin":7,"awayLoss":15}
{"_id":{"$oid":"5cb552e5e0f627212ff3b176"},"stDate":"2018/1/11","teamAbbr":"DEN","rank":7,"rankOrd":"7th","gameWon":21,"gameLost":20,"stk":"L3","homeWin":14,"homeLoss":5,"awayWin":7,"awayLoss":15}
{"_id":{"$oid":"5cb552e5e0f627212ff3b1a9"},"stDate":"2018/1/12","teamAbbr":"DEN","rank":5,"rankOrd":"5th","gameWon":22,"gameLost":20,"stk":"W1","homeWin":15,"homeLoss":5,"awayWin":7,"awayLoss":15}
{"_id":{"$oid":"5cb552e5e0f627212ff3b1ba"},"stDate":"2018/1/13","teamAbbr":"DEN","rank":7,"rankOrd":"7th","gameWon":22,"gameLost":21,"stk":"L1","homeWin":15,"homeLoss":5,"awayWin":7,"awayLoss":16}
{"_id":{"$oid":"5cb552e5e0f627212ff3b1d0"},"stDate":"2018/1/14","teamAbbr":"DEN","rank":7,"rankOrd":"7th","gameWon":22,"gameLost":21,"stk":"L1","homeWin":15,"homeLoss":5,"awayWin":7,"awayLoss":16}
{"_id":{"$oid":"5cb552e5e0f627212ff3b1f1"},"stDate":"2018/1/15","teamAbbr":"DEN","rank":7,"rankOrd":"7th","gameWon":22,"gameLost":21,"stk":"L1","homeWin":15,"homeLoss":5,"awayWin":7,"awayLoss":16}
{"_id":{"$oid":"5cb552e5e0f627212ff3b20c"},"stDate":"2018/1/16","teamAbbr":"DEN","rank":7,"rankOrd":"7th","gameWon":23,"gameLost":21,"stk":"W1","homeWin":16,"homeLoss":5,"awayWin":7,"awayLoss":16}
{"_id":{"$oid":"5cb552e5e0f627212ff3b229"},"stDate":"2018/1/17","teamAbbr":"DEN","rank":9,"rankOrd":"9th","gameWon":23,"gameLost":22,"stk":"L1","homeWin":16,"homeLoss":5,"awayWin":7,"awayLoss":17}
{"_id":{"$oid":"5cb552e5e0f627212ff3b247"},"stDate":"2018/1/18","teamAbbr":"DEN","rank":9,"rankOrd":"9th","gameWon":23,"gameLost":22,"stk":"L1","homeWin":16,"homeLoss":5,"awayWin":7,"awayLoss":17}
{"_id":{"$oid":"5cb552e5e0f627212ff3b266"},"stDate":"2018/1/19","teamAbbr":"DEN","rank":9,"rankOrd":"9th","gameWon":23,"gameLost":23,"stk":"L2","homeWin":16,"homeLoss":6,"awayWin":7,"awayLoss":17}
{"_id":{"$oid":"5cb552e5e0f627212ff3b284"},"stDate":"2018/1/20","teamAbbr":"DEN","rank":9,"rankOrd":"9th","gameWon":23,"gameLost":23,"stk":"L2","homeWin":16,"homeLoss":6,"awayWin":7,"awayLoss":17}
{"_id":{"$oid":"5cb552e5e0f627212ff3b2a2"},"stDate":"2018/1/21","teamAbbr":"DEN","rank":9,"rankOrd":"9th","gameWon":23,"gameLost":23,"stk":"L2","homeWin":16,"homeLoss":6,"awayWin":7,"awayLoss":17}
{"_id":{"$oid":"5cb552e5e0f627212ff3b2c0"},"stDate":"2018/1/22","teamAbbr":"DEN","rank":8,"rankOrd":"8th","gameWon":24,"gameLost":23,"stk":"W1","homeWin":17,"homeLoss":6,"awayWin":7,"awayLoss":17}
{"_id":{"$oid":"5cb552e5e0f627212ff3b2df"},"stDate":"2018/1/23","teamAbbr":"DEN","rank":8,"rankOrd":"8th","gameWon":24,"gameLost":23,"stk":"W1","homeWin":17,"homeLoss":6,"awayWin":7,"awayLoss":17}
{"_id":{"$oid":"5cb552e5e0f627212ff3b2fc"},"stDate":"2018/1/24","teamAbbr":"DEN","rank":8,"rankOrd":"8th","gameWon":24,"gameLost":23,"stk":"W1","homeWin":17,"homeLoss":6,"awayWin":7,"awayLoss":17}
{"_id":{"$oid":"5cb552e5e0f627212ff3b31a"},"stDate":"2018/1/25","teamAbbr":"DEN","rank":8,"rankOrd":"8th","gameWon":25,"gameLost":23,"stk":"W2","homeWin":18,"homeLoss":6,"awayWin":7,"awayLoss":17}
{"_id":{"$oid":"5cb552e5e0f627212ff3b337"},"stDate":"2018/1/26","teamAbbr":"DEN","rank":8,"rankOrd":"8th","gameWon":25,"gameLost":23,"stk":"W2","homeWin":18,"homeLoss":6,"awayWin":7,"awayLoss":17}
{"_id":{"$oid":"5cb552e5e0f627212ff3b356"},"stDate":"2018/1/27","teamAbbr":"DEN","rank":8,"rankOrd":"8th","gameWon":26,"gameLost":23,"stk":"W3","homeWin":19,"homeLoss":6,"awayWin":7,"awayLoss":17}
{"_id":{"$oid":"5cb552e5e0f627212ff3b374"},"stDate":"2018/1/28","teamAbbr":"DEN","rank":8,"rankOrd":"8th","gameWon":26,"gameLost":23,"stk":"W3","homeWin":19,"homeLoss":6,"awayWin":7,"awayLoss":17}
{"_id":{"$oid":"5cb552e5e0f627212ff3b393"},"stDate":"2018/1/29","teamAbbr":"DEN","rank":8,"rankOrd":"8th","gameWon":26,"gameLost":24,"stk":"L1","homeWin":19,"homeLoss":7,"awayWin":7,"awayLoss":17}
{"_id":{"$oid":"5cb552e5e0f627212ff3b3b1"},"stDate":"2018/1/30","teamAbbr":"DEN","rank":8,"rankOrd":"8th","gameWon":26,"gameLost":25,"stk":"L2","homeWin":19,"homeLoss":7,"awayWin":7,"awayLoss":18}
{"_id":{"$oid":"5cb552e5e0f627212ff3b3d1"},"stDate":"2018/1/31","teamAbbr":"DEN","rank":8,"rankOrd":"8th","gameWon":26,"gameLost":25,"stk":"L2","homeWin":19,"homeLoss":7,"awayWin":7,"awayLoss":18}
{"_id":{"$oid":"5cb552e5e0f627212ff3b3ee"},"stDate":"2018/2/1","teamAbbr":"DEN","rank":8,"rankOrd":"8th","gameWon":27,"gameLost":25,"stk":"W1","homeWin":20,"homeLoss":7,"awayWin":7,"awayLoss":18}
{"_id":{"$oid":"5cb552e5e0f627212ff3b40b"},"stDate":"2018/2/2","teamAbbr":"DEN","rank":8,"rankOrd":"8th","gameWon":27,"gameLost":25,"stk":"W1","homeWin":20,"homeLoss":7,"awayWin":7,"awayLoss":18}
{"_id":{"$oid":"5cb552e5e0f627212ff3b42a"},"stDate":"2018/2/3","teamAbbr":"DEN","rank":8,"rankOrd":"8th","gameWon":28,"gameLost":25,"stk":"W2","homeWin":21,"homeLoss":7,"awayWin":7,"awayLoss":18}
{"_id":{"$oid":"5cb552e5e0f627212ff3b440"},"stDate":"2018/2/4","teamAbbr":"DEN","rank":8,"rankOrd":"8th","gameWon":28,"gameLost":25,"stk":"W2","homeWin":21,"homeLoss":7,"awayWin":7,"awayLoss":18}
{"_id":{"$oid":"5cb552e5e0f627212ff3b465"},"stDate":"2018/2/5","teamAbbr":"DEN","rank":6,"rankOrd":"6th","gameWon":29,"gameLost":25,"stk":"W3","homeWin":22,"homeLoss":7,"awayWin":7,"awayLoss":18}
{"_id":{"$oid":"5cb552e5e0f627212ff3b483"},"stDate":"2018/2/6","teamAbbr":"DEN","rank":6,"rankOrd":"6th","gameWon":29,"gameLost":25,"stk":"W3","homeWin":22,"homeLoss":7,"awayWin":7,"awayLoss":18}
{"_id":{"$oid":"5cb552e5e0f627212ff3b4a3"},"stDate":"2018/2/7","teamAbbr":"DEN","rank":6,"rankOrd":"6th","gameWon":29,"gameLost":25,"stk":"W3","homeWin":22,"homeLoss":7,"awayWin":7,"awayLoss":18}
{"_id":{"$oid":"5cb552e5e0f627212ff3b4c0"},"stDate":"2018/2/8","teamAbbr":"DEN","rank":7,"rankOrd":"7th","gameWon":29,"gameLost":25,"stk":"W3","homeWin":22,"homeLoss":7,"awayWin":7,"awayLoss":18}
{"_id":{"$oid":"5cb552e5e0f627212ff3b4dd"},"stDate":"2018/2/9","teamAbbr":"DEN","rank":7,"rankOrd":"7th","gameWon":29,"gameLost":26,"stk":"L1","homeWin":22,"homeLoss":7,"awayWin":7,"awayLoss":19}
{"_id":{"$oid":"5cb552e5e0f627212ff3b4fb"},"stDate":"2018/2/10","teamAbbr":"DEN","rank":7,"rankOrd":"7th","gameWon":30,"gameLost":26,"stk":"W1","homeWin":22,"homeLoss":7,"awayWin":8,"awayLoss":19}
{"_id":{"$oid":"5cb552e5e0f627212ff3b519"},"stDate":"2018/2/11","teamAbbr":"DEN","rank":7,"rankOrd":"7th","gameWon":30,"gameLost":26,"stk":"W1","homeWin":22,"homeLoss":7,"awayWin":8,"awayLoss":19}
{"_id":{"$oid":"5cb552e5e0f627212ff3b537"},"stDate":"2018/2/12","teamAbbr":"DEN","rank":7,"rankOrd":"7th","gameWon":30,"gameLost":26,"stk":"W1","homeWin":22,"homeLoss":7,"awayWin":8,"awayLoss":19}
{"_id":{"$oid":"5cb552e5e0f627212ff3b54e"},"stDate":"2018/2/13","teamAbbr":"DEN","rank":6,"rankOrd":"6th","gameWon":31,"gameLost":26,"stk":"W2","homeWin":23,"homeLoss":7,"awayWin":8,"awayLoss":19}
{"_id":{"$oid":"5cb552e5e0f627212ff3b573"},"stDate":"2018/2/14","teamAbbr":"DEN","rank":7,"rankOrd":"7th","gameWon":31,"gameLost":26,"stk":"W2","homeWin":23,"homeLoss":7,"awayWin":8,"awayLoss":19}
{"_id":{"$oid":"5cb552e5e0f627212ff3b591"},"stDate":"2018/2/15","teamAbbr":"DEN","rank":6,"rankOrd":"6th","gameWon":32,"gameLost":26,"stk":"W3","homeWin":23,"homeLoss":7,"awayWin":9,"awayLoss":19}
{"_id":{"$oid":"5cb552e5e0f627212ff3b5ae"},"stDate":"2018/2/22","teamAbbr":"DEN","rank":6,"rankOrd":"6th","gameWon":32,"gameLost":26,"stk":"W3","homeWin":23,"homeLoss":7,"awayWin":9,"awayLoss":19}
{"_id":{"$oid":"5cb552e5e0f627212ff3b5cd"},"stDate":"2018/2/23","teamAbbr":"DEN","rank":6,"rankOrd":"6th","gameWon":33,"gameLost":26,"stk":"W4","homeWin":24,"homeLoss":7,"awayWin":9,"awayLoss":19}
{"_id":{"$oid":"5cb552e5e0f627212ff3b5eb"},"stDate":"2018/2/24","teamAbbr":"DEN","rank":6,"rankOrd":"6th","gameWon":33,"gameLost":26,"stk":"W4","homeWin":24,"homeLoss":7,"awayWin":9,"awayLoss":19}
{"_id":{"$oid":"5cb552e5e0f627212ff3b609"},"stDate":"2018/2/25","teamAbbr":"DEN","rank":8,"rankOrd":"8th","gameWon":33,"gameLost":27,"stk":"L1","homeWin":24,"homeLoss":8,"awayWin":9,"awayLoss":19}
{"_id":{"$oid":"5cb552e5e0f627212ff3b628"},"stDate":"2018/2/26","teamAbbr":"DEN","rank":8,"rankOrd":"8th","gameWon":33,"gameLost":27,"stk":"L1","homeWin":24,"homeLoss":8,"awayWin":9,"awayLoss":19}
{"_id":{"$oid":"5cb552e5e0f627212ff3b645"},"stDate":"2018/2/27","teamAbbr":"DEN","rank":8,"rankOrd":"8th","gameWon":33,"gameLost":28,"stk":"L2","homeWin":24,"homeLoss":9,"awayWin":9,"awayLoss":19}
{"_id":{"$oid":"5cb552e5e0f627212ff3b663"},"stDate":"2018/2/28","teamAbbr":"DEN","rank":8,"rankOrd":"8th","gameWon":33,"gameLost":28,"stk":"L2","homeWin":24,"homeLoss":9,"awayWin":9,"awayLoss":19}
{"_id":{"$oid":"5cb552e5e0f627212ff3b682"},"stDate":"2018/3/1","teamAbbr":"DEN","rank":8,"rankOrd":"8th","gameWon":33,"gameLost":28,"stk":"L2","homeWin":24,"homeLoss":9,"awayWin":9,"awayLoss":19}
{"_id":{"$oid":"5cb552e5e0f627212ff3b69f"},"stDate":"2018/3/2","teamAbbr":"DEN","rank":8,"rankOrd":"8th","gameWon":34,"gameLost":28,"stk":"W1","homeWin":24,"homeLoss":9,"awayWin":10,"awayLoss":19}
{"_id":{"$oid":"5cb552e5e0f627212ff3b6bd"},"stDate":"2018/3/3","teamAbbr":"DEN","rank":8,"rankOrd":"8th","gameWon":35,"gameLost":28,"stk":"W2","homeWin":24,"homeLoss":9,"awayWin":11,"awayLoss":19}
{"_id":{"$oid":"5cb552e5e0f627212ff3b6db"},"stDate":"2018/3/4","teamAbbr":"DEN","rank":8,"rankOrd":"8th","gameWon":35,"gameLost":28,"stk":"W2","homeWin":24,"homeLoss":9,"awayWin":11,"awayLoss":19}
{"_id":{"$oid":"5cb552e5e0f627212ff3b6f4"},"stDate":"2018/3/5","teamAbbr":"DEN","rank":8,"rankOrd":"8th","gameWon":35,"gameLost":28,"stk":"W2","homeWin":24,"homeLoss":9,"awayWin":11,"awayLoss":19}
{"_id":{"$oid":"5cb552e5e0f627212ff3b717"},"stDate":"2018/3/6","teamAbbr":"DEN","rank":8,"rankOrd":"8th","gameWon":35,"gameLost":29,"stk":"L1","homeWin":24,"homeLoss":9,"awayWin":11,"awayLoss":20}
{"_id":{"$oid":"5cb552e5e0f627212ff3b735"},"stDate":"2018/3/7","teamAbbr":"DEN","rank":8,"rankOrd":"8th","gameWon":35,"gameLost":30,"stk":"L2","homeWin":24,"homeLoss":10,"awayWin":11,"awayLoss":20}
{"_id":{"$oid":"5cb552e5e0f627212ff3b753"},"stDate":"2018/3/8","teamAbbr":"DEN","rank":8,"rankOrd":"8th","gameWon":35,"gameLost":30,"stk":"L2","homeWin":24,"homeLoss":10,"awayWin":11,"awayLoss":20}
{"_id":{"$oid":"5cb552e5e0f627212ff3b772"},"stDate":"2018/3/9","teamAbbr":"DEN","rank":8,"rankOrd":"8th","gameWon":36,"gameLost":30,"stk":"W1","homeWin":25,"homeLoss":10,"awayWin":11,"awayLoss":20}
{"_id":{"$oid":"5cb552e5e0f627212ff3b78f"},"stDate":"2018/3/10","teamAbbr":"DEN","rank":9,"rankOrd":"9th","gameWon":36,"gameLost":30,"stk":"W1","homeWin":25,"homeLoss":10,"awayWin":11,"awayLoss":20}
{"_id":{"$oid":"5cb552e5e0f627212ff3b7ad"},"stDate":"2018/3/11","teamAbbr":"DEN","rank":8,"rankOrd":"8th","gameWon":37,"gameLost":30,"stk":"W2","homeWin":26,"homeLoss":10,"awayWin":11,"awayLoss":20}
{"_id":{"$oid":"5cb552e5e0f627212ff3b7cd"},"stDate":"2018/3/12","teamAbbr":"DEN","rank":7,"rankOrd":"7th","gameWon":37,"gameLost":30,"stk":"W2","homeWin":26,"homeLoss":10,"awayWin":11,"awayLoss":20}
{"_id":{"$oid":"5cb552e5e0f627212ff3b7ea"},"stDate":"2018/3/13","teamAbbr":"DEN","rank":10,"rankOrd":"10th","gameWon":37,"gameLost":31,"stk":"L1","homeWin":26,"homeLoss":10,"awayWin":11,"awayLoss":21}
{"_id":{"$oid":"5cb552e5e0f627212ff3b809"},"stDate":"2018/3/14","teamAbbr":"DEN","rank":10,"rankOrd":"10th","gameWon":37,"gameLost":31,"stk":"L1","homeWin":26,"homeLoss":10,"awayWin":11,"awayLoss":21}
{"_id":{"$oid":"5cb552e5e0f627212ff3b826"},"stDate":"2018/3/15","teamAbbr":"DEN","rank":9,"rankOrd":"9th","gameWon":38,"gameLost":31,"stk":"W1","homeWin":27,"homeLoss":10,"awayWin":11,"awayLoss":21}
{"_id":{"$oid":"5cb552e5e0f627212ff3b844"},"stDate":"2018/3/16","teamAbbr":"DEN","rank":9,"rankOrd":"9th","gameWon":38,"gameLost":31,"stk":"W1","homeWin":27,"homeLoss":10,"awayWin":11,"awayLoss":21}
{"_id":{"$oid":"5cb552e5e0f627212ff3b862"},"stDate":"2018/3/17","teamAbbr":"DEN","rank":9,"rankOrd":"9th","gameWon":38,"gameLost":32,"stk":"L1","homeWin":27,"homeLoss":10,"awayWin":11,"awayLoss":22}
{"_id":{"$oid":"5cb552e5e0f627212ff3b880"},"stDate":"2018/3/18","teamAbbr":"DEN","rank":9,"rankOrd":"9th","gameWon":38,"gameLost":32,"stk":"L1","homeWin":27,"homeLoss":10,"awayWin":11,"awayLoss":22}
{"_id":{"$oid":"5cb552e5e0f627212ff3b89d"},"stDate":"2018/3/19","teamAbbr":"DEN","rank":9,"rankOrd":"9th","gameWon":38,"gameLost":33,"stk":"L2","homeWin":27,"homeLoss":10,"awayWin":11,"awayLoss":23}
{"_id":{"$oid":"5cb552e5e0f627212ff3b8bb"},"stDate":"2018/3/20","teamAbbr":"DEN","rank":9,"rankOrd":"9th","gameWon":38,"gameLost":33,"stk":"L2","homeWin":27,"homeLoss":10,"awayWin":11,"awayLoss":23}
{"_id":{"$oid":"5cb552e5e0f627212ff3b8da"},"stDate":"2018/3/21","teamAbbr":"DEN","rank":9,"rankOrd":"9th","gameWon":39,"gameLost":33,"stk":"W1","homeWin":27,"homeLoss":10,"awayWin":12,"awayLoss":23}
{"_id":{"$oid":"5cb552e5e0f627212ff3b8f8"},"stDate":"2018/3/22","teamAbbr":"DEN","rank":9,"rankOrd":"9th","gameWon":39,"gameLost":33,"stk":"W1","homeWin":27,"homeLoss":10,"awayWin":12,"awayLoss":23}
{"_id":{"$oid":"5cb552e5e0f627212ff3b914"},"stDate":"2018/3/23","teamAbbr":"DEN","rank":9,"rankOrd":"9th","gameWon":40,"gameLost":33,"stk":"W2","homeWin":27,"homeLoss":10,"awayWin":13,"awayLoss":23}
{"_id":{"$oid":"5cb552e5e0f627212ff3b92f"},"stDate":"2018/3/24","teamAbbr":"DEN","rank":9,"rankOrd":"9th","gameWon":40,"gameLost":33,"stk":"W2","homeWin":27,"homeLoss":10,"awayWin":13,"awayLoss":23}
{"_id":{"$oid":"5cb552e5e0f627212ff3b952"},"stDate":"2018/3/25","teamAbbr":"DEN","rank":9,"rankOrd":"9th","gameWon":40,"gameLost":33,"stk":"W2","homeWin":27,"homeLoss":10,"awayWin":13,"awayLoss":23}
{"_id":{"$oid":"5cb552e5e0f627212ff3b970"},"stDate":"2018/3/26","teamAbbr":"DEN","rank":9,"rankOrd":"9th","gameWon":40,"gameLost":34,"stk":"L1","homeWin":27,"homeLoss":10,"awayWin":13,"awayLoss":24}
{"_id":{"$oid":"5cb552e5e0f627212ff3b98f"},"stDate":"2018/3/27","teamAbbr":"DEN","rank":10,"rankOrd":"10th","gameWon":40,"gameLost":35,"stk":"L2","homeWin":27,"homeLoss":10,"awayWin":13,"awayLoss":25}
{"_id":{"$oid":"5cb552e5e0f627212ff3b9ac"},"stDate":"2018/3/28","teamAbbr":"DEN","rank":10,"rankOrd":"10th","gameWon":40,"gameLost":35,"stk":"L2","homeWin":27,"homeLoss":10,"awayWin":13,"awayLoss":25}
{"_id":{"$oid":"5cb552e5e0f627212ff3b9ca"},"stDate":"2018/3/29","teamAbbr":"DEN","rank":10,"rankOrd":"10th","gameWon":40,"gameLost":35,"stk":"L2","homeWin":27,"homeLoss":10,"awayWin":13,"awayLoss":25}
{"_id":{"$oid":"5cb552e5e0f627212ff3b9e8"},"stDate":"2018/3/30","teamAbbr":"DEN","rank":9,"rankOrd":"9th","gameWon":41,"gameLost":35,"stk":"W1","homeWin":27,"homeLoss":10,"awayWin":14,"awayLoss":25}
{"_id":{"$oid":"5cb552e5e0f627212ff3ba06"},"stDate":"2018/3/31","teamAbbr":"DEN","rank":9,"rankOrd":"9th","gameWon":41,"gameLost":35,"stk":"W1","homeWin":27,"homeLoss":10,"awayWin":14,"awayLoss":25}
{"_id":{"$oid":"5cb552e5e0f627212ff3ba24"},"stDate":"2018/4/1","teamAbbr":"DEN","rank":9,"rankOrd":"9th","gameWon":42,"gameLost":35,"stk":"W2","homeWin":28,"homeLoss":10,"awayWin":14,"awayLoss":25}
{"_id":{"$oid":"5cb552e5e0f627212ff3ba41"},"stDate":"2018/4/3","teamAbbr":"DEN","rank":9,"rankOrd":"9th","gameWon":43,"gameLost":35,"stk":"W3","homeWin":29,"homeLoss":10,"awayWin":14,"awayLoss":25}
{"_id":{"$oid":"5cb552e5e0f627212ff3ba60"},"stDate":"2018/4/4","teamAbbr":"DEN","rank":9,"rankOrd":"9th","gameWon":43,"gameLost":35,"stk":"W3","homeWin":29,"homeLoss":10,"awayWin":14,"awayLoss":25}
{"_id":{"$oid":"5cb552e5e0f627212ff3ba7e"},"stDate":"2018/4/5","teamAbbr":"DEN","rank":8,"rankOrd":"8th","gameWon":44,"gameLost":35,"stk":"W4","homeWin":30,"homeLoss":10,"awayWin":14,"awayLoss":25}
{"_id":{"$oid":"5cb552e5e0f627212ff3ba9c"},"stDate":"2018/4/6","teamAbbr":"DEN","rank":9,"rankOrd":"9th","gameWon":44,"gameLost":35,"stk":"W4","homeWin":30,"homeLoss":10,"awayWin":14,"awayLoss":25}
{"_id":{"$oid":"5cb552e5e0f627212ff3baba"},"stDate":"2018/4/7","teamAbbr":"DEN","rank":8,"rankOrd":"8th","gameWon":45,"gameLost":35,"stk":"W5","homeWin":30,"homeLoss":10,"awayWin":15,"awayLoss":25}
{"_id":{"$oid":"5cb552e5e0f627212ff3bad7"},"stDate":"2018/4/8","teamAbbr":"DEN","rank":8,"rankOrd":"8th","gameWon":45,"gameLost":35,"stk":"W5","homeWin":30,"homeLoss":10,"awayWin":15,"awayLoss":25}
{"_id":{"$oid":"5cb552e5e0f627212ff3baf6"},"stDate":"2018/4/9","teamAbbr":"DEN","rank":8,"rankOrd":"8th","gameWon":46,"gameLost":35,"stk":"W6","homeWin":31,"homeLoss":10,"awayWin":15,"awayLoss":25}
{"_id":{"$oid":"5cb552e5e0f627212ff3bb13"},"stDate":"2018/4/10","teamAbbr":"DEN","rank":8,"rankOrd":"8th","gameWon":46,"gameLost":35,"stk":"W6","homeWin":31,"homeLoss":10,"awayWin":15,"awayLoss":25}
{"_id":{"$oid":"5cb552e5e0f627212ff3bb32"},"stDate":"2018/4/11","teamAbbr":"DEN","rank":9,"rankOrd":"9th","gameWon":46,"gameLost":36,"stk":"L1","homeWin":31,"homeLoss":10,"awayWin":15,"awayLoss":26}
