{"_id":{"$oid":"5cb552f6e0f627212ff3bb52"},"gmDate":"2017/10/18","offLNm3":"DeRosa","offFNm3":"Joe","teamAbbr":"DET","teamConf":"East","teamLoc":"Home","teamRslt":"Win","teamPTS":102,"teamAST":24,"teamTO":9,"teamSTL":14,"teamBLK":3,"teamPF":21,"teamFGA":96,"teamFGM":41,"team2PA":70,"team2PM":32,"team3PA":26,"team3PM":9,"teamFTA":12,"teamFTM":11,"teamORB":9,"teamDRB":38,"teamPTS1":29,"teamPTS2":27,"teamPTS3":26,"teamPTS4":20,"teamPTS5":0,"teamPTS6":0,"teamPTS7":0,"teamPTS8":0,"opptAbbr":"CHA","opptConf":"East","opptLoc":"Away","opptRslt":"Loss","opptPTS":90,"opptAST":16,"opptTO":17,"opptSTL":4,"opptBLK":3,"opptPF":15,"opptFGA":73,"opptFGM":29,"oppt2PA":43,"oppt2PM":20,"oppt3PA":30,"oppt3PM":9,"opptFTA":29,"opptFTM":23,"opptORB":3,"opptDRB":44,"opptPTS1":27,"opptPTS2":18,"opptPTS3":25,"opptPTS4":20,"opptPTS5":0,"opptPTS6":0,"opptPTS7":0,"opptPTS8":0}
{"_id":{"$oid":"5cb552f6e0f627212ff3bb63"},"gmDate":"2017/10/20","offLNm3":"Corbin","offFNm3":"Sean","teamAbbr":"WAS","teamConf":"East","teamLoc":"Home","teamRslt":"Win","teamPTS":115,"teamAST":25,"teamTO":17,"teamSTL":12,"teamBLK":7,"teamPF":18,"teamFGA":75,"teamFGM":40,"team2PA":58,"team2PM":34,"team3PA":17,"team3PM":6,"teamFTA":35,"teamFTM":29,"teamORB":7,"teamDRB":30,"teamPTS1":29,"teamPTS2":29,"teamPTS3":33,"teamPTS4":24,"teamPTS5":0,"teamPTS6":0,"teamPTS7":0,"teamPTS8":0,"opptAbbr":"DET","opptConf":"East","opptLoc":"Away","opptRslt":"Loss","opptPTS":111,"opptAST":19,"opptTO":19,"opptSTL":12,"opptBLK":1,"opptPF":31,"opptFGA":87,"opptFGM":43,"oppt2PA":64,"oppt2PM":33,"oppt3PA":23,"oppt3PM":10,"opptFTA":20,"opptFTM":15,"opptORB":10,"opptDRB":23,"opptPTS1":31,"opptPTS2":34,"opptPTS3":16,"opptPTS4":30,"opptPTS5":0,"opptPTS6":0,"opptPTS7":0,"opptPTS8":0}
{"_id":{"$oid":"5cb552f6e0f627212ff3bb6e"},"gmDate":"2017/10/21","offLNm3":"Kirkland","offFNm3":"Courtney","teamAbbr":"NY","teamConf":"East","teamLoc":"Home","teamRslt":"Loss","teamPTS":107,"teamAST":20,"teamTO":14,"teamSTL":6,"teamBLK":2,"teamPF":21,"teamFGA":81,"teamFGM":37,"team2PA":51,"team2PM":29,"team3PA":30,"team3PM":8,"teamFTA":31,"teamFTM":25,"teamORB":12,"teamDRB":27,"teamPTS1":28,"teamPTS2":36,"teamPTS3":16,"teamPTS4":27,"teamPTS5":0,"teamPTS6":0,"teamPTS7":0,"teamPTS8":0,"opptAbbr":"DET","opptConf":"East","opptLoc":"Away","opptRslt":"Win","opptPTS":111,"opptAST":21,"opptTO":13,"opptSTL":5,"opptBLK":2,"opptPF":25,"opptFGA":91,"opptFGM":44,"oppt2PA":61,"oppt2PM":35,"oppt3PA":30,"oppt3PM":9,"opptFTA":15,"opptFTM":14,"opptORB":15,"opptDRB":28,"opptPTS1":19,"opptPTS2":32,"opptPTS3":28,"opptPTS4":32,"opptPTS5":0,"opptPTS6":0,"opptPTS7":0,"opptPTS8":0}
{"_id":{"$oid":"5cb552f6e0f627212ff3bb76"},"gmDate":"2017/10/23","offLNm3":"Ford","offFNm3":"Tyler","teamAbbr":"DET","teamConf":"East","teamLoc":"Home","teamRslt":"Loss","teamPTS":86,"teamAST":14,"teamTO":14,"teamSTL":5,"teamBLK":2,"teamPF":21,"teamFGA":85,"teamFGM":33,"team2PA":55,"team2PM":27,"team3PA":30,"team3PM":6,"teamFTA":19,"teamFTM":14,"teamORB":9,"teamDRB":30,"teamPTS1":22,"teamPTS2":21,"teamPTS3":24,"teamPTS4":19,"teamPTS5":0,"teamPTS6":0,"teamPTS7":0,"teamPTS8":0,"opptAbbr":"PHI","opptConf":"East","opptLoc":"Away","opptRslt":"Win","opptPTS":97,"opptAST":25,"opptTO":21,"opptSTL":11,"opptBLK":0,"opptPF":24,"opptFGA":75,"opptFGM":35,"oppt2PA":51,"oppt2PM":26,"oppt3PA":24,"oppt3PM":9,"opptFTA":24,"opptFTM":18,"opptORB":8,"opptDRB":41,"opptPTS1":31,"opptPTS2":25,"opptPTS3":19,"opptPTS4":22,"opptPTS5":0,"opptPTS6":0,"opptPTS7":0,"opptPTS8":0}
{"_id":{"$oid":"5cb552f6e0f627212ff3bb83"},"gmDate":"2017/10/25","offLNm3":"Malloy","offFNm3":"Ed","teamAbbr":"DET","teamConf":"East","teamLoc":"Home","teamRslt":"Win","teamPTS":122,"teamAST":32,"teamTO":15,"teamSTL":7,"teamBLK":3,"teamPF":22,"teamFGA":92,"teamFGM":48,"team2PA":58,"team2PM":33,"team3PA":34,"team3PM":15,"teamFTA":17,"teamFTM":11,"teamORB":12,"teamDRB":35,"teamPTS1":23,"teamPTS2":40,"teamPTS3":28,"teamPTS4":31,"teamPTS5":0,"teamPTS6":0,"teamPTS7":0,"teamPTS8":0,"opptAbbr":"MIN","opptConf":"West","opptLoc":"Away","opptRslt":"Loss","opptPTS":101,"opptAST":19,"opptTO":14,"opptSTL":5,"opptBLK":4,"opptPF":19,"opptFGA":85,"opptFGM":37,"oppt2PA":60,"oppt2PM":28,"oppt3PA":25,"oppt3PM":9,"opptFTA":21,"opptFTM":18,"opptORB":7,"opptDRB":30,"opptPTS1":26,"opptPTS2":18,"opptPTS3":29,"opptPTS4":28,"opptPTS5":0,"opptPTS6":0,"opptPTS7":0,"opptPTS8":0}
{"_id":{"$oid":"5cb552f6e0f627212ff3bba1"},"gmDate":"2017/10/28","offLNm3":"Washington","offFNm3":"Tom","teamAbbr":"LAC","teamConf":"West","teamLoc":"Home","teamRslt":"Loss","teamPTS":87,"teamAST":19,"teamTO":19,"teamSTL":6,"teamBLK":6,"teamPF":18,"teamFGA":84,"teamFGM":28,"team2PA":46,"team2PM":13,"team3PA":38,"team3PM":15,"teamFTA":22,"teamFTM":16,"teamORB":15,"teamDRB":36,"teamPTS1":24,"teamPTS2":31,"teamPTS3":17,"teamPTS4":15,"teamPTS5":0,"teamPTS6":0,"teamPTS7":0,"teamPTS8":0,"opptAbbr":"DET","opptConf":"East","opptLoc":"Away","opptRslt":"Win","opptPTS":95,"opptAST":16,"opptTO":13,"opptSTL":11,"opptBLK":6,"opptPF":20,"opptFGA":88,"opptFGM":36,"oppt2PA":60,"oppt2PM":27,"oppt3PA":28,"oppt3PM":9,"opptFTA":21,"opptFTM":14,"opptORB":12,"opptDRB":38,"opptPTS1":27,"opptPTS2":18,"opptPTS3":22,"opptPTS4":28,"opptPTS5":0,"opptPTS6":0,"opptPTS7":0,"opptPTS8":0}
{"_id":{"$oid":"5cb552f6e0f627212ff3bba8"},"gmDate":"2017/10/29","offLNm3":"Stafford","offFNm3":"Derrick","teamAbbr":"GS","teamConf":"West","teamLoc":"Home","teamRslt":"Loss","teamPTS":107,"teamAST":29,"teamTO":26,"teamSTL":3,"teamBLK":11,"teamPF":14,"teamFGA":77,"teamFGM":44,"team2PA":50,"team2PM":34,"team3PA":27,"team3PM":10,"teamFTA":12,"teamFTM":9,"teamORB":10,"teamDRB":30,"teamPTS1":35,"teamPTS2":22,"teamPTS3":24,"teamPTS4":26,"teamPTS5":0,"teamPTS6":0,"teamPTS7":0,"teamPTS8":0,"opptAbbr":"DET","opptConf":"East","opptLoc":"Away","opptRslt":"Win","opptPTS":115,"opptAST":22,"opptTO":14,"opptSTL":16,"opptBLK":0,"opptPF":9,"opptFGA":93,"opptFGM":43,"oppt2PA":66,"oppt2PM":31,"oppt3PA":27,"oppt3PM":12,"opptFTA":17,"opptFTM":17,"opptORB":17,"opptDRB":20,"opptPTS1":27,"opptPTS2":25,"opptPTS3":30,"opptPTS4":33,"opptPTS5":0,"opptPTS6":0,"opptPTS7":0,"opptPTS8":0}
{"_id":{"$oid":"5cb552f6e0f627212ff3bbb6"},"gmDate":"2017/10/31","offLNm3":"Wood","offFNm3":"Leon","teamAbbr":"LAL","teamConf":"West","teamLoc":"Home","teamRslt":"Win","teamPTS":113,"teamAST":30,"teamTO":14,"teamSTL":9,"teamBLK":5,"teamPF":14,"teamFGA":91,"teamFGM":45,"team2PA":65,"team2PM":33,"team3PA":26,"team3PM":12,"teamFTA":14,"teamFTM":11,"teamORB":11,"teamDRB":42,"teamPTS1":25,"teamPTS2":33,"teamPTS3":29,"teamPTS4":26,"teamPTS5":0,"teamPTS6":0,"teamPTS7":0,"teamPTS8":0,"opptAbbr":"DET","opptConf":"East","opptLoc":"Away","opptRslt":"Loss","opptPTS":93,"opptAST":21,"opptTO":13,"opptSTL":7,"opptBLK":3,"opptPF":11,"opptFGA":94,"opptFGM":41,"oppt2PA":61,"oppt2PM":31,"oppt3PA":33,"oppt3PM":10,"opptFTA":3,"opptFTM":1,"opptORB":10,"opptDRB":34,"opptPTS1":22,"opptPTS2":23,"opptPTS3":27,"opptPTS4":21,"opptPTS5":0,"opptPTS6":0,"opptPTS7":0,"opptPTS8":0}
{"_id":{"$oid":"5cb552f6e0f627212ff3bbc4"},"gmDate":"2017/11/3","offLNm3":"Collins","offFNm3":"Derrick","teamAbbr":"DET","teamConf":"East","teamLoc":"Home","teamRslt":"Win","teamPTS":105,"teamAST":21,"teamTO":14,"teamSTL":10,"teamBLK":4,"teamPF":11,"teamFGA":78,"teamFGM":37,"team2PA":52,"team2PM":29,"team3PA":26,"team3PM":8,"teamFTA":28,"teamFTM":23,"teamORB":8,"teamDRB":32,"teamPTS1":28,"teamPTS2":31,"teamPTS3":23,"teamPTS4":23,"teamPTS5":0,"teamPTS6":0,"teamPTS7":0,"teamPTS8":0,"opptAbbr":"MIL","opptConf":"East","opptLoc":"Away","opptRslt":"Loss","opptPTS":96,"opptAST":27,"opptTO":14,"opptSTL":6,"opptBLK":6,"opptPF":24,"opptFGA":83,"opptFGM":39,"oppt2PA":58,"oppt2PM":29,"oppt3PA":25,"oppt3PM":10,"opptFTA":9,"opptFTM":8,"opptORB":7,"opptDRB":29,"opptPTS1":26,"opptPTS2":22,"opptPTS3":24,"opptPTS4":24,"opptPTS5":0,"opptPTS6":0,"opptPTS7":0,"opptPTS8":0}
{"_id":{"$oid":"5cb552f6e0f627212ff3bbd0"},"gmDate":"2017/11/4","offLNm3":"Kirkland","offFNm3":"Courtney","teamAbbr":"DET","teamConf":"East","teamLoc":"Home","teamRslt":"Win","teamPTS":108,"teamAST":28,"teamTO":15,"teamSTL":10,"teamBLK":3,"teamPF":19,"teamFGA":79,"teamFGM":40,"team2PA":55,"team2PM":27,"team3PA":24,"team3PM":13,"teamFTA":22,"teamFTM":15,"teamORB":8,"teamDRB":27,"teamPTS1":29,"teamPTS2":23,"teamPTS3":33,"teamPTS4":23,"teamPTS5":0,"teamPTS6":0,"teamPTS7":0,"teamPTS8":0,"opptAbbr":"SAC","opptConf":"West","opptLoc":"Away","opptRslt":"Loss","opptPTS":99,"opptAST":24,"opptTO":18,"opptSTL":6,"opptBLK":1,"opptPF":23,"opptFGA":76,"opptFGM":40,"oppt2PA":55,"oppt2PM":30,"oppt3PA":21,"oppt3PM":10,"opptFTA":13,"opptFTM":9,"opptORB":3,"opptDRB":29,"opptPTS1":26,"opptPTS2":23,"opptPTS3":25,"opptPTS4":25,"opptPTS5":0,"opptPTS6":0,"opptPTS7":0,"opptPTS8":0}
{"_id":{"$oid":"5cb552f6e0f627212ff3bbec"},"gmDate":"2017/11/8","offLNm3":"Richardson","offFNm3":"Derek","teamAbbr":"DET","teamConf":"East","teamLoc":"Home","teamRslt":"Win","teamPTS":114,"teamAST":25,"teamTO":18,"teamSTL":3,"teamBLK":5,"teamPF":22,"teamFGA":83,"teamFGM":43,"team2PA":56,"team2PM":31,"team3PA":27,"team3PM":12,"teamFTA":25,"teamFTM":16,"teamORB":8,"teamDRB":42,"teamPTS1":22,"teamPTS2":37,"teamPTS3":23,"teamPTS4":32,"teamPTS5":0,"teamPTS6":0,"teamPTS7":0,"teamPTS8":0,"opptAbbr":"IND","opptConf":"East","opptLoc":"Away","opptRslt":"Loss","opptPTS":97,"opptAST":22,"opptTO":15,"opptSTL":8,"opptBLK":3,"opptPF":24,"opptFGA":88,"opptFGM":38,"oppt2PA":64,"oppt2PM":31,"oppt3PA":24,"oppt3PM":7,"opptFTA":18,"opptFTM":14,"opptORB":7,"opptDRB":31,"opptPTS1":30,"opptPTS2":22,"opptPTS3":23,"opptPTS4":22,"opptPTS5":0,"opptPTS6":0,"opptPTS7":0,"opptPTS8":0}
{"_id":{"$oid":"5cb552f6e0f627212ff3bbf6"},"gmDate":"2017/11/10","offLNm3":"Holtkamp","offFNm3":"Lauren","teamAbbr":"DET","teamConf":"East","teamLoc":"Home","teamRslt":"Win","teamPTS":111,"teamAST":23,"teamTO":17,"teamSTL":7,"teamBLK":5,"teamPF":18,"teamFGA":89,"teamFGM":39,"team2PA":59,"team2PM":27,"team3PA":30,"team3PM":12,"teamFTA":27,"teamFTM":21,"teamORB":20,"teamDRB":31,"teamPTS1":26,"teamPTS2":31,"teamPTS3":19,"teamPTS4":35,"teamPTS5":0,"teamPTS6":0,"teamPTS7":0,"teamPTS8":0,"opptAbbr":"ATL","opptConf":"East","opptLoc":"Away","opptRslt":"Loss","opptPTS":104,"opptAST":28,"opptTO":16,"opptSTL":11,"opptBLK":7,"opptPF":21,"opptFGA":89,"opptFGM":44,"oppt2PA":65,"oppt2PM":36,"oppt3PA":24,"oppt3PM":8,"opptFTA":11,"opptFTM":8,"opptORB":11,"opptDRB":34,"opptPTS1":22,"opptPTS2":19,"opptPTS3":28,"opptPTS4":35,"opptPTS5":0,"opptPTS6":0,"opptPTS7":0,"opptPTS8":0}
{"_id":{"$oid":"5cb552f6e0f627212ff3bc0a"},"gmDate":"2017/11/12","offLNm3":"Ford","offFNm3":"Tyler","teamAbbr":"DET","teamConf":"East","teamLoc":"Home","teamRslt":"Win","teamPTS":112,"teamAST":24,"teamTO":13,"teamSTL":2,"teamBLK":5,"teamPF":17,"teamFGA":87,"teamFGM":42,"team2PA":59,"team2PM":28,"team3PA":28,"team3PM":14,"teamFTA":20,"teamFTM":14,"teamORB":11,"teamDRB":43,"teamPTS1":31,"teamPTS2":24,"teamPTS3":28,"teamPTS4":29,"teamPTS5":0,"teamPTS6":0,"teamPTS7":0,"teamPTS8":0,"opptAbbr":"MIA","opptConf":"East","opptLoc":"Away","opptRslt":"Loss","opptPTS":103,"opptAST":25,"opptTO":9,"opptSTL":8,"opptBLK":5,"opptPF":22,"opptFGA":90,"opptFGM":39,"oppt2PA":53,"oppt2PM":26,"oppt3PA":37,"oppt3PM":13,"opptFTA":16,"opptFTM":12,"opptORB":7,"opptDRB":32,"opptPTS1":29,"opptPTS2":29,"opptPTS3":23,"opptPTS4":22,"opptPTS5":0,"opptPTS6":0,"opptPTS7":0,"opptPTS8":0}
{"_id":{"$oid":"5cb552f6e0f627212ff3bc1e"},"gmDate":"2017/11/15","offLNm3":"Van Duyne","offFNm3":"Justin","teamAbbr":"MIL","teamConf":"East","teamLoc":"Home","teamRslt":"Win","teamPTS":99,"teamAST":24,"teamTO":15,"teamSTL":10,"teamBLK":16,"teamPF":19,"teamFGA":78,"teamFGM":38,"team2PA":56,"team2PM":30,"team3PA":22,"team3PM":8,"teamFTA":20,"teamFTM":15,"teamORB":11,"teamDRB":32,"teamPTS1":26,"teamPTS2":15,"teamPTS3":34,"teamPTS4":24,"teamPTS5":0,"teamPTS6":0,"teamPTS7":0,"teamPTS8":0,"opptAbbr":"DET","opptConf":"East","opptLoc":"Away","opptRslt":"Loss","opptPTS":95,"opptAST":23,"opptTO":18,"opptSTL":7,"opptBLK":3,"opptPF":20,"opptFGA":85,"opptFGM":30,"oppt2PA":48,"oppt2PM":15,"oppt3PA":37,"oppt3PM":15,"opptFTA":23,"opptFTM":20,"opptORB":17,"opptDRB":28,"opptPTS1":23,"opptPTS2":18,"opptPTS3":21,"opptPTS4":33,"opptPTS5":0,"opptPTS6":0,"opptPTS7":0,"opptPTS8":0}
{"_id":{"$oid":"5cb552f6e0f627212ff3bc26"},"gmDate":"2017/11/17","offLNm3":"DeRosa","offFNm3":"Joe","teamAbbr":"IND","teamConf":"East","teamLoc":"Home","teamRslt":"Win","teamPTS":107,"teamAST":22,"teamTO":10,"teamSTL":4,"teamBLK":5,"teamPF":13,"teamFGA":89,"teamFGM":39,"team2PA":61,"team2PM":24,"team3PA":28,"team3PM":15,"teamFTA":21,"teamFTM":14,"teamORB":13,"teamDRB":38,"teamPTS1":23,"teamPTS2":24,"teamPTS3":24,"teamPTS4":36,"teamPTS5":0,"teamPTS6":0,"teamPTS7":0,"teamPTS8":0,"opptAbbr":"DET","opptConf":"East","opptLoc":"Away","opptRslt":"Loss","opptPTS":100,"opptAST":20,"opptTO":11,"opptSTL":4,"opptBLK":8,"opptPF":18,"opptFGA":93,"opptFGM":39,"oppt2PA":60,"oppt2PM":25,"oppt3PA":33,"oppt3PM":14,"opptFTA":10,"opptFTM":8,"opptORB":11,"opptDRB":32,"opptPTS1":32,"opptPTS2":26,"opptPTS3":23,"opptPTS4":19,"opptPTS5":0,"opptPTS6":0,"opptPTS7":0,"opptPTS8":0}
{"_id":{"$oid":"5cb552f6e0f627212ff3bc3b"},"gmDate":"2017/11/19","offLNm3":"Corbin","offFNm3":"Sean","teamAbbr":"MIN","teamConf":"West","teamLoc":"Home","teamRslt":"Loss","teamPTS":97,"teamAST":23,"teamTO":21,"teamSTL":11,"teamBLK":4,"teamPF":20,"teamFGA":78,"teamFGM":40,"team2PA":56,"team2PM":35,"team3PA":22,"team3PM":5,"teamFTA":18,"teamFTM":12,"teamORB":6,"teamDRB":32,"teamPTS1":24,"teamPTS2":29,"teamPTS3":27,"teamPTS4":17,"teamPTS5":0,"teamPTS6":0,"teamPTS7":0,"teamPTS8":0,"opptAbbr":"DET","opptConf":"East","opptLoc":"Away","opptRslt":"Win","opptPTS":100,"opptAST":25,"opptTO":19,"opptSTL":10,"opptBLK":2,"opptPF":21,"opptFGA":83,"opptFGM":39,"oppt2PA":58,"oppt2PM":31,"oppt3PA":25,"oppt3PM":8,"opptFTA":20,"opptFTM":14,"opptORB":11,"opptDRB":26,"opptPTS1":22,"opptPTS2":27,"opptPTS3":22,"opptPTS4":29,"opptPTS5":0,"opptPTS6":0,"opptPTS7":0,"opptPTS8":0}
{"_id":{"$oid":"5cb552f6e0f627212ff3bc3f"},"gmDate":"2017/11/20","offLNm3":"Washington","offFNm3":"Tom","teamAbbr":"DET","teamConf":"East","teamLoc":"Home","teamRslt":"Loss","teamPTS":88,"teamAST":23,"teamTO":14,"teamSTL":7,"teamBLK":2,"teamPF":19,"teamFGA":77,"teamFGM":34,"team2PA":47,"team2PM":21,"team3PA":30,"team3PM":13,"teamFTA":13,"teamFTM":7,"teamORB":7,"teamDRB":27,"teamPTS1":23,"teamPTS2":23,"teamPTS3":16,"teamPTS4":26,"teamPTS5":0,"teamPTS6":0,"teamPTS7":0,"teamPTS8":0,"opptAbbr":"CLE","opptConf":"East","opptLoc":"Away","opptRslt":"Win","opptPTS":116,"opptAST":28,"opptTO":11,"opptSTL":4,"opptBLK":2,"opptPF":14,"opptFGA":80,"opptFGM":42,"oppt2PA":47,"oppt2PM":26,"oppt3PA":33,"oppt3PM":16,"opptFTA":17,"opptFTM":16,"opptORB":7,"opptDRB":35,"opptPTS1":36,"opptPTS2":37,"opptPTS3":28,"opptPTS4":15,"opptPTS5":0,"opptPTS6":0,"opptPTS7":0,"opptPTS8":0}
{"_id":{"$oid":"5cb552f6e0f627212ff3bc5d"},"gmDate":"2017/11/24","offLNm3":"Mauer","offFNm3":"Ken","teamAbbr":"OKC","teamConf":"West","teamLoc":"Home","teamRslt":"Loss","teamPTS":98,"teamAST":22,"teamTO":15,"teamSTL":13,"teamBLK":6,"teamPF":12,"teamFGA":98,"teamFGM":42,"team2PA":66,"team2PM":34,"team3PA":32,"team3PM":8,"teamFTA":8,"teamFTM":6,"teamORB":13,"teamDRB":32,"teamPTS1":29,"teamPTS2":30,"teamPTS3":18,"teamPTS4":21,"teamPTS5":0,"teamPTS6":0,"teamPTS7":0,"teamPTS8":0,"opptAbbr":"DET","opptConf":"East","opptLoc":"Away","opptRslt":"Win","opptPTS":99,"opptAST":22,"opptTO":21,"opptSTL":6,"opptBLK":5,"opptPF":17,"opptFGA":84,"opptFGM":39,"oppt2PA":47,"oppt2PM":25,"oppt3PA":37,"oppt3PM":14,"opptFTA":9,"opptFTM":7,"opptORB":8,"opptDRB":35,"opptPTS1":25,"opptPTS2":24,"opptPTS3":24,"opptPTS4":26,"opptPTS5":0,"opptPTS6":0,"opptPTS7":0,"opptPTS8":0}
{"_id":{"$oid":"5cb552f6e0f627212ff3bc71"},"gmDate":"2017/11/27","offLNm3":"Brown","offFNm3":"Tony","teamAbbr":"BOS","teamConf":"East","teamLoc":"Home","teamRslt":"Loss","teamPTS":108,"teamAST":27,"teamTO":17,"teamSTL":2,"teamBLK":4,"teamPF":23,"teamFGA":77,"teamFGM":40,"team2PA":44,"team2PM":24,"team3PA":33,"team3PM":16,"teamFTA":21,"teamFTM":12,"teamORB":5,"teamDRB":31,"teamPTS1":23,"teamPTS2":34,"teamPTS3":29,"teamPTS4":22,"teamPTS5":0,"teamPTS6":0,"teamPTS7":0,"teamPTS8":0,"opptAbbr":"DET","opptConf":"East","opptLoc":"Away","opptRslt":"Win","opptPTS":118,"opptAST":26,"opptTO":8,"opptSTL":8,"opptBLK":2,"opptPF":19,"opptFGA":85,"opptFGM":44,"oppt2PA":60,"oppt2PM":33,"oppt3PA":25,"oppt3PM":11,"opptFTA":23,"opptFTM":19,"opptORB":8,"opptDRB":32,"opptPTS1":31,"opptPTS2":29,"opptPTS3":26,"opptPTS4":32,"opptPTS5":0,"opptPTS6":0,"opptPTS7":0,"opptPTS8":0}
{"_id":{"$oid":"5cb552f6e0f627212ff3bc7c"},"gmDate":"2017/11/29","offLNm3":"Garretson","offFNm3":"Ron","teamAbbr":"DET","teamConf":"East","teamLoc":"Home","teamRslt":"Win","teamPTS":131,"teamAST":31,"teamTO":19,"teamSTL":11,"teamBLK":6,"teamPF":22,"teamFGA":89,"teamFGM":51,"team2PA":61,"team2PM":38,"team3PA":28,"team3PM":13,"teamFTA":21,"teamFTM":16,"teamORB":5,"teamDRB":39,"teamPTS1":36,"teamPTS2":33,"teamPTS3":35,"teamPTS4":27,"teamPTS5":0,"teamPTS6":0,"teamPTS7":0,"teamPTS8":0,"opptAbbr":"PHO","opptConf":"West","opptLoc":"Away","opptRslt":"Loss","opptPTS":107,"opptAST":21,"opptTO":21,"opptSTL":12,"opptBLK":4,"opptPF":19,"opptFGA":84,"opptFGM":39,"oppt2PA":62,"oppt2PM":32,"oppt3PA":22,"oppt3PM":7,"opptFTA":28,"opptFTM":22,"opptORB":8,"opptDRB":29,"opptPTS1":19,"opptPTS2":22,"opptPTS3":29,"opptPTS4":37,"opptPTS5":0,"opptPTS6":0,"opptPTS7":0,"opptPTS8":0}
{"_id":{"$oid":"5cb552f6e0f627212ff3bc8c"},"gmDate":"2017/12/1","offLNm3":"Ayotte","offFNm3":"Mark","teamAbbr":"WAS","teamConf":"East","teamLoc":"Home","teamRslt":"Win","teamPTS":109,"teamAST":28,"teamTO":11,"teamSTL":12,"teamBLK":6,"teamPF":20,"teamFGA":89,"teamFGM":43,"team2PA":68,"team2PM":36,"team3PA":21,"team3PM":7,"teamFTA":19,"teamFTM":16,"teamORB":16,"teamDRB":33,"teamPTS1":26,"teamPTS2":20,"teamPTS3":35,"teamPTS4":28,"teamPTS5":0,"teamPTS6":0,"teamPTS7":0,"teamPTS8":0,"opptAbbr":"DET","opptConf":"East","opptLoc":"Away","opptRslt":"Loss","opptPTS":91,"opptAST":20,"opptTO":15,"opptSTL":7,"opptBLK":5,"opptPF":21,"opptFGA":79,"opptFGM":35,"oppt2PA":49,"oppt2PM":26,"oppt3PA":30,"oppt3PM":9,"opptFTA":19,"opptFTM":12,"opptORB":4,"opptDRB":28,"opptPTS1":26,"opptPTS2":26,"opptPTS3":15,"opptPTS4":24,"opptPTS5":0,"opptPTS6":0,"opptPTS7":0,"opptPTS8":0}
{"_id":{"$oid":"5cb552f6e0f627212ff3bc97"},"gmDate":"2017/12/2","offLNm3":"Foster","offFNm3":"Scott","teamAbbr":"PHI","teamConf":"East","teamLoc":"Home","teamRslt":"Win","teamPTS":108,"teamAST":27,"teamTO":18,"teamSTL":7,"teamBLK":4,"teamPF":24,"teamFGA":86,"teamFGM":35,"team2PA":58,"team2PM":25,"team3PA":28,"team3PM":10,"teamFTA":32,"teamFTM":28,"teamORB":17,"teamDRB":30,"teamPTS1":32,"teamPTS2":31,"teamPTS3":17,"teamPTS4":28,"teamPTS5":0,"teamPTS6":0,"teamPTS7":0,"teamPTS8":0,"opptAbbr":"DET","opptConf":"East","opptLoc":"Away","opptRslt":"Loss","opptPTS":103,"opptAST":20,"opptTO":19,"opptSTL":8,"opptBLK":2,"opptPF":27,"opptFGA":78,"opptFGM":34,"oppt2PA":47,"oppt2PM":25,"oppt3PA":31,"oppt3PM":9,"opptFTA":32,"opptFTM":26,"opptORB":7,"opptDRB":29,"opptPTS1":25,"opptPTS2":22,"opptPTS3":33,"opptPTS4":23,"opptPTS5":0,"opptPTS6":0,"opptPTS7":0,"opptPTS8":0}
{"_id":{"$oid":"5cb552f6e0f627212ff3bca9"},"gmDate":"2017/12/4","offLNm3":"Maddox","offFNm3":"Tre","teamAbbr":"SA","teamConf":"West","teamLoc":"Home","teamRslt":"Win","teamPTS":96,"teamAST":30,"teamTO":17,"teamSTL":2,"teamBLK":7,"teamPF":20,"teamFGA":82,"teamFGM":35,"team2PA":51,"team2PM":21,"team3PA":31,"team3PM":14,"teamFTA":12,"teamFTM":12,"teamORB":10,"teamDRB":41,"teamPTS1":28,"teamPTS2":22,"teamPTS3":19,"teamPTS4":27,"teamPTS5":0,"teamPTS6":0,"teamPTS7":0,"teamPTS8":0,"opptAbbr":"DET","opptConf":"East","opptLoc":"Away","opptRslt":"Loss","opptPTS":93,"opptAST":15,"opptTO":10,"opptSTL":8,"opptBLK":2,"opptPF":22,"opptFGA":85,"opptFGM":35,"oppt2PA":58,"oppt2PM":27,"oppt3PA":27,"oppt3PM":8,"opptFTA":24,"opptFTM":15,"opptORB":7,"opptDRB":35,"opptPTS1":29,"opptPTS2":24,"opptPTS3":20,"opptPTS4":20,"opptPTS5":0,"opptPTS6":0,"opptPTS7":0,"opptPTS8":0}
{"_id":{"$oid":"5cb552f6e0f627212ff3bcb4"},"gmDate":"2017/12/6","offLNm3":"Stafford","offFNm3":"Derrick","teamAbbr":"MIL","teamConf":"East","teamLoc":"Home","teamRslt":"Win","teamPTS":104,"teamAST":22,"teamTO":11,"teamSTL":6,"teamBLK":5,"teamPF":21,"teamFGA":79,"teamFGM":39,"team2PA":57,"team2PM":31,"team3PA":22,"team3PM":8,"teamFTA":26,"teamFTM":18,"teamORB":13,"teamDRB":28,"teamPTS1":30,"teamPTS2":30,"teamPTS3":16,"teamPTS4":28,"teamPTS5":0,"teamPTS6":0,"teamPTS7":0,"teamPTS8":0,"opptAbbr":"DET","opptConf":"East","opptLoc":"Away","opptRslt":"Loss","opptPTS":100,"opptAST":20,"opptTO":11,"opptSTL":5,"opptBLK":0,"opptPF":20,"opptFGA":87,"opptFGM":36,"oppt2PA":57,"oppt2PM":26,"oppt3PA":30,"oppt3PM":10,"opptFTA":27,"opptFTM":18,"opptORB":16,"opptDRB":29,"opptPTS1":27,"opptPTS2":24,"opptPTS3":25,"opptPTS4":24,"opptPTS5":0,"opptPTS6":0,"opptPTS7":0,"opptPTS8":0}
{"_id":{"$oid":"5cb552f6e0f627212ff3bcbd"},"gmDate":"2017/12/8","offLNm3":"Collins","offFNm3":"Derrick","teamAbbr":"DET","teamConf":"East","teamLoc":"Home","teamRslt":"Loss","teamPTS":98,"teamAST":20,"teamTO":13,"teamSTL":8,"teamBLK":2,"teamPF":17,"teamFGA":92,"teamFGM":38,"team2PA":65,"team2PM":26,"team3PA":27,"team3PM":12,"teamFTA":19,"teamFTM":10,"teamORB":15,"teamDRB":34,"teamPTS1":24,"teamPTS2":26,"teamPTS3":17,"teamPTS4":31,"teamPTS5":0,"teamPTS6":0,"teamPTS7":0,"teamPTS8":0,"opptAbbr":"GS","opptConf":"West","opptLoc":"Away","opptRslt":"Win","opptPTS":102,"opptAST":29,"opptTO":14,"opptSTL":5,"opptBLK":15,"opptPF":19,"opptFGA":81,"opptFGM":39,"oppt2PA":55,"oppt2PM":32,"oppt3PA":26,"oppt3PM":7,"opptFTA":22,"opptFTM":17,"opptORB":5,"opptDRB":40,"opptPTS1":30,"opptPTS2":16,"opptPTS3":31,"opptPTS4":25,"opptPTS5":0,"opptPTS6":0,"opptPTS7":0,"opptPTS8":0}
{"_id":{"$oid":"5cb552f6e0f627212ff3bccf"},"gmDate":"2017/12/10","offLNm3":"Smith","offFNm3":"Michael","teamAbbr":"DET","teamConf":"East","teamLoc":"Home","teamRslt":"Loss","teamPTS":81,"teamAST":14,"teamTO":10,"teamSTL":7,"teamBLK":4,"teamPF":16,"teamFGA":84,"teamFGM":28,"team2PA":51,"team2PM":18,"team3PA":33,"team3PM":10,"teamFTA":19,"teamFTM":15,"teamORB":11,"teamDRB":35,"teamPTS1":21,"teamPTS2":16,"teamPTS3":22,"teamPTS4":22,"teamPTS5":0,"teamPTS6":0,"teamPTS7":0,"teamPTS8":0,"opptAbbr":"BOS","opptConf":"East","opptLoc":"Away","opptRslt":"Win","opptPTS":91,"opptAST":16,"opptTO":14,"opptSTL":4,"opptBLK":4,"opptPF":18,"opptFGA":79,"opptFGM":33,"oppt2PA":49,"oppt2PM":22,"oppt3PA":30,"oppt3PM":11,"opptFTA":18,"opptFTM":14,"opptORB":9,"opptDRB":41,"opptPTS1":29,"opptPTS2":15,"opptPTS3":29,"opptPTS4":18,"opptPTS5":0,"opptPTS6":0,"opptPTS7":0,"opptPTS8":0}
{"_id":{"$oid":"5cb552f6e0f627212ff3bcdb"},"gmDate":"2017/12/12","offLNm3":"Brown","offFNm3":"Tony","teamAbbr":"DET","teamConf":"East","teamLoc":"Home","teamRslt":"Loss","teamPTS":84,"teamAST":17,"teamTO":21,"teamSTL":7,"teamBLK":2,"teamPF":16,"teamFGA":79,"teamFGM":28,"team2PA":54,"team2PM":19,"team3PA":25,"team3PM":9,"teamFTA":22,"teamFTM":19,"teamORB":11,"teamDRB":29,"teamPTS1":18,"teamPTS2":22,"teamPTS3":20,"teamPTS4":24,"teamPTS5":0,"teamPTS6":0,"teamPTS7":0,"teamPTS8":0,"opptAbbr":"DEN","opptConf":"West","opptLoc":"Away","opptRslt":"Win","opptPTS":103,"opptAST":27,"opptTO":17,"opptSTL":8,"opptBLK":3,"opptPF":15,"opptFGA":79,"opptFGM":40,"oppt2PA":49,"oppt2PM":30,"oppt3PA":30,"oppt3PM":10,"opptFTA":14,"opptFTM":13,"opptORB":6,"opptDRB":38,"opptPTS1":26,"opptPTS2":23,"opptPTS3":31,"opptPTS4":23,"opptPTS5":0,"opptPTS6":0,"opptPTS7":0,"opptPTS8":0}
{"_id":{"$oid":"5cb552f6e0f627212ff3bcea"},"gmDate":"2017/12/14","offLNm3":"Sterling","offFNm3":"Jonathan","teamAbbr":"ATL","teamConf":"East","teamLoc":"Home","teamRslt":"Loss","teamPTS":91,"teamAST":28,"teamTO":17,"teamSTL":6,"teamBLK":6,"teamPF":12,"teamFGA":69,"teamFGM":32,"team2PA":38,"team2PM":21,"team3PA":31,"team3PM":11,"teamFTA":26,"teamFTM":16,"teamORB":6,"teamDRB":27,"teamPTS1":31,"teamPTS2":15,"teamPTS3":18,"teamPTS4":27,"teamPTS5":0,"teamPTS6":0,"teamPTS7":0,"teamPTS8":0,"opptAbbr":"DET","opptConf":"East","opptLoc":"Away","opptRslt":"Win","opptPTS":105,"opptAST":26,"opptTO":15,"opptSTL":10,"opptBLK":2,"opptPF":23,"opptFGA":90,"opptFGM":41,"oppt2PA":60,"oppt2PM":28,"oppt3PA":30,"oppt3PM":13,"opptFTA":12,"opptFTM":10,"opptORB":15,"opptDRB":32,"opptPTS1":30,"opptPTS2":29,"opptPTS3":26,"opptPTS4":20,"opptPTS5":0,"opptPTS6":0,"opptPTS7":0,"opptPTS8":0}
{"_id":{"$oid":"5cb552f6e0f627212ff3bcf0"},"gmDate":"2017/12/15","offLNm3":"Zarba","offFNm3":"Zach","teamAbbr":"IND","teamConf":"East","teamLoc":"Home","teamRslt":"Loss","teamPTS":98,"teamAST":21,"teamTO":14,"teamSTL":6,"teamBLK":4,"teamPF":15,"teamFGA":87,"teamFGM":35,"team2PA":57,"team2PM":26,"team3PA":30,"team3PM":9,"teamFTA":25,"teamFTM":19,"teamORB":15,"teamDRB":36,"teamPTS1":19,"teamPTS2":35,"teamPTS3":20,"teamPTS4":24,"teamPTS5":0,"teamPTS6":0,"teamPTS7":0,"teamPTS8":0,"opptAbbr":"DET","opptConf":"East","opptLoc":"Away","opptRslt":"Win","opptPTS":104,"opptAST":22,"opptTO":9,"opptSTL":7,"opptBLK":10,"opptPF":22,"opptFGA":93,"opptFGM":39,"oppt2PA":61,"oppt2PM":26,"oppt3PA":32,"oppt3PM":13,"opptFTA":17,"opptFTM":13,"opptORB":11,"opptDRB":33,"opptPTS1":27,"opptPTS2":25,"opptPTS3":34,"opptPTS4":18,"opptPTS5":0,"opptPTS6":0,"opptPTS7":0,"opptPTS8":0}
{"_id":{"$oid":"5cb552f6e0f627212ff3bd03"},"gmDate":"2017/12/17","offLNm3":"Acosta","offFNm3":"Ray","teamAbbr":"DET","teamConf":"East","teamLoc":"Home","teamRslt":"Win","teamPTS":114,"teamAST":27,"teamTO":13,"teamSTL":11,"teamBLK":3,"teamPF":17,"teamFGA":88,"teamFGM":42,"team2PA":54,"team2PM":25,"team3PA":34,"team3PM":17,"teamFTA":16,"teamFTM":13,"teamORB":7,"teamDRB":32,"teamPTS1":36,"teamPTS2":24,"teamPTS3":36,"teamPTS4":18,"teamPTS5":0,"teamPTS6":0,"teamPTS7":0,"teamPTS8":0,"opptAbbr":"ORL","opptConf":"East","opptLoc":"Away","opptRslt":"Loss","opptPTS":110,"opptAST":27,"opptTO":17,"opptSTL":6,"opptBLK":3,"opptPF":16,"opptFGA":85,"opptFGM":41,"oppt2PA":52,"oppt2PM":24,"oppt3PA":33,"oppt3PM":17,"opptFTA":17,"opptFTM":11,"opptORB":8,"opptDRB":32,"opptPTS1":23,"opptPTS2":20,"opptPTS3":36,"opptPTS4":31,"opptPTS5":0,"opptPTS6":0,"opptPTS7":0,"opptPTS8":0}
{"_id":{"$oid":"5cb552f6e0f627212ff3bd1a"},"gmDate":"2017/12/20","offLNm3":"Richardson","offFNm3":"Derek","teamAbbr":"DAL","teamConf":"West","teamLoc":"Home","teamRslt":"Win","teamPTS":110,"teamAST":22,"teamTO":12,"teamSTL":6,"teamBLK":7,"teamPF":17,"teamFGA":75,"teamFGM":40,"team2PA":45,"team2PM":26,"team3PA":30,"team3PM":14,"teamFTA":20,"teamFTM":16,"teamORB":4,"teamDRB":33,"teamPTS1":22,"teamPTS2":43,"teamPTS3":24,"teamPTS4":21,"teamPTS5":0,"teamPTS6":0,"teamPTS7":0,"teamPTS8":0,"opptAbbr":"DET","opptConf":"East","opptLoc":"Away","opptRslt":"Loss","opptPTS":93,"opptAST":19,"opptTO":13,"opptSTL":4,"opptBLK":2,"opptPF":19,"opptFGA":77,"opptFGM":33,"oppt2PA":53,"oppt2PM":26,"oppt3PA":24,"oppt3PM":7,"opptFTA":22,"opptFTM":20,"opptORB":6,"opptDRB":32,"opptPTS1":25,"opptPTS2":28,"opptPTS3":13,"opptPTS4":27,"opptPTS5":0,"opptPTS6":0,"opptPTS7":0,"opptPTS8":0}
{"_id":{"$oid":"5cb552f6e0f627212ff3bd24"},"gmDate":"2017/12/22","offLNm3":"Lewis","offFNm3":"Eric","teamAbbr":"DET","teamConf":"East","teamLoc":"Home","teamRslt":"Win","teamPTS":104,"teamAST":19,"teamTO":12,"teamSTL":8,"teamBLK":5,"teamPF":11,"teamFGA":88,"teamFGM":38,"team2PA":63,"team2PM":28,"team3PA":25,"team3PM":10,"teamFTA":25,"teamFTM":18,"teamORB":15,"teamDRB":29,"teamPTS1":25,"teamPTS2":27,"teamPTS3":22,"teamPTS4":30,"teamPTS5":0,"teamPTS6":0,"teamPTS7":0,"teamPTS8":0,"opptAbbr":"NY","opptConf":"East","opptLoc":"Away","opptRslt":"Loss","opptPTS":101,"opptAST":25,"opptTO":15,"opptSTL":6,"opptBLK":9,"opptPF":20,"opptFGA":97,"opptFGM":44,"oppt2PA":73,"oppt2PM":36,"oppt3PA":24,"oppt3PM":8,"opptFTA":6,"opptFTM":5,"opptORB":16,"opptDRB":35,"opptPTS1":21,"opptPTS2":23,"opptPTS3":31,"opptPTS4":26,"opptPTS5":0,"opptPTS6":0,"opptPTS7":0,"opptPTS8":0}
{"_id":{"$oid":"5cb552f6e0f627212ff3bd40"},"gmDate":"2017/12/26","offLNm3":"Foster","offFNm3":"Scott","teamAbbr":"DET","teamConf":"East","teamLoc":"Home","teamRslt":"Win","teamPTS":107,"teamAST":26,"teamTO":13,"teamSTL":5,"teamBLK":1,"teamPF":17,"teamFGA":82,"teamFGM":41,"team2PA":48,"team2PM":29,"team3PA":34,"team3PM":12,"teamFTA":16,"teamFTM":13,"teamORB":10,"teamDRB":36,"teamPTS1":40,"teamPTS2":18,"teamPTS3":24,"teamPTS4":25,"teamPTS5":0,"teamPTS6":0,"teamPTS7":0,"teamPTS8":0,"opptAbbr":"IND","opptConf":"East","opptLoc":"Away","opptRslt":"Loss","opptPTS":83,"opptAST":18,"opptTO":12,"opptSTL":6,"opptBLK":3,"opptPF":19,"opptFGA":77,"opptFGM":34,"oppt2PA":56,"oppt2PM":28,"oppt3PA":21,"oppt3PM":6,"opptFTA":13,"opptFTM":9,"opptORB":5,"opptDRB":21,"opptPTS1":19,"opptPTS2":26,"opptPTS3":21,"opptPTS4":17,"opptPTS5":0,"opptPTS6":0,"opptPTS7":0,"opptPTS8":0}
{"_id":{"$oid":"5cb552f6e0f627212ff3bd51"},"gmDate":"2017/12/28","offLNm3":"Washington","offFNm3":"Tom","teamAbbr":"ORL","teamConf":"East","teamLoc":"Home","teamRslt":"Win","teamPTS":102,"teamAST":22,"teamTO":19,"teamSTL":10,"teamBLK":3,"teamPF":17,"teamFGA":82,"teamFGM":37,"team2PA":56,"team2PM":26,"team3PA":26,"team3PM":11,"teamFTA":17,"teamFTM":17,"teamORB":9,"teamDRB":39,"teamPTS1":33,"teamPTS2":17,"teamPTS3":27,"teamPTS4":25,"teamPTS5":0,"teamPTS6":0,"teamPTS7":0,"teamPTS8":0,"opptAbbr":"DET","opptConf":"East","opptLoc":"Away","opptRslt":"Loss","opptPTS":89,"opptAST":20,"opptTO":16,"opptSTL":5,"opptBLK":5,"opptPF":17,"opptFGA":88,"opptFGM":35,"oppt2PA":65,"oppt2PM":26,"oppt3PA":23,"oppt3PM":9,"opptFTA":14,"opptFTM":10,"opptORB":10,"opptDRB":32,"opptPTS1":28,"opptPTS2":22,"opptPTS3":23,"opptPTS4":16,"opptPTS5":0,"opptPTS6":0,"opptPTS7":0,"opptPTS8":0}
{"_id":{"$oid":"5cb552f6e0f627212ff3bd5f"},"gmDate":"2017/12/30","offLNm3":"Zarba","offFNm3":"Zach","teamAbbr":"DET","teamConf":"East","teamLoc":"Home","teamRslt":"Win","teamPTS":93,"teamAST":22,"teamTO":11,"teamSTL":10,"teamBLK":1,"teamPF":11,"teamFGA":81,"teamFGM":36,"team2PA":57,"team2PM":28,"team3PA":24,"team3PM":8,"teamFTA":16,"teamFTM":13,"teamORB":6,"teamDRB":39,"teamPTS1":24,"teamPTS2":15,"teamPTS3":24,"teamPTS4":30,"teamPTS5":0,"teamPTS6":0,"teamPTS7":0,"teamPTS8":0,"opptAbbr":"SA","opptConf":"West","opptLoc":"Away","opptRslt":"Loss","opptPTS":79,"opptAST":18,"opptTO":14,"opptSTL":8,"opptBLK":5,"opptPF":13,"opptFGA":84,"opptFGM":31,"oppt2PA":58,"oppt2PM":26,"oppt3PA":26,"oppt3PM":5,"opptFTA":13,"opptFTM":12,"opptORB":10,"opptDRB":36,"opptPTS1":13,"opptPTS2":23,"opptPTS3":21,"opptPTS4":22,"opptPTS5":0,"opptPTS6":0,"opptPTS7":0,"opptPTS8":0}
{"_id":{"$oid":"5cb552f6e0f627212ff3bd7b"},"gmDate":"2018/1/3","offLNm3":"Brown","offFNm3":"Tony","teamAbbr":"MIA","teamConf":"East","teamLoc":"Home","teamRslt":"Win","teamPTS":111,"teamAST":29,"teamTO":12,"teamSTL":6,"teamBLK":3,"teamPF":16,"teamFGA":84,"teamFGM":43,"team2PA":50,"team2PM":26,"team3PA":34,"team3PM":17,"teamFTA":11,"teamFTM":8,"teamORB":7,"teamDRB":34,"teamPTS1":24,"teamPTS2":32,"teamPTS3":25,"teamPTS4":30,"teamPTS5":0,"teamPTS6":0,"teamPTS7":0,"teamPTS8":0,"opptAbbr":"DET","opptConf":"East","opptLoc":"Away","opptRslt":"Loss","opptPTS":104,"opptAST":21,"opptTO":9,"opptSTL":4,"opptBLK":2,"opptPF":14,"opptFGA":86,"opptFGM":41,"oppt2PA":62,"oppt2PM":32,"oppt3PA":24,"oppt3PM":9,"opptFTA":16,"opptFTM":13,"opptORB":5,"opptDRB":30,"opptPTS1":29,"opptPTS2":23,"opptPTS3":29,"opptPTS4":23,"opptPTS5":0,"opptPTS6":0,"opptPTS7":0,"opptPTS8":0}
{"_id":{"$oid":"5cb552f6e0f627212ff3bd86"},"gmDate":"2018/1/5","offLNm3":"Washington","offFNm3":"Tom","teamAbbr":"PHI","teamConf":"East","teamLoc":"Home","teamRslt":"Win","teamPTS":114,"teamAST":29,"teamTO":14,"teamSTL":5,"teamBLK":4,"teamPF":17,"teamFGA":90,"teamFGM":44,"team2PA":60,"team2PM":30,"team3PA":30,"team3PM":14,"teamFTA":13,"teamFTM":12,"teamORB":13,"teamDRB":42,"teamPTS1":32,"teamPTS2":30,"teamPTS3":35,"teamPTS4":17,"teamPTS5":0,"teamPTS6":0,"teamPTS7":0,"teamPTS8":0,"opptAbbr":"DET","opptConf":"East","opptLoc":"Away","opptRslt":"Loss","opptPTS":78,"opptAST":20,"opptTO":12,"opptSTL":9,"opptBLK":4,"opptPF":14,"opptFGA":79,"opptFGM":30,"oppt2PA":57,"oppt2PM":23,"oppt3PA":22,"oppt3PM":7,"opptFTA":19,"opptFTM":11,"opptORB":6,"opptDRB":28,"opptPTS1":15,"opptPTS2":17,"opptPTS3":29,"opptPTS4":17,"opptPTS5":0,"opptPTS6":0,"opptPTS7":0,"opptPTS8":0}
{"_id":{"$oid":"5cb552f6e0f627212ff3bd91"},"gmDate":"2018/1/6","offLNm3":"Van Duyne","offFNm3":"Justin","teamAbbr":"DET","teamConf":"East","teamLoc":"Home","teamRslt":"Win","teamPTS":108,"teamAST":21,"teamTO":13,"teamSTL":8,"teamBLK":4,"teamPF":15,"teamFGA":75,"teamFGM":38,"team2PA":50,"team2PM":26,"team3PA":25,"team3PM":12,"teamFTA":27,"teamFTM":20,"teamORB":5,"teamDRB":30,"teamPTS1":31,"teamPTS2":26,"teamPTS3":31,"teamPTS4":20,"teamPTS5":0,"teamPTS6":0,"teamPTS7":0,"teamPTS8":0,"opptAbbr":"HOU","opptConf":"West","opptLoc":"Away","opptRslt":"Loss","opptPTS":101,"opptAST":29,"opptTO":15,"opptSTL":5,"opptBLK":4,"opptPF":20,"opptFGA":90,"opptFGM":38,"oppt2PA":43,"oppt2PM":23,"oppt3PA":47,"oppt3PM":15,"opptFTA":11,"opptFTM":10,"opptORB":12,"opptDRB":30,"opptPTS1":37,"opptPTS2":21,"opptPTS3":19,"opptPTS4":24,"opptPTS5":0,"opptPTS6":0,"opptPTS7":0,"opptPTS8":0}
{"_id":{"$oid":"5cb552f6e0f627212ff3bd9f"},"gmDate":"2018/1/8","offLNm3":"Blair","offFNm3":"Curtis","teamAbbr":"NO","teamConf":"West","teamLoc":"Home","teamRslt":"Win","teamPTS":112,"teamAST":31,"teamTO":18,"teamSTL":7,"teamBLK":9,"teamPF":18,"teamFGA":82,"teamFGM":46,"team2PA":60,"team2PM":40,"team3PA":22,"team3PM":6,"teamFTA":21,"teamFTM":14,"teamORB":9,"teamDRB":32,"teamPTS1":37,"teamPTS2":22,"teamPTS3":27,"teamPTS4":26,"teamPTS5":0,"teamPTS6":0,"teamPTS7":0,"teamPTS8":0,"opptAbbr":"DET","opptConf":"East","opptLoc":"Away","opptRslt":"Loss","opptPTS":109,"opptAST":22,"opptTO":12,"opptSTL":5,"opptBLK":4,"opptPF":18,"opptFGA":93,"opptFGM":41,"oppt2PA":66,"oppt2PM":33,"oppt3PA":27,"oppt3PM":8,"opptFTA":22,"opptFTM":19,"opptORB":12,"opptDRB":27,"opptPTS1":34,"opptPTS2":22,"opptPTS3":28,"opptPTS4":25,"opptPTS5":0,"opptPTS6":0,"opptPTS7":0,"opptPTS8":0}
{"_id":{"$oid":"5cb552f6e0f627212ff3bdab"},"gmDate":"2018/1/10","offLNm3":"Collins","offFNm3":"Derrick","teamAbbr":"BKN","teamConf":"East","teamLoc":"Home","teamRslt":"Loss","teamPTS":80,"teamAST":19,"teamTO":20,"teamSTL":11,"teamBLK":2,"teamPF":11,"teamFGA":74,"teamFGM":27,"team2PA":37,"team2PM":15,"team3PA":37,"team3PM":12,"teamFTA":15,"teamFTM":14,"teamORB":2,"teamDRB":33,"teamPTS1":26,"teamPTS2":15,"teamPTS3":20,"teamPTS4":19,"teamPTS5":0,"teamPTS6":0,"teamPTS7":0,"teamPTS8":0,"opptAbbr":"DET","opptConf":"East","opptLoc":"Away","opptRslt":"Win","opptPTS":114,"opptAST":24,"opptTO":13,"opptSTL":10,"opptBLK":4,"opptPF":14,"opptFGA":93,"opptFGM":48,"oppt2PA":72,"oppt2PM":38,"oppt3PA":21,"oppt3PM":10,"opptFTA":12,"opptFTM":8,"opptORB":11,"opptDRB":43,"opptPTS1":34,"opptPTS2":29,"opptPTS3":27,"opptPTS4":24,"opptPTS5":0,"opptPTS6":0,"opptPTS7":0,"opptPTS8":0}
{"_id":{"$oid":"5cb552f6e0f627212ff3bdc5"},"gmDate":"2018/1/13","offLNm3":"Acosta","offFNm3":"Ray","teamAbbr":"CHI","teamConf":"East","teamLoc":"Home","teamRslt":"Win","teamPTS":107,"teamAST":27,"teamTO":15,"teamSTL":10,"teamBLK":8,"teamPF":11,"teamFGA":87,"teamFGM":42,"team2PA":51,"team2PM":25,"team3PA":36,"team3PM":17,"teamFTA":9,"teamFTM":6,"teamORB":6,"teamDRB":34,"teamPTS1":36,"teamPTS2":24,"teamPTS3":27,"teamPTS4":20,"teamPTS5":0,"teamPTS6":0,"teamPTS7":0,"teamPTS8":0,"opptAbbr":"DET","opptConf":"East","opptLoc":"Away","opptRslt":"Loss","opptPTS":105,"opptAST":28,"opptTO":14,"opptSTL":8,"opptBLK":7,"opptPF":11,"opptFGA":92,"opptFGM":41,"oppt2PA":63,"oppt2PM":29,"oppt3PA":29,"oppt3PM":12,"opptFTA":14,"opptFTM":11,"opptORB":13,"opptDRB":32,"opptPTS1":31,"opptPTS2":30,"opptPTS3":23,"opptPTS4":21,"opptPTS5":0,"opptPTS6":0,"opptPTS7":0,"opptPTS8":0}
{"_id":{"$oid":"5cb552f6e0f627212ff3bdd5"},"gmDate":"2018/1/15","offLNm3":"Stafford","offFNm3":"Derrick","teamAbbr":"DET","teamConf":"East","teamLoc":"Home","teamRslt":"Loss","teamPTS":107,"teamAST":27,"teamTO":16,"teamSTL":10,"teamBLK":5,"teamPF":24,"teamFGA":86,"teamFGM":42,"team2PA":57,"team2PM":27,"team3PA":29,"team3PM":15,"teamFTA":11,"teamFTM":8,"teamORB":3,"teamDRB":35,"teamPTS1":27,"teamPTS2":29,"teamPTS3":24,"teamPTS4":27,"teamPTS5":0,"teamPTS6":0,"teamPTS7":0,"teamPTS8":0,"opptAbbr":"CHA","opptConf":"East","opptLoc":"Away","opptRslt":"Win","opptPTS":118,"opptAST":21,"opptTO":15,"opptSTL":9,"opptBLK":4,"opptPF":11,"opptFGA":84,"opptFGM":43,"oppt2PA":62,"oppt2PM":33,"oppt3PA":22,"oppt3PM":10,"opptFTA":33,"opptFTM":22,"opptORB":9,"opptDRB":40,"opptPTS1":27,"opptPTS2":23,"opptPTS3":34,"opptPTS4":34,"opptPTS5":0,"opptPTS6":0,"opptPTS7":0,"opptPTS8":0}
{"_id":{"$oid":"5cb552f6e0f627212ff3bddd"},"gmDate":"2018/1/17","offLNm3":"Richardson","offFNm3":"Derek","teamAbbr":"TOR","teamConf":"East","teamLoc":"Home","teamRslt":"Win","teamPTS":96,"teamAST":24,"teamTO":21,"teamSTL":6,"teamBLK":8,"teamPF":20,"teamFGA":80,"teamFGM":34,"team2PA":49,"team2PM":23,"team3PA":31,"team3PM":11,"teamFTA":23,"teamFTM":17,"teamORB":12,"teamDRB":37,"teamPTS1":31,"teamPTS2":23,"teamPTS3":19,"teamPTS4":23,"teamPTS5":0,"teamPTS6":0,"teamPTS7":0,"teamPTS8":0,"opptAbbr":"DET","opptConf":"East","opptLoc":"Away","opptRslt":"Loss","opptPTS":91,"opptAST":22,"opptTO":15,"opptSTL":14,"opptBLK":7,"opptPF":20,"opptFGA":88,"opptFGM":37,"oppt2PA":60,"oppt2PM":27,"oppt3PA":28,"oppt3PM":10,"opptFTA":15,"opptFTM":7,"opptORB":11,"opptDRB":31,"opptPTS1":18,"opptPTS2":33,"opptPTS3":22,"opptPTS4":18,"opptPTS5":0,"opptPTS6":0,"opptPTS7":0,"opptPTS8":0}
{"_id":{"$oid":"5cb552f6e0f627212ff3bdea"},"gmDate":"2018/1/19","offLNm3":"Van Duyne","offFNm3":"Justin","teamAbbr":"DET","teamConf":"East","teamLoc":"Home","teamRslt":"Loss","teamPTS":112,"teamAST":25,"teamTO":14,"teamSTL":8,"teamBLK":3,"teamPF":22,"teamFGA":80,"teamFGM":40,"team2PA":50,"team2PM":30,"team3PA":30,"team3PM":10,"teamFTA":26,"teamFTM":22,"teamORB":7,"teamDRB":28,"teamPTS1":29,"teamPTS2":17,"teamPTS3":28,"teamPTS4":38,"teamPTS5":0,"teamPTS6":0,"teamPTS7":0,"teamPTS8":0,"opptAbbr":"WAS","opptConf":"East","opptLoc":"Away","opptRslt":"Win","opptPTS":122,"opptAST":28,"opptTO":13,"opptSTL":10,"opptBLK":4,"opptPF":20,"opptFGA":82,"opptFGM":41,"oppt2PA":47,"oppt2PM":25,"oppt3PA":35,"oppt3PM":16,"opptFTA":27,"opptFTM":24,"opptORB":8,"opptDRB":26,"opptPTS1":19,"opptPTS2":27,"opptPTS3":45,"opptPTS4":31,"opptPTS5":0,"opptPTS6":0,"opptPTS7":0,"opptPTS8":0}
{"_id":{"$oid":"5cb552f6e0f627212ff3bdfa"},"gmDate":"2018/1/21","offLNm3":"Smith","offFNm3":"Michael","teamAbbr":"DET","teamConf":"East","teamLoc":"Home","teamRslt":"Loss","teamPTS":100,"teamAST":21,"teamTO":7,"teamSTL":3,"teamBLK":4,"teamPF":19,"teamFGA":90,"teamFGM":38,"team2PA":61,"team2PM":29,"team3PA":29,"team3PM":9,"teamFTA":17,"teamFTM":15,"teamORB":7,"teamDRB":36,"teamPTS1":20,"teamPTS2":28,"teamPTS3":20,"teamPTS4":32,"teamPTS5":0,"teamPTS6":0,"teamPTS7":0,"teamPTS8":0,"opptAbbr":"BKN","opptConf":"East","opptLoc":"Away","opptRslt":"Win","opptPTS":101,"opptAST":23,"opptTO":15,"opptSTL":1,"opptBLK":3,"opptPF":18,"opptFGA":80,"opptFGM":37,"oppt2PA":49,"oppt2PM":24,"oppt3PA":31,"oppt3PM":13,"opptFTA":20,"opptFTM":14,"opptORB":7,"opptDRB":39,"opptPTS1":30,"opptPTS2":23,"opptPTS3":24,"opptPTS4":24,"opptPTS5":0,"opptPTS6":0,"opptPTS7":0,"opptPTS8":0}
{"_id":{"$oid":"5cb552f6e0f627212ff3be0b"},"gmDate":"2018/1/24","offLNm3":"Acosta","offFNm3":"Ray","teamAbbr":"DET","teamConf":"East","teamLoc":"Home","teamRslt":"Loss","teamPTS":95,"teamAST":23,"teamTO":20,"teamSTL":10,"teamBLK":7,"teamPF":16,"teamFGA":97,"teamFGM":38,"team2PA":66,"team2PM":31,"team3PA":31,"team3PM":7,"teamFTA":18,"teamFTM":12,"teamORB":15,"teamDRB":42,"teamPTS1":24,"teamPTS2":25,"teamPTS3":15,"teamPTS4":25,"teamPTS5":6,"teamPTS6":0,"teamPTS7":0,"teamPTS8":0,"opptAbbr":"UTA","opptConf":"West","opptLoc":"Away","opptRslt":"Win","opptPTS":98,"opptAST":24,"opptTO":15,"opptSTL":11,"opptBLK":9,"opptPF":15,"opptFGA":96,"opptFGM":38,"oppt2PA":65,"oppt2PM":28,"oppt3PA":31,"oppt3PM":10,"opptFTA":16,"opptFTM":12,"opptORB":9,"opptDRB":35,"opptPTS1":24,"opptPTS2":19,"opptPTS3":22,"opptPTS4":24,"opptPTS5":9,"opptPTS6":0,"opptPTS7":0,"opptPTS8":0}
{"_id":{"$oid":"5cb552f6e0f627212ff3be21"},"gmDate":"2018/1/27","offLNm3":"Washington","offFNm3":"Tom","teamAbbr":"DET","teamConf":"East","teamLoc":"Home","teamRslt":"Loss","teamPTS":108,"teamAST":24,"teamTO":17,"teamSTL":4,"teamBLK":3,"teamPF":20,"teamFGA":84,"teamFGM":39,"team2PA":51,"team2PM":27,"team3PA":33,"team3PM":12,"teamFTA":24,"teamFTM":18,"teamORB":13,"teamDRB":30,"teamPTS1":24,"teamPTS2":33,"teamPTS3":24,"teamPTS4":27,"teamPTS5":0,"teamPTS6":0,"teamPTS7":0,"teamPTS8":0,"opptAbbr":"OKC","opptConf":"West","opptLoc":"Away","opptRslt":"Win","opptPTS":121,"opptAST":23,"opptTO":10,"opptSTL":9,"opptBLK":2,"opptPF":20,"opptFGA":93,"opptFGM":45,"oppt2PA":60,"oppt2PM":31,"oppt3PA":33,"oppt3PM":14,"opptFTA":23,"opptFTM":17,"opptORB":13,"opptDRB":30,"opptPTS1":36,"opptPTS2":33,"opptPTS3":29,"opptPTS4":23,"opptPTS5":0,"opptPTS6":0,"opptPTS7":0,"opptPTS8":0}
{"_id":{"$oid":"5cb552f6e0f627212ff3be2b"},"gmDate":"2018/1/28","offLNm3":"Spooner","offFNm3":"Bill","teamAbbr":"CLE","teamConf":"East","teamLoc":"Home","teamRslt":"Win","teamPTS":121,"teamAST":27,"teamTO":10,"teamSTL":2,"teamBLK":3,"teamPF":14,"teamFGA":83,"teamFGM":42,"team2PA":48,"team2PM":27,"team3PA":35,"team3PM":15,"teamFTA":26,"teamFTM":22,"teamORB":4,"teamDRB":41,"teamPTS1":33,"teamPTS2":25,"teamPTS3":32,"teamPTS4":31,"teamPTS5":0,"teamPTS6":0,"teamPTS7":0,"teamPTS8":0,"opptAbbr":"DET","opptConf":"East","opptLoc":"Away","opptRslt":"Loss","opptPTS":104,"opptAST":31,"opptTO":6,"opptSTL":5,"opptBLK":6,"opptPF":23,"opptFGA":95,"opptFGM":40,"oppt2PA":59,"oppt2PM":26,"oppt3PA":36,"oppt3PM":14,"opptFTA":13,"opptFTM":10,"opptORB":7,"opptDRB":36,"opptPTS1":28,"opptPTS2":33,"opptPTS3":26,"opptPTS4":17,"opptPTS5":0,"opptPTS6":0,"opptPTS7":0,"opptPTS8":0}
{"_id":{"$oid":"5cb552f6e0f627212ff3be38"},"gmDate":"2018/1/30","offLNm3":"Collins","offFNm3":"Derrick","teamAbbr":"DET","teamConf":"East","teamLoc":"Home","teamRslt":"Win","teamPTS":125,"teamAST":30,"teamTO":11,"teamSTL":12,"teamBLK":5,"teamPF":27,"teamFGA":93,"teamFGM":49,"team2PA":70,"team2PM":40,"team3PA":23,"team3PM":9,"teamFTA":28,"teamFTM":18,"teamORB":8,"teamDRB":39,"teamPTS1":33,"teamPTS2":26,"teamPTS3":30,"teamPTS4":36,"teamPTS5":0,"teamPTS6":0,"teamPTS7":0,"teamPTS8":0,"opptAbbr":"CLE","opptConf":"East","opptLoc":"Away","opptRslt":"Loss","opptPTS":114,"opptAST":24,"opptTO":15,"opptSTL":2,"opptBLK":5,"opptPF":22,"opptFGA":84,"opptFGM":38,"oppt2PA":49,"oppt2PM":25,"oppt3PA":35,"oppt3PM":13,"opptFTA":32,"opptFTM":25,"opptORB":7,"opptDRB":34,"opptPTS1":27,"opptPTS2":36,"opptPTS3":21,"opptPTS4":30,"opptPTS5":0,"opptPTS6":0,"opptPTS7":0,"opptPTS8":0}
{"_id":{"$oid":"5cb552f6e0f627212ff3be46"},"gmDate":"2018/2/1","offLNm3":"Mott","offFNm3":"Rodney","teamAbbr":"DET","teamConf":"East","teamLoc":"Home","teamRslt":"Win","teamPTS":104,"teamAST":20,"teamTO":9,"teamSTL":8,"teamBLK":4,"teamPF":19,"teamFGA":76,"teamFGM":35,"team2PA":51,"team2PM":28,"team3PA":25,"team3PM":7,"teamFTA":37,"teamFTM":27,"teamORB":4,"teamDRB":37,"teamPTS1":27,"teamPTS2":24,"teamPTS3":31,"teamPTS4":22,"teamPTS5":0,"teamPTS6":0,"teamPTS7":0,"teamPTS8":0,"opptAbbr":"MEM","opptConf":"West","opptLoc":"Away","opptRslt":"Loss","opptPTS":102,"opptAST":22,"opptTO":12,"opptSTL":3,"opptBLK":3,"opptPF":24,"opptFGA":96,"opptFGM":40,"oppt2PA":65,"oppt2PM":32,"oppt3PA":31,"oppt3PM":8,"opptFTA":14,"opptFTM":14,"opptORB":10,"opptDRB":39,"opptPTS1":25,"opptPTS2":26,"opptPTS3":25,"opptPTS4":26,"opptPTS5":0,"opptPTS6":0,"opptPTS7":0,"opptPTS8":0}
{"_id":{"$oid":"5cb552f6e0f627212ff3be55"},"gmDate":"2018/2/3","offLNm3":"Taylor","offFNm3":"Dedric","teamAbbr":"DET","teamConf":"East","teamLoc":"Home","teamRslt":"Win","teamPTS":111,"teamAST":23,"teamTO":18,"teamSTL":7,"teamBLK":5,"teamPF":12,"teamFGA":84,"teamFGM":44,"team2PA":58,"team2PM":35,"team3PA":26,"team3PM":9,"teamFTA":17,"teamFTM":14,"teamORB":13,"teamDRB":36,"teamPTS1":27,"teamPTS2":27,"teamPTS3":22,"teamPTS4":35,"teamPTS5":0,"teamPTS6":0,"teamPTS7":0,"teamPTS8":0,"opptAbbr":"MIA","opptConf":"East","opptLoc":"Away","opptRslt":"Loss","opptPTS":107,"opptAST":30,"opptTO":12,"opptSTL":13,"opptBLK":4,"opptPF":14,"opptFGA":91,"opptFGM":44,"oppt2PA":55,"oppt2PM":30,"oppt3PA":36,"oppt3PM":14,"opptFTA":7,"opptFTM":5,"opptORB":7,"opptDRB":26,"opptPTS1":26,"opptPTS2":24,"opptPTS3":27,"opptPTS4":30,"opptPTS5":0,"opptPTS6":0,"opptPTS7":0,"opptPTS8":0}
{"_id":{"$oid":"5cb552f6e0f627212ff3be63"},"gmDate":"2018/2/5","offLNm3":"DeRosa","offFNm3":"Joe","teamAbbr":"DET","teamConf":"East","teamLoc":"Home","teamRslt":"Win","teamPTS":111,"teamAST":36,"teamTO":15,"teamSTL":7,"teamBLK":4,"teamPF":14,"teamFGA":87,"teamFGM":44,"team2PA":57,"team2PM":29,"team3PA":30,"team3PM":15,"teamFTA":12,"teamFTM":8,"teamORB":10,"teamDRB":41,"teamPTS1":22,"teamPTS2":27,"teamPTS3":30,"teamPTS4":32,"teamPTS5":0,"teamPTS6":0,"teamPTS7":0,"teamPTS8":0,"opptAbbr":"POR","opptConf":"West","opptLoc":"Away","opptRslt":"Loss","opptPTS":91,"opptAST":18,"opptTO":13,"opptSTL":10,"opptBLK":4,"opptPF":14,"opptFGA":94,"opptFGM":37,"oppt2PA":61,"oppt2PM":27,"oppt3PA":33,"oppt3PM":10,"opptFTA":8,"opptFTM":7,"opptORB":13,"opptDRB":31,"opptPTS1":20,"opptPTS2":23,"opptPTS3":24,"opptPTS4":24,"opptPTS5":0,"opptPTS6":0,"opptPTS7":0,"opptPTS8":0}
{"_id":{"$oid":"5cb552f6e0f627212ff3be72"},"gmDate":"2018/2/7","offLNm3":"Kirkland","offFNm3":"Courtney","teamAbbr":"DET","teamConf":"East","teamLoc":"Home","teamRslt":"Win","teamPTS":115,"teamAST":20,"teamTO":7,"teamSTL":10,"teamBLK":3,"teamPF":12,"teamFGA":92,"teamFGM":44,"team2PA":68,"team2PM":35,"team3PA":24,"team3PM":9,"teamFTA":25,"teamFTM":18,"teamORB":8,"teamDRB":38,"teamPTS1":26,"teamPTS2":27,"teamPTS3":26,"teamPTS4":36,"teamPTS5":0,"teamPTS6":0,"teamPTS7":0,"teamPTS8":0,"opptAbbr":"BKN","opptConf":"East","opptLoc":"Away","opptRslt":"Loss","opptPTS":106,"opptAST":33,"opptTO":20,"opptSTL":4,"opptBLK":6,"opptPF":20,"opptFGA":90,"opptFGM":39,"oppt2PA":39,"oppt2PM":22,"oppt3PA":51,"oppt3PM":17,"opptFTA":12,"opptFTM":11,"opptORB":8,"opptDRB":42,"opptPTS1":21,"opptPTS2":29,"opptPTS3":23,"opptPTS4":33,"opptPTS5":0,"opptPTS6":0,"opptPTS7":0,"opptPTS8":0}
{"_id":{"$oid":"5cb552f6e0f627212ff3be7d"},"gmDate":"2018/2/9","offLNm3":"Callahan","offFNm3":"Mike","teamAbbr":"DET","teamConf":"East","teamLoc":"Home","teamRslt":"Loss","teamPTS":95,"teamAST":22,"teamTO":9,"teamSTL":5,"teamBLK":5,"teamPF":16,"teamFGA":88,"teamFGM":36,"team2PA":57,"team2PM":26,"team3PA":31,"team3PM":10,"teamFTA":17,"teamFTM":13,"teamORB":7,"teamDRB":33,"teamPTS1":30,"teamPTS2":26,"teamPTS3":24,"teamPTS4":15,"teamPTS5":0,"teamPTS6":0,"teamPTS7":0,"teamPTS8":0,"opptAbbr":"LAC","opptConf":"West","opptLoc":"Away","opptRslt":"Win","opptPTS":108,"opptAST":23,"opptTO":10,"opptSTL":6,"opptBLK":3,"opptPF":16,"opptFGA":91,"opptFGM":42,"oppt2PA":61,"oppt2PM":32,"oppt3PA":30,"oppt3PM":10,"opptFTA":15,"opptFTM":14,"opptORB":14,"opptDRB":43,"opptPTS1":31,"opptPTS2":21,"opptPTS3":25,"opptPTS4":31,"opptPTS5":0,"opptPTS6":0,"opptPTS7":0,"opptPTS8":0}
{"_id":{"$oid":"5cb552f6e0f627212ff3be8e"},"gmDate":"2018/2/11","offLNm3":"Smith","offFNm3":"Michael","teamAbbr":"ATL","teamConf":"East","teamLoc":"Home","teamRslt":"Win","teamPTS":118,"teamAST":27,"teamTO":13,"teamSTL":10,"teamBLK":3,"teamPF":26,"teamFGA":78,"teamFGM":38,"team2PA":49,"team2PM":28,"team3PA":29,"team3PM":10,"teamFTA":37,"teamFTM":32,"teamORB":4,"teamDRB":31,"teamPTS1":28,"teamPTS2":27,"teamPTS3":27,"teamPTS4":36,"teamPTS5":0,"teamPTS6":0,"teamPTS7":0,"teamPTS8":0,"opptAbbr":"DET","opptConf":"East","opptLoc":"Away","opptRslt":"Loss","opptPTS":115,"opptAST":30,"opptTO":15,"opptSTL":6,"opptBLK":4,"opptPF":28,"opptFGA":83,"opptFGM":38,"oppt2PA":50,"oppt2PM":25,"oppt3PA":33,"oppt3PM":13,"opptFTA":33,"opptFTM":26,"opptORB":12,"opptDRB":28,"opptPTS1":23,"opptPTS2":33,"opptPTS3":24,"opptPTS4":35,"opptPTS5":0,"opptPTS6":0,"opptPTS7":0,"opptPTS8":0}
{"_id":{"$oid":"5cb552f6e0f627212ff3be95"},"gmDate":"2018/2/12","offLNm3":"Acosta","offFNm3":"Ray","teamAbbr":"DET","teamConf":"East","teamLoc":"Home","teamRslt":"Loss","teamPTS":103,"teamAST":18,"teamTO":14,"teamSTL":5,"teamBLK":3,"teamPF":19,"teamFGA":95,"teamFGM":35,"team2PA":60,"team2PM":26,"team3PA":35,"team3PM":9,"teamFTA":32,"teamFTM":24,"teamORB":14,"teamDRB":40,"teamPTS1":31,"teamPTS2":21,"teamPTS3":28,"teamPTS4":23,"teamPTS5":0,"teamPTS6":0,"teamPTS7":0,"teamPTS8":0,"opptAbbr":"NO","opptConf":"West","opptLoc":"Away","opptRslt":"Win","opptPTS":118,"opptAST":31,"opptTO":12,"opptSTL":6,"opptBLK":7,"opptPF":25,"opptFGA":100,"opptFGM":44,"oppt2PA":66,"oppt2PM":30,"oppt3PA":34,"oppt3PM":14,"opptFTA":16,"opptFTM":16,"opptORB":10,"opptDRB":43,"opptPTS1":32,"opptPTS2":28,"opptPTS3":35,"opptPTS4":23,"opptPTS5":0,"opptPTS6":0,"opptPTS7":0,"opptPTS8":0}
{"_id":{"$oid":"5cb552f6e0f627212ff3bea1"},"gmDate":"2018/2/14","offLNm3":"Van Duyne","offFNm3":"Justin","teamAbbr":"DET","teamConf":"East","teamLoc":"Home","teamRslt":"Win","teamPTS":104,"teamAST":26,"teamTO":16,"teamSTL":3,"teamBLK":5,"teamPF":18,"teamFGA":83,"teamFGM":35,"team2PA":50,"team2PM":22,"team3PA":33,"team3PM":13,"teamFTA":25,"teamFTM":21,"teamORB":10,"teamDRB":37,"teamPTS1":22,"teamPTS2":23,"teamPTS3":37,"teamPTS4":22,"teamPTS5":0,"teamPTS6":0,"teamPTS7":0,"teamPTS8":0,"opptAbbr":"ATL","opptConf":"East","opptLoc":"Away","opptRslt":"Loss","opptPTS":98,"opptAST":25,"opptTO":11,"opptSTL":9,"opptBLK":4,"opptPF":21,"opptFGA":89,"opptFGM":38,"oppt2PA":56,"oppt2PM":32,"oppt3PA":33,"oppt3PM":6,"opptFTA":19,"opptFTM":16,"opptORB":8,"opptDRB":35,"opptPTS1":14,"opptPTS2":19,"opptPTS3":28,"opptPTS4":37,"opptPTS5":0,"opptPTS6":0,"opptPTS7":0,"opptPTS8":0}
{"_id":{"$oid":"5cb552f6e0f627212ff3beb5"},"gmDate":"2018/2/23","offLNm3":"Boland","offFNm3":"Matt","teamAbbr":"DET","teamConf":"East","teamLoc":"Home","teamRslt":"Loss","teamPTS":98,"teamAST":16,"teamTO":13,"teamSTL":4,"teamBLK":4,"teamPF":18,"teamFGA":85,"teamFGM":37,"team2PA":52,"team2PM":27,"team3PA":33,"team3PM":10,"teamFTA":21,"teamFTM":14,"teamORB":12,"teamDRB":33,"teamPTS1":28,"teamPTS2":21,"teamPTS3":28,"teamPTS4":21,"teamPTS5":0,"teamPTS6":0,"teamPTS7":0,"teamPTS8":0,"opptAbbr":"BOS","opptConf":"East","opptLoc":"Away","opptRslt":"Win","opptPTS":110,"opptAST":30,"opptTO":11,"opptSTL":8,"opptBLK":5,"opptPF":22,"opptFGA":85,"opptFGM":41,"oppt2PA":46,"oppt2PM":24,"oppt3PA":39,"oppt3PM":17,"opptFTA":18,"opptFTM":11,"opptORB":10,"opptDRB":32,"opptPTS1":23,"opptPTS2":38,"opptPTS3":25,"opptPTS4":24,"opptPTS5":0,"opptPTS6":0,"opptPTS7":0,"opptPTS8":0}
{"_id":{"$oid":"5cb552f6e0f627212ff3bec7"},"gmDate":"2018/2/25","offLNm3":"Spooner","offFNm3":"Bill","teamAbbr":"CHA","teamConf":"East","teamLoc":"Home","teamRslt":"Win","teamPTS":114,"teamAST":28,"teamTO":18,"teamSTL":9,"teamBLK":4,"teamPF":19,"teamFGA":88,"teamFGM":42,"team2PA":53,"team2PM":26,"team3PA":35,"team3PM":16,"teamFTA":23,"teamFTM":14,"teamORB":13,"teamDRB":34,"teamPTS1":32,"teamPTS2":38,"teamPTS3":26,"teamPTS4":18,"teamPTS5":0,"teamPTS6":0,"teamPTS7":0,"teamPTS8":0,"opptAbbr":"DET","opptConf":"East","opptLoc":"Away","opptRslt":"Loss","opptPTS":98,"opptAST":23,"opptTO":17,"opptSTL":4,"opptBLK":3,"opptPF":22,"opptFGA":85,"opptFGM":42,"oppt2PA":67,"oppt2PM":38,"oppt3PA":18,"oppt3PM":4,"opptFTA":14,"opptFTM":10,"opptORB":8,"opptDRB":33,"opptPTS1":19,"opptPTS2":27,"opptPTS3":25,"opptPTS4":27,"opptPTS5":0,"opptPTS6":0,"opptPTS7":0,"opptPTS8":0}
{"_id":{"$oid":"5cb552f6e0f627212ff3bed1"},"gmDate":"2018/2/26","offLNm3":"Garretson","offFNm3":"Ron","teamAbbr":"TOR","teamConf":"East","teamLoc":"Home","teamRslt":"Win","teamPTS":123,"teamAST":31,"teamTO":18,"teamSTL":10,"teamBLK":7,"teamPF":18,"teamFGA":80,"teamFGM":42,"team2PA":42,"team2PM":25,"team3PA":38,"team3PM":17,"teamFTA":23,"teamFTM":22,"teamORB":6,"teamDRB":41,"teamPTS1":30,"teamPTS2":29,"teamPTS3":34,"teamPTS4":30,"teamPTS5":0,"teamPTS6":0,"teamPTS7":0,"teamPTS8":0,"opptAbbr":"DET","opptConf":"East","opptLoc":"Away","opptRslt":"Loss","opptPTS":94,"opptAST":20,"opptTO":13,"opptSTL":11,"opptBLK":3,"opptPF":22,"opptFGA":94,"opptFGM":36,"oppt2PA":72,"oppt2PM":29,"oppt3PA":22,"oppt3PM":7,"opptFTA":20,"opptFTM":15,"opptORB":13,"opptDRB":29,"opptPTS1":26,"opptPTS2":27,"opptPTS3":22,"opptPTS4":19,"opptPTS5":0,"opptPTS6":0,"opptPTS7":0,"opptPTS8":0}
{"_id":{"$oid":"5cb552f6e0f627212ff3bedd"},"gmDate":"2018/2/28","offLNm3":"Phillips","offFNm3":"Jason","teamAbbr":"DET","teamConf":"East","teamLoc":"Home","teamRslt":"Win","teamPTS":110,"teamAST":26,"teamTO":11,"teamSTL":9,"teamBLK":0,"teamPF":20,"teamFGA":95,"teamFGM":42,"team2PA":66,"team2PM":33,"team3PA":29,"team3PM":9,"teamFTA":22,"teamFTM":17,"teamORB":22,"teamDRB":35,"teamPTS1":32,"teamPTS2":21,"teamPTS3":32,"teamPTS4":25,"teamPTS5":0,"teamPTS6":0,"teamPTS7":0,"teamPTS8":0,"opptAbbr":"MIL","opptConf":"East","opptLoc":"Away","opptRslt":"Loss","opptPTS":87,"opptAST":16,"opptTO":13,"opptSTL":7,"opptBLK":3,"opptPF":20,"opptFGA":73,"opptFGM":28,"oppt2PA":49,"oppt2PM":20,"oppt3PA":24,"oppt3PM":8,"opptFTA":28,"opptFTM":23,"opptORB":6,"opptDRB":29,"opptPTS1":32,"opptPTS2":12,"opptPTS3":26,"opptPTS4":17,"opptPTS5":0,"opptPTS6":0,"opptPTS7":0,"opptPTS8":0}
{"_id":{"$oid":"5cb552f6e0f627212ff3beea"},"gmDate":"2018/3/2","offLNm3":"Ervin","offFNm3":"Mitchell","teamAbbr":"ORL","teamConf":"East","teamLoc":"Home","teamRslt":"Win","teamPTS":115,"teamAST":34,"teamTO":17,"teamSTL":8,"teamBLK":3,"teamPF":23,"teamFGA":86,"teamFGM":44,"team2PA":50,"team2PM":31,"team3PA":36,"team3PM":13,"teamFTA":19,"teamFTM":14,"teamORB":7,"teamDRB":38,"teamPTS1":31,"teamPTS2":22,"teamPTS3":29,"teamPTS4":22,"teamPTS5":11,"teamPTS6":0,"teamPTS7":0,"teamPTS8":0,"opptAbbr":"DET","opptConf":"East","opptLoc":"Away","opptRslt":"Loss","opptPTS":106,"opptAST":22,"opptTO":14,"opptSTL":10,"opptBLK":1,"opptPF":17,"opptFGA":92,"opptFGM":40,"oppt2PA":63,"oppt2PM":28,"oppt3PA":29,"oppt3PM":12,"opptFTA":24,"opptFTM":14,"opptORB":13,"opptDRB":30,"opptPTS1":29,"opptPTS2":23,"opptPTS3":30,"opptPTS4":22,"opptPTS5":2,"opptPTS6":0,"opptPTS7":0,"opptPTS8":0}
{"_id":{"$oid":"5cb552f6e0f627212ff3bef6"},"gmDate":"2018/3/3","offLNm3":"Washington","offFNm3":"Tom","teamAbbr":"MIA","teamConf":"East","teamLoc":"Home","teamRslt":"Win","teamPTS":105,"teamAST":19,"teamTO":15,"teamSTL":11,"teamBLK":5,"teamPF":20,"teamFGA":82,"teamFGM":37,"team2PA":53,"team2PM":25,"team3PA":29,"team3PM":12,"teamFTA":28,"teamFTM":19,"teamORB":15,"teamDRB":30,"teamPTS1":27,"teamPTS2":32,"teamPTS3":15,"teamPTS4":31,"teamPTS5":0,"teamPTS6":0,"teamPTS7":0,"teamPTS8":0,"opptAbbr":"DET","opptConf":"East","opptLoc":"Away","opptRslt":"Loss","opptPTS":96,"opptAST":18,"opptTO":19,"opptSTL":8,"opptBLK":2,"opptPF":23,"opptFGA":89,"opptFGM":37,"oppt2PA":65,"oppt2PM":30,"oppt3PA":24,"oppt3PM":7,"opptFTA":21,"opptFTM":15,"opptORB":17,"opptDRB":29,"opptPTS1":28,"opptPTS2":18,"opptPTS3":24,"opptPTS4":26,"opptPTS5":0,"opptPTS6":0,"opptPTS7":0,"opptPTS8":0}
{"_id":{"$oid":"5cb552f6e0f627212ff3bf02"},"gmDate":"2018/3/5","offLNm3":"Zarba","offFNm3":"Zach","teamAbbr":"CLE","teamConf":"East","teamLoc":"Home","teamRslt":"Win","teamPTS":112,"teamAST":29,"teamTO":14,"teamSTL":8,"teamBLK":2,"teamPF":18,"teamFGA":88,"teamFGM":43,"team2PA":55,"team2PM":31,"team3PA":33,"team3PM":12,"teamFTA":17,"teamFTM":14,"teamORB":11,"teamDRB":42,"teamPTS1":26,"teamPTS2":28,"teamPTS3":36,"teamPTS4":22,"teamPTS5":0,"teamPTS6":0,"teamPTS7":0,"teamPTS8":0,"opptAbbr":"DET","opptConf":"East","opptLoc":"Away","opptRslt":"Loss","opptPTS":90,"opptAST":17,"opptTO":12,"opptSTL":9,"opptBLK":6,"opptPF":22,"opptFGA":87,"opptFGM":34,"oppt2PA":53,"oppt2PM":22,"oppt3PA":34,"oppt3PM":12,"opptFTA":15,"opptFTM":10,"opptORB":8,"opptDRB":32,"opptPTS1":28,"opptPTS2":21,"opptPTS3":21,"opptPTS4":20,"opptPTS5":0,"opptPTS6":0,"opptPTS7":0,"opptPTS8":0}
{"_id":{"$oid":"5cb552f6e0f627212ff3bf13"},"gmDate":"2018/3/7","offLNm3":"Davis","offFNm3":"Marc","teamAbbr":"DET","teamConf":"East","teamLoc":"Home","teamRslt":"Loss","teamPTS":119,"teamAST":27,"teamTO":17,"teamSTL":3,"teamBLK":6,"teamPF":23,"teamFGA":89,"teamFGM":44,"team2PA":63,"team2PM":31,"team3PA":26,"team3PM":13,"teamFTA":23,"teamFTM":18,"teamORB":9,"teamDRB":41,"teamPTS1":23,"teamPTS2":36,"teamPTS3":25,"teamPTS4":30,"teamPTS5":5,"teamPTS6":0,"teamPTS7":0,"teamPTS8":0,"opptAbbr":"TOR","opptConf":"East","opptLoc":"Away","opptRslt":"Win","opptPTS":121,"opptAST":33,"opptTO":11,"opptSTL":9,"opptBLK":7,"opptPF":20,"opptFGA":100,"opptFGM":45,"oppt2PA":60,"oppt2PM":33,"oppt3PA":40,"oppt3PM":12,"opptFTA":21,"opptFTM":19,"opptORB":11,"opptDRB":36,"opptPTS1":27,"opptPTS2":18,"opptPTS3":40,"opptPTS4":29,"opptPTS5":7,"opptPTS6":0,"opptPTS7":0,"opptPTS8":0}
{"_id":{"$oid":"5cb552f6e0f627212ff3bf1d"},"gmDate":"2018/3/9","offLNm3":"Taylor","offFNm3":"Dedric","teamAbbr":"DET","teamConf":"East","teamLoc":"Home","teamRslt":"Win","teamPTS":99,"teamAST":22,"teamTO":16,"teamSTL":8,"teamBLK":9,"teamPF":13,"teamFGA":81,"teamFGM":38,"team2PA":54,"team2PM":29,"team3PA":27,"team3PM":9,"teamFTA":18,"teamFTM":14,"teamORB":11,"teamDRB":39,"teamPTS1":21,"teamPTS2":28,"teamPTS3":24,"teamPTS4":26,"teamPTS5":0,"teamPTS6":0,"teamPTS7":0,"teamPTS8":0,"opptAbbr":"CHI","opptConf":"East","opptLoc":"Away","opptRslt":"Loss","opptPTS":83,"opptAST":19,"opptTO":14,"opptSTL":11,"opptBLK":0,"opptPF":19,"opptFGA":93,"opptFGM":33,"oppt2PA":62,"oppt2PM":24,"oppt3PA":31,"oppt3PM":9,"opptFTA":10,"opptFTM":8,"opptORB":10,"opptDRB":32,"opptPTS1":26,"opptPTS2":21,"opptPTS3":15,"opptPTS4":21,"opptPTS5":0,"opptPTS6":0,"opptPTS7":0,"opptPTS8":0}
{"_id":{"$oid":"5cb552f6e0f627212ff3bf42"},"gmDate":"2018/3/13","offLNm3":"Capers","offFNm3":"James","teamAbbr":"UTA","teamConf":"West","teamLoc":"Home","teamRslt":"Win","teamPTS":110,"teamAST":29,"teamTO":24,"teamSTL":10,"teamBLK":5,"teamPF":22,"teamFGA":76,"teamFGM":42,"team2PA":42,"team2PM":29,"team3PA":34,"team3PM":13,"teamFTA":23,"teamFTM":13,"teamORB":11,"teamDRB":41,"teamPTS1":42,"teamPTS2":22,"teamPTS3":22,"teamPTS4":24,"teamPTS5":0,"teamPTS6":0,"teamPTS7":0,"teamPTS8":0,"opptAbbr":"DET","opptConf":"East","opptLoc":"Away","opptRslt":"Loss","opptPTS":79,"opptAST":14,"opptTO":18,"opptSTL":14,"opptBLK":4,"opptPF":23,"opptFGA":80,"opptFGM":30,"oppt2PA":55,"oppt2PM":25,"oppt3PA":25,"oppt3PM":5,"opptFTA":19,"opptFTM":14,"opptORB":8,"opptDRB":24,"opptPTS1":21,"opptPTS2":18,"opptPTS3":20,"opptPTS4":20,"opptPTS5":0,"opptPTS6":0,"opptPTS7":0,"opptPTS8":0}
{"_id":{"$oid":"5cb552f6e0f627212ff3bf4f"},"gmDate":"2018/3/15","offLNm3":"Callahan","offFNm3":"Mike","teamAbbr":"DEN","teamConf":"West","teamLoc":"Home","teamRslt":"Win","teamPTS":120,"teamAST":26,"teamTO":16,"teamSTL":7,"teamBLK":8,"teamPF":15,"teamFGA":85,"teamFGM":43,"team2PA":57,"team2PM":31,"team3PA":28,"team3PM":12,"teamFTA":28,"teamFTM":22,"teamORB":10,"teamDRB":35,"teamPTS1":33,"teamPTS2":32,"teamPTS3":33,"teamPTS4":22,"teamPTS5":0,"teamPTS6":0,"teamPTS7":0,"teamPTS8":0,"opptAbbr":"DET","opptConf":"East","opptLoc":"Away","opptRslt":"Loss","opptPTS":113,"opptAST":30,"opptTO":11,"opptSTL":8,"opptBLK":4,"opptPF":20,"opptFGA":92,"opptFGM":44,"oppt2PA":65,"oppt2PM":30,"oppt3PA":27,"oppt3PM":14,"opptFTA":17,"opptFTM":11,"opptORB":9,"opptDRB":32,"opptPTS1":29,"opptPTS2":22,"opptPTS3":33,"opptPTS4":29,"opptPTS5":0,"opptPTS6":0,"opptPTS7":0,"opptPTS8":0}
{"_id":{"$oid":"5cb552f6e0f627212ff3bf62"},"gmDate":"2018/3/17","offLNm3":"Washington","offFNm3":"Tom","teamAbbr":"POR","teamConf":"West","teamLoc":"Home","teamRslt":"Win","teamPTS":100,"teamAST":23,"teamTO":11,"teamSTL":8,"teamBLK":8,"teamPF":17,"teamFGA":87,"teamFGM":38,"team2PA":56,"team2PM":30,"team3PA":31,"team3PM":8,"teamFTA":18,"teamFTM":16,"teamORB":9,"teamDRB":40,"teamPTS1":31,"teamPTS2":29,"teamPTS3":20,"teamPTS4":20,"teamPTS5":0,"teamPTS6":0,"teamPTS7":0,"teamPTS8":0,"opptAbbr":"DET","opptConf":"East","opptLoc":"Away","opptRslt":"Loss","opptPTS":87,"opptAST":17,"opptTO":12,"opptSTL":6,"opptBLK":2,"opptPF":16,"opptFGA":80,"opptFGM":31,"oppt2PA":55,"oppt2PM":21,"oppt3PA":25,"oppt3PM":10,"opptFTA":20,"opptFTM":15,"opptORB":8,"opptDRB":35,"opptPTS1":20,"opptPTS2":25,"opptPTS3":18,"opptPTS4":24,"opptPTS5":0,"opptPTS6":0,"opptPTS7":0,"opptPTS8":0}
{"_id":{"$oid":"5cb552f6e0f627212ff3bf6f"},"gmDate":"2018/3/19","offLNm3":"Lewis","offFNm3":"Eric","teamAbbr":"SAC","teamConf":"West","teamLoc":"Home","teamRslt":"Loss","teamPTS":90,"teamAST":23,"teamTO":13,"teamSTL":7,"teamBLK":3,"teamPF":21,"teamFGA":88,"teamFGM":40,"team2PA":65,"team2PM":34,"team3PA":23,"team3PM":6,"teamFTA":9,"teamFTM":4,"teamORB":8,"teamDRB":31,"teamPTS1":21,"teamPTS2":23,"teamPTS3":22,"teamPTS4":24,"teamPTS5":0,"teamPTS6":0,"teamPTS7":0,"teamPTS8":0,"opptAbbr":"DET","opptConf":"East","opptLoc":"Away","opptRslt":"Win","opptPTS":106,"opptAST":17,"opptTO":10,"opptSTL":6,"opptBLK":5,"opptPF":11,"opptFGA":79,"opptFGM":37,"oppt2PA":50,"oppt2PM":23,"oppt3PA":29,"oppt3PM":14,"opptFTA":22,"opptFTM":18,"opptORB":6,"opptDRB":38,"opptPTS1":25,"opptPTS2":19,"opptPTS3":29,"opptPTS4":33,"opptPTS5":0,"opptPTS6":0,"opptPTS7":0,"opptPTS8":0}
{"_id":{"$oid":"5cb552f6e0f627212ff3bf74"},"gmDate":"2018/3/20","offLNm3":"Collins","offFNm3":"Derrick","teamAbbr":"PHO","teamConf":"West","teamLoc":"Home","teamRslt":"Loss","teamPTS":88,"teamAST":22,"teamTO":19,"teamSTL":1,"teamBLK":8,"teamPF":16,"teamFGA":90,"teamFGM":34,"team2PA":56,"team2PM":27,"team3PA":34,"team3PM":7,"teamFTA":20,"teamFTM":13,"teamORB":12,"teamDRB":37,"teamPTS1":19,"teamPTS2":19,"teamPTS3":26,"teamPTS4":24,"teamPTS5":0,"teamPTS6":0,"teamPTS7":0,"teamPTS8":0,"opptAbbr":"DET","opptConf":"East","opptLoc":"Away","opptRslt":"Win","opptPTS":115,"opptAST":22,"opptTO":8,"opptSTL":12,"opptBLK":14,"opptPF":16,"opptFGA":97,"opptFGM":43,"oppt2PA":61,"oppt2PM":28,"oppt3PA":36,"oppt3PM":15,"opptFTA":16,"opptFTM":14,"opptORB":12,"opptDRB":38,"opptPTS1":19,"opptPTS2":25,"opptPTS3":36,"opptPTS4":35,"opptPTS5":0,"opptPTS6":0,"opptPTS7":0,"opptPTS8":0}
{"_id":{"$oid":"5cb552f6e0f627212ff3bf80"},"gmDate":"2018/3/22","offLNm3":"Smith","offFNm3":"Michael","teamAbbr":"HOU","teamConf":"West","teamLoc":"Home","teamRslt":"Win","teamPTS":100,"teamAST":19,"teamTO":13,"teamSTL":9,"teamBLK":3,"teamPF":19,"teamFGA":99,"teamFGM":35,"team2PA":48,"team2PM":23,"team3PA":51,"team3PM":12,"teamFTA":28,"teamFTM":18,"teamORB":12,"teamDRB":40,"teamPTS1":21,"teamPTS2":27,"teamPTS3":23,"teamPTS4":17,"teamPTS5":12,"teamPTS6":0,"teamPTS7":0,"teamPTS8":0,"opptAbbr":"DET","opptConf":"East","opptLoc":"Away","opptRslt":"Loss","opptPTS":96,"opptAST":22,"opptTO":17,"opptSTL":9,"opptBLK":5,"opptPF":17,"opptFGA":95,"opptFGM":40,"oppt2PA":57,"oppt2PM":34,"oppt3PA":38,"oppt3PM":6,"opptFTA":19,"opptFTM":10,"opptORB":16,"opptDRB":50,"opptPTS1":27,"opptPTS2":23,"opptPTS3":18,"opptPTS4":20,"opptPTS5":8,"opptPTS6":0,"opptPTS7":0,"opptPTS8":0}
{"_id":{"$oid":"5cb552f6e0f627212ff3bf8f"},"gmDate":"2018/3/24","offLNm3":"DeRosa","offFNm3":"Joe","teamAbbr":"DET","teamConf":"East","teamLoc":"Home","teamRslt":"Win","teamPTS":117,"teamAST":33,"teamTO":14,"teamSTL":6,"teamBLK":7,"teamPF":11,"teamFGA":87,"teamFGM":43,"team2PA":45,"team2PM":27,"team3PA":42,"team3PM":16,"teamFTA":18,"teamFTM":15,"teamORB":12,"teamDRB":37,"teamPTS1":36,"teamPTS2":30,"teamPTS3":29,"teamPTS4":22,"teamPTS5":0,"teamPTS6":0,"teamPTS7":0,"teamPTS8":0,"opptAbbr":"CHI","opptConf":"East","opptLoc":"Away","opptRslt":"Loss","opptPTS":95,"opptAST":27,"opptTO":13,"opptSTL":10,"opptBLK":1,"opptPF":20,"opptFGA":97,"opptFGM":39,"oppt2PA":62,"oppt2PM":28,"oppt3PA":35,"oppt3PM":11,"opptFTA":9,"opptFTM":6,"opptORB":14,"opptDRB":30,"opptPTS1":22,"opptPTS2":25,"opptPTS3":29,"opptPTS4":19,"opptPTS5":0,"opptPTS6":0,"opptPTS7":0,"opptPTS8":0}
{"_id":{"$oid":"5cb552f6e0f627212ff3bf9e"},"gmDate":"2018/3/26","offLNm3":"Capers","offFNm3":"James","teamAbbr":"DET","teamConf":"East","teamLoc":"Home","teamRslt":"Win","teamPTS":112,"teamAST":21,"teamTO":7,"teamSTL":4,"teamBLK":2,"teamPF":26,"teamFGA":100,"teamFGM":44,"team2PA":67,"team2PM":31,"team3PA":33,"team3PM":13,"teamFTA":15,"teamFTM":11,"teamORB":10,"teamDRB":40,"teamPTS1":26,"teamPTS2":27,"teamPTS3":28,"teamPTS4":31,"teamPTS5":0,"teamPTS6":0,"teamPTS7":0,"teamPTS8":0,"opptAbbr":"LAL","opptConf":"West","opptLoc":"Away","opptRslt":"Loss","opptPTS":106,"opptAST":29,"opptTO":10,"opptSTL":3,"opptBLK":7,"opptPF":20,"opptFGA":85,"opptFGM":40,"oppt2PA":62,"oppt2PM":34,"oppt3PA":23,"oppt3PM":6,"opptFTA":25,"opptFTM":20,"opptORB":6,"opptDRB":41,"opptPTS1":29,"opptPTS2":26,"opptPTS3":21,"opptPTS4":30,"opptPTS5":0,"opptPTS6":0,"opptPTS7":0,"opptPTS8":0}
{"_id":{"$oid":"5cb552f6e0f627212ff3bfb2"},"gmDate":"2018/3/29","offLNm3":"Foster","offFNm3":"Scott","teamAbbr":"DET","teamConf":"East","teamLoc":"Home","teamRslt":"Win","teamPTS":103,"teamAST":26,"teamTO":18,"teamSTL":9,"teamBLK":3,"teamPF":14,"teamFGA":84,"teamFGM":41,"team2PA":63,"team2PM":35,"team3PA":21,"team3PM":6,"teamFTA":20,"teamFTM":15,"teamORB":10,"teamDRB":34,"teamPTS1":23,"teamPTS2":26,"teamPTS3":32,"teamPTS4":22,"teamPTS5":0,"teamPTS6":0,"teamPTS7":0,"teamPTS8":0,"opptAbbr":"WAS","opptConf":"East","opptLoc":"Away","opptRslt":"Loss","opptPTS":92,"opptAST":28,"opptTO":15,"opptSTL":9,"opptBLK":6,"opptPF":19,"opptFGA":89,"opptFGM":37,"oppt2PA":57,"oppt2PM":31,"oppt3PA":32,"oppt3PM":6,"opptFTA":15,"opptFTM":12,"opptORB":12,"opptDRB":31,"opptPTS1":24,"opptPTS2":25,"opptPTS3":17,"opptPTS4":26,"opptPTS5":0,"opptPTS6":0,"opptPTS7":0,"opptPTS8":0}
{"_id":{"$oid":"5cb552f6e0f627212ff3bfc1"},"gmDate":"2018/3/31","offLNm3":"Acosta","offFNm3":"Ray","teamAbbr":"NY","teamConf":"East","teamLoc":"Home","teamRslt":"Loss","teamPTS":109,"teamAST":31,"teamTO":14,"teamSTL":4,"teamBLK":1,"teamPF":18,"teamFGA":91,"teamFGM":43,"team2PA":62,"team2PM":30,"team3PA":29,"team3PM":13,"teamFTA":12,"teamFTM":10,"teamORB":9,"teamDRB":31,"teamPTS1":27,"teamPTS2":27,"teamPTS3":30,"teamPTS4":25,"teamPTS5":0,"teamPTS6":0,"teamPTS7":0,"teamPTS8":0,"opptAbbr":"DET","opptConf":"East","opptLoc":"Away","opptRslt":"Win","opptPTS":115,"opptAST":24,"opptTO":9,"opptSTL":8,"opptBLK":5,"opptPF":15,"opptFGA":85,"opptFGM":44,"oppt2PA":61,"oppt2PM":34,"oppt3PA":24,"oppt3PM":10,"opptFTA":22,"opptFTM":17,"opptORB":10,"opptDRB":33,"opptPTS1":30,"opptPTS2":26,"opptPTS3":29,"opptPTS4":30,"opptPTS5":0,"opptPTS6":0,"opptPTS7":0,"opptPTS8":0}
{"_id":{"$oid":"5cb552f6e0f627212ff3bfca"},"gmDate":"2018/4/1","offLNm3":"Sterling","offFNm3":"Jonathan","teamAbbr":"BKN","teamConf":"East","teamLoc":"Home","teamRslt":"Loss","teamPTS":96,"teamAST":23,"teamTO":12,"teamSTL":5,"teamBLK":5,"teamPF":22,"teamFGA":87,"teamFGM":37,"team2PA":44,"team2PM":25,"team3PA":43,"team3PM":12,"teamFTA":15,"teamFTM":10,"teamORB":6,"teamDRB":34,"teamPTS1":28,"teamPTS2":20,"teamPTS3":22,"teamPTS4":26,"teamPTS5":0,"teamPTS6":0,"teamPTS7":0,"teamPTS8":0,"opptAbbr":"DET","opptConf":"East","opptLoc":"Away","opptRslt":"Win","opptPTS":108,"opptAST":17,"opptTO":11,"opptSTL":9,"opptBLK":3,"opptPF":16,"opptFGA":84,"opptFGM":38,"oppt2PA":65,"oppt2PM":31,"oppt3PA":19,"oppt3PM":7,"opptFTA":32,"opptFTM":25,"opptORB":10,"opptDRB":43,"opptPTS1":33,"opptPTS2":29,"opptPTS3":21,"opptPTS4":25,"opptPTS5":0,"opptPTS6":0,"opptPTS7":0,"opptPTS8":0}
{"_id":{"$oid":"5cb552f6e0f627212ff3bfdf"},"gmDate":"2018/4/4","offLNm3":"Boland","offFNm3":"Matt","teamAbbr":"DET","teamConf":"East","teamLoc":"Home","teamRslt":"Loss","teamPTS":108,"teamAST":30,"teamTO":18,"teamSTL":4,"teamBLK":5,"teamPF":19,"teamFGA":88,"teamFGM":39,"team2PA":52,"team2PM":23,"team3PA":36,"team3PM":16,"teamFTA":23,"teamFTM":14,"teamORB":9,"teamDRB":33,"teamPTS1":28,"teamPTS2":21,"teamPTS3":22,"teamPTS4":37,"teamPTS5":0,"teamPTS6":0,"teamPTS7":0,"teamPTS8":0,"opptAbbr":"PHI","opptConf":"East","opptLoc":"Away","opptRslt":"Win","opptPTS":115,"opptAST":32,"opptTO":13,"opptSTL":11,"opptBLK":3,"opptPF":17,"opptFGA":89,"opptFGM":44,"oppt2PA":59,"oppt2PM":31,"oppt3PA":30,"oppt3PM":13,"opptFTA":19,"opptFTM":14,"opptORB":7,"opptDRB":37,"opptPTS1":36,"opptPTS2":29,"opptPTS3":23,"opptPTS4":27,"opptPTS5":0,"opptPTS6":0,"opptPTS7":0,"opptPTS8":0}
{"_id":{"$oid":"5cb552f6e0f627212ff3bfe8"},"gmDate":"2018/4/6","offLNm3":"Scott","offFNm3":"Kevin","teamAbbr":"DET","teamConf":"East","teamLoc":"Home","teamRslt":"Win","teamPTS":113,"teamAST":24,"teamTO":11,"teamSTL":6,"teamBLK":4,"teamPF":19,"teamFGA":92,"teamFGM":46,"team2PA":62,"team2PM":34,"team3PA":30,"team3PM":12,"teamFTA":17,"teamFTM":9,"teamORB":6,"teamDRB":43,"teamPTS1":22,"teamPTS2":31,"teamPTS3":25,"teamPTS4":23,"teamPTS5":12,"teamPTS6":0,"teamPTS7":0,"teamPTS8":0,"opptAbbr":"DAL","opptConf":"West","opptLoc":"Away","opptRslt":"Loss","opptPTS":106,"opptAST":26,"opptTO":12,"opptSTL":7,"opptBLK":5,"opptPF":20,"opptFGA":92,"opptFGM":40,"oppt2PA":53,"oppt2PM":27,"oppt3PA":39,"oppt3PM":13,"opptFTA":18,"opptFTM":13,"opptORB":10,"opptDRB":36,"opptPTS1":24,"opptPTS2":30,"opptPTS3":21,"opptPTS4":26,"opptPTS5":5,"opptPTS6":0,"opptPTS7":0,"opptPTS8":0}
{"_id":{"$oid":"5cb552f6e0f627212ff3bffc"},"gmDate":"2018/4/8","offLNm3":"Stafford","offFNm3":"Derrick","teamAbbr":"MEM","teamConf":"West","teamLoc":"Home","teamRslt":"Win","teamPTS":130,"teamAST":36,"teamTO":14,"teamSTL":11,"teamBLK":4,"teamPF":18,"teamFGA":83,"teamFGM":48,"team2PA":50,"team2PM":32,"team3PA":33,"team3PM":16,"teamFTA":24,"teamFTM":18,"teamORB":8,"teamDRB":35,"teamPTS1":30,"teamPTS2":32,"teamPTS3":34,"teamPTS4":34,"teamPTS5":0,"teamPTS6":0,"teamPTS7":0,"teamPTS8":0,"opptAbbr":"DET","opptConf":"East","opptLoc":"Away","opptRslt":"Loss","opptPTS":117,"opptAST":30,"opptTO":13,"opptSTL":10,"opptBLK":0,"opptPF":18,"opptFGA":93,"opptFGM":38,"oppt2PA":46,"oppt2PM":15,"oppt3PA":47,"oppt3PM":23,"opptFTA":23,"opptFTM":18,"opptORB":14,"opptDRB":24,"opptPTS1":22,"opptPTS2":34,"opptPTS3":28,"opptPTS4":33,"opptPTS5":0,"opptPTS6":0,"opptPTS7":0,"opptPTS8":0}
{"_id":{"$oid":"5cb552f6e0f627212ff3c001"},"gmDate":"2018/4/9","offLNm3":"Callahan","offFNm3":"Mike","teamAbbr":"DET","teamConf":"East","teamLoc":"Home","teamRslt":"Loss","teamPTS":98,"teamAST":22,"teamTO":6,"teamSTL":7,"teamBLK":2,"teamPF":11,"teamFGA":78,"teamFGM":35,"team2PA":48,"team2PM":26,"team3PA":30,"team3PM":9,"teamFTA":25,"teamFTM":19,"teamORB":4,"teamDRB":29,"teamPTS1":32,"teamPTS2":28,"teamPTS3":20,"teamPTS4":18,"teamPTS5":0,"teamPTS6":0,"teamPTS7":0,"teamPTS8":0,"opptAbbr":"TOR","opptConf":"East","opptLoc":"Away","opptRslt":"Win","opptPTS":108,"opptAST":27,"opptTO":10,"opptSTL":3,"opptBLK":5,"opptPF":17,"opptFGA":87,"opptFGM":46,"oppt2PA":48,"oppt2PM":34,"oppt3PA":39,"oppt3PM":12,"opptFTA":4,"opptFTM":4,"opptORB":8,"opptDRB":40,"opptPTS1":32,"opptPTS2":25,"opptPTS3":28,"opptPTS4":23,"opptPTS5":0,"opptPTS6":0,"opptPTS7":0,"opptPTS8":0}
{"_id":{"$oid":"5cb552f6e0f627212ff3c013"},"gmDate":"2018/4/11","offLNm3":"Capers","offFNm3":"James","teamAbbr":"CHI","teamConf":"East","teamLoc":"Home","teamRslt":"Loss","teamPTS":87,"teamAST":21,"teamTO":19,"teamSTL":8,"teamBLK":1,"teamPF":15,"teamFGA":86,"teamFGM":32,"team2PA":52,"team2PM":21,"team3PA":34,"team3PM":11,"teamFTA":18,"teamFTM":12,"teamORB":12,"teamDRB":28,"teamPTS1":21,"teamPTS2":29,"teamPTS3":24,"teamPTS4":13,"teamPTS5":0,"teamPTS6":0,"teamPTS7":0,"teamPTS8":0,"opptAbbr":"DET","opptConf":"East","opptLoc":"Away","opptRslt":"Win","opptPTS":119,"opptAST":27,"opptTO":12,"opptSTL":12,"opptBLK":4,"opptPF":21,"opptFGA":89,"opptFGM":47,"oppt2PA":54,"oppt2PM":32,"oppt3PA":35,"oppt3PM":15,"opptFTA":10,"opptFTM":10,"opptORB":7,"opptDRB":40,"opptPTS1":35,"opptPTS2":31,"opptPTS3":28,"opptPTS4":25,"opptPTS5":0,"opptPTS6":0,"opptPTS7":0,"opptPTS8":0}
