{"_id":{"$oid":"5cb552e5e0f627212ff3a79c"},"stDate":"2017/10/17","teamAbbr":"DET","rank":2,"rankOrd":"2nd","gameWon":0,"gameLost":0,"stk":"-","homeWin":0,"homeLoss":0,"awayWin":0,"awayLoss":0}
{"_id":{"$oid":"5cb552e5e0f627212ff3a7ba"},"stDate":"2017/10/18","teamAbbr":"DET","rank":1,"rankOrd":"1st","gameWon":1,"gameLost":0,"stk":"W1","homeWin":1,"homeLoss":0,"awayWin":0,"awayLoss":0}
{"_id":{"$oid":"5cb552e5e0f627212ff3a7df"},"stDate":"2017/10/19","teamAbbr":"DET","rank":1,"rankOrd":"1st","gameWon":1,"gameLost":0,"stk":"W1","homeWin":1,"homeLoss":0,"awayWin":0,"awayLoss":0}
{"_id":{"$oid":"5cb552e5e0f627212ff3a7f0"},"stDate":"2017/10/20","teamAbbr":"DET","rank":4,"rankOrd":"4th","gameWon":1,"gameLost":1,"stk":"L1","homeWin":1,"homeLoss":0,"awayWin":0,"awayLoss":1}
{"_id":{"$oid":"5cb552e5e0f627212ff3a813"},"stDate":"2017/10/21","teamAbbr":"DET","rank":3,"rankOrd":"3rd","gameWon":2,"gameLost":1,"stk":"W1","homeWin":1,"homeLoss":0,"awayWin":1,"awayLoss":1}
{"_id":{"$oid":"5cb552e5e0f627212ff3a83d"},"stDate":"2017/10/22","teamAbbr":"DET","rank":3,"rankOrd":"3rd","gameWon":2,"gameLost":1,"stk":"W1","homeWin":1,"homeLoss":0,"awayWin":1,"awayLoss":1}
{"_id":{"$oid":"5cb552e5e0f627212ff3a851"},"stDate":"2017/10/23","teamAbbr":"DET","rank":8,"rankOrd":"8th","gameWon":2,"gameLost":2,"stk":"L1","homeWin":1,"homeLoss":1,"awayWin":1,"awayLoss":1}
{"_id":{"$oid":"5cb552e5e0f627212ff3a86f"},"stDate":"2017/10/24","teamAbbr":"DET","rank":7,"rankOrd":"7th","gameWon":2,"gameLost":2,"stk":"L1","homeWin":1,"homeLoss":1,"awayWin":1,"awayLoss":1}
{"_id":{"$oid":"5cb552e5e0f627212ff3a88d"},"stDate":"2017/10/25","teamAbbr":"DET","rank":4,"rankOrd":"4th","gameWon":3,"gameLost":2,"stk":"W1","homeWin":2,"homeLoss":1,"awayWin":1,"awayLoss":1}
{"_id":{"$oid":"5cb552e5e0f627212ff3a8ac"},"stDate":"2017/10/26","teamAbbr":"DET","rank":3,"rankOrd":"3rd","gameWon":3,"gameLost":2,"stk":"W1","homeWin":2,"homeLoss":1,"awayWin":1,"awayLoss":1}
{"_id":{"$oid":"5cb552e5e0f627212ff3a8c9"},"stDate":"2017/10/27","teamAbbr":"DET","rank":2,"rankOrd":"2nd","gameWon":3,"gameLost":2,"stk":"W1","homeWin":2,"homeLoss":1,"awayWin":1,"awayLoss":1}
{"_id":{"$oid":"5cb552e5e0f627212ff3a8e7"},"stDate":"2017/10/28","teamAbbr":"DET","rank":2,"rankOrd":"2nd","gameWon":4,"gameLost":2,"stk":"W2","homeWin":2,"homeLoss":1,"awayWin":2,"awayLoss":1}
{"_id":{"$oid":"5cb552e5e0f627212ff3a906"},"stDate":"2017/10/29","teamAbbr":"DET","rank":1,"rankOrd":"1st","gameWon":5,"gameLost":2,"stk":"W3","homeWin":2,"homeLoss":1,"awayWin":3,"awayLoss":1}
{"_id":{"$oid":"5cb552e5e0f627212ff3a925"},"stDate":"2017/10/30","teamAbbr":"DET","rank":1,"rankOrd":"1st","gameWon":5,"gameLost":2,"stk":"W3","homeWin":2,"homeLoss":1,"awayWin":3,"awayLoss":1}
{"_id":{"$oid":"5cb552e5e0f627212ff3a941"},"stDate":"2017/10/31","teamAbbr":"DET","rank":3,"rankOrd":"3rd","gameWon":5,"gameLost":3,"stk":"L1","homeWin":2,"homeLoss":1,"awayWin":3,"awayLoss":2}
{"_id":{"$oid":"5cb552e5e0f627212ff3a95f"},"stDate":"2017/11/1","teamAbbr":"DET","rank":3,"rankOrd":"3rd","gameWon":5,"gameLost":3,"stk":"L1","homeWin":2,"homeLoss":1,"awayWin":3,"awayLoss":2}
{"_id":{"$oid":"5cb552e5e0f627212ff3a991"},"stDate":"2017/11/2","teamAbbr":"DET","rank":3,"rankOrd":"3rd","gameWon":5,"gameLost":3,"stk":"L1","homeWin":2,"homeLoss":1,"awayWin":3,"awayLoss":2}
{"_id":{"$oid":"5cb552e5e0f627212ff3a99b"},"stDate":"2017/11/3","teamAbbr":"DET","rank":2,"rankOrd":"2nd","gameWon":6,"gameLost":3,"stk":"W1","homeWin":3,"homeLoss":1,"awayWin":3,"awayLoss":2}
{"_id":{"$oid":"5cb552e5e0f627212ff3a9b8"},"stDate":"2017/11/4","teamAbbr":"DET","rank":2,"rankOrd":"2nd","gameWon":7,"gameLost":3,"stk":"W2","homeWin":4,"homeLoss":1,"awayWin":3,"awayLoss":2}
{"_id":{"$oid":"5cb552e5e0f627212ff3a9e9"},"stDate":"2017/11/5","teamAbbr":"DET","rank":2,"rankOrd":"2nd","gameWon":7,"gameLost":3,"stk":"W2","homeWin":4,"homeLoss":1,"awayWin":3,"awayLoss":2}
{"_id":{"$oid":"5cb552e5e0f627212ff3a9f5"},"stDate":"2017/11/6","teamAbbr":"DET","rank":2,"rankOrd":"2nd","gameWon":7,"gameLost":3,"stk":"W2","homeWin":4,"homeLoss":1,"awayWin":3,"awayLoss":2}
{"_id":{"$oid":"5cb552e5e0f627212ff3aa12"},"stDate":"2017/11/7","teamAbbr":"DET","rank":2,"rankOrd":"2nd","gameWon":7,"gameLost":3,"stk":"W2","homeWin":4,"homeLoss":1,"awayWin":3,"awayLoss":2}
{"_id":{"$oid":"5cb552e5e0f627212ff3aa31"},"stDate":"2017/11/8","teamAbbr":"DET","rank":2,"rankOrd":"2nd","gameWon":8,"gameLost":3,"stk":"W3","homeWin":5,"homeLoss":1,"awayWin":3,"awayLoss":2}
{"_id":{"$oid":"5cb552e5e0f627212ff3aa4f"},"stDate":"2017/11/9","teamAbbr":"DET","rank":2,"rankOrd":"2nd","gameWon":8,"gameLost":3,"stk":"W3","homeWin":5,"homeLoss":1,"awayWin":3,"awayLoss":2}
{"_id":{"$oid":"5cb552e5e0f627212ff3aa6d"},"stDate":"2017/11/10","teamAbbr":"DET","rank":2,"rankOrd":"2nd","gameWon":9,"gameLost":3,"stk":"W4","homeWin":6,"homeLoss":1,"awayWin":3,"awayLoss":2}
{"_id":{"$oid":"5cb552e5e0f627212ff3aa8b"},"stDate":"2017/11/11","teamAbbr":"DET","rank":2,"rankOrd":"2nd","gameWon":9,"gameLost":3,"stk":"W4","homeWin":6,"homeLoss":1,"awayWin":3,"awayLoss":2}
{"_id":{"$oid":"5cb552e5e0f627212ff3aaa8"},"stDate":"2017/11/12","teamAbbr":"DET","rank":2,"rankOrd":"2nd","gameWon":10,"gameLost":3,"stk":"W5","homeWin":7,"homeLoss":1,"awayWin":3,"awayLoss":2}
{"_id":{"$oid":"5cb552e5e0f627212ff3aac6"},"stDate":"2017/11/13","teamAbbr":"DET","rank":2,"rankOrd":"2nd","gameWon":10,"gameLost":3,"stk":"W5","homeWin":7,"homeLoss":1,"awayWin":3,"awayLoss":2}
{"_id":{"$oid":"5cb552e5e0f627212ff3aae5"},"stDate":"2017/11/14","teamAbbr":"DET","rank":2,"rankOrd":"2nd","gameWon":10,"gameLost":3,"stk":"W5","homeWin":7,"homeLoss":1,"awayWin":3,"awayLoss":2}
{"_id":{"$oid":"5cb552e5e0f627212ff3ab17"},"stDate":"2017/11/15","teamAbbr":"DET","rank":2,"rankOrd":"2nd","gameWon":10,"gameLost":4,"stk":"L1","homeWin":7,"homeLoss":1,"awayWin":3,"awayLoss":3}
{"_id":{"$oid":"5cb552e5e0f627212ff3ab24"},"stDate":"2017/11/16","teamAbbr":"DET","rank":2,"rankOrd":"2nd","gameWon":10,"gameLost":4,"stk":"L1","homeWin":7,"homeLoss":1,"awayWin":3,"awayLoss":3}
{"_id":{"$oid":"5cb552e5e0f627212ff3ab3e"},"stDate":"2017/11/17","teamAbbr":"DET","rank":2,"rankOrd":"2nd","gameWon":10,"gameLost":5,"stk":"L2","homeWin":7,"homeLoss":1,"awayWin":3,"awayLoss":4}
{"_id":{"$oid":"5cb552e5e0f627212ff3ab5d"},"stDate":"2017/11/18","teamAbbr":"DET","rank":2,"rankOrd":"2nd","gameWon":10,"gameLost":5,"stk":"L2","homeWin":7,"homeLoss":1,"awayWin":3,"awayLoss":4}
{"_id":{"$oid":"5cb552e5e0f627212ff3ab85"},"stDate":"2017/11/19","teamAbbr":"DET","rank":2,"rankOrd":"2nd","gameWon":11,"gameLost":5,"stk":"W1","homeWin":7,"homeLoss":1,"awayWin":4,"awayLoss":4}
{"_id":{"$oid":"5cb552e5e0f627212ff3ab9a"},"stDate":"2017/11/20","teamAbbr":"DET","rank":3,"rankOrd":"3rd","gameWon":11,"gameLost":6,"stk":"L1","homeWin":7,"homeLoss":2,"awayWin":4,"awayLoss":4}
{"_id":{"$oid":"5cb552e5e0f627212ff3abb7"},"stDate":"2017/11/21","teamAbbr":"DET","rank":3,"rankOrd":"3rd","gameWon":11,"gameLost":6,"stk":"L1","homeWin":7,"homeLoss":2,"awayWin":4,"awayLoss":4}
{"_id":{"$oid":"5cb552e5e0f627212ff3abd6"},"stDate":"2017/11/22","teamAbbr":"DET","rank":2,"rankOrd":"2nd","gameWon":11,"gameLost":6,"stk":"L1","homeWin":7,"homeLoss":2,"awayWin":4,"awayLoss":4}
{"_id":{"$oid":"5cb552e5e0f627212ff3abf4"},"stDate":"2017/11/24","teamAbbr":"DET","rank":2,"rankOrd":"2nd","gameWon":12,"gameLost":6,"stk":"W1","homeWin":7,"homeLoss":2,"awayWin":5,"awayLoss":4}
{"_id":{"$oid":"5cb552e5e0f627212ff3ac11"},"stDate":"2017/11/25","teamAbbr":"DET","rank":2,"rankOrd":"2nd","gameWon":12,"gameLost":6,"stk":"W1","homeWin":7,"homeLoss":2,"awayWin":5,"awayLoss":4}
{"_id":{"$oid":"5cb552e5e0f627212ff3ac30"},"stDate":"2017/11/26","teamAbbr":"DET","rank":2,"rankOrd":"2nd","gameWon":12,"gameLost":6,"stk":"W1","homeWin":7,"homeLoss":2,"awayWin":5,"awayLoss":4}
{"_id":{"$oid":"5cb552e5e0f627212ff3ac4f"},"stDate":"2017/11/27","teamAbbr":"DET","rank":2,"rankOrd":"2nd","gameWon":13,"gameLost":6,"stk":"W2","homeWin":7,"homeLoss":2,"awayWin":6,"awayLoss":4}
{"_id":{"$oid":"5cb552e5e0f627212ff3ac6b"},"stDate":"2017/11/28","teamAbbr":"DET","rank":2,"rankOrd":"2nd","gameWon":13,"gameLost":6,"stk":"W2","homeWin":7,"homeLoss":2,"awayWin":6,"awayLoss":4}
{"_id":{"$oid":"5cb552e5e0f627212ff3ac85"},"stDate":"2017/11/29","teamAbbr":"DET","rank":2,"rankOrd":"2nd","gameWon":14,"gameLost":6,"stk":"W3","homeWin":8,"homeLoss":2,"awayWin":6,"awayLoss":4}
{"_id":{"$oid":"5cb552e5e0f627212ff3aca8"},"stDate":"2017/11/30","teamAbbr":"DET","rank":2,"rankOrd":"2nd","gameWon":14,"gameLost":6,"stk":"W3","homeWin":8,"homeLoss":2,"awayWin":6,"awayLoss":4}
{"_id":{"$oid":"5cb552e5e0f627212ff3acc8"},"stDate":"2017/12/1","teamAbbr":"DET","rank":3,"rankOrd":"3rd","gameWon":14,"gameLost":7,"stk":"L1","homeWin":8,"homeLoss":2,"awayWin":6,"awayLoss":5}
{"_id":{"$oid":"5cb552e5e0f627212ff3ace4"},"stDate":"2017/12/2","teamAbbr":"DET","rank":4,"rankOrd":"4th","gameWon":14,"gameLost":8,"stk":"L2","homeWin":8,"homeLoss":2,"awayWin":6,"awayLoss":6}
{"_id":{"$oid":"5cb552e5e0f627212ff3acfb"},"stDate":"2017/12/3","teamAbbr":"DET","rank":4,"rankOrd":"4th","gameWon":14,"gameLost":8,"stk":"L2","homeWin":8,"homeLoss":2,"awayWin":6,"awayLoss":6}
{"_id":{"$oid":"5cb552e5e0f627212ff3ad2b"},"stDate":"2017/12/4","teamAbbr":"DET","rank":4,"rankOrd":"4th","gameWon":14,"gameLost":9,"stk":"L3","homeWin":8,"homeLoss":2,"awayWin":6,"awayLoss":7}
{"_id":{"$oid":"5cb552e5e0f627212ff3ad38"},"stDate":"2017/12/5","teamAbbr":"DET","rank":4,"rankOrd":"4th","gameWon":14,"gameLost":9,"stk":"L3","homeWin":8,"homeLoss":2,"awayWin":6,"awayLoss":7}
{"_id":{"$oid":"5cb552e5e0f627212ff3ad5d"},"stDate":"2017/12/6","teamAbbr":"DET","rank":4,"rankOrd":"4th","gameWon":14,"gameLost":10,"stk":"L4","homeWin":8,"homeLoss":2,"awayWin":6,"awayLoss":8}
{"_id":{"$oid":"5cb552e5e0f627212ff3ad79"},"stDate":"2017/12/7","teamAbbr":"DET","rank":4,"rankOrd":"4th","gameWon":14,"gameLost":10,"stk":"L4","homeWin":8,"homeLoss":2,"awayWin":6,"awayLoss":8}
{"_id":{"$oid":"5cb552e5e0f627212ff3ad99"},"stDate":"2017/12/8","teamAbbr":"DET","rank":6,"rankOrd":"6th","gameWon":14,"gameLost":11,"stk":"L5","homeWin":8,"homeLoss":3,"awayWin":6,"awayLoss":8}
{"_id":{"$oid":"5cb552e5e0f627212ff3adb7"},"stDate":"2017/12/9","teamAbbr":"DET","rank":6,"rankOrd":"6th","gameWon":14,"gameLost":11,"stk":"L5","homeWin":8,"homeLoss":3,"awayWin":6,"awayLoss":8}
{"_id":{"$oid":"5cb552e5e0f627212ff3addf"},"stDate":"2017/12/10","teamAbbr":"DET","rank":6,"rankOrd":"6th","gameWon":14,"gameLost":12,"stk":"L6","homeWin":8,"homeLoss":4,"awayWin":6,"awayLoss":8}
{"_id":{"$oid":"5cb552e5e0f627212ff3adf2"},"stDate":"2017/12/11","teamAbbr":"DET","rank":6,"rankOrd":"6th","gameWon":14,"gameLost":12,"stk":"L6","homeWin":8,"homeLoss":4,"awayWin":6,"awayLoss":8}
{"_id":{"$oid":"5cb552e5e0f627212ff3ae10"},"stDate":"2017/12/12","teamAbbr":"DET","rank":6,"rankOrd":"6th","gameWon":14,"gameLost":13,"stk":"L7","homeWin":8,"homeLoss":5,"awayWin":6,"awayLoss":8}
{"_id":{"$oid":"5cb552e5e0f627212ff3ae2d"},"stDate":"2017/12/13","teamAbbr":"DET","rank":7,"rankOrd":"7th","gameWon":14,"gameLost":13,"stk":"L7","homeWin":8,"homeLoss":5,"awayWin":6,"awayLoss":8}
{"_id":{"$oid":"5cb552e5e0f627212ff3ae4c"},"stDate":"2017/12/14","teamAbbr":"DET","rank":6,"rankOrd":"6th","gameWon":15,"gameLost":13,"stk":"W1","homeWin":8,"homeLoss":5,"awayWin":7,"awayLoss":8}
{"_id":{"$oid":"5cb552e5e0f627212ff3ae6b"},"stDate":"2017/12/15","teamAbbr":"DET","rank":4,"rankOrd":"4th","gameWon":16,"gameLost":13,"stk":"W2","homeWin":8,"homeLoss":5,"awayWin":8,"awayLoss":8}
{"_id":{"$oid":"5cb552e5e0f627212ff3ae88"},"stDate":"2017/12/16","teamAbbr":"DET","rank":4,"rankOrd":"4th","gameWon":16,"gameLost":13,"stk":"W2","homeWin":8,"homeLoss":5,"awayWin":8,"awayLoss":8}
{"_id":{"$oid":"5cb552e5e0f627212ff3aea7"},"stDate":"2017/12/17","teamAbbr":"DET","rank":4,"rankOrd":"4th","gameWon":17,"gameLost":13,"stk":"W3","homeWin":9,"homeLoss":5,"awayWin":8,"awayLoss":8}
{"_id":{"$oid":"5cb552e5e0f627212ff3aec5"},"stDate":"2017/12/18","teamAbbr":"DET","rank":4,"rankOrd":"4th","gameWon":17,"gameLost":13,"stk":"W3","homeWin":9,"homeLoss":5,"awayWin":8,"awayLoss":8}
{"_id":{"$oid":"5cb552e5e0f627212ff3aee1"},"stDate":"2017/12/19","teamAbbr":"DET","rank":4,"rankOrd":"4th","gameWon":17,"gameLost":13,"stk":"W3","homeWin":9,"homeLoss":5,"awayWin":8,"awayLoss":8}
{"_id":{"$oid":"5cb552e5e0f627212ff3af00"},"stDate":"2017/12/20","teamAbbr":"DET","rank":5,"rankOrd":"5th","gameWon":17,"gameLost":14,"stk":"L1","homeWin":9,"homeLoss":5,"awayWin":8,"awayLoss":9}
{"_id":{"$oid":"5cb552e5e0f627212ff3af23"},"stDate":"2017/12/21","teamAbbr":"DET","rank":5,"rankOrd":"5th","gameWon":17,"gameLost":14,"stk":"L1","homeWin":9,"homeLoss":5,"awayWin":8,"awayLoss":9}
{"_id":{"$oid":"5cb552e5e0f627212ff3af3c"},"stDate":"2017/12/22","teamAbbr":"DET","rank":4,"rankOrd":"4th","gameWon":18,"gameLost":14,"stk":"W1","homeWin":10,"homeLoss":5,"awayWin":8,"awayLoss":9}
{"_id":{"$oid":"5cb552e5e0f627212ff3af5a"},"stDate":"2017/12/23","teamAbbr":"DET","rank":5,"rankOrd":"5th","gameWon":18,"gameLost":14,"stk":"W1","homeWin":10,"homeLoss":5,"awayWin":8,"awayLoss":9}
{"_id":{"$oid":"5cb552e5e0f627212ff3af79"},"stDate":"2017/12/25","teamAbbr":"DET","rank":5,"rankOrd":"5th","gameWon":18,"gameLost":14,"stk":"W1","homeWin":10,"homeLoss":5,"awayWin":8,"awayLoss":9}
{"_id":{"$oid":"5cb552e5e0f627212ff3af97"},"stDate":"2017/12/26","teamAbbr":"DET","rank":4,"rankOrd":"4th","gameWon":19,"gameLost":14,"stk":"W2","homeWin":11,"homeLoss":5,"awayWin":8,"awayLoss":9}
{"_id":{"$oid":"5cb552e5e0f627212ff3afb5"},"stDate":"2017/12/27","teamAbbr":"DET","rank":4,"rankOrd":"4th","gameWon":19,"gameLost":14,"stk":"W2","homeWin":11,"homeLoss":5,"awayWin":8,"awayLoss":9}
{"_id":{"$oid":"5cb552e5e0f627212ff3afd3"},"stDate":"2017/12/28","teamAbbr":"DET","rank":4,"rankOrd":"4th","gameWon":19,"gameLost":15,"stk":"L1","homeWin":11,"homeLoss":5,"awayWin":8,"awayLoss":10}
{"_id":{"$oid":"5cb552e5e0f627212ff3afeb"},"stDate":"2017/12/29","teamAbbr":"DET","rank":4,"rankOrd":"4th","gameWon":19,"gameLost":15,"stk":"L1","homeWin":11,"homeLoss":5,"awayWin":8,"awayLoss":10}
{"_id":{"$oid":"5cb552e5e0f627212ff3b009"},"stDate":"2017/12/30","teamAbbr":"DET","rank":4,"rankOrd":"4th","gameWon":20,"gameLost":15,"stk":"W1","homeWin":12,"homeLoss":5,"awayWin":8,"awayLoss":10}
{"_id":{"$oid":"5cb552e5e0f627212ff3b02c"},"stDate":"2017/12/31","teamAbbr":"DET","rank":4,"rankOrd":"4th","gameWon":20,"gameLost":15,"stk":"W1","homeWin":12,"homeLoss":5,"awayWin":8,"awayLoss":10}
{"_id":{"$oid":"5cb552e5e0f627212ff3b059"},"stDate":"2018/1/1","teamAbbr":"DET","rank":4,"rankOrd":"4th","gameWon":20,"gameLost":15,"stk":"W1","homeWin":12,"homeLoss":5,"awayWin":8,"awayLoss":10}
{"_id":{"$oid":"5cb552e5e0f627212ff3b062"},"stDate":"2018/1/2","teamAbbr":"DET","rank":4,"rankOrd":"4th","gameWon":20,"gameLost":15,"stk":"W1","homeWin":12,"homeLoss":5,"awayWin":8,"awayLoss":10}
{"_id":{"$oid":"5cb552e5e0f627212ff3b087"},"stDate":"2018/1/3","teamAbbr":"DET","rank":5,"rankOrd":"5th","gameWon":20,"gameLost":16,"stk":"L1","homeWin":12,"homeLoss":5,"awayWin":8,"awayLoss":11}
{"_id":{"$oid":"5cb552e5e0f627212ff3b0a5"},"stDate":"2018/1/4","teamAbbr":"DET","rank":5,"rankOrd":"5th","gameWon":20,"gameLost":16,"stk":"L1","homeWin":12,"homeLoss":5,"awayWin":8,"awayLoss":11}
{"_id":{"$oid":"5cb552e5e0f627212ff3b0bc"},"stDate":"2018/1/5","teamAbbr":"DET","rank":6,"rankOrd":"6th","gameWon":20,"gameLost":17,"stk":"L2","homeWin":12,"homeLoss":5,"awayWin":8,"awayLoss":12}
{"_id":{"$oid":"5cb552e5e0f627212ff3b0e1"},"stDate":"2018/1/6","teamAbbr":"DET","rank":5,"rankOrd":"5th","gameWon":21,"gameLost":17,"stk":"W1","homeWin":13,"homeLoss":5,"awayWin":8,"awayLoss":12}
{"_id":{"$oid":"5cb552e5e0f627212ff3b0ff"},"stDate":"2018/1/7","teamAbbr":"DET","rank":6,"rankOrd":"6th","gameWon":21,"gameLost":17,"stk":"W1","homeWin":13,"homeLoss":5,"awayWin":8,"awayLoss":12}
{"_id":{"$oid":"5cb552e5e0f627212ff3b11e"},"stDate":"2018/1/8","teamAbbr":"DET","rank":6,"rankOrd":"6th","gameWon":21,"gameLost":18,"stk":"L1","homeWin":13,"homeLoss":5,"awayWin":8,"awayLoss":13}
{"_id":{"$oid":"5cb552e5e0f627212ff3b13b"},"stDate":"2018/1/9","teamAbbr":"DET","rank":6,"rankOrd":"6th","gameWon":21,"gameLost":18,"stk":"L1","homeWin":13,"homeLoss":5,"awayWin":8,"awayLoss":13}
{"_id":{"$oid":"5cb552e5e0f627212ff3b159"},"stDate":"2018/1/10","teamAbbr":"DET","rank":6,"rankOrd":"6th","gameWon":22,"gameLost":18,"stk":"W1","homeWin":13,"homeLoss":5,"awayWin":9,"awayLoss":13}
{"_id":{"$oid":"5cb552e5e0f627212ff3b177"},"stDate":"2018/1/11","teamAbbr":"DET","rank":6,"rankOrd":"6th","gameWon":22,"gameLost":18,"stk":"W1","homeWin":13,"homeLoss":5,"awayWin":9,"awayLoss":13}
{"_id":{"$oid":"5cb552e5e0f627212ff3b19d"},"stDate":"2018/1/12","teamAbbr":"DET","rank":6,"rankOrd":"6th","gameWon":22,"gameLost":18,"stk":"W1","homeWin":13,"homeLoss":5,"awayWin":9,"awayLoss":13}
{"_id":{"$oid":"5cb552e5e0f627212ff3b1b7"},"stDate":"2018/1/13","teamAbbr":"DET","rank":6,"rankOrd":"6th","gameWon":22,"gameLost":19,"stk":"L1","homeWin":13,"homeLoss":5,"awayWin":9,"awayLoss":14}
{"_id":{"$oid":"5cb552e5e0f627212ff3b1d1"},"stDate":"2018/1/14","teamAbbr":"DET","rank":6,"rankOrd":"6th","gameWon":22,"gameLost":19,"stk":"L1","homeWin":13,"homeLoss":5,"awayWin":9,"awayLoss":14}
{"_id":{"$oid":"5cb552e5e0f627212ff3b1ed"},"stDate":"2018/1/15","teamAbbr":"DET","rank":8,"rankOrd":"8th","gameWon":22,"gameLost":20,"stk":"L2","homeWin":13,"homeLoss":6,"awayWin":9,"awayLoss":14}
{"_id":{"$oid":"5cb552e5e0f627212ff3b20d"},"stDate":"2018/1/16","teamAbbr":"DET","rank":8,"rankOrd":"8th","gameWon":22,"gameLost":20,"stk":"L2","homeWin":13,"homeLoss":6,"awayWin":9,"awayLoss":14}
{"_id":{"$oid":"5cb552e5e0f627212ff3b22e"},"stDate":"2018/1/17","teamAbbr":"DET","rank":8,"rankOrd":"8th","gameWon":22,"gameLost":21,"stk":"L3","homeWin":13,"homeLoss":6,"awayWin":9,"awayLoss":15}
{"_id":{"$oid":"5cb552e5e0f627212ff3b248"},"stDate":"2018/1/18","teamAbbr":"DET","rank":8,"rankOrd":"8th","gameWon":22,"gameLost":21,"stk":"L3","homeWin":13,"homeLoss":6,"awayWin":9,"awayLoss":15}
{"_id":{"$oid":"5cb552e5e0f627212ff3b268"},"stDate":"2018/1/19","teamAbbr":"DET","rank":9,"rankOrd":"9th","gameWon":22,"gameLost":22,"stk":"L4","homeWin":13,"homeLoss":7,"awayWin":9,"awayLoss":15}
{"_id":{"$oid":"5cb552e5e0f627212ff3b285"},"stDate":"2018/1/20","teamAbbr":"DET","rank":9,"rankOrd":"9th","gameWon":22,"gameLost":22,"stk":"L4","homeWin":13,"homeLoss":7,"awayWin":9,"awayLoss":15}
{"_id":{"$oid":"5cb552e5e0f627212ff3b2a3"},"stDate":"2018/1/21","teamAbbr":"DET","rank":9,"rankOrd":"9th","gameWon":22,"gameLost":23,"stk":"L5","homeWin":13,"homeLoss":8,"awayWin":9,"awayLoss":15}
{"_id":{"$oid":"5cb552e5e0f627212ff3b2c1"},"stDate":"2018/1/22","teamAbbr":"DET","rank":9,"rankOrd":"9th","gameWon":22,"gameLost":23,"stk":"L5","homeWin":13,"homeLoss":8,"awayWin":9,"awayLoss":15}
{"_id":{"$oid":"5cb552e5e0f627212ff3b2de"},"stDate":"2018/1/23","teamAbbr":"DET","rank":9,"rankOrd":"9th","gameWon":22,"gameLost":23,"stk":"L5","homeWin":13,"homeLoss":8,"awayWin":9,"awayLoss":15}
{"_id":{"$oid":"5cb552e5e0f627212ff3b2fd"},"stDate":"2018/1/24","teamAbbr":"DET","rank":9,"rankOrd":"9th","gameWon":22,"gameLost":24,"stk":"L6","homeWin":13,"homeLoss":9,"awayWin":9,"awayLoss":15}
{"_id":{"$oid":"5cb552e5e0f627212ff3b31b"},"stDate":"2018/1/25","teamAbbr":"DET","rank":9,"rankOrd":"9th","gameWon":22,"gameLost":24,"stk":"L6","homeWin":13,"homeLoss":9,"awayWin":9,"awayLoss":15}
{"_id":{"$oid":"5cb552e5e0f627212ff3b33b"},"stDate":"2018/1/26","teamAbbr":"DET","rank":9,"rankOrd":"9th","gameWon":22,"gameLost":24,"stk":"L6","homeWin":13,"homeLoss":9,"awayWin":9,"awayLoss":15}
{"_id":{"$oid":"5cb552e5e0f627212ff3b359"},"stDate":"2018/1/27","teamAbbr":"DET","rank":9,"rankOrd":"9th","gameWon":22,"gameLost":25,"stk":"L7","homeWin":13,"homeLoss":10,"awayWin":9,"awayLoss":15}
{"_id":{"$oid":"5cb552e5e0f627212ff3b375"},"stDate":"2018/1/28","teamAbbr":"DET","rank":9,"rankOrd":"9th","gameWon":22,"gameLost":26,"stk":"L8","homeWin":13,"homeLoss":10,"awayWin":9,"awayLoss":16}
{"_id":{"$oid":"5cb552e5e0f627212ff3b394"},"stDate":"2018/1/29","teamAbbr":"DET","rank":9,"rankOrd":"9th","gameWon":22,"gameLost":26,"stk":"L8","homeWin":13,"homeLoss":10,"awayWin":9,"awayLoss":16}
{"_id":{"$oid":"5cb552e5e0f627212ff3b3b2"},"stDate":"2018/1/30","teamAbbr":"DET","rank":9,"rankOrd":"9th","gameWon":23,"gameLost":26,"stk":"W1","homeWin":14,"homeLoss":10,"awayWin":9,"awayLoss":16}
{"_id":{"$oid":"5cb552e5e0f627212ff3b3cf"},"stDate":"2018/1/31","teamAbbr":"DET","rank":9,"rankOrd":"9th","gameWon":23,"gameLost":26,"stk":"W1","homeWin":14,"homeLoss":10,"awayWin":9,"awayLoss":16}
{"_id":{"$oid":"5cb552e5e0f627212ff3b3ef"},"stDate":"2018/2/1","teamAbbr":"DET","rank":9,"rankOrd":"9th","gameWon":24,"gameLost":26,"stk":"W2","homeWin":15,"homeLoss":10,"awayWin":9,"awayLoss":16}
{"_id":{"$oid":"5cb552e5e0f627212ff3b40c"},"stDate":"2018/2/2","teamAbbr":"DET","rank":9,"rankOrd":"9th","gameWon":24,"gameLost":26,"stk":"W2","homeWin":15,"homeLoss":10,"awayWin":9,"awayLoss":16}
{"_id":{"$oid":"5cb552e5e0f627212ff3b429"},"stDate":"2018/2/3","teamAbbr":"DET","rank":9,"rankOrd":"9th","gameWon":25,"gameLost":26,"stk":"W3","homeWin":16,"homeLoss":10,"awayWin":9,"awayLoss":16}
{"_id":{"$oid":"5cb552e5e0f627212ff3b441"},"stDate":"2018/2/4","teamAbbr":"DET","rank":9,"rankOrd":"9th","gameWon":25,"gameLost":26,"stk":"W3","homeWin":16,"homeLoss":10,"awayWin":9,"awayLoss":16}
{"_id":{"$oid":"5cb552e5e0f627212ff3b466"},"stDate":"2018/2/5","teamAbbr":"DET","rank":8,"rankOrd":"8th","gameWon":26,"gameLost":26,"stk":"W4","homeWin":17,"homeLoss":10,"awayWin":9,"awayLoss":16}
{"_id":{"$oid":"5cb552e5e0f627212ff3b484"},"stDate":"2018/2/6","teamAbbr":"DET","rank":9,"rankOrd":"9th","gameWon":26,"gameLost":26,"stk":"W4","homeWin":17,"homeLoss":10,"awayWin":9,"awayLoss":16}
{"_id":{"$oid":"5cb552e5e0f627212ff3b4a2"},"stDate":"2018/2/7","teamAbbr":"DET","rank":8,"rankOrd":"8th","gameWon":27,"gameLost":26,"stk":"W5","homeWin":18,"homeLoss":10,"awayWin":9,"awayLoss":16}
{"_id":{"$oid":"5cb552e5e0f627212ff3b4c1"},"stDate":"2018/2/8","teamAbbr":"DET","rank":8,"rankOrd":"8th","gameWon":27,"gameLost":26,"stk":"W5","homeWin":18,"homeLoss":10,"awayWin":9,"awayLoss":16}
{"_id":{"$oid":"5cb552e5e0f627212ff3b4de"},"stDate":"2018/2/9","teamAbbr":"DET","rank":9,"rankOrd":"9th","gameWon":27,"gameLost":27,"stk":"L1","homeWin":18,"homeLoss":11,"awayWin":9,"awayLoss":16}
{"_id":{"$oid":"5cb552e5e0f627212ff3b4fc"},"stDate":"2018/2/10","teamAbbr":"DET","rank":9,"rankOrd":"9th","gameWon":27,"gameLost":27,"stk":"L1","homeWin":18,"homeLoss":11,"awayWin":9,"awayLoss":16}
{"_id":{"$oid":"5cb552e5e0f627212ff3b51b"},"stDate":"2018/2/11","teamAbbr":"DET","rank":9,"rankOrd":"9th","gameWon":27,"gameLost":28,"stk":"L2","homeWin":18,"homeLoss":11,"awayWin":9,"awayLoss":17}
{"_id":{"$oid":"5cb552e5e0f627212ff3b538"},"stDate":"2018/2/12","teamAbbr":"DET","rank":9,"rankOrd":"9th","gameWon":27,"gameLost":29,"stk":"L3","homeWin":18,"homeLoss":12,"awayWin":9,"awayLoss":17}
{"_id":{"$oid":"5cb552e5e0f627212ff3b54f"},"stDate":"2018/2/13","teamAbbr":"DET","rank":9,"rankOrd":"9th","gameWon":27,"gameLost":29,"stk":"L3","homeWin":18,"homeLoss":12,"awayWin":9,"awayLoss":17}
{"_id":{"$oid":"5cb552e5e0f627212ff3b574"},"stDate":"2018/2/14","teamAbbr":"DET","rank":9,"rankOrd":"9th","gameWon":28,"gameLost":29,"stk":"W1","homeWin":19,"homeLoss":12,"awayWin":9,"awayLoss":17}
{"_id":{"$oid":"5cb552e5e0f627212ff3b592"},"stDate":"2018/2/15","teamAbbr":"DET","rank":9,"rankOrd":"9th","gameWon":28,"gameLost":29,"stk":"W1","homeWin":19,"homeLoss":12,"awayWin":9,"awayLoss":17}
{"_id":{"$oid":"5cb552e5e0f627212ff3b5b1"},"stDate":"2018/2/22","teamAbbr":"DET","rank":9,"rankOrd":"9th","gameWon":28,"gameLost":29,"stk":"W1","homeWin":19,"homeLoss":12,"awayWin":9,"awayLoss":17}
{"_id":{"$oid":"5cb552e5e0f627212ff3b5ce"},"stDate":"2018/2/23","teamAbbr":"DET","rank":9,"rankOrd":"9th","gameWon":28,"gameLost":30,"stk":"L1","homeWin":19,"homeLoss":13,"awayWin":9,"awayLoss":17}
{"_id":{"$oid":"5cb552e5e0f627212ff3b5ed"},"stDate":"2018/2/24","teamAbbr":"DET","rank":9,"rankOrd":"9th","gameWon":28,"gameLost":30,"stk":"L1","homeWin":19,"homeLoss":13,"awayWin":9,"awayLoss":17}
{"_id":{"$oid":"5cb552e5e0f627212ff3b60b"},"stDate":"2018/2/25","teamAbbr":"DET","rank":9,"rankOrd":"9th","gameWon":28,"gameLost":31,"stk":"L2","homeWin":19,"homeLoss":13,"awayWin":9,"awayLoss":18}
{"_id":{"$oid":"5cb552e5e0f627212ff3b627"},"stDate":"2018/2/26","teamAbbr":"DET","rank":9,"rankOrd":"9th","gameWon":28,"gameLost":32,"stk":"L3","homeWin":19,"homeLoss":13,"awayWin":9,"awayLoss":19}
{"_id":{"$oid":"5cb552e5e0f627212ff3b646"},"stDate":"2018/2/27","teamAbbr":"DET","rank":9,"rankOrd":"9th","gameWon":28,"gameLost":32,"stk":"L3","homeWin":19,"homeLoss":13,"awayWin":9,"awayLoss":19}
{"_id":{"$oid":"5cb552e5e0f627212ff3b665"},"stDate":"2018/2/28","teamAbbr":"DET","rank":9,"rankOrd":"9th","gameWon":29,"gameLost":32,"stk":"W1","homeWin":20,"homeLoss":13,"awayWin":9,"awayLoss":19}
{"_id":{"$oid":"5cb552e5e0f627212ff3b681"},"stDate":"2018/3/1","teamAbbr":"DET","rank":9,"rankOrd":"9th","gameWon":29,"gameLost":32,"stk":"W1","homeWin":20,"homeLoss":13,"awayWin":9,"awayLoss":19}
{"_id":{"$oid":"5cb552e5e0f627212ff3b6a0"},"stDate":"2018/3/2","teamAbbr":"DET","rank":9,"rankOrd":"9th","gameWon":29,"gameLost":33,"stk":"L1","homeWin":20,"homeLoss":13,"awayWin":9,"awayLoss":20}
{"_id":{"$oid":"5cb552e5e0f627212ff3b6be"},"stDate":"2018/3/3","teamAbbr":"DET","rank":9,"rankOrd":"9th","gameWon":29,"gameLost":34,"stk":"L2","homeWin":20,"homeLoss":13,"awayWin":9,"awayLoss":21}
{"_id":{"$oid":"5cb552e5e0f627212ff3b6dc"},"stDate":"2018/3/4","teamAbbr":"DET","rank":9,"rankOrd":"9th","gameWon":29,"gameLost":34,"stk":"L2","homeWin":20,"homeLoss":13,"awayWin":9,"awayLoss":21}
{"_id":{"$oid":"5cb552e5e0f627212ff3b6f3"},"stDate":"2018/3/5","teamAbbr":"DET","rank":9,"rankOrd":"9th","gameWon":29,"gameLost":35,"stk":"L3","homeWin":20,"homeLoss":13,"awayWin":9,"awayLoss":22}
{"_id":{"$oid":"5cb552e5e0f627212ff3b718"},"stDate":"2018/3/6","teamAbbr":"DET","rank":9,"rankOrd":"9th","gameWon":29,"gameLost":35,"stk":"L3","homeWin":20,"homeLoss":13,"awayWin":9,"awayLoss":22}
{"_id":{"$oid":"5cb552e5e0f627212ff3b736"},"stDate":"2018/3/7","teamAbbr":"DET","rank":9,"rankOrd":"9th","gameWon":29,"gameLost":36,"stk":"L4","homeWin":20,"homeLoss":14,"awayWin":9,"awayLoss":22}
{"_id":{"$oid":"5cb552e5e0f627212ff3b755"},"stDate":"2018/3/8","teamAbbr":"DET","rank":9,"rankOrd":"9th","gameWon":29,"gameLost":36,"stk":"L4","homeWin":20,"homeLoss":14,"awayWin":9,"awayLoss":22}
{"_id":{"$oid":"5cb552e5e0f627212ff3b773"},"stDate":"2018/3/9","teamAbbr":"DET","rank":9,"rankOrd":"9th","gameWon":30,"gameLost":36,"stk":"W1","homeWin":21,"homeLoss":14,"awayWin":9,"awayLoss":22}
{"_id":{"$oid":"5cb552e5e0f627212ff3b790"},"stDate":"2018/3/10","teamAbbr":"DET","rank":9,"rankOrd":"9th","gameWon":30,"gameLost":36,"stk":"W1","homeWin":21,"homeLoss":14,"awayWin":9,"awayLoss":22}
{"_id":{"$oid":"5cb552e5e0f627212ff3b7ae"},"stDate":"2018/3/11","teamAbbr":"DET","rank":9,"rankOrd":"9th","gameWon":30,"gameLost":36,"stk":"W1","homeWin":21,"homeLoss":14,"awayWin":9,"awayLoss":22}
{"_id":{"$oid":"5cb552e5e0f627212ff3b7cc"},"stDate":"2018/3/12","teamAbbr":"DET","rank":9,"rankOrd":"9th","gameWon":30,"gameLost":36,"stk":"W1","homeWin":21,"homeLoss":14,"awayWin":9,"awayLoss":22}
{"_id":{"$oid":"5cb552e5e0f627212ff3b7eb"},"stDate":"2018/3/13","teamAbbr":"DET","rank":9,"rankOrd":"9th","gameWon":30,"gameLost":37,"stk":"L1","homeWin":21,"homeLoss":14,"awayWin":9,"awayLoss":23}
{"_id":{"$oid":"5cb552e5e0f627212ff3b808"},"stDate":"2018/3/14","teamAbbr":"DET","rank":9,"rankOrd":"9th","gameWon":30,"gameLost":37,"stk":"L1","homeWin":21,"homeLoss":14,"awayWin":9,"awayLoss":23}
{"_id":{"$oid":"5cb552e5e0f627212ff3b828"},"stDate":"2018/3/15","teamAbbr":"DET","rank":9,"rankOrd":"9th","gameWon":30,"gameLost":38,"stk":"L2","homeWin":21,"homeLoss":14,"awayWin":9,"awayLoss":24}
{"_id":{"$oid":"5cb552e5e0f627212ff3b845"},"stDate":"2018/3/16","teamAbbr":"DET","rank":9,"rankOrd":"9th","gameWon":30,"gameLost":38,"stk":"L2","homeWin":21,"homeLoss":14,"awayWin":9,"awayLoss":24}
{"_id":{"$oid":"5cb552e5e0f627212ff3b863"},"stDate":"2018/3/17","teamAbbr":"DET","rank":9,"rankOrd":"9th","gameWon":30,"gameLost":39,"stk":"L3","homeWin":21,"homeLoss":14,"awayWin":9,"awayLoss":25}
{"_id":{"$oid":"5cb552e5e0f627212ff3b881"},"stDate":"2018/3/18","teamAbbr":"DET","rank":9,"rankOrd":"9th","gameWon":30,"gameLost":39,"stk":"L3","homeWin":21,"homeLoss":14,"awayWin":9,"awayLoss":25}
{"_id":{"$oid":"5cb552e5e0f627212ff3b89f"},"stDate":"2018/3/19","teamAbbr":"DET","rank":9,"rankOrd":"9th","gameWon":31,"gameLost":39,"stk":"W1","homeWin":21,"homeLoss":14,"awayWin":10,"awayLoss":25}
{"_id":{"$oid":"5cb552e5e0f627212ff3b8bd"},"stDate":"2018/3/20","teamAbbr":"DET","rank":9,"rankOrd":"9th","gameWon":32,"gameLost":39,"stk":"W2","homeWin":21,"homeLoss":14,"awayWin":11,"awayLoss":25}
{"_id":{"$oid":"5cb552e5e0f627212ff3b8db"},"stDate":"2018/3/21","teamAbbr":"DET","rank":9,"rankOrd":"9th","gameWon":32,"gameLost":39,"stk":"W2","homeWin":21,"homeLoss":14,"awayWin":11,"awayLoss":25}
{"_id":{"$oid":"5cb552e5e0f627212ff3b8fb"},"stDate":"2018/3/22","teamAbbr":"DET","rank":9,"rankOrd":"9th","gameWon":32,"gameLost":40,"stk":"L1","homeWin":21,"homeLoss":14,"awayWin":11,"awayLoss":26}
{"_id":{"$oid":"5cb552e5e0f627212ff3b917"},"stDate":"2018/3/23","teamAbbr":"DET","rank":9,"rankOrd":"9th","gameWon":32,"gameLost":40,"stk":"L1","homeWin":21,"homeLoss":14,"awayWin":11,"awayLoss":26}
{"_id":{"$oid":"5cb552e5e0f627212ff3b930"},"stDate":"2018/3/24","teamAbbr":"DET","rank":9,"rankOrd":"9th","gameWon":33,"gameLost":40,"stk":"W1","homeWin":22,"homeLoss":14,"awayWin":11,"awayLoss":26}
{"_id":{"$oid":"5cb552e5e0f627212ff3b953"},"stDate":"2018/3/25","teamAbbr":"DET","rank":9,"rankOrd":"9th","gameWon":33,"gameLost":40,"stk":"W1","homeWin":22,"homeLoss":14,"awayWin":11,"awayLoss":26}
{"_id":{"$oid":"5cb552e5e0f627212ff3b971"},"stDate":"2018/3/26","teamAbbr":"DET","rank":9,"rankOrd":"9th","gameWon":34,"gameLost":40,"stk":"W2","homeWin":23,"homeLoss":14,"awayWin":11,"awayLoss":26}
{"_id":{"$oid":"5cb552e5e0f627212ff3b98e"},"stDate":"2018/3/27","teamAbbr":"DET","rank":9,"rankOrd":"9th","gameWon":34,"gameLost":40,"stk":"W2","homeWin":23,"homeLoss":14,"awayWin":11,"awayLoss":26}
{"_id":{"$oid":"5cb552e5e0f627212ff3b9ad"},"stDate":"2018/3/28","teamAbbr":"DET","rank":9,"rankOrd":"9th","gameWon":34,"gameLost":40,"stk":"W2","homeWin":23,"homeLoss":14,"awayWin":11,"awayLoss":26}
{"_id":{"$oid":"5cb552e5e0f627212ff3b9cb"},"stDate":"2018/3/29","teamAbbr":"DET","rank":9,"rankOrd":"9th","gameWon":35,"gameLost":40,"stk":"W3","homeWin":24,"homeLoss":14,"awayWin":11,"awayLoss":26}
{"_id":{"$oid":"5cb552e5e0f627212ff3b9ea"},"stDate":"2018/3/30","teamAbbr":"DET","rank":9,"rankOrd":"9th","gameWon":35,"gameLost":40,"stk":"W3","homeWin":24,"homeLoss":14,"awayWin":11,"awayLoss":26}
{"_id":{"$oid":"5cb552e5e0f627212ff3ba07"},"stDate":"2018/3/31","teamAbbr":"DET","rank":9,"rankOrd":"9th","gameWon":36,"gameLost":40,"stk":"W4","homeWin":24,"homeLoss":14,"awayWin":12,"awayLoss":26}
{"_id":{"$oid":"5cb552e5e0f627212ff3ba25"},"stDate":"2018/4/1","teamAbbr":"DET","rank":9,"rankOrd":"9th","gameWon":37,"gameLost":40,"stk":"W5","homeWin":24,"homeLoss":14,"awayWin":13,"awayLoss":26}
{"_id":{"$oid":"5cb552e5e0f627212ff3ba44"},"stDate":"2018/4/3","teamAbbr":"DET","rank":9,"rankOrd":"9th","gameWon":37,"gameLost":40,"stk":"W5","homeWin":24,"homeLoss":14,"awayWin":13,"awayLoss":26}
{"_id":{"$oid":"5cb552e5e0f627212ff3ba61"},"stDate":"2018/4/4","teamAbbr":"DET","rank":9,"rankOrd":"9th","gameWon":37,"gameLost":41,"stk":"L1","homeWin":24,"homeLoss":15,"awayWin":13,"awayLoss":26}
{"_id":{"$oid":"5cb552e5e0f627212ff3ba7f"},"stDate":"2018/4/5","teamAbbr":"DET","rank":9,"rankOrd":"9th","gameWon":37,"gameLost":41,"stk":"L1","homeWin":24,"homeLoss":15,"awayWin":13,"awayLoss":26}
{"_id":{"$oid":"5cb552e5e0f627212ff3ba9d"},"stDate":"2018/4/6","teamAbbr":"DET","rank":9,"rankOrd":"9th","gameWon":38,"gameLost":41,"stk":"W1","homeWin":25,"homeLoss":15,"awayWin":13,"awayLoss":26}
{"_id":{"$oid":"5cb552e5e0f627212ff3babb"},"stDate":"2018/4/7","teamAbbr":"DET","rank":9,"rankOrd":"9th","gameWon":38,"gameLost":41,"stk":"W1","homeWin":25,"homeLoss":15,"awayWin":13,"awayLoss":26}
{"_id":{"$oid":"5cb552e5e0f627212ff3bad8"},"stDate":"2018/4/8","teamAbbr":"DET","rank":9,"rankOrd":"9th","gameWon":38,"gameLost":42,"stk":"L1","homeWin":25,"homeLoss":15,"awayWin":13,"awayLoss":27}
{"_id":{"$oid":"5cb552e5e0f627212ff3baf7"},"stDate":"2018/4/9","teamAbbr":"DET","rank":9,"rankOrd":"9th","gameWon":38,"gameLost":43,"stk":"L2","homeWin":25,"homeLoss":16,"awayWin":13,"awayLoss":27}
{"_id":{"$oid":"5cb552e5e0f627212ff3bb14"},"stDate":"2018/4/10","teamAbbr":"DET","rank":9,"rankOrd":"9th","gameWon":38,"gameLost":43,"stk":"L2","homeWin":25,"homeLoss":16,"awayWin":13,"awayLoss":27}
{"_id":{"$oid":"5cb552e5e0f627212ff3bb33"},"stDate":"2018/4/11","teamAbbr":"DET","rank":9,"rankOrd":"9th","gameWon":39,"gameLost":43,"stk":"W1","homeWin":25,"homeLoss":16,"awayWin":14,"awayLoss":27}
