{"_id":{"$oid":"5cb552f6e0f627212ff3bb51"},"gmDate":"2017/10/17","offLNm3":"Foster","offFNm3":"Scott","teamAbbr":"GS","teamConf":"West","teamLoc":"Home","teamRslt":"Loss","teamPTS":121,"teamAST":34,"teamTO":17,"teamSTL":5,"teamBLK":9,"teamPF":25,"teamFGA":80,"teamFGM":43,"team2PA":50,"team2PM":27,"team3PA":30,"team3PM":16,"teamFTA":21,"teamFTM":19,"teamORB":6,"teamDRB":35,"teamPTS1":35,"teamPTS2":36,"teamPTS3":30,"teamPTS4":20,"teamPTS5":0,"teamPTS6":0,"teamPTS7":0,"teamPTS8":0,"opptAbbr":"HOU","opptConf":"West","opptLoc":"Away","opptRslt":"Win","opptPTS":122,"opptAST":28,"opptTO":13,"opptSTL":9,"opptBLK":5,"opptPF":16,"opptFGA":97,"opptFGM":47,"oppt2PA":56,"oppt2PM":32,"oppt3PA":41,"oppt3PM":15,"opptFTA":19,"opptFTM":13,"opptORB":10,"opptDRB":33,"opptPTS1":34,"opptPTS2":28,"opptPTS3":26,"opptPTS4":34,"opptPTS5":0,"opptPTS6":0,"opptPTS7":0,"opptPTS8":0}
{"_id":{"$oid":"5cb552f6e0f627212ff3bb66"},"gmDate":"2017/10/20","offLNm3":"Malloy","offFNm3":"Ed","teamAbbr":"NO","teamConf":"West","teamLoc":"Home","teamRslt":"Loss","teamPTS":120,"teamAST":28,"teamTO":17,"teamSTL":8,"teamBLK":2,"teamPF":19,"teamFGA":98,"teamFGM":45,"team2PA":62,"team2PM":29,"team3PA":36,"team3PM":16,"teamFTA":22,"teamFTM":14,"teamORB":16,"teamDRB":34,"teamPTS1":39,"teamPTS2":25,"teamPTS3":26,"teamPTS4":8,"teamPTS5":0,"teamPTS6":0,"teamPTS7":0,"teamPTS8":0,"opptAbbr":"GS","opptConf":"West","opptLoc":"Away","opptRslt":"Win","opptPTS":128,"opptAST":31,"opptTO":18,"opptSTL":5,"opptBLK":8,"opptPF":23,"opptFGA":91,"opptFGM":47,"oppt2PA":51,"oppt2PM":29,"oppt3PA":40,"oppt3PM":18,"opptFTA":20,"opptFTM":16,"opptORB":10,"opptDRB":39,"opptPTS1":26,"opptPTS2":35,"opptPTS3":37,"opptPTS4":11,"opptPTS5":0,"opptPTS6":0,"opptPTS7":0,"opptPTS8":0}
{"_id":{"$oid":"5cb552f6e0f627212ff3bb6c"},"gmDate":"2017/10/21","offLNm3":"Wall","offFNm3":"Scott","teamAbbr":"MEM","teamConf":"West","teamLoc":"Home","teamRslt":"Win","teamPTS":111,"teamAST":20,"teamTO":14,"teamSTL":8,"teamBLK":4,"teamPF":25,"teamFGA":77,"teamFGM":36,"team2PA":50,"team2PM":26,"team3PA":27,"team3PM":10,"teamFTA":37,"teamFTM":29,"teamORB":6,"teamDRB":34,"teamPTS1":31,"teamPTS2":25,"teamPTS3":32,"teamPTS4":23,"teamPTS5":0,"teamPTS6":0,"teamPTS7":0,"teamPTS8":0,"opptAbbr":"GS","opptConf":"West","opptLoc":"Away","opptRslt":"Loss","opptPTS":101,"opptAST":20,"opptTO":17,"opptSTL":10,"opptBLK":7,"opptPF":28,"opptFGA":84,"opptFGM":33,"oppt2PA":46,"oppt2PM":21,"oppt3PA":38,"oppt3PM":12,"opptFTA":27,"opptFTM":23,"opptORB":12,"opptDRB":34,"opptPTS1":26,"opptPTS2":25,"opptPTS3":20,"opptPTS4":30,"opptPTS5":0,"opptPTS6":0,"opptPTS7":0,"opptPTS8":0}
{"_id":{"$oid":"5cb552f6e0f627212ff3bb7a"},"gmDate":"2017/10/23","offLNm3":"Collins","offFNm3":"Derrick","teamAbbr":"DAL","teamConf":"West","teamLoc":"Home","teamRslt":"Loss","teamPTS":103,"teamAST":21,"teamTO":12,"teamSTL":11,"teamBLK":0,"teamPF":20,"teamFGA":96,"teamFGM":38,"team2PA":67,"team2PM":29,"team3PA":29,"team3PM":9,"teamFTA":30,"teamFTM":18,"teamORB":14,"teamDRB":28,"teamPTS1":24,"teamPTS2":38,"teamPTS3":22,"teamPTS4":19,"teamPTS5":0,"teamPTS6":0,"teamPTS7":0,"teamPTS8":0,"opptAbbr":"GS","opptConf":"West","opptLoc":"Away","opptRslt":"Win","opptPTS":133,"opptAST":33,"opptTO":16,"opptSTL":6,"opptBLK":8,"opptPF":23,"opptFGA":86,"opptFGM":48,"oppt2PA":47,"oppt2PM":33,"oppt3PA":39,"oppt3PM":15,"opptFTA":26,"opptFTM":22,"opptORB":10,"opptDRB":40,"opptPTS1":40,"opptPTS2":25,"opptPTS3":34,"opptPTS4":34,"opptPTS5":0,"opptPTS6":0,"opptPTS7":0,"opptPTS8":0}
{"_id":{"$oid":"5cb552f6e0f627212ff3bb8c"},"gmDate":"2017/10/25","offLNm3":"Cutler","offFNm3":"Kevin","teamAbbr":"GS","teamConf":"West","teamLoc":"Home","teamRslt":"Win","teamPTS":117,"teamAST":32,"teamTO":17,"teamSTL":10,"teamBLK":7,"teamPF":15,"teamFGA":77,"teamFGM":43,"team2PA":51,"team2PM":31,"team3PA":26,"team3PM":12,"teamFTA":22,"teamFTM":19,"teamORB":6,"teamDRB":31,"teamPTS1":29,"teamPTS2":32,"teamPTS3":30,"teamPTS4":26,"teamPTS5":0,"teamPTS6":0,"teamPTS7":0,"teamPTS8":0,"opptAbbr":"TOR","opptConf":"East","opptLoc":"Away","opptRslt":"Loss","opptPTS":112,"opptAST":30,"opptTO":18,"opptSTL":10,"opptBLK":6,"opptPF":16,"opptFGA":94,"opptFGM":43,"oppt2PA":60,"oppt2PM":35,"oppt3PA":34,"oppt3PM":8,"opptFTA":19,"opptFTM":18,"opptORB":17,"opptDRB":25,"opptPTS1":26,"opptPTS2":27,"opptPTS3":33,"opptPTS4":26,"opptPTS5":0,"opptPTS6":0,"opptPTS7":0,"opptPTS8":0}
{"_id":{"$oid":"5cb552f6e0f627212ff3bb98"},"gmDate":"2017/10/27","offLNm3":"Kennedy","offFNm3":"Bill","teamAbbr":"GS","teamConf":"West","teamLoc":"Home","teamRslt":"Win","teamPTS":120,"teamAST":33,"teamTO":18,"teamSTL":7,"teamBLK":13,"teamPF":20,"teamFGA":95,"teamFGM":46,"team2PA":57,"team2PM":36,"team3PA":38,"team3PM":10,"teamFTA":20,"teamFTM":18,"teamORB":15,"teamDRB":38,"teamPTS1":27,"teamPTS2":26,"teamPTS3":34,"teamPTS4":33,"teamPTS5":0,"teamPTS6":0,"teamPTS7":0,"teamPTS8":0,"opptAbbr":"WAS","opptConf":"East","opptLoc":"Away","opptRslt":"Loss","opptPTS":117,"opptAST":30,"opptTO":15,"opptSTL":7,"opptBLK":6,"opptPF":21,"opptFGA":97,"opptFGM":43,"oppt2PA":64,"oppt2PM":28,"oppt3PA":33,"oppt3PM":15,"opptFTA":22,"opptFTM":16,"opptORB":12,"opptDRB":29,"opptPTS1":34,"opptPTS2":33,"opptPTS3":30,"opptPTS4":20,"opptPTS5":0,"opptPTS6":0,"opptPTS7":0,"opptPTS8":0}
{"_id":{"$oid":"5cb552f6e0f627212ff3bba8"},"gmDate":"2017/10/29","offLNm3":"Stafford","offFNm3":"Derrick","teamAbbr":"GS","teamConf":"West","teamLoc":"Home","teamRslt":"Loss","teamPTS":107,"teamAST":29,"teamTO":26,"teamSTL":3,"teamBLK":11,"teamPF":14,"teamFGA":77,"teamFGM":44,"team2PA":50,"team2PM":34,"team3PA":27,"team3PM":10,"teamFTA":12,"teamFTM":9,"teamORB":10,"teamDRB":30,"teamPTS1":35,"teamPTS2":22,"teamPTS3":24,"teamPTS4":26,"teamPTS5":0,"teamPTS6":0,"teamPTS7":0,"teamPTS8":0,"opptAbbr":"DET","opptConf":"East","opptLoc":"Away","opptRslt":"Win","opptPTS":115,"opptAST":22,"opptTO":14,"opptSTL":16,"opptBLK":0,"opptPF":9,"opptFGA":93,"opptFGM":43,"oppt2PA":66,"oppt2PM":31,"oppt3PA":27,"oppt3PM":12,"opptFTA":17,"opptFTM":17,"opptORB":17,"opptDRB":20,"opptPTS1":27,"opptPTS2":25,"opptPTS3":30,"opptPTS4":33,"opptPTS5":0,"opptPTS6":0,"opptPTS7":0,"opptPTS8":0}
{"_id":{"$oid":"5cb552f6e0f627212ff3bbb1"},"gmDate":"2017/10/30","offLNm3":"Richardson","offFNm3":"Leroy","teamAbbr":"LAC","teamConf":"West","teamLoc":"Home","teamRslt":"Loss","teamPTS":113,"teamAST":21,"teamTO":15,"teamSTL":4,"teamBLK":3,"teamPF":20,"teamFGA":86,"teamFGM":39,"team2PA":61,"team2PM":29,"team3PA":25,"team3PM":10,"teamFTA":30,"teamFTM":25,"teamORB":9,"teamDRB":26,"teamPTS1":28,"teamPTS2":29,"teamPTS3":29,"teamPTS4":27,"teamPTS5":0,"teamPTS6":0,"teamPTS7":0,"teamPTS8":0,"opptAbbr":"GS","opptConf":"West","opptLoc":"Away","opptRslt":"Win","opptPTS":141,"opptAST":37,"opptTO":12,"opptSTL":8,"opptBLK":8,"opptPF":23,"opptFGA":89,"opptFGM":52,"oppt2PA":60,"oppt2PM":38,"oppt3PA":29,"oppt3PM":14,"opptFTA":30,"opptFTM":23,"opptORB":14,"opptDRB":32,"opptPTS1":34,"opptPTS2":40,"opptPTS3":33,"opptPTS4":34,"opptPTS5":0,"opptPTS6":0,"opptPTS7":0,"opptPTS8":0}
{"_id":{"$oid":"5cb552f6e0f627212ff3bbc2"},"gmDate":"2017/11/2","offLNm3":"Davis","offFNm3":"Marc","teamAbbr":"SA","teamConf":"West","teamLoc":"Home","teamRslt":"Loss","teamPTS":92,"teamAST":19,"teamTO":19,"teamSTL":6,"teamBLK":7,"teamPF":10,"teamFGA":87,"teamFGM":34,"team2PA":63,"team2PM":27,"team3PA":24,"team3PM":7,"teamFTA":23,"teamFTM":17,"teamORB":14,"teamDRB":32,"teamPTS1":33,"teamPTS2":22,"teamPTS3":23,"teamPTS4":14,"teamPTS5":0,"teamPTS6":0,"teamPTS7":0,"teamPTS8":0,"opptAbbr":"GS","opptConf":"West","opptLoc":"Away","opptRslt":"Win","opptPTS":112,"opptAST":30,"opptTO":14,"opptSTL":11,"opptBLK":11,"opptPF":20,"opptFGA":83,"opptFGM":43,"oppt2PA":55,"oppt2PM":29,"oppt3PA":28,"oppt3PM":14,"opptFTA":16,"opptFTM":12,"opptORB":4,"opptDRB":36,"opptPTS1":24,"opptPTS2":26,"opptPTS3":34,"opptPTS4":28,"opptPTS5":0,"opptPTS6":0,"opptPTS7":0,"opptPTS8":0}
{"_id":{"$oid":"5cb552f6e0f627212ff3bbd4"},"gmDate":"2017/11/4","offLNm3":"Wood","offFNm3":"Leon","teamAbbr":"DEN","teamConf":"West","teamLoc":"Home","teamRslt":"Loss","teamPTS":108,"teamAST":26,"teamTO":18,"teamSTL":9,"teamBLK":6,"teamPF":18,"teamFGA":87,"teamFGM":40,"team2PA":63,"team2PM":34,"team3PA":24,"team3PM":6,"teamFTA":27,"teamFTM":22,"teamORB":9,"teamDRB":37,"teamPTS1":23,"teamPTS2":32,"teamPTS3":21,"teamPTS4":32,"teamPTS5":0,"teamPTS6":0,"teamPTS7":0,"teamPTS8":0,"opptAbbr":"GS","opptConf":"West","opptLoc":"Away","opptRslt":"Win","opptPTS":127,"opptAST":38,"opptTO":15,"opptSTL":13,"opptBLK":4,"opptPF":23,"opptFGA":91,"opptFGM":50,"oppt2PA":51,"oppt2PM":32,"oppt3PA":40,"oppt3PM":18,"opptFTA":17,"opptFTM":9,"opptORB":7,"opptDRB":34,"opptPTS1":36,"opptPTS2":24,"opptPTS3":43,"opptPTS4":24,"opptPTS5":0,"opptPTS6":0,"opptPTS7":0,"opptPTS8":0}
{"_id":{"$oid":"5cb552f6e0f627212ff3bbe1"},"gmDate":"2017/11/6","offLNm3":"Ayotte","offFNm3":"Mark","teamAbbr":"GS","teamConf":"West","teamLoc":"Home","teamRslt":"Win","teamPTS":97,"teamAST":20,"teamTO":15,"teamSTL":12,"teamBLK":10,"teamPF":21,"teamFGA":87,"teamFGM":32,"team2PA":55,"team2PM":21,"team3PA":32,"team3PM":11,"teamFTA":24,"teamFTM":22,"teamORB":13,"teamDRB":38,"teamPTS1":22,"teamPTS2":28,"teamPTS3":25,"teamPTS4":22,"teamPTS5":0,"teamPTS6":0,"teamPTS7":0,"teamPTS8":0,"opptAbbr":"MIA","opptConf":"East","opptLoc":"Away","opptRslt":"Loss","opptPTS":80,"opptAST":19,"opptTO":23,"opptSTL":10,"opptBLK":6,"opptPF":20,"opptFGA":83,"opptFGM":30,"oppt2PA":57,"oppt2PM":22,"oppt3PA":26,"oppt3PM":8,"opptFTA":17,"opptFTM":12,"opptORB":7,"opptDRB":37,"opptPTS1":21,"opptPTS2":16,"opptPTS3":20,"opptPTS4":23,"opptPTS5":0,"opptPTS6":0,"opptPTS7":0,"opptPTS8":0}
{"_id":{"$oid":"5cb552f6e0f627212ff3bbf0"},"gmDate":"2017/11/8","offLNm3":"Collins","offFNm3":"Derrick","teamAbbr":"GS","teamConf":"West","teamLoc":"Home","teamRslt":"Win","teamPTS":125,"teamAST":37,"teamTO":19,"teamSTL":10,"teamBLK":9,"teamPF":23,"teamFGA":85,"teamFGM":48,"team2PA":49,"team2PM":33,"team3PA":36,"team3PM":15,"teamFTA":18,"teamFTM":14,"teamORB":3,"teamDRB":42,"teamPTS1":22,"teamPTS2":29,"teamPTS3":44,"teamPTS4":30,"teamPTS5":0,"teamPTS6":0,"teamPTS7":0,"teamPTS8":0,"opptAbbr":"MIN","opptConf":"West","opptLoc":"Away","opptRslt":"Loss","opptPTS":101,"opptAST":21,"opptTO":14,"opptSTL":15,"opptBLK":0,"opptPF":14,"opptFGA":92,"opptFGM":38,"oppt2PA":68,"oppt2PM":33,"oppt3PA":24,"oppt3PM":5,"opptFTA":27,"opptFTM":20,"opptORB":9,"opptDRB":32,"opptPTS1":22,"opptPTS2":28,"opptPTS3":26,"opptPTS4":25,"opptPTS5":0,"opptPTS6":0,"opptPTS7":0,"opptPTS8":0}
{"_id":{"$oid":"5cb552f6e0f627212ff3bc03"},"gmDate":"2017/11/11","offLNm3":"Brown","offFNm3":"Tony","teamAbbr":"GS","teamConf":"West","teamLoc":"Home","teamRslt":"Win","teamPTS":135,"teamAST":31,"teamTO":23,"teamSTL":15,"teamBLK":11,"teamPF":23,"teamFGA":82,"teamFGM":48,"team2PA":55,"team2PM":34,"team3PA":27,"team3PM":14,"teamFTA":26,"teamFTM":25,"teamORB":4,"teamDRB":35,"teamPTS1":32,"teamPTS2":33,"teamPTS3":36,"teamPTS4":34,"teamPTS5":0,"teamPTS6":0,"teamPTS7":0,"teamPTS8":0,"opptAbbr":"PHI","opptConf":"East","opptLoc":"Away","opptRslt":"Loss","opptPTS":114,"opptAST":30,"opptTO":20,"opptSTL":10,"opptBLK":2,"opptPF":19,"opptFGA":94,"opptFGM":44,"oppt2PA":66,"oppt2PM":32,"oppt3PA":28,"oppt3PM":12,"opptFTA":20,"opptFTM":14,"opptORB":13,"opptDRB":25,"opptPTS1":28,"opptPTS2":36,"opptPTS3":21,"opptPTS4":29,"opptPTS5":0,"opptPTS6":0,"opptPTS7":0,"opptPTS8":0}
{"_id":{"$oid":"5cb552f6e0f627212ff3bc14"},"gmDate":"2017/11/13","offLNm3":"Lewis","offFNm3":"Eric","teamAbbr":"GS","teamConf":"West","teamLoc":"Home","teamRslt":"Win","teamPTS":110,"teamAST":35,"teamTO":16,"teamSTL":5,"teamBLK":5,"teamPF":21,"teamFGA":88,"teamFGM":44,"team2PA":65,"team2PM":36,"team3PA":23,"team3PM":8,"teamFTA":16,"teamFTM":14,"teamORB":12,"teamDRB":38,"teamPTS1":27,"teamPTS2":29,"teamPTS3":32,"teamPTS4":22,"teamPTS5":0,"teamPTS6":0,"teamPTS7":0,"teamPTS8":0,"opptAbbr":"ORL","opptConf":"East","opptLoc":"Away","opptRslt":"Loss","opptPTS":100,"opptAST":26,"opptTO":11,"opptSTL":10,"opptBLK":3,"opptPF":18,"opptFGA":88,"opptFGM":37,"oppt2PA":56,"oppt2PM":27,"oppt3PA":32,"oppt3PM":10,"opptFTA":18,"opptFTM":16,"opptORB":4,"opptDRB":31,"opptPTS1":29,"opptPTS2":27,"opptPTS3":19,"opptPTS4":25,"opptPTS5":0,"opptPTS6":0,"opptPTS7":0,"opptPTS8":0}
{"_id":{"$oid":"5cb552f6e0f627212ff3bc24"},"gmDate":"2017/11/16","offLNm3":"Capers","offFNm3":"James","teamAbbr":"BOS","teamConf":"East","teamLoc":"Home","teamRslt":"Win","teamPTS":92,"teamAST":15,"teamTO":15,"teamSTL":8,"teamBLK":5,"teamPF":15,"teamFGA":79,"teamFGM":26,"team2PA":47,"team2PM":19,"team3PA":32,"team3PM":7,"teamFTA":38,"teamFTM":33,"teamORB":7,"teamDRB":45,"teamPTS1":18,"teamPTS2":24,"teamPTS3":26,"teamPTS4":24,"teamPTS5":0,"teamPTS6":0,"teamPTS7":0,"teamPTS8":0,"opptAbbr":"GS","opptConf":"West","opptLoc":"Away","opptRslt":"Loss","opptPTS":88,"opptAST":22,"opptTO":15,"opptSTL":9,"opptBLK":10,"opptPF":24,"opptFGA":82,"opptFGM":33,"oppt2PA":50,"oppt2PM":23,"oppt3PA":32,"oppt3PM":10,"opptFTA":19,"opptFTM":12,"opptORB":7,"opptDRB":40,"opptPTS1":28,"opptPTS2":19,"opptPTS3":21,"opptPTS4":20,"opptPTS5":0,"opptPTS6":0,"opptPTS7":0,"opptPTS8":0}
{"_id":{"$oid":"5cb552f6e0f627212ff3bc34"},"gmDate":"2017/11/18","offLNm3":"Adams","offFNm3":"Bennie","teamAbbr":"PHI","teamConf":"East","teamLoc":"Home","teamRslt":"Loss","teamPTS":116,"teamAST":28,"teamTO":12,"teamSTL":8,"teamBLK":5,"teamPF":22,"teamFGA":96,"teamFGM":47,"team2PA":68,"team2PM":37,"team3PA":28,"team3PM":10,"teamFTA":16,"teamFTM":12,"teamORB":10,"teamDRB":29,"teamPTS1":47,"teamPTS2":27,"teamPTS3":15,"teamPTS4":27,"teamPTS5":0,"teamPTS6":0,"teamPTS7":0,"teamPTS8":0,"opptAbbr":"GS","opptConf":"West","opptLoc":"Away","opptRslt":"Win","opptPTS":124,"opptAST":25,"opptTO":13,"opptSTL":5,"opptBLK":6,"opptPF":18,"opptFGA":92,"opptFGM":50,"oppt2PA":69,"oppt2PM":43,"oppt3PA":23,"oppt3PM":7,"opptFTA":20,"opptFTM":17,"opptORB":12,"opptDRB":37,"opptPTS1":28,"opptPTS2":24,"opptPTS3":47,"opptPTS4":25,"opptPTS5":0,"opptPTS6":0,"opptPTS7":0,"opptPTS8":0}
{"_id":{"$oid":"5cb552f6e0f627212ff3bc3a"},"gmDate":"2017/11/19","offLNm3":"Wall","offFNm3":"Scott","teamAbbr":"BKN","teamConf":"East","teamLoc":"Home","teamRslt":"Loss","teamPTS":111,"teamAST":24,"teamTO":13,"teamSTL":7,"teamBLK":2,"teamPF":21,"teamFGA":95,"teamFGM":34,"team2PA":47,"team2PM":18,"team3PA":48,"team3PM":16,"teamFTA":39,"teamFTM":27,"teamORB":13,"teamDRB":39,"teamPTS1":20,"teamPTS2":22,"teamPTS3":42,"teamPTS4":27,"teamPTS5":0,"teamPTS6":0,"teamPTS7":0,"teamPTS8":0,"opptAbbr":"GS","opptConf":"West","opptLoc":"Away","opptRslt":"Win","opptPTS":118,"opptAST":29,"opptTO":15,"opptSTL":8,"opptBLK":14,"opptPF":27,"opptFGA":90,"opptFGM":46,"oppt2PA":66,"oppt2PM":36,"oppt3PA":24,"oppt3PM":10,"opptFTA":23,"opptFTM":16,"opptORB":6,"opptDRB":51,"opptPTS1":32,"opptPTS2":32,"opptPTS3":34,"opptPTS4":20,"opptPTS5":0,"opptPTS6":0,"opptPTS7":0,"opptPTS8":0}
{"_id":{"$oid":"5cb552f6e0f627212ff3bc54"},"gmDate":"2017/11/22","offLNm3":"McCutchen","offFNm3":"Monty","teamAbbr":"OKC","teamConf":"West","teamLoc":"Home","teamRslt":"Win","teamPTS":108,"teamAST":16,"teamTO":17,"teamSTL":15,"teamBLK":5,"teamPF":21,"teamFGA":90,"teamFGM":41,"team2PA":65,"team2PM":33,"team3PA":25,"team3PM":8,"teamFTA":26,"teamFTM":18,"teamORB":13,"teamDRB":37,"teamPTS1":33,"teamPTS2":32,"teamPTS3":29,"teamPTS4":14,"teamPTS5":0,"teamPTS6":0,"teamPTS7":0,"teamPTS8":0,"opptAbbr":"GS","opptConf":"West","opptLoc":"Away","opptRslt":"Loss","opptPTS":91,"opptAST":22,"opptTO":22,"opptSTL":11,"opptBLK":8,"opptPF":20,"opptFGA":80,"opptFGM":33,"oppt2PA":49,"oppt2PM":23,"oppt3PA":31,"oppt3PM":10,"opptFTA":18,"opptFTM":15,"opptORB":7,"opptDRB":32,"opptPTS1":26,"opptPTS2":22,"opptPTS3":23,"opptPTS4":20,"opptPTS5":0,"opptPTS6":0,"opptPTS7":0,"opptPTS8":0}
{"_id":{"$oid":"5cb552f6e0f627212ff3bc61"},"gmDate":"2017/11/24","offLNm3":"Ayotte","offFNm3":"Mark","teamAbbr":"GS","teamConf":"West","teamLoc":"Home","teamRslt":"Win","teamPTS":143,"teamAST":36,"teamTO":11,"teamSTL":11,"teamBLK":11,"teamPF":15,"teamFGA":91,"teamFGM":53,"team2PA":55,"team2PM":37,"team3PA":36,"team3PM":16,"teamFTA":21,"teamFTM":21,"teamORB":6,"teamDRB":43,"teamPTS1":29,"teamPTS2":45,"teamPTS3":36,"teamPTS4":33,"teamPTS5":0,"teamPTS6":0,"teamPTS7":0,"teamPTS8":0,"opptAbbr":"CHI","opptConf":"East","opptLoc":"Away","opptRslt":"Loss","opptPTS":94,"opptAST":18,"opptTO":15,"opptSTL":7,"opptBLK":2,"opptPF":17,"opptFGA":99,"opptFGM":35,"oppt2PA":63,"oppt2PM":22,"oppt3PA":36,"oppt3PM":13,"opptFTA":15,"opptFTM":11,"opptORB":13,"opptDRB":27,"opptPTS1":32,"opptPTS2":21,"opptPTS3":13,"opptPTS4":28,"opptPTS5":0,"opptPTS6":0,"opptPTS7":0,"opptPTS8":0}
{"_id":{"$oid":"5cb552f6e0f627212ff3bc69"},"gmDate":"2017/11/25","offLNm3":"Wood","offFNm3":"Leon","teamAbbr":"GS","teamConf":"West","teamLoc":"Home","teamRslt":"Win","teamPTS":110,"teamAST":30,"teamTO":10,"teamSTL":11,"teamBLK":6,"teamPF":24,"teamFGA":94,"teamFGM":39,"team2PA":61,"team2PM":29,"team3PA":33,"team3PM":10,"teamFTA":27,"teamFTM":22,"teamORB":11,"teamDRB":33,"teamPTS1":17,"teamPTS2":36,"teamPTS3":31,"teamPTS4":26,"teamPTS5":0,"teamPTS6":0,"teamPTS7":0,"teamPTS8":0,"opptAbbr":"NO","opptConf":"West","opptLoc":"Away","opptRslt":"Loss","opptPTS":95,"opptAST":24,"opptTO":17,"opptSTL":2,"opptBLK":9,"opptPF":24,"opptFGA":84,"opptFGM":34,"oppt2PA":53,"oppt2PM":23,"oppt3PA":31,"oppt3PM":11,"opptFTA":23,"opptFTM":16,"opptORB":9,"opptDRB":36,"opptPTS1":31,"opptPTS2":22,"opptPTS3":22,"opptPTS4":20,"opptPTS5":0,"opptPTS6":0,"opptPTS7":0,"opptPTS8":0}
{"_id":{"$oid":"5cb552f6e0f627212ff3bc75"},"gmDate":"2017/11/27","offLNm3":"Richardson","offFNm3":"Derek","teamAbbr":"GS","teamConf":"West","teamLoc":"Home","teamRslt":"Loss","teamPTS":106,"teamAST":31,"teamTO":15,"teamSTL":9,"teamBLK":6,"teamPF":15,"teamFGA":80,"teamFGM":40,"team2PA":43,"team2PM":24,"team3PA":37,"team3PM":16,"teamFTA":14,"teamFTM":10,"teamORB":9,"teamDRB":27,"teamPTS1":27,"teamPTS2":28,"teamPTS3":27,"teamPTS4":24,"teamPTS5":0,"teamPTS6":0,"teamPTS7":0,"teamPTS8":0,"opptAbbr":"SAC","opptConf":"West","opptLoc":"Away","opptRslt":"Win","opptPTS":110,"opptAST":27,"opptTO":15,"opptSTL":7,"opptBLK":6,"opptPF":15,"opptFGA":79,"opptFGM":42,"oppt2PA":62,"oppt2PM":33,"oppt3PA":17,"oppt3PM":9,"opptFTA":21,"opptFTM":17,"opptORB":11,"opptDRB":25,"opptPTS1":27,"opptPTS2":26,"opptPTS3":30,"opptPTS4":27,"opptPTS5":0,"opptPTS6":0,"opptPTS7":0,"opptPTS8":0}
{"_id":{"$oid":"5cb552f6e0f627212ff3bc85"},"gmDate":"2017/11/29","offLNm3":"Malloy","offFNm3":"Ed","teamAbbr":"LAL","teamConf":"West","teamLoc":"Home","teamRslt":"Loss","teamPTS":123,"teamAST":30,"teamTO":17,"teamSTL":12,"teamBLK":5,"teamPF":23,"teamFGA":95,"teamFGM":47,"team2PA":71,"team2PM":38,"team3PA":24,"team3PM":9,"teamFTA":25,"teamFTM":20,"teamORB":7,"teamDRB":27,"teamPTS1":20,"teamPTS2":34,"teamPTS3":30,"teamPTS4":25,"teamPTS5":14,"teamPTS6":0,"teamPTS7":0,"teamPTS8":0,"opptAbbr":"GS","opptConf":"West","opptLoc":"Away","opptRslt":"Win","opptPTS":127,"opptAST":30,"opptTO":22,"opptSTL":10,"opptBLK":4,"opptPF":19,"opptFGA":94,"opptFGM":47,"oppt2PA":64,"oppt2PM":35,"oppt3PA":30,"oppt3PM":12,"opptFTA":28,"opptFTM":21,"opptORB":12,"opptDRB":37,"opptPTS1":30,"opptPTS2":20,"opptPTS3":34,"opptPTS4":25,"opptPTS5":18,"opptPTS6":0,"opptPTS7":0,"opptPTS8":0}
{"_id":{"$oid":"5cb552f6e0f627212ff3bc8b"},"gmDate":"2017/12/1","offLNm3":"Lewis","offFNm3":"Eric","teamAbbr":"ORL","teamConf":"East","teamLoc":"Home","teamRslt":"Loss","teamPTS":112,"teamAST":23,"teamTO":15,"teamSTL":9,"teamBLK":4,"teamPF":15,"teamFGA":96,"teamFGM":44,"team2PA":68,"team2PM":33,"team3PA":28,"team3PM":11,"teamFTA":18,"teamFTM":13,"teamORB":13,"teamDRB":22,"teamPTS1":34,"teamPTS2":29,"teamPTS3":28,"teamPTS4":21,"teamPTS5":0,"teamPTS6":0,"teamPTS7":0,"teamPTS8":0,"opptAbbr":"GS","opptConf":"West","opptLoc":"Away","opptRslt":"Win","opptPTS":133,"opptAST":46,"opptTO":19,"opptSTL":9,"opptBLK":11,"opptPF":16,"opptFGA":88,"opptFGM":55,"oppt2PA":64,"oppt2PM":43,"oppt3PA":24,"oppt3PM":12,"opptFTA":11,"opptFTM":11,"opptORB":7,"opptDRB":35,"opptPTS1":41,"opptPTS2":37,"opptPTS3":24,"opptPTS4":31,"opptPTS5":0,"opptPTS6":0,"opptPTS7":0,"opptPTS8":0}
{"_id":{"$oid":"5cb552f6e0f627212ff3bc9c"},"gmDate":"2017/12/3","offLNm3":"Kirkland","offFNm3":"Courtney","teamAbbr":"MIA","teamConf":"East","teamLoc":"Home","teamRslt":"Loss","teamPTS":95,"teamAST":17,"teamTO":12,"teamSTL":5,"teamBLK":4,"teamPF":15,"teamFGA":81,"teamFGM":33,"team2PA":44,"team2PM":19,"team3PA":37,"team3PM":14,"teamFTA":17,"teamFTM":15,"teamORB":5,"teamDRB":23,"teamPTS1":36,"teamPTS2":24,"teamPTS3":17,"teamPTS4":18,"teamPTS5":0,"teamPTS6":0,"teamPTS7":0,"teamPTS8":0,"opptAbbr":"GS","opptConf":"West","opptLoc":"Away","opptRslt":"Win","opptPTS":123,"opptAST":32,"opptTO":10,"opptSTL":4,"opptBLK":4,"opptPF":14,"opptFGA":84,"opptFGM":47,"oppt2PA":54,"oppt2PM":36,"oppt3PA":30,"oppt3PM":11,"opptFTA":24,"opptFTM":18,"opptORB":7,"opptDRB":34,"opptPTS1":33,"opptPTS2":29,"opptPTS3":37,"opptPTS4":24,"opptPTS5":0,"opptPTS6":0,"opptPTS7":0,"opptPTS8":0}
{"_id":{"$oid":"5cb552f6e0f627212ff3bca7"},"gmDate":"2017/12/4","offLNm3":"Boland","offFNm3":"Matt","teamAbbr":"NO","teamConf":"West","teamLoc":"Home","teamRslt":"Loss","teamPTS":115,"teamAST":33,"teamTO":21,"teamSTL":11,"teamBLK":4,"teamPF":26,"teamFGA":91,"teamFGM":45,"team2PA":52,"team2PM":29,"team3PA":39,"team3PM":16,"teamFTA":15,"teamFTM":9,"teamORB":11,"teamDRB":36,"teamPTS1":33,"teamPTS2":36,"teamPTS3":22,"teamPTS4":24,"teamPTS5":0,"teamPTS6":0,"teamPTS7":0,"teamPTS8":0,"opptAbbr":"GS","opptConf":"West","opptLoc":"Away","opptRslt":"Win","opptPTS":125,"opptAST":36,"opptTO":17,"opptSTL":14,"opptBLK":5,"opptPF":17,"opptFGA":87,"opptFGM":45,"oppt2PA":54,"oppt2PM":29,"oppt3PA":33,"oppt3PM":16,"opptFTA":27,"opptFTM":19,"opptORB":5,"opptDRB":35,"opptPTS1":26,"opptPTS2":23,"opptPTS3":39,"opptPTS4":37,"opptPTS5":0,"opptPTS6":0,"opptPTS7":0,"opptPTS8":0}
{"_id":{"$oid":"5cb552f6e0f627212ff3bcb3"},"gmDate":"2017/12/6","offLNm3":"Callahan","offFNm3":"Mike","teamAbbr":"CHA","teamConf":"East","teamLoc":"Home","teamRslt":"Loss","teamPTS":87,"teamAST":17,"teamTO":12,"teamSTL":5,"teamBLK":3,"teamPF":13,"teamFGA":97,"teamFGM":34,"team2PA":78,"team2PM":28,"team3PA":19,"team3PM":6,"teamFTA":17,"teamFTM":13,"teamORB":14,"teamDRB":35,"teamPTS1":18,"teamPTS2":20,"teamPTS3":30,"teamPTS4":19,"teamPTS5":0,"teamPTS6":0,"teamPTS7":0,"teamPTS8":0,"opptAbbr":"GS","opptConf":"West","opptLoc":"Away","opptRslt":"Win","opptPTS":101,"opptAST":26,"opptTO":15,"opptSTL":8,"opptBLK":12,"opptPF":20,"opptFGA":84,"opptFGM":40,"oppt2PA":54,"oppt2PM":29,"oppt3PA":30,"oppt3PM":11,"opptFTA":13,"opptFTM":10,"opptORB":8,"opptDRB":39,"opptPTS1":26,"opptPTS2":27,"opptPTS3":26,"opptPTS4":22,"opptPTS5":0,"opptPTS6":0,"opptPTS7":0,"opptPTS8":0}
{"_id":{"$oid":"5cb552f6e0f627212ff3bcbd"},"gmDate":"2017/12/8","offLNm3":"Collins","offFNm3":"Derrick","teamAbbr":"DET","teamConf":"East","teamLoc":"Home","teamRslt":"Loss","teamPTS":98,"teamAST":20,"teamTO":13,"teamSTL":8,"teamBLK":2,"teamPF":17,"teamFGA":92,"teamFGM":38,"team2PA":65,"team2PM":26,"team3PA":27,"team3PM":12,"teamFTA":19,"teamFTM":10,"teamORB":15,"teamDRB":34,"teamPTS1":24,"teamPTS2":26,"teamPTS3":17,"teamPTS4":31,"teamPTS5":0,"teamPTS6":0,"teamPTS7":0,"teamPTS8":0,"opptAbbr":"GS","opptConf":"West","opptLoc":"Away","opptRslt":"Win","opptPTS":102,"opptAST":29,"opptTO":14,"opptSTL":5,"opptBLK":15,"opptPF":19,"opptFGA":81,"opptFGM":39,"oppt2PA":55,"oppt2PM":32,"oppt3PA":26,"oppt3PM":7,"opptFTA":22,"opptFTM":17,"opptORB":5,"opptDRB":40,"opptPTS1":30,"opptPTS2":16,"opptPTS3":31,"opptPTS4":25,"opptPTS5":0,"opptPTS6":0,"opptPTS7":0,"opptPTS8":0}
{"_id":{"$oid":"5cb552f6e0f627212ff3bcd8"},"gmDate":"2017/12/11","offLNm3":"Capers","offFNm3":"James","teamAbbr":"GS","teamConf":"West","teamLoc":"Home","teamRslt":"Win","teamPTS":111,"teamAST":26,"teamTO":14,"teamSTL":5,"teamBLK":9,"teamPF":16,"teamFGA":80,"teamFGM":44,"team2PA":60,"team2PM":34,"team3PA":20,"team3PM":10,"teamFTA":17,"teamFTM":13,"teamORB":6,"teamDRB":36,"teamPTS1":27,"teamPTS2":33,"teamPTS3":33,"teamPTS4":18,"teamPTS5":0,"teamPTS6":0,"teamPTS7":0,"teamPTS8":0,"opptAbbr":"POR","opptConf":"West","opptLoc":"Away","opptRslt":"Loss","opptPTS":104,"opptAST":14,"opptTO":10,"opptSTL":11,"opptBLK":2,"opptPF":18,"opptFGA":88,"opptFGM":37,"oppt2PA":60,"oppt2PM":30,"oppt3PA":28,"oppt3PM":7,"opptFTA":25,"opptFTM":23,"opptORB":12,"opptDRB":27,"opptPTS1":28,"opptPTS2":19,"opptPTS3":28,"opptPTS4":29,"opptPTS5":0,"opptPTS6":0,"opptPTS7":0,"opptPTS8":0}
{"_id":{"$oid":"5cb552f6e0f627212ff3bcee"},"gmDate":"2017/12/14","offLNm3":"Boland","offFNm3":"Matt","teamAbbr":"GS","teamConf":"West","teamLoc":"Home","teamRslt":"Win","teamPTS":112,"teamAST":35,"teamTO":16,"teamSTL":7,"teamBLK":4,"teamPF":22,"teamFGA":78,"teamFGM":47,"team2PA":56,"team2PM":36,"team3PA":22,"team3PM":11,"teamFTA":9,"teamFTM":7,"teamORB":4,"teamDRB":37,"teamPTS1":24,"teamPTS2":24,"teamPTS3":32,"teamPTS4":32,"teamPTS5":0,"teamPTS6":0,"teamPTS7":0,"teamPTS8":0,"opptAbbr":"DAL","opptConf":"West","opptLoc":"Away","opptRslt":"Loss","opptPTS":97,"opptAST":25,"opptTO":12,"opptSTL":7,"opptBLK":1,"opptPF":16,"opptFGA":82,"opptFGM":37,"oppt2PA":53,"oppt2PM":27,"oppt3PA":29,"oppt3PM":10,"opptFTA":17,"opptFTM":13,"opptORB":8,"opptDRB":23,"opptPTS1":28,"opptPTS2":20,"opptPTS3":25,"opptPTS4":24,"opptPTS5":0,"opptPTS6":0,"opptPTS7":0,"opptPTS8":0}
{"_id":{"$oid":"5cb552f6e0f627212ff3bd0f"},"gmDate":"2017/12/18","offLNm3":"Kennedy","offFNm3":"Bill","teamAbbr":"LAL","teamConf":"West","teamLoc":"Home","teamRslt":"Loss","teamPTS":114,"teamAST":23,"teamTO":12,"teamSTL":9,"teamBLK":9,"teamPF":26,"teamFGA":92,"teamFGM":41,"team2PA":67,"team2PM":31,"team3PA":25,"team3PM":10,"teamFTA":35,"teamFTM":22,"teamORB":7,"teamDRB":38,"teamPTS1":24,"teamPTS2":29,"teamPTS3":29,"teamPTS4":20,"teamPTS5":12,"teamPTS6":0,"teamPTS7":0,"teamPTS8":0,"opptAbbr":"GS","opptConf":"West","opptLoc":"Away","opptRslt":"Win","opptPTS":116,"opptAST":25,"opptTO":15,"opptSTL":6,"opptBLK":10,"opptPF":26,"opptFGA":107,"opptFGM":43,"oppt2PA":73,"oppt2PM":32,"oppt3PA":34,"oppt3PM":11,"opptFTA":21,"opptFTM":19,"opptORB":15,"opptDRB":46,"opptPTS1":32,"opptPTS2":25,"opptPTS3":26,"opptPTS4":19,"opptPTS5":14,"opptPTS6":0,"opptPTS7":0,"opptPTS8":0}
{"_id":{"$oid":"5cb552f6e0f627212ff3bd1d"},"gmDate":"2017/12/20","offLNm3":"Ayotte","offFNm3":"Mark","teamAbbr":"GS","teamConf":"West","teamLoc":"Home","teamRslt":"Win","teamPTS":97,"teamAST":26,"teamTO":16,"teamSTL":9,"teamBLK":8,"teamPF":19,"teamFGA":74,"teamFGM":34,"team2PA":53,"team2PM":27,"team3PA":21,"team3PM":7,"teamFTA":25,"teamFTM":22,"teamORB":14,"teamDRB":30,"teamPTS1":24,"teamPTS2":32,"teamPTS3":18,"teamPTS4":23,"teamPTS5":0,"teamPTS6":0,"teamPTS7":0,"teamPTS8":0,"opptAbbr":"MEM","opptConf":"West","opptLoc":"Away","opptRslt":"Loss","opptPTS":84,"opptAST":20,"opptTO":17,"opptSTL":10,"opptBLK":6,"opptPF":23,"opptFGA":84,"opptFGM":28,"oppt2PA":53,"oppt2PM":16,"oppt3PA":31,"oppt3PM":12,"opptFTA":19,"opptFTM":16,"opptORB":15,"opptDRB":26,"opptPTS1":28,"opptPTS2":23,"opptPTS3":14,"opptPTS4":19,"opptPTS5":0,"opptPTS6":0,"opptPTS7":0,"opptPTS8":0}
{"_id":{"$oid":"5cb552f6e0f627212ff3bd2c"},"gmDate":"2017/12/22","offLNm3":"Malloy","offFNm3":"Ed","teamAbbr":"GS","teamConf":"West","teamLoc":"Home","teamRslt":"Win","teamPTS":113,"teamAST":24,"teamTO":16,"teamSTL":9,"teamBLK":13,"teamPF":17,"teamFGA":85,"teamFGM":42,"team2PA":61,"team2PM":35,"team3PA":24,"team3PM":7,"teamFTA":27,"teamFTM":22,"teamORB":10,"teamDRB":32,"teamPTS1":27,"teamPTS2":34,"teamPTS3":23,"teamPTS4":29,"teamPTS5":0,"teamPTS6":0,"teamPTS7":0,"teamPTS8":0,"opptAbbr":"LAL","opptConf":"West","opptLoc":"Away","opptRslt":"Loss","opptPTS":106,"opptAST":22,"opptTO":17,"opptSTL":11,"opptBLK":5,"opptPF":23,"opptFGA":94,"opptFGM":40,"oppt2PA":65,"oppt2PM":29,"oppt3PA":29,"oppt3PM":11,"opptFTA":22,"opptFTM":15,"opptORB":15,"opptDRB":31,"opptPTS1":24,"opptPTS2":20,"opptPTS3":28,"opptPTS4":34,"opptPTS5":0,"opptPTS6":0,"opptPTS7":0,"opptPTS8":0}
{"_id":{"$oid":"5cb552f6e0f627212ff3bd36"},"gmDate":"2017/12/23","offLNm3":"Brothers","offFNm3":"Tony","teamAbbr":"GS","teamConf":"West","teamLoc":"Home","teamRslt":"Loss","teamPTS":81,"teamAST":25,"teamTO":19,"teamSTL":14,"teamBLK":8,"teamPF":14,"teamFGA":83,"teamFGM":32,"team2PA":56,"team2PM":29,"team3PA":27,"team3PM":3,"teamFTA":17,"teamFTM":14,"teamORB":11,"teamDRB":27,"teamPTS1":20,"teamPTS2":21,"teamPTS3":21,"teamPTS4":19,"teamPTS5":0,"teamPTS6":0,"teamPTS7":0,"teamPTS8":0,"opptAbbr":"DEN","opptConf":"West","opptLoc":"Away","opptRslt":"Win","opptPTS":96,"opptAST":25,"opptTO":19,"opptSTL":10,"opptBLK":4,"opptPF":14,"opptFGA":82,"opptFGM":38,"oppt2PA":54,"oppt2PM":31,"oppt3PA":28,"oppt3PM":7,"opptFTA":15,"opptFTM":13,"opptORB":10,"opptDRB":35,"opptPTS1":22,"opptPTS2":31,"opptPTS3":20,"opptPTS4":23,"opptPTS5":0,"opptPTS6":0,"opptPTS7":0,"opptPTS8":0}
{"_id":{"$oid":"5cb552f6e0f627212ff3bd3a"},"gmDate":"2017/12/25","offLNm3":"Stafford","offFNm3":"Derrick","teamAbbr":"GS","teamConf":"West","teamLoc":"Home","teamRslt":"Win","teamPTS":99,"teamAST":28,"teamTO":15,"teamSTL":7,"teamBLK":8,"teamPF":18,"teamFGA":82,"teamFGM":38,"team2PA":45,"team2PM":28,"team3PA":37,"team3PM":10,"teamFTA":17,"teamFTM":13,"teamORB":10,"teamDRB":37,"teamPTS1":24,"teamPTS2":22,"teamPTS3":25,"teamPTS4":28,"teamPTS5":0,"teamPTS6":0,"teamPTS7":0,"teamPTS8":0,"opptAbbr":"CLE","opptConf":"East","opptLoc":"Away","opptRslt":"Loss","opptPTS":92,"opptAST":12,"opptTO":14,"opptSTL":8,"opptBLK":0,"opptPF":19,"opptFGA":88,"opptFGM":28,"oppt2PA":52,"oppt2PM":13,"oppt3PA":36,"oppt3PM":15,"opptFTA":25,"opptFTM":21,"opptORB":19,"opptDRB":31,"opptPTS1":28,"opptPTS2":16,"opptPTS3":23,"opptPTS4":25,"opptPTS5":0,"opptPTS6":0,"opptPTS7":0,"opptPTS8":0}
{"_id":{"$oid":"5cb552f6e0f627212ff3bd4f"},"gmDate":"2017/12/27","offLNm3":"Corbin","offFNm3":"Sean","teamAbbr":"GS","teamConf":"West","teamLoc":"Home","teamRslt":"Win","teamPTS":126,"teamAST":37,"teamTO":16,"teamSTL":8,"teamBLK":7,"teamPF":18,"teamFGA":86,"teamFGM":51,"team2PA":63,"team2PM":40,"team3PA":23,"team3PM":11,"teamFTA":17,"teamFTM":13,"teamORB":4,"teamDRB":46,"teamPTS1":23,"teamPTS2":25,"teamPTS3":42,"teamPTS4":36,"teamPTS5":0,"teamPTS6":0,"teamPTS7":0,"teamPTS8":0,"opptAbbr":"UTA","opptConf":"West","opptLoc":"Away","opptRslt":"Loss","opptPTS":101,"opptAST":21,"opptTO":13,"opptSTL":10,"opptBLK":2,"opptPF":22,"opptFGA":92,"opptFGM":37,"oppt2PA":69,"oppt2PM":31,"oppt3PA":23,"oppt3PM":6,"opptFTA":27,"opptFTM":21,"opptORB":10,"opptDRB":33,"opptPTS1":24,"opptPTS2":23,"opptPTS3":22,"opptPTS4":32,"opptPTS5":0,"opptPTS6":0,"opptPTS7":0,"opptPTS8":0}
{"_id":{"$oid":"5cb552f6e0f627212ff3bd5e"},"gmDate":"2017/12/29","offLNm3":"Van Duyne","offFNm3":"Justin","teamAbbr":"GS","teamConf":"West","teamLoc":"Home","teamRslt":"Loss","teamPTS":100,"teamAST":32,"teamTO":18,"teamSTL":6,"teamBLK":5,"teamPF":25,"teamFGA":87,"teamFGM":40,"team2PA":65,"team2PM":32,"team3PA":22,"team3PM":8,"teamFTA":13,"teamFTM":12,"teamORB":8,"teamDRB":35,"teamPTS1":29,"teamPTS2":24,"teamPTS3":22,"teamPTS4":25,"teamPTS5":0,"teamPTS6":0,"teamPTS7":0,"teamPTS8":0,"opptAbbr":"CHA","opptConf":"East","opptLoc":"Away","opptRslt":"Win","opptPTS":111,"opptAST":27,"opptTO":11,"opptSTL":12,"opptBLK":6,"opptPF":10,"opptFGA":89,"opptFGM":41,"oppt2PA":69,"oppt2PM":35,"oppt3PA":20,"oppt3PM":6,"opptFTA":34,"opptFTM":23,"opptORB":13,"opptDRB":34,"opptPTS1":32,"opptPTS2":21,"opptPTS3":26,"opptPTS4":32,"opptPTS5":0,"opptPTS6":0,"opptPTS7":0,"opptPTS8":0}
{"_id":{"$oid":"5cb552f6e0f627212ff3bd64"},"gmDate":"2017/12/30","offLNm3":"Callahan","offFNm3":"Mike","teamAbbr":"GS","teamConf":"West","teamLoc":"Home","teamRslt":"Win","teamPTS":141,"teamAST":37,"teamTO":10,"teamSTL":3,"teamBLK":6,"teamPF":17,"teamFGA":85,"teamFGM":50,"team2PA":52,"team2PM":32,"team3PA":33,"team3PM":18,"teamFTA":25,"teamFTM":23,"teamORB":7,"teamDRB":31,"teamPTS1":40,"teamPTS2":38,"teamPTS3":38,"teamPTS4":25,"teamPTS5":0,"teamPTS6":0,"teamPTS7":0,"teamPTS8":0,"opptAbbr":"MEM","opptConf":"West","opptLoc":"Away","opptRslt":"Loss","opptPTS":128,"opptAST":29,"opptTO":8,"opptSTL":6,"opptBLK":0,"opptPF":22,"opptFGA":94,"opptFGM":49,"oppt2PA":73,"oppt2PM":34,"oppt3PA":21,"oppt3PM":15,"opptFTA":22,"opptFTM":15,"opptORB":13,"opptDRB":25,"opptPTS1":38,"opptPTS2":29,"opptPTS3":31,"opptPTS4":30,"opptPTS5":0,"opptPTS6":0,"opptPTS7":0,"opptPTS8":0}
{"_id":{"$oid":"5cb552f6e0f627212ff3bd7f"},"gmDate":"2018/1/3","offLNm3":"Foster","offFNm3":"Scott","teamAbbr":"DAL","teamConf":"West","teamLoc":"Home","teamRslt":"Loss","teamPTS":122,"teamAST":29,"teamTO":13,"teamSTL":6,"teamBLK":2,"teamPF":17,"teamFGA":90,"teamFGM":43,"team2PA":47,"team2PM":24,"team3PA":43,"team3PM":19,"teamFTA":22,"teamFTM":17,"teamORB":7,"teamDRB":33,"teamPTS1":26,"teamPTS2":35,"teamPTS3":28,"teamPTS4":33,"teamPTS5":0,"teamPTS6":0,"teamPTS7":0,"teamPTS8":0,"opptAbbr":"GS","opptConf":"West","opptLoc":"Away","opptRslt":"Win","opptPTS":125,"opptAST":36,"opptTO":14,"opptSTL":8,"opptBLK":7,"opptPF":21,"opptFGA":91,"opptFGM":48,"oppt2PA":59,"oppt2PM":35,"oppt3PA":32,"oppt3PM":13,"opptFTA":19,"opptFTM":16,"opptORB":7,"opptDRB":39,"opptPTS1":35,"opptPTS2":32,"opptPTS3":24,"opptPTS4":34,"opptPTS5":0,"opptPTS6":0,"opptPTS7":0,"opptPTS8":0}
{"_id":{"$oid":"5cb552f6e0f627212ff3bd83"},"gmDate":"2018/1/4","offLNm3":"Adams","offFNm3":"Bennie","teamAbbr":"HOU","teamConf":"West","teamLoc":"Home","teamRslt":"Loss","teamPTS":114,"teamAST":20,"teamTO":10,"teamSTL":7,"teamBLK":3,"teamPF":17,"teamFGA":89,"teamFGM":42,"team2PA":39,"team2PM":25,"team3PA":50,"team3PM":17,"teamFTA":22,"teamFTM":13,"teamORB":6,"teamDRB":32,"teamPTS1":37,"teamPTS2":26,"teamPTS3":27,"teamPTS4":24,"teamPTS5":0,"teamPTS6":0,"teamPTS7":0,"teamPTS8":0,"opptAbbr":"GS","opptConf":"West","opptLoc":"Away","opptRslt":"Win","opptPTS":124,"opptAST":35,"opptTO":13,"opptSTL":6,"opptBLK":6,"opptPF":18,"opptFGA":87,"opptFGM":48,"oppt2PA":57,"oppt2PM":35,"oppt3PA":30,"oppt3PM":13,"opptFTA":20,"opptFTM":15,"opptORB":6,"opptDRB":39,"opptPTS1":33,"opptPTS2":29,"opptPTS3":31,"opptPTS4":31,"opptPTS5":0,"opptPTS6":0,"opptPTS7":0,"opptPTS8":0}
{"_id":{"$oid":"5cb552f6e0f627212ff3bd8f"},"gmDate":"2018/1/6","offLNm3":"Ford","offFNm3":"Tyler","teamAbbr":"LAC","teamConf":"West","teamLoc":"Home","teamRslt":"Loss","teamPTS":105,"teamAST":19,"teamTO":18,"teamSTL":10,"teamBLK":7,"teamPF":25,"teamFGA":91,"teamFGM":39,"team2PA":80,"team2PM":36,"team3PA":11,"team3PM":3,"teamFTA":30,"teamFTM":24,"teamORB":10,"teamDRB":35,"teamPTS1":28,"teamPTS2":27,"teamPTS3":21,"teamPTS4":29,"teamPTS5":0,"teamPTS6":0,"teamPTS7":0,"teamPTS8":0,"opptAbbr":"GS","opptConf":"West","opptLoc":"Away","opptRslt":"Win","opptPTS":121,"opptAST":31,"opptTO":17,"opptSTL":13,"opptBLK":10,"opptPF":25,"opptFGA":94,"opptFGM":39,"oppt2PA":55,"oppt2PM":26,"oppt3PA":39,"oppt3PM":13,"opptFTA":37,"opptFTM":30,"opptORB":16,"opptDRB":40,"opptPTS1":31,"opptPTS2":33,"opptPTS3":39,"opptPTS4":18,"opptPTS5":0,"opptPTS6":0,"opptPTS7":0,"opptPTS8":0}
{"_id":{"$oid":"5cb552f6e0f627212ff3bda2"},"gmDate":"2018/1/8","offLNm3":"Richardson","offFNm3":"Derek","teamAbbr":"GS","teamConf":"West","teamLoc":"Home","teamRslt":"Win","teamPTS":124,"teamAST":33,"teamTO":16,"teamSTL":7,"teamBLK":10,"teamPF":15,"teamFGA":85,"teamFGM":48,"team2PA":55,"team2PM":35,"team3PA":30,"team3PM":13,"teamFTA":21,"teamFTM":15,"teamORB":10,"teamDRB":33,"teamPTS1":37,"teamPTS2":27,"teamPTS3":29,"teamPTS4":31,"teamPTS5":0,"teamPTS6":0,"teamPTS7":0,"teamPTS8":0,"opptAbbr":"DEN","opptConf":"West","opptLoc":"Away","opptRslt":"Loss","opptPTS":114,"opptAST":30,"opptTO":11,"opptSTL":8,"opptBLK":3,"opptPF":16,"opptFGA":95,"opptFGM":47,"oppt2PA":76,"oppt2PM":39,"oppt3PA":19,"oppt3PM":8,"opptFTA":16,"opptFTM":12,"opptORB":13,"opptDRB":26,"opptPTS1":28,"opptPTS2":29,"opptPTS3":24,"opptPTS4":33,"opptPTS5":0,"opptPTS6":0,"opptPTS7":0,"opptPTS8":0}
{"_id":{"$oid":"5cb552f6e0f627212ff3bdb2"},"gmDate":"2018/1/10","offLNm3":"Mauer","offFNm3":"Ken","teamAbbr":"GS","teamConf":"West","teamLoc":"Home","teamRslt":"Loss","teamPTS":106,"teamAST":26,"teamTO":16,"teamSTL":10,"teamBLK":6,"teamPF":21,"teamFGA":79,"teamFGM":38,"team2PA":56,"team2PM":30,"team3PA":23,"team3PM":8,"teamFTA":26,"teamFTM":22,"teamORB":4,"teamDRB":28,"teamPTS1":35,"teamPTS2":27,"teamPTS3":28,"teamPTS4":16,"teamPTS5":0,"teamPTS6":0,"teamPTS7":0,"teamPTS8":0,"opptAbbr":"LAC","opptConf":"West","opptLoc":"Away","opptRslt":"Win","opptPTS":125,"opptAST":24,"opptTO":15,"opptSTL":9,"opptBLK":3,"opptPF":19,"opptFGA":93,"opptFGM":46,"oppt2PA":69,"oppt2PM":35,"oppt3PA":24,"oppt3PM":11,"opptFTA":28,"opptFTM":22,"opptORB":11,"opptDRB":35,"opptPTS1":32,"opptPTS2":26,"opptPTS3":39,"opptPTS4":28,"opptPTS5":0,"opptPTS6":0,"opptPTS7":0,"opptPTS8":0}
{"_id":{"$oid":"5cb552f6e0f627212ff3bdbb"},"gmDate":"2018/1/12","offLNm3":"Malloy","offFNm3":"Ed","teamAbbr":"MIL","teamConf":"East","teamLoc":"Home","teamRslt":"Loss","teamPTS":94,"teamAST":21,"teamTO":12,"teamSTL":8,"teamBLK":7,"teamPF":20,"teamFGA":85,"teamFGM":36,"team2PA":57,"team2PM":25,"team3PA":28,"team3PM":11,"teamFTA":12,"teamFTM":11,"teamORB":8,"teamDRB":26,"teamPTS1":27,"teamPTS2":22,"teamPTS3":33,"teamPTS4":12,"teamPTS5":0,"teamPTS6":0,"teamPTS7":0,"teamPTS8":0,"opptAbbr":"GS","opptConf":"West","opptLoc":"Away","opptRslt":"Win","opptPTS":108,"opptAST":28,"opptTO":10,"opptSTL":7,"opptBLK":3,"opptPF":13,"opptFGA":80,"opptFGM":44,"oppt2PA":65,"oppt2PM":39,"oppt3PA":15,"oppt3PM":5,"opptFTA":18,"opptFTM":15,"opptORB":10,"opptDRB":33,"opptPTS1":36,"opptPTS2":27,"opptPTS3":17,"opptPTS4":28,"opptPTS5":0,"opptPTS6":0,"opptPTS7":0,"opptPTS8":0}
{"_id":{"$oid":"5cb552f6e0f627212ff3bdc4"},"gmDate":"2018/1/13","offLNm3":"Brothers","offFNm3":"Tony","teamAbbr":"TOR","teamConf":"East","teamLoc":"Home","teamRslt":"Loss","teamPTS":125,"teamAST":22,"teamTO":11,"teamSTL":3,"teamBLK":2,"teamPF":23,"teamFGA":92,"teamFGM":45,"team2PA":67,"team2PM":37,"team3PA":25,"team3PM":8,"teamFTA":32,"teamFTM":27,"teamORB":14,"teamDRB":30,"teamPTS1":35,"teamPTS2":19,"teamPTS3":35,"teamPTS4":36,"teamPTS5":0,"teamPTS6":0,"teamPTS7":0,"teamPTS8":0,"opptAbbr":"GS","opptConf":"West","opptLoc":"Away","opptRslt":"Win","opptPTS":127,"opptAST":28,"opptTO":7,"opptSTL":5,"opptBLK":2,"opptPF":20,"opptFGA":81,"opptFGM":47,"oppt2PA":57,"oppt2PM":38,"oppt3PA":24,"oppt3PM":9,"opptFTA":28,"opptFTM":24,"opptORB":3,"opptDRB":26,"opptPTS1":43,"opptPTS2":38,"opptPTS3":27,"opptPTS4":19,"opptPTS5":0,"opptPTS6":0,"opptPTS7":0,"opptPTS8":0}
{"_id":{"$oid":"5cb552f6e0f627212ff3bdd2"},"gmDate":"2018/1/15","offLNm3":"Lewis","offFNm3":"Eric","teamAbbr":"CLE","teamConf":"East","teamLoc":"Home","teamRslt":"Loss","teamPTS":108,"teamAST":26,"teamTO":15,"teamSTL":9,"teamBLK":5,"teamPF":22,"teamFGA":94,"teamFGM":43,"team2PA":66,"team2PM":36,"team3PA":28,"team3PM":7,"teamFTA":22,"teamFTM":15,"teamORB":12,"teamDRB":31,"teamPTS1":37,"teamPTS2":27,"teamPTS3":27,"teamPTS4":17,"teamPTS5":0,"teamPTS6":0,"teamPTS7":0,"teamPTS8":0,"opptAbbr":"GS","opptConf":"West","opptLoc":"Away","opptRslt":"Win","opptPTS":118,"opptAST":33,"opptTO":17,"opptSTL":8,"opptBLK":6,"opptPF":23,"opptFGA":85,"opptFGM":41,"oppt2PA":53,"oppt2PM":29,"oppt3PA":32,"oppt3PM":12,"opptFTA":30,"opptFTM":24,"opptORB":13,"opptDRB":35,"opptPTS1":35,"opptPTS2":22,"opptPTS3":36,"opptPTS4":25,"opptPTS5":0,"opptPTS6":0,"opptPTS7":0,"opptPTS8":0}
{"_id":{"$oid":"5cb552f6e0f627212ff3bdde"},"gmDate":"2018/1/17","offLNm3":"Ayotte","offFNm3":"Mark","teamAbbr":"CHI","teamConf":"East","teamLoc":"Home","teamRslt":"Loss","teamPTS":112,"teamAST":24,"teamTO":11,"teamSTL":10,"teamBLK":2,"teamPF":19,"teamFGA":106,"teamFGM":45,"team2PA":67,"team2PM":35,"team3PA":39,"team3PM":10,"teamFTA":13,"teamFTM":12,"teamORB":14,"teamDRB":35,"teamPTS1":40,"teamPTS2":26,"teamPTS3":12,"teamPTS4":34,"teamPTS5":0,"teamPTS6":0,"teamPTS7":0,"teamPTS8":0,"opptAbbr":"GS","opptConf":"West","opptLoc":"Away","opptRslt":"Win","opptPTS":119,"opptAST":24,"opptTO":15,"opptSTL":5,"opptBLK":3,"opptPF":16,"opptFGA":84,"opptFGM":42,"oppt2PA":51,"oppt2PM":29,"oppt3PA":33,"oppt3PM":13,"opptFTA":25,"opptFTM":22,"opptORB":5,"opptDRB":44,"opptPTS1":38,"opptPTS2":25,"opptPTS3":32,"opptPTS4":24,"opptPTS5":0,"opptPTS6":0,"opptPTS7":0,"opptPTS8":0}
{"_id":{"$oid":"5cb552f6e0f627212ff3bdf4"},"gmDate":"2018/1/20","offLNm3":"Collins","offFNm3":"Derrick","teamAbbr":"HOU","teamConf":"West","teamLoc":"Home","teamRslt":"Win","teamPTS":116,"teamAST":19,"teamTO":16,"teamSTL":14,"teamBLK":3,"teamPF":18,"teamFGA":87,"teamFGM":41,"team2PA":50,"team2PM":27,"team3PA":37,"team3PM":14,"teamFTA":29,"teamFTM":20,"teamORB":12,"teamDRB":34,"teamPTS1":40,"teamPTS2":25,"teamPTS3":27,"teamPTS4":24,"teamPTS5":0,"teamPTS6":0,"teamPTS7":0,"teamPTS8":0,"opptAbbr":"GS","opptConf":"West","opptLoc":"Away","opptRslt":"Loss","opptPTS":108,"opptAST":31,"opptTO":19,"opptSTL":8,"opptBLK":10,"opptPF":24,"opptFGA":82,"opptFGM":40,"oppt2PA":46,"oppt2PM":23,"oppt3PA":36,"oppt3PM":17,"opptFTA":15,"opptFTM":11,"opptORB":4,"opptDRB":29,"opptPTS1":28,"opptPTS2":30,"opptPTS3":33,"opptPTS4":17,"opptPTS5":0,"opptPTS6":0,"opptPTS7":0,"opptPTS8":0}
{"_id":{"$oid":"5cb552f6e0f627212ff3be08"},"gmDate":"2018/1/23","offLNm3":"Nansel","offFNm3":"Brett","teamAbbr":"GS","teamConf":"West","teamLoc":"Home","teamRslt":"Win","teamPTS":123,"teamAST":40,"teamTO":12,"teamSTL":6,"teamBLK":3,"teamPF":16,"teamFGA":83,"teamFGM":46,"team2PA":53,"team2PM":33,"team3PA":30,"team3PM":13,"teamFTA":20,"teamFTM":18,"teamORB":3,"teamDRB":33,"teamPTS1":21,"teamPTS2":37,"teamPTS3":37,"teamPTS4":28,"teamPTS5":0,"teamPTS6":0,"teamPTS7":0,"teamPTS8":0,"opptAbbr":"NY","opptConf":"East","opptLoc":"Away","opptRslt":"Loss","opptPTS":112,"opptAST":28,"opptTO":14,"opptSTL":4,"opptBLK":0,"opptPF":20,"opptFGA":83,"opptFGM":43,"oppt2PA":61,"oppt2PM":34,"oppt3PA":22,"oppt3PM":9,"opptFTA":19,"opptFTM":17,"opptORB":6,"opptDRB":32,"opptPTS1":31,"opptPTS2":29,"opptPTS3":26,"opptPTS4":26,"opptPTS5":0,"opptPTS6":0,"opptPTS7":0,"opptPTS8":0}
{"_id":{"$oid":"5cb552f6e0f627212ff3be16"},"gmDate":"2018/1/25","offLNm3":"Boland","offFNm3":"Matt","teamAbbr":"GS","teamConf":"West","teamLoc":"Home","teamRslt":"Win","teamPTS":126,"teamAST":37,"teamTO":16,"teamSTL":9,"teamBLK":8,"teamPF":17,"teamFGA":89,"teamFGM":48,"team2PA":52,"team2PM":27,"team3PA":37,"team3PM":21,"teamFTA":15,"teamFTM":9,"teamORB":11,"teamDRB":36,"teamPTS1":38,"teamPTS2":36,"teamPTS3":32,"teamPTS4":20,"teamPTS5":0,"teamPTS6":0,"teamPTS7":0,"teamPTS8":0,"opptAbbr":"MIN","opptConf":"West","opptLoc":"Away","opptRslt":"Loss","opptPTS":113,"opptAST":25,"opptTO":10,"opptSTL":9,"opptBLK":3,"opptPF":15,"opptFGA":101,"opptFGM":46,"oppt2PA":81,"oppt2PM":40,"oppt3PA":20,"oppt3PM":6,"opptFTA":18,"opptFTM":15,"opptORB":13,"opptDRB":30,"opptPTS1":29,"opptPTS2":33,"opptPTS3":31,"opptPTS4":20,"opptPTS5":0,"opptPTS6":0,"opptPTS7":0,"opptPTS8":0}
{"_id":{"$oid":"5cb552f6e0f627212ff3be25"},"gmDate":"2018/1/27","offLNm3":"Stafford","offFNm3":"Derrick","teamAbbr":"GS","teamConf":"West","teamLoc":"Home","teamRslt":"Win","teamPTS":109,"teamAST":19,"teamTO":12,"teamSTL":9,"teamBLK":9,"teamPF":17,"teamFGA":84,"teamFGM":38,"team2PA":57,"team2PM":28,"team3PA":27,"team3PM":10,"teamFTA":26,"teamFTM":23,"teamORB":10,"teamDRB":33,"teamPTS1":27,"teamPTS2":23,"teamPTS3":30,"teamPTS4":29,"teamPTS5":0,"teamPTS6":0,"teamPTS7":0,"teamPTS8":0,"opptAbbr":"BOS","opptConf":"East","opptLoc":"Away","opptRslt":"Loss","opptPTS":105,"opptAST":17,"opptTO":16,"opptSTL":6,"opptBLK":2,"opptPF":23,"opptFGA":85,"opptFGM":37,"oppt2PA":57,"oppt2PM":23,"oppt3PA":28,"oppt3PM":14,"opptFTA":24,"opptFTM":17,"opptORB":11,"opptDRB":34,"opptPTS1":37,"opptPTS2":17,"opptPTS3":19,"opptPTS4":32,"opptPTS5":0,"opptPTS6":0,"opptPTS7":0,"opptPTS8":0}
{"_id":{"$oid":"5cb552f6e0f627212ff3be3c"},"gmDate":"2018/1/30","offLNm3":"Ayotte","offFNm3":"Mark","teamAbbr":"UTA","teamConf":"West","teamLoc":"Home","teamRslt":"Win","teamPTS":129,"teamAST":25,"teamTO":12,"teamSTL":16,"teamBLK":3,"teamPF":22,"teamFGA":91,"teamFGM":53,"team2PA":63,"team2PM":39,"team3PA":28,"team3PM":14,"teamFTA":14,"teamFTM":9,"teamORB":7,"teamDRB":35,"teamPTS1":35,"teamPTS2":34,"teamPTS3":34,"teamPTS4":26,"teamPTS5":0,"teamPTS6":0,"teamPTS7":0,"teamPTS8":0,"opptAbbr":"GS","opptConf":"West","opptLoc":"Away","opptRslt":"Loss","opptPTS":99,"opptAST":27,"opptTO":20,"opptSTL":10,"opptBLK":7,"opptPF":16,"opptFGA":85,"opptFGM":39,"oppt2PA":60,"oppt2PM":34,"oppt3PA":25,"oppt3PM":5,"opptFTA":21,"opptFTM":16,"opptORB":11,"opptDRB":26,"opptPTS1":30,"opptPTS2":26,"opptPTS3":29,"opptPTS4":14,"opptPTS5":0,"opptPTS6":0,"opptPTS7":0,"opptPTS8":0}
{"_id":{"$oid":"5cb552f6e0f627212ff3be53"},"gmDate":"2018/2/2","offLNm3":"Zarba","offFNm3":"Zach","teamAbbr":"SAC","teamConf":"West","teamLoc":"Home","teamRslt":"Loss","teamPTS":104,"teamAST":22,"teamTO":13,"teamSTL":16,"teamBLK":3,"teamPF":14,"teamFGA":95,"teamFGM":42,"team2PA":70,"team2PM":32,"team3PA":25,"team3PM":10,"teamFTA":15,"teamFTM":10,"teamORB":6,"teamDRB":27,"teamPTS1":27,"teamPTS2":25,"teamPTS3":23,"teamPTS4":29,"teamPTS5":0,"teamPTS6":0,"teamPTS7":0,"teamPTS8":0,"opptAbbr":"GS","opptConf":"West","opptLoc":"Away","opptRslt":"Win","opptPTS":119,"opptAST":25,"opptTO":25,"opptSTL":8,"opptBLK":4,"opptPF":19,"opptFGA":80,"opptFGM":44,"oppt2PA":47,"oppt2PM":27,"oppt3PA":33,"oppt3PM":17,"opptFTA":16,"opptFTM":14,"opptORB":7,"opptDRB":44,"opptPTS1":29,"opptPTS2":29,"opptPTS3":26,"opptPTS4":35,"opptPTS5":0,"opptPTS6":0,"opptPTS7":0,"opptPTS8":0}
{"_id":{"$oid":"5cb552f6e0f627212ff3be59"},"gmDate":"2018/2/3","offLNm3":"Acosta","offFNm3":"Ray","teamAbbr":"DEN","teamConf":"West","teamLoc":"Home","teamRslt":"Win","teamPTS":115,"teamAST":28,"teamTO":16,"teamSTL":7,"teamBLK":0,"teamPF":17,"teamFGA":91,"teamFGM":39,"team2PA":62,"team2PM":27,"team3PA":29,"team3PM":12,"teamFTA":29,"teamFTM":25,"teamORB":16,"teamDRB":32,"teamPTS1":29,"teamPTS2":26,"teamPTS3":22,"teamPTS4":38,"teamPTS5":0,"teamPTS6":0,"teamPTS7":0,"teamPTS8":0,"opptAbbr":"GS","opptConf":"West","opptLoc":"Away","opptRslt":"Loss","opptPTS":108,"opptAST":28,"opptTO":14,"opptSTL":9,"opptBLK":10,"opptPF":23,"opptFGA":86,"opptFGM":43,"oppt2PA":55,"oppt2PM":35,"oppt3PA":31,"oppt3PM":8,"opptFTA":23,"opptFTM":14,"opptORB":11,"opptDRB":31,"opptPTS1":32,"opptPTS2":24,"opptPTS3":27,"opptPTS4":25,"opptPTS5":0,"opptPTS6":0,"opptPTS7":0,"opptPTS8":0}
{"_id":{"$oid":"5cb552f6e0f627212ff3be70"},"gmDate":"2018/2/6","offLNm3":"Mauer","offFNm3":"Ken","teamAbbr":"GS","teamConf":"West","teamLoc":"Home","teamRslt":"Loss","teamPTS":105,"teamAST":27,"teamTO":25,"teamSTL":7,"teamBLK":8,"teamPF":24,"teamFGA":77,"teamFGM":37,"team2PA":49,"team2PM":29,"team3PA":28,"team3PM":8,"teamFTA":31,"teamFTM":23,"teamORB":11,"teamDRB":35,"teamPTS1":30,"teamPTS2":27,"teamPTS3":20,"teamPTS4":28,"teamPTS5":0,"teamPTS6":0,"teamPTS7":0,"teamPTS8":0,"opptAbbr":"OKC","opptConf":"West","opptLoc":"Away","opptRslt":"Win","opptPTS":125,"opptAST":17,"opptTO":13,"opptSTL":14,"opptBLK":4,"opptPF":28,"opptFGA":93,"opptFGM":44,"oppt2PA":62,"oppt2PM":32,"oppt3PA":31,"oppt3PM":12,"opptFTA":33,"opptFTM":25,"opptORB":10,"opptDRB":30,"opptPTS1":42,"opptPTS2":28,"opptPTS3":29,"opptPTS4":26,"opptPTS5":0,"opptPTS6":0,"opptPTS7":0,"opptPTS8":0}
{"_id":{"$oid":"5cb552f6e0f627212ff3be7b"},"gmDate":"2018/2/8","offLNm3":"Maddox","offFNm3":"Tre","teamAbbr":"GS","teamConf":"West","teamLoc":"Home","teamRslt":"Win","teamPTS":121,"teamAST":37,"teamTO":16,"teamSTL":6,"teamBLK":8,"teamPF":18,"teamFGA":88,"teamFGM":45,"team2PA":59,"team2PM":31,"team3PA":29,"team3PM":14,"teamFTA":20,"teamFTM":17,"teamORB":18,"teamDRB":33,"teamPTS1":23,"teamPTS2":37,"teamPTS3":33,"teamPTS4":28,"teamPTS5":0,"teamPTS6":0,"teamPTS7":0,"teamPTS8":0,"opptAbbr":"DAL","opptConf":"West","opptLoc":"Away","opptRslt":"Loss","opptPTS":103,"opptAST":19,"opptTO":12,"opptSTL":15,"opptBLK":7,"opptPF":16,"opptFGA":93,"opptFGM":40,"oppt2PA":56,"oppt2PM":31,"oppt3PA":37,"oppt3PM":9,"opptFTA":17,"opptFTM":14,"opptORB":10,"opptDRB":25,"opptPTS1":33,"opptPTS2":27,"opptPTS3":25,"opptPTS4":18,"opptPTS5":0,"opptPTS6":0,"opptPTS7":0,"opptPTS8":0}
{"_id":{"$oid":"5cb552f6e0f627212ff3be8b"},"gmDate":"2018/2/10","offLNm3":"Collins","offFNm3":"Derrick","teamAbbr":"GS","teamConf":"West","teamLoc":"Home","teamRslt":"Win","teamPTS":122,"teamAST":35,"teamTO":16,"teamSTL":5,"teamBLK":6,"teamPF":18,"teamFGA":85,"teamFGM":48,"team2PA":58,"team2PM":36,"team3PA":27,"team3PM":12,"teamFTA":15,"teamFTM":14,"teamORB":11,"teamDRB":33,"teamPTS1":27,"teamPTS2":31,"teamPTS3":33,"teamPTS4":31,"teamPTS5":0,"teamPTS6":0,"teamPTS7":0,"teamPTS8":0,"opptAbbr":"SA","opptConf":"West","opptLoc":"Away","opptRslt":"Loss","opptPTS":105,"opptAST":30,"opptTO":10,"opptSTL":8,"opptBLK":5,"opptPF":13,"opptFGA":94,"opptFGM":43,"oppt2PA":67,"oppt2PM":38,"oppt3PA":27,"oppt3PM":5,"opptFTA":19,"opptFTM":14,"opptORB":11,"opptDRB":23,"opptPTS1":37,"opptPTS2":18,"opptPTS3":20,"opptPTS4":30,"opptPTS5":0,"opptPTS6":0,"opptPTS7":0,"opptPTS8":0}
{"_id":{"$oid":"5cb552f6e0f627212ff3be9a"},"gmDate":"2018/2/12","offLNm3":"Ayotte","offFNm3":"Mark","teamAbbr":"GS","teamConf":"West","teamLoc":"Home","teamRslt":"Win","teamPTS":129,"teamAST":36,"teamTO":12,"teamSTL":8,"teamBLK":16,"teamPF":18,"teamFGA":89,"teamFGM":52,"team2PA":63,"team2PM":41,"team3PA":26,"team3PM":11,"teamFTA":21,"teamFTM":14,"teamORB":7,"teamDRB":42,"teamPTS1":25,"teamPTS2":37,"teamPTS3":37,"teamPTS4":30,"teamPTS5":0,"teamPTS6":0,"teamPTS7":0,"teamPTS8":0,"opptAbbr":"PHO","opptConf":"West","opptLoc":"Away","opptRslt":"Loss","opptPTS":83,"opptAST":13,"opptTO":17,"opptSTL":2,"opptBLK":3,"opptPF":17,"opptFGA":95,"opptFGM":33,"oppt2PA":72,"oppt2PM":30,"oppt3PA":23,"oppt3PM":3,"opptFTA":22,"opptFTM":14,"opptORB":15,"opptDRB":32,"opptPTS1":24,"opptPTS2":21,"opptPTS3":26,"opptPTS4":12,"opptPTS5":0,"opptPTS6":0,"opptPTS7":0,"opptPTS8":0}
{"_id":{"$oid":"5cb552f6e0f627212ff3beac"},"gmDate":"2018/2/14","offLNm3":"Spooner","offFNm3":"Bill","teamAbbr":"POR","teamConf":"West","teamLoc":"Home","teamRslt":"Win","teamPTS":123,"teamAST":20,"teamTO":14,"teamSTL":9,"teamBLK":0,"teamPF":18,"teamFGA":93,"teamFGM":45,"team2PA":60,"team2PM":33,"team3PA":33,"team3PM":12,"teamFTA":24,"teamFTM":21,"teamORB":13,"teamDRB":36,"teamPTS1":40,"teamPTS2":23,"teamPTS3":29,"teamPTS4":31,"teamPTS5":0,"teamPTS6":0,"teamPTS7":0,"teamPTS8":0,"opptAbbr":"GS","opptConf":"West","opptLoc":"Away","opptRslt":"Loss","opptPTS":117,"opptAST":24,"opptTO":16,"opptSTL":8,"opptBLK":7,"opptPF":24,"opptFGA":90,"opptFGM":43,"oppt2PA":53,"oppt2PM":30,"oppt3PA":37,"oppt3PM":13,"opptFTA":19,"opptFTM":18,"opptORB":8,"opptDRB":33,"opptPTS1":27,"opptPTS2":24,"opptPTS3":36,"opptPTS4":30,"opptPTS5":0,"opptPTS6":0,"opptPTS7":0,"opptPTS8":0}
{"_id":{"$oid":"5cb552f6e0f627212ff3beb4"},"gmDate":"2018/2/22","offLNm3":"Callahan","offFNm3":"Mike","teamAbbr":"GS","teamConf":"West","teamLoc":"Home","teamRslt":"Win","teamPTS":134,"teamAST":31,"teamTO":15,"teamSTL":8,"teamBLK":8,"teamPF":24,"teamFGA":75,"teamFGM":47,"team2PA":50,"team2PM":33,"team3PA":25,"team3PM":14,"teamFTA":34,"teamFTM":26,"teamORB":3,"teamDRB":29,"teamPTS1":34,"teamPTS2":36,"teamPTS3":32,"teamPTS4":32,"teamPTS5":0,"teamPTS6":0,"teamPTS7":0,"teamPTS8":0,"opptAbbr":"LAC","opptConf":"West","opptLoc":"Away","opptRslt":"Loss","opptPTS":127,"opptAST":32,"opptTO":15,"opptSTL":9,"opptBLK":1,"opptPF":19,"opptFGA":88,"opptFGM":44,"oppt2PA":56,"oppt2PM":33,"oppt3PA":32,"oppt3PM":11,"opptFTA":34,"opptFTM":28,"opptORB":8,"opptDRB":28,"opptPTS1":23,"opptPTS2":35,"opptPTS3":34,"opptPTS4":35,"opptPTS5":0,"opptPTS6":0,"opptPTS7":0,"opptPTS8":0}
{"_id":{"$oid":"5cb552f6e0f627212ff3bec3"},"gmDate":"2018/2/24","offLNm3":"Wall","offFNm3":"Scott","teamAbbr":"GS","teamConf":"West","teamLoc":"Home","teamRslt":"Win","teamPTS":112,"teamAST":36,"teamTO":16,"teamSTL":8,"teamBLK":6,"teamPF":21,"teamFGA":89,"teamFGM":42,"team2PA":51,"team2PM":25,"team3PA":38,"team3PM":17,"teamFTA":13,"teamFTM":11,"teamORB":12,"teamDRB":42,"teamPTS1":24,"teamPTS2":28,"teamPTS3":32,"teamPTS4":28,"teamPTS5":0,"teamPTS6":0,"teamPTS7":0,"teamPTS8":0,"opptAbbr":"OKC","opptConf":"West","opptLoc":"Away","opptRslt":"Loss","opptPTS":80,"opptAST":19,"opptTO":16,"opptSTL":8,"opptBLK":3,"opptPF":17,"opptFGA":88,"opptFGM":29,"oppt2PA":54,"oppt2PM":20,"oppt3PA":34,"oppt3PM":9,"opptFTA":21,"opptFTM":13,"opptORB":14,"opptDRB":29,"opptPTS1":19,"opptPTS2":26,"opptPTS3":21,"opptPTS4":14,"opptPTS5":0,"opptPTS6":0,"opptPTS7":0,"opptPTS8":0}
{"_id":{"$oid":"5cb552f6e0f627212ff3bed0"},"gmDate":"2018/2/26","offLNm3":"Richardson","offFNm3":"Derek","teamAbbr":"NY","teamConf":"East","teamLoc":"Home","teamRslt":"Loss","teamPTS":111,"teamAST":28,"teamTO":14,"teamSTL":7,"teamBLK":3,"teamPF":18,"teamFGA":96,"teamFGM":47,"team2PA":71,"team2PM":37,"team3PA":25,"team3PM":10,"teamFTA":9,"teamFTM":7,"teamORB":10,"teamDRB":29,"teamPTS1":39,"teamPTS2":25,"teamPTS3":18,"teamPTS4":29,"teamPTS5":0,"teamPTS6":0,"teamPTS7":0,"teamPTS8":0,"opptAbbr":"GS","opptConf":"West","opptLoc":"Away","opptRslt":"Win","opptPTS":125,"opptAST":31,"opptTO":12,"opptSTL":8,"opptBLK":5,"opptPF":13,"opptFGA":85,"opptFGM":44,"oppt2PA":54,"oppt2PM":29,"oppt3PA":31,"oppt3PM":15,"opptFTA":26,"opptFTM":22,"opptORB":8,"opptDRB":35,"opptPTS1":37,"opptPTS2":26,"opptPTS3":39,"opptPTS4":23,"opptPTS5":0,"opptPTS6":0,"opptPTS7":0,"opptPTS8":0}
{"_id":{"$oid":"5cb552f6e0f627212ff3bee2"},"gmDate":"2018/2/28","offLNm3":"Davis","offFNm3":"Marc","teamAbbr":"WAS","teamConf":"East","teamLoc":"Home","teamRslt":"Loss","teamPTS":101,"teamAST":25,"teamTO":18,"teamSTL":7,"teamBLK":3,"teamPF":24,"teamFGA":90,"teamFGM":36,"team2PA":58,"team2PM":25,"team3PA":32,"team3PM":11,"teamFTA":21,"teamFTM":18,"teamORB":18,"teamDRB":32,"teamPTS1":21,"teamPTS2":35,"teamPTS3":14,"teamPTS4":31,"teamPTS5":0,"teamPTS6":0,"teamPTS7":0,"teamPTS8":0,"opptAbbr":"GS","opptConf":"West","opptLoc":"Away","opptRslt":"Win","opptPTS":109,"opptAST":24,"opptTO":15,"opptSTL":10,"opptBLK":8,"opptPF":21,"opptFGA":71,"opptFGM":37,"oppt2PA":47,"oppt2PM":27,"oppt3PA":24,"oppt3PM":10,"opptFTA":30,"opptFTM":25,"opptORB":3,"opptDRB":33,"opptPTS1":36,"opptPTS2":22,"opptPTS3":27,"opptPTS4":24,"opptPTS5":0,"opptPTS6":0,"opptPTS7":0,"opptPTS8":0}
{"_id":{"$oid":"5cb552f6e0f627212ff3beec"},"gmDate":"2018/3/2","offLNm3":"Kirkland","offFNm3":"Courtney","teamAbbr":"ATL","teamConf":"East","teamLoc":"Home","teamRslt":"Loss","teamPTS":109,"teamAST":21,"teamTO":22,"teamSTL":10,"teamBLK":2,"teamPF":21,"teamFGA":86,"teamFGM":38,"team2PA":51,"team2PM":23,"team3PA":35,"team3PM":15,"teamFTA":20,"teamFTM":18,"teamORB":3,"teamDRB":32,"teamPTS1":31,"teamPTS2":19,"teamPTS3":34,"teamPTS4":25,"teamPTS5":0,"teamPTS6":0,"teamPTS7":0,"teamPTS8":0,"opptAbbr":"GS","opptConf":"West","opptLoc":"Away","opptRslt":"Win","opptPTS":114,"opptAST":33,"opptTO":18,"opptSTL":12,"opptBLK":5,"opptPF":20,"opptFGA":79,"opptFGM":42,"oppt2PA":48,"oppt2PM":31,"oppt3PA":31,"oppt3PM":11,"opptFTA":22,"opptFTM":19,"opptORB":2,"opptDRB":33,"opptPTS1":33,"opptPTS2":29,"opptPTS3":28,"opptPTS4":24,"opptPTS5":0,"opptPTS6":0,"opptPTS7":0,"opptPTS8":0}
{"_id":{"$oid":"5cb552f6e0f627212ff3bf0f"},"gmDate":"2018/3/6","offLNm3":"Collins","offFNm3":"Derrick","teamAbbr":"GS","teamConf":"West","teamLoc":"Home","teamRslt":"Win","teamPTS":114,"teamAST":30,"teamTO":17,"teamSTL":8,"teamBLK":7,"teamPF":18,"teamFGA":83,"teamFGM":47,"team2PA":60,"team2PM":36,"team3PA":23,"team3PM":11,"teamFTA":11,"teamFTM":9,"teamORB":5,"teamDRB":36,"teamPTS1":35,"teamPTS2":13,"teamPTS3":38,"teamPTS4":28,"teamPTS5":0,"teamPTS6":0,"teamPTS7":0,"teamPTS8":0,"opptAbbr":"BKN","opptConf":"East","opptLoc":"Away","opptRslt":"Loss","opptPTS":101,"opptAST":24,"opptTO":16,"opptSTL":7,"opptBLK":1,"opptPF":18,"opptFGA":85,"opptFGM":36,"oppt2PA":51,"oppt2PM":27,"oppt3PA":34,"oppt3PM":9,"opptFTA":25,"opptFTM":20,"opptORB":10,"opptDRB":28,"opptPTS1":19,"opptPTS2":34,"opptPTS3":27,"opptPTS4":21,"opptPTS5":0,"opptPTS6":0,"opptPTS7":0,"opptPTS8":0}
{"_id":{"$oid":"5cb552f6e0f627212ff3bf1c"},"gmDate":"2018/3/8","offLNm3":"Malloy","offFNm3":"Ed","teamAbbr":"GS","teamConf":"West","teamLoc":"Home","teamRslt":"Win","teamPTS":110,"teamAST":30,"teamTO":10,"teamSTL":6,"teamBLK":12,"teamPF":18,"teamFGA":95,"teamFGM":41,"team2PA":65,"team2PM":33,"team3PA":30,"team3PM":8,"teamFTA":23,"teamFTM":20,"teamORB":12,"teamDRB":37,"teamPTS1":28,"teamPTS2":18,"teamPTS3":32,"teamPTS4":32,"teamPTS5":0,"teamPTS6":0,"teamPTS7":0,"teamPTS8":0,"opptAbbr":"SA","opptConf":"West","opptLoc":"Away","opptRslt":"Loss","opptPTS":107,"opptAST":29,"opptTO":12,"opptSTL":7,"opptBLK":2,"opptPF":20,"opptFGA":95,"opptFGM":43,"oppt2PA":73,"oppt2PM":37,"oppt3PA":22,"oppt3PM":6,"opptFTA":18,"opptFTM":15,"opptORB":10,"opptDRB":35,"opptPTS1":21,"opptPTS2":29,"opptPTS3":37,"opptPTS4":20,"opptPTS5":0,"opptPTS6":0,"opptPTS7":0,"opptPTS8":0}
{"_id":{"$oid":"5cb552f6e0f627212ff3bf24"},"gmDate":"2018/3/9","offLNm3":"Phillips","offFNm3":"Jason","teamAbbr":"POR","teamConf":"West","teamLoc":"Home","teamRslt":"Win","teamPTS":125,"teamAST":21,"teamTO":11,"teamSTL":4,"teamBLK":2,"teamPF":17,"teamFGA":89,"teamFGM":44,"team2PA":50,"team2PM":28,"team3PA":39,"team3PM":16,"teamFTA":27,"teamFTM":21,"teamORB":14,"teamDRB":32,"teamPTS1":33,"teamPTS2":28,"teamPTS3":26,"teamPTS4":38,"teamPTS5":0,"teamPTS6":0,"teamPTS7":0,"teamPTS8":0,"opptAbbr":"GS","opptConf":"West","opptLoc":"Away","opptRslt":"Loss","opptPTS":108,"opptAST":20,"opptTO":12,"opptSTL":5,"opptBLK":3,"opptPF":20,"opptFGA":78,"opptFGM":38,"oppt2PA":50,"oppt2PM":26,"oppt3PA":28,"oppt3PM":12,"opptFTA":24,"opptFTM":20,"opptORB":6,"opptDRB":27,"opptPTS1":27,"opptPTS2":25,"opptPTS3":31,"opptPTS4":25,"opptPTS5":0,"opptPTS6":0,"opptPTS7":0,"opptPTS8":0}
{"_id":{"$oid":"5cb552f6e0f627212ff3bf2e"},"gmDate":"2018/3/11","offLNm3":"Callahan","offFNm3":"Mike","teamAbbr":"MIN","teamConf":"West","teamLoc":"Home","teamRslt":"Win","teamPTS":109,"teamAST":27,"teamTO":10,"teamSTL":7,"teamBLK":3,"teamPF":15,"teamFGA":95,"teamFGM":44,"team2PA":75,"team2PM":38,"team3PA":20,"team3PM":6,"teamFTA":21,"teamFTM":15,"teamORB":13,"teamDRB":37,"teamPTS1":34,"teamPTS2":21,"teamPTS3":29,"teamPTS4":25,"teamPTS5":0,"teamPTS6":0,"teamPTS7":0,"teamPTS8":0,"opptAbbr":"GS","opptConf":"West","opptLoc":"Away","opptRslt":"Loss","opptPTS":103,"opptAST":22,"opptTO":13,"opptSTL":6,"opptBLK":8,"opptPF":17,"opptFGA":91,"opptFGM":37,"oppt2PA":55,"oppt2PM":27,"oppt3PA":36,"oppt3PM":10,"opptFTA":21,"opptFTM":19,"opptORB":12,"opptDRB":38,"opptPTS1":24,"opptPTS2":38,"opptPTS3":22,"opptPTS4":19,"opptPTS5":0,"opptPTS6":0,"opptPTS7":0,"opptPTS8":0}
{"_id":{"$oid":"5cb552f6e0f627212ff3bf48"},"gmDate":"2018/3/14","offLNm3":"Boland","offFNm3":"Matt","teamAbbr":"GS","teamConf":"West","teamLoc":"Home","teamRslt":"Win","teamPTS":117,"teamAST":25,"teamTO":22,"teamSTL":8,"teamBLK":6,"teamPF":24,"teamFGA":80,"teamFGM":44,"team2PA":60,"team2PM":38,"team3PA":20,"team3PM":6,"teamFTA":28,"teamFTM":23,"teamORB":11,"teamDRB":39,"teamPTS1":26,"teamPTS2":29,"teamPTS3":34,"teamPTS4":28,"teamPTS5":0,"teamPTS6":0,"teamPTS7":0,"teamPTS8":0,"opptAbbr":"LAL","opptConf":"West","opptLoc":"Away","opptRslt":"Loss","opptPTS":106,"opptAST":25,"opptTO":14,"opptSTL":12,"opptBLK":7,"opptPF":19,"opptFGA":83,"opptFGM":38,"oppt2PA":46,"oppt2PM":26,"oppt3PA":37,"oppt3PM":12,"opptFTA":28,"opptFTM":18,"opptORB":6,"opptDRB":27,"opptPTS1":23,"opptPTS2":32,"opptPTS3":27,"opptPTS4":24,"opptPTS5":0,"opptPTS6":0,"opptPTS7":0,"opptPTS8":0}
{"_id":{"$oid":"5cb552f6e0f627212ff3bf56"},"gmDate":"2018/3/16","offLNm3":"Foster","offFNm3":"Scott","teamAbbr":"GS","teamConf":"West","teamLoc":"Home","teamRslt":"Loss","teamPTS":93,"teamAST":21,"teamTO":12,"teamSTL":10,"teamBLK":5,"teamPF":21,"teamFGA":81,"teamFGM":34,"team2PA":55,"team2PM":22,"team3PA":26,"team3PM":12,"teamFTA":18,"teamFTM":13,"teamORB":9,"teamDRB":31,"teamPTS1":36,"teamPTS2":23,"teamPTS3":16,"teamPTS4":18,"teamPTS5":0,"teamPTS6":0,"teamPTS7":0,"teamPTS8":0,"opptAbbr":"SAC","opptConf":"West","opptLoc":"Away","opptRslt":"Win","opptPTS":98,"opptAST":25,"opptTO":14,"opptSTL":7,"opptBLK":4,"opptPF":16,"opptFGA":83,"opptFGM":36,"oppt2PA":52,"oppt2PM":22,"oppt3PA":31,"oppt3PM":14,"opptFTA":17,"opptFTM":12,"opptORB":11,"opptDRB":36,"opptPTS1":29,"opptPTS2":28,"opptPTS3":18,"opptPTS4":23,"opptPTS5":0,"opptPTS6":0,"opptPTS7":0,"opptPTS8":0}
{"_id":{"$oid":"5cb552f6e0f627212ff3bf61"},"gmDate":"2018/3/17","offLNm3":"Brothers","offFNm3":"Tony","teamAbbr":"PHO","teamConf":"West","teamLoc":"Home","teamRslt":"Loss","teamPTS":109,"teamAST":22,"teamTO":19,"teamSTL":8,"teamBLK":5,"teamPF":19,"teamFGA":82,"teamFGM":39,"team2PA":58,"team2PM":28,"team3PA":24,"team3PM":11,"teamFTA":29,"teamFTM":20,"teamORB":9,"teamDRB":33,"teamPTS1":34,"teamPTS2":26,"teamPTS3":25,"teamPTS4":24,"teamPTS5":0,"teamPTS6":0,"teamPTS7":0,"teamPTS8":0,"opptAbbr":"GS","opptConf":"West","opptLoc":"Away","opptRslt":"Win","opptPTS":124,"opptAST":29,"opptTO":15,"opptSTL":8,"opptBLK":9,"opptPF":21,"opptFGA":95,"opptFGM":50,"oppt2PA":64,"oppt2PM":37,"oppt3PA":31,"oppt3PM":13,"opptFTA":14,"opptFTM":11,"opptORB":9,"opptDRB":34,"opptPTS1":30,"opptPTS2":22,"opptPTS3":42,"opptPTS4":30,"opptPTS5":0,"opptPTS6":0,"opptPTS7":0,"opptPTS8":0}
{"_id":{"$oid":"5cb552f6e0f627212ff3bf6c"},"gmDate":"2018/3/19","offLNm3":"Capers","offFNm3":"James","teamAbbr":"SA","teamConf":"West","teamLoc":"Home","teamRslt":"Win","teamPTS":89,"teamAST":21,"teamTO":16,"teamSTL":6,"teamBLK":5,"teamPF":20,"teamFGA":82,"teamFGM":33,"team2PA":59,"team2PM":25,"team3PA":23,"team3PM":8,"teamFTA":21,"teamFTM":15,"teamORB":11,"teamDRB":37,"teamPTS1":30,"teamPTS2":19,"teamPTS3":12,"teamPTS4":28,"teamPTS5":0,"teamPTS6":0,"teamPTS7":0,"teamPTS8":0,"opptAbbr":"GS","opptConf":"West","opptLoc":"Away","opptRslt":"Loss","opptPTS":75,"opptAST":17,"opptTO":15,"opptSTL":7,"opptBLK":9,"opptPF":24,"opptFGA":74,"opptFGM":30,"oppt2PA":55,"oppt2PM":27,"oppt3PA":19,"oppt3PM":3,"opptFTA":16,"opptFTM":12,"opptORB":2,"opptDRB":34,"opptPTS1":21,"opptPTS2":20,"opptPTS3":22,"opptPTS4":12,"opptPTS5":0,"opptPTS6":0,"opptPTS7":0,"opptPTS8":0}
{"_id":{"$oid":"5cb552f6e0f627212ff3bf8d"},"gmDate":"2018/3/23","offLNm3":"Mott","offFNm3":"Rodney","teamAbbr":"GS","teamConf":"West","teamLoc":"Home","teamRslt":"Win","teamPTS":106,"teamAST":28,"teamTO":7,"teamSTL":8,"teamBLK":6,"teamPF":17,"teamFGA":93,"teamFGM":42,"team2PA":63,"team2PM":30,"team3PA":30,"team3PM":12,"teamFTA":11,"teamFTM":10,"teamORB":10,"teamDRB":36,"teamPTS1":16,"teamPTS2":27,"teamPTS3":36,"teamPTS4":27,"teamPTS5":0,"teamPTS6":0,"teamPTS7":0,"teamPTS8":0,"opptAbbr":"ATL","opptConf":"East","opptLoc":"Away","opptRslt":"Loss","opptPTS":94,"opptAST":24,"opptTO":11,"opptSTL":5,"opptBLK":5,"opptPF":14,"opptFGA":84,"opptFGM":37,"oppt2PA":52,"oppt2PM":26,"oppt3PA":32,"oppt3PM":11,"opptFTA":20,"opptFTM":9,"opptORB":5,"opptDRB":39,"opptPTS1":18,"opptPTS2":33,"opptPTS3":23,"opptPTS4":20,"opptPTS5":0,"opptPTS6":0,"opptPTS7":0,"opptPTS8":0}
{"_id":{"$oid":"5cb552f6e0f627212ff3bf9c"},"gmDate":"2018/3/25","offLNm3":"Wall","offFNm3":"Scott","teamAbbr":"GS","teamConf":"West","teamLoc":"Home","teamRslt":"Loss","teamPTS":91,"teamAST":24,"teamTO":11,"teamSTL":9,"teamBLK":7,"teamPF":19,"teamFGA":91,"teamFGM":38,"team2PA":76,"team2PM":32,"team3PA":15,"team3PM":6,"teamFTA":10,"teamFTM":9,"teamORB":14,"teamDRB":27,"teamPTS1":22,"teamPTS2":25,"teamPTS3":18,"teamPTS4":26,"teamPTS5":0,"teamPTS6":0,"teamPTS7":0,"teamPTS8":0,"opptAbbr":"UTA","opptConf":"West","opptLoc":"Away","opptRslt":"Win","opptPTS":110,"opptAST":27,"opptTO":14,"opptSTL":6,"opptBLK":8,"opptPF":16,"opptFGA":87,"opptFGM":42,"oppt2PA":59,"oppt2PM":30,"oppt3PA":28,"oppt3PM":12,"opptFTA":18,"opptFTM":14,"opptORB":11,"opptDRB":36,"opptPTS1":18,"opptPTS2":35,"opptPTS3":36,"opptPTS4":21,"opptPTS5":0,"opptPTS6":0,"opptPTS7":0,"opptPTS8":0}
{"_id":{"$oid":"5cb552f6e0f627212ff3bfa8"},"gmDate":"2018/3/27","offLNm3":"Malloy","offFNm3":"Ed","teamAbbr":"GS","teamConf":"West","teamLoc":"Home","teamRslt":"Loss","teamPTS":81,"teamAST":21,"teamTO":16,"teamSTL":3,"teamBLK":9,"teamPF":17,"teamFGA":86,"teamFGM":35,"team2PA":69,"team2PM":30,"team3PA":17,"team3PM":5,"teamFTA":9,"teamFTM":6,"teamORB":17,"teamDRB":34,"teamPTS1":27,"teamPTS2":21,"teamPTS3":22,"teamPTS4":11,"teamPTS5":0,"teamPTS6":0,"teamPTS7":0,"teamPTS8":0,"opptAbbr":"IND","opptConf":"East","opptLoc":"Away","opptRslt":"Win","opptPTS":92,"opptAST":22,"opptTO":11,"opptSTL":9,"opptBLK":2,"opptPF":14,"opptFGA":81,"opptFGM":39,"oppt2PA":60,"oppt2PM":33,"oppt3PA":21,"oppt3PM":6,"opptFTA":12,"opptFTM":8,"opptORB":8,"opptDRB":30,"opptPTS1":18,"opptPTS2":21,"opptPTS3":29,"opptPTS4":24,"opptPTS5":0,"opptPTS6":0,"opptPTS7":0,"opptPTS8":0}
{"_id":{"$oid":"5cb552f6e0f627212ff3bfb6"},"gmDate":"2018/3/29","offLNm3":"Kennedy","offFNm3":"Bill","teamAbbr":"GS","teamConf":"West","teamLoc":"Home","teamRslt":"Loss","teamPTS":107,"teamAST":26,"teamTO":19,"teamSTL":10,"teamBLK":7,"teamPF":19,"teamFGA":75,"teamFGM":41,"team2PA":55,"team2PM":31,"team3PA":20,"team3PM":10,"teamFTA":15,"teamFTM":15,"teamORB":2,"teamDRB":29,"teamPTS1":27,"teamPTS2":22,"teamPTS3":23,"teamPTS4":35,"teamPTS5":0,"teamPTS6":0,"teamPTS7":0,"teamPTS8":0,"opptAbbr":"MIL","opptConf":"East","opptLoc":"Away","opptRslt":"Win","opptPTS":116,"opptAST":30,"opptTO":16,"opptSTL":16,"opptBLK":3,"opptPF":17,"opptFGA":87,"opptFGM":48,"oppt2PA":67,"oppt2PM":37,"oppt3PA":20,"oppt3PM":11,"opptFTA":10,"opptFTM":9,"opptORB":7,"opptDRB":29,"opptPTS1":29,"opptPTS2":29,"opptPTS3":34,"opptPTS4":24,"opptPTS5":0,"opptPTS6":0,"opptPTS7":0,"opptPTS8":0}
{"_id":{"$oid":"5cb552f6e0f627212ff3bfc4"},"gmDate":"2018/3/31","offLNm3":"Van Duyne","offFNm3":"Justin","teamAbbr":"SAC","teamConf":"West","teamLoc":"Home","teamRslt":"Loss","teamPTS":96,"teamAST":27,"teamTO":16,"teamSTL":5,"teamBLK":6,"teamPF":23,"teamFGA":86,"teamFGM":36,"team2PA":58,"team2PM":28,"team3PA":28,"team3PM":8,"teamFTA":19,"teamFTM":16,"teamORB":10,"teamDRB":36,"teamPTS1":25,"teamPTS2":24,"teamPTS3":20,"teamPTS4":27,"teamPTS5":0,"teamPTS6":0,"teamPTS7":0,"teamPTS8":0,"opptAbbr":"GS","opptConf":"West","opptLoc":"Away","opptRslt":"Win","opptPTS":112,"opptAST":28,"opptTO":11,"opptSTL":9,"opptBLK":5,"opptPF":18,"opptFGA":83,"opptFGM":41,"oppt2PA":57,"oppt2PM":32,"oppt3PA":26,"oppt3PM":9,"opptFTA":28,"opptFTM":21,"opptORB":6,"opptDRB":36,"opptPTS1":28,"opptPTS2":29,"opptPTS3":36,"opptPTS4":19,"opptPTS5":0,"opptPTS6":0,"opptPTS7":0,"opptPTS8":0}
{"_id":{"$oid":"5cb552f6e0f627212ff3bfcf"},"gmDate":"2018/4/1","offLNm3":"Zarba","offFNm3":"Zach","teamAbbr":"GS","teamConf":"West","teamLoc":"Home","teamRslt":"Win","teamPTS":117,"teamAST":31,"teamTO":15,"teamSTL":10,"teamBLK":7,"teamPF":14,"teamFGA":89,"teamFGM":48,"team2PA":61,"team2PM":35,"team3PA":28,"team3PM":13,"teamFTA":9,"teamFTM":8,"teamORB":7,"teamDRB":38,"teamPTS1":22,"teamPTS2":36,"teamPTS3":36,"teamPTS4":23,"teamPTS5":0,"teamPTS6":0,"teamPTS7":0,"teamPTS8":0,"opptAbbr":"PHO","opptConf":"West","opptLoc":"Away","opptRslt":"Loss","opptPTS":107,"opptAST":26,"opptTO":15,"opptSTL":8,"opptBLK":4,"opptPF":12,"opptFGA":90,"opptFGM":41,"oppt2PA":59,"oppt2PM":30,"oppt3PA":31,"oppt3PM":11,"opptFTA":16,"opptFTM":14,"opptORB":9,"opptDRB":33,"opptPTS1":24,"opptPTS2":18,"opptPTS3":35,"opptPTS4":30,"opptPTS5":0,"opptPTS6":0,"opptPTS7":0,"opptPTS8":0}
{"_id":{"$oid":"5cb552f6e0f627212ff3bfd9"},"gmDate":"2018/4/3","offLNm3":"Brown","offFNm3":"Tony","teamAbbr":"OKC","teamConf":"West","teamLoc":"Home","teamRslt":"Loss","teamPTS":107,"teamAST":13,"teamTO":16,"teamSTL":8,"teamBLK":3,"teamPF":20,"teamFGA":93,"teamFGM":35,"team2PA":55,"team2PM":26,"team3PA":38,"team3PM":9,"teamFTA":37,"teamFTM":28,"teamORB":22,"teamDRB":36,"teamPTS1":27,"teamPTS2":20,"teamPTS3":34,"teamPTS4":26,"teamPTS5":0,"teamPTS6":0,"teamPTS7":0,"teamPTS8":0,"opptAbbr":"GS","opptConf":"West","opptLoc":"Away","opptRslt":"Win","opptPTS":111,"opptAST":27,"opptTO":13,"opptSTL":9,"opptBLK":5,"opptPF":25,"opptFGA":83,"opptFGM":41,"oppt2PA":54,"oppt2PM":33,"oppt3PA":29,"oppt3PM":8,"opptFTA":24,"opptFTM":21,"opptORB":6,"opptDRB":34,"opptPTS1":24,"opptPTS2":33,"opptPTS3":27,"opptPTS4":27,"opptPTS5":0,"opptPTS6":0,"opptPTS7":0,"opptPTS8":0}
{"_id":{"$oid":"5cb552f6e0f627212ff3bfe5"},"gmDate":"2018/4/5","offLNm3":"Kogut","offFNm3":"Marat","teamAbbr":"IND","teamConf":"East","teamLoc":"Home","teamRslt":"Win","teamPTS":126,"teamAST":32,"teamTO":13,"teamSTL":11,"teamBLK":3,"teamPF":24,"teamFGA":93,"teamFGM":50,"team2PA":64,"team2PM":35,"team3PA":29,"team3PM":15,"teamFTA":15,"teamFTM":11,"teamORB":13,"teamDRB":34,"teamPTS1":27,"teamPTS2":35,"teamPTS3":35,"teamPTS4":29,"teamPTS5":0,"teamPTS6":0,"teamPTS7":0,"teamPTS8":0,"opptAbbr":"GS","opptConf":"West","opptLoc":"Away","opptRslt":"Loss","opptPTS":106,"opptAST":29,"opptTO":16,"opptSTL":6,"opptBLK":5,"opptPF":14,"opptFGA":83,"opptFGM":37,"oppt2PA":54,"oppt2PM":28,"oppt3PA":29,"oppt3PM":9,"opptFTA":24,"opptFTM":23,"opptORB":13,"opptDRB":26,"opptPTS1":26,"opptPTS2":25,"opptPTS3":26,"opptPTS4":29,"opptPTS5":0,"opptPTS6":0,"opptPTS7":0,"opptPTS8":0}
{"_id":{"$oid":"5cb552f6e0f627212ff3bff8"},"gmDate":"2018/4/7","offLNm3":"Capers","offFNm3":"James","teamAbbr":"GS","teamConf":"West","teamLoc":"Home","teamRslt":"Loss","teamPTS":120,"teamAST":31,"teamTO":17,"teamSTL":3,"teamBLK":0,"teamPF":21,"teamFGA":90,"teamFGM":49,"team2PA":57,"team2PM":34,"team3PA":33,"team3PM":15,"teamFTA":11,"teamFTM":7,"teamORB":8,"teamDRB":34,"teamPTS1":32,"teamPTS2":33,"teamPTS3":27,"teamPTS4":28,"teamPTS5":0,"teamPTS6":0,"teamPTS7":0,"teamPTS8":0,"opptAbbr":"NO","opptConf":"West","opptLoc":"Away","opptRslt":"Win","opptPTS":126,"opptAST":39,"opptTO":8,"opptSTL":15,"opptBLK":6,"opptPF":16,"opptFGA":87,"opptFGM":49,"oppt2PA":60,"oppt2PM":38,"oppt3PA":27,"oppt3PM":11,"opptFTA":22,"opptFTM":17,"opptORB":4,"opptDRB":30,"opptPTS1":40,"opptPTS2":27,"opptPTS3":21,"opptPTS4":38,"opptPTS5":0,"opptPTS6":0,"opptPTS7":0,"opptPTS8":0}
{"_id":{"$oid":"5cb552f6e0f627212ff3c002"},"gmDate":"2018/4/8","offLNm3":"Davis","offFNm3":"Marc","teamAbbr":"PHO","teamConf":"West","teamLoc":"Home","teamRslt":"Loss","teamPTS":100,"teamAST":24,"teamTO":15,"teamSTL":4,"teamBLK":0,"teamPF":16,"teamFGA":92,"teamFGM":39,"team2PA":57,"team2PM":29,"team3PA":35,"team3PM":10,"teamFTA":16,"teamFTM":12,"teamORB":8,"teamDRB":36,"teamPTS1":29,"teamPTS2":21,"teamPTS3":22,"teamPTS4":28,"teamPTS5":0,"teamPTS6":0,"teamPTS7":0,"teamPTS8":0,"opptAbbr":"GS","opptConf":"West","opptLoc":"Away","opptRslt":"Win","opptPTS":117,"opptAST":27,"opptTO":11,"opptSTL":9,"opptBLK":7,"opptPF":15,"opptFGA":90,"opptFGM":47,"oppt2PA":58,"oppt2PM":34,"oppt3PA":32,"oppt3PM":13,"opptFTA":15,"opptFTM":10,"opptORB":5,"opptDRB":36,"opptPTS1":33,"opptPTS2":31,"opptPTS3":27,"opptPTS4":26,"opptPTS5":0,"opptPTS6":0,"opptPTS7":0,"opptPTS8":0}
{"_id":{"$oid":"5cb552f6e0f627212ff3c00f"},"gmDate":"2018/4/10","offLNm3":"Ayotte","offFNm3":"Mark","teamAbbr":"UTA","teamConf":"West","teamLoc":"Home","teamRslt":"Win","teamPTS":119,"teamAST":25,"teamTO":15,"teamSTL":10,"teamBLK":6,"teamPF":20,"teamFGA":90,"teamFGM":48,"team2PA":55,"team2PM":35,"team3PA":35,"team3PM":13,"teamFTA":13,"teamFTM":10,"teamORB":12,"teamDRB":42,"teamPTS1":33,"teamPTS2":29,"teamPTS3":31,"teamPTS4":26,"teamPTS5":0,"teamPTS6":0,"teamPTS7":0,"teamPTS8":0,"opptAbbr":"GS","opptConf":"West","opptLoc":"Away","opptRslt":"Loss","opptPTS":79,"opptAST":14,"opptTO":16,"opptSTL":7,"opptBLK":3,"opptPF":18,"opptFGA":86,"opptFGM":30,"oppt2PA":67,"oppt2PM":25,"oppt3PA":19,"oppt3PM":5,"opptFTA":16,"opptFTM":14,"opptORB":9,"opptDRB":30,"opptPTS1":16,"opptPTS2":17,"opptPTS3":23,"opptPTS4":23,"opptPTS5":0,"opptPTS6":0,"opptPTS7":0,"opptPTS8":0}
