{"_id":{"$oid":"5cb552e5e0f627212ff3a79d"},"stDate":"2017/10/17","teamAbbr":"GS","rank":15,"rankOrd":"15th","gameWon":0,"gameLost":1,"stk":"L1","homeWin":0,"homeLoss":1,"awayWin":0,"awayLoss":0}
{"_id":{"$oid":"5cb552e5e0f627212ff3a7bc"},"stDate":"2017/10/18","teamAbbr":"GS","rank":9,"rankOrd":"9th","gameWon":0,"gameLost":1,"stk":"L1","homeWin":0,"homeLoss":1,"awayWin":0,"awayLoss":0}
{"_id":{"$oid":"5cb552e5e0f627212ff3a7d9"},"stDate":"2017/10/19","teamAbbr":"GS","rank":8,"rankOrd":"8th","gameWon":0,"gameLost":1,"stk":"L1","homeWin":0,"homeLoss":1,"awayWin":0,"awayLoss":0}
{"_id":{"$oid":"5cb552e5e0f627212ff3a7f1"},"stDate":"2017/10/20","teamAbbr":"GS","rank":7,"rankOrd":"7th","gameWon":1,"gameLost":1,"stk":"W1","homeWin":0,"homeLoss":1,"awayWin":1,"awayLoss":0}
{"_id":{"$oid":"5cb552e5e0f627212ff3a819"},"stDate":"2017/10/21","teamAbbr":"GS","rank":11,"rankOrd":"11th","gameWon":1,"gameLost":2,"stk":"L1","homeWin":0,"homeLoss":1,"awayWin":1,"awayLoss":1}
{"_id":{"$oid":"5cb552e5e0f627212ff3a832"},"stDate":"2017/10/22","teamAbbr":"GS","rank":9,"rankOrd":"9th","gameWon":1,"gameLost":2,"stk":"L1","homeWin":0,"homeLoss":1,"awayWin":1,"awayLoss":1}
{"_id":{"$oid":"5cb552e5e0f627212ff3a852"},"stDate":"2017/10/23","teamAbbr":"GS","rank":8,"rankOrd":"8th","gameWon":2,"gameLost":2,"stk":"W1","homeWin":0,"homeLoss":1,"awayWin":2,"awayLoss":1}
{"_id":{"$oid":"5cb552e5e0f627212ff3a870"},"stDate":"2017/10/24","teamAbbr":"GS","rank":6,"rankOrd":"6th","gameWon":2,"gameLost":2,"stk":"W1","homeWin":0,"homeLoss":1,"awayWin":2,"awayLoss":1}
{"_id":{"$oid":"5cb552e5e0f627212ff3a88e"},"stDate":"2017/10/25","teamAbbr":"GS","rank":6,"rankOrd":"6th","gameWon":3,"gameLost":2,"stk":"W2","homeWin":1,"homeLoss":1,"awayWin":2,"awayLoss":1}
{"_id":{"$oid":"5cb552e5e0f627212ff3a8aa"},"stDate":"2017/10/26","teamAbbr":"GS","rank":5,"rankOrd":"5th","gameWon":3,"gameLost":2,"stk":"W2","homeWin":1,"homeLoss":1,"awayWin":2,"awayLoss":1}
{"_id":{"$oid":"5cb552e5e0f627212ff3a8ca"},"stDate":"2017/10/27","teamAbbr":"GS","rank":5,"rankOrd":"5th","gameWon":4,"gameLost":2,"stk":"W3","homeWin":2,"homeLoss":1,"awayWin":2,"awayLoss":1}
{"_id":{"$oid":"5cb552e5e0f627212ff3a8e8"},"stDate":"2017/10/28","teamAbbr":"GS","rank":5,"rankOrd":"5th","gameWon":4,"gameLost":2,"stk":"W3","homeWin":2,"homeLoss":1,"awayWin":2,"awayLoss":1}
{"_id":{"$oid":"5cb552e5e0f627212ff3a904"},"stDate":"2017/10/29","teamAbbr":"GS","rank":6,"rankOrd":"6th","gameWon":4,"gameLost":3,"stk":"L1","homeWin":2,"homeLoss":2,"awayWin":2,"awayLoss":1}
{"_id":{"$oid":"5cb552e5e0f627212ff3a923"},"stDate":"2017/10/30","teamAbbr":"GS","rank":2,"rankOrd":"2nd","gameWon":5,"gameLost":3,"stk":"W1","homeWin":2,"homeLoss":2,"awayWin":3,"awayLoss":1}
{"_id":{"$oid":"5cb552e5e0f627212ff3a942"},"stDate":"2017/10/31","teamAbbr":"GS","rank":2,"rankOrd":"2nd","gameWon":5,"gameLost":3,"stk":"W1","homeWin":2,"homeLoss":2,"awayWin":3,"awayLoss":1}
{"_id":{"$oid":"5cb552e5e0f627212ff3a960"},"stDate":"2017/11/1","teamAbbr":"GS","rank":3,"rankOrd":"3rd","gameWon":5,"gameLost":3,"stk":"W1","homeWin":2,"homeLoss":2,"awayWin":3,"awayLoss":1}
{"_id":{"$oid":"5cb552e5e0f627212ff3a977"},"stDate":"2017/11/2","teamAbbr":"GS","rank":1,"rankOrd":"1st","gameWon":6,"gameLost":3,"stk":"W2","homeWin":2,"homeLoss":2,"awayWin":4,"awayLoss":1}
{"_id":{"$oid":"5cb552e5e0f627212ff3a99c"},"stDate":"2017/11/3","teamAbbr":"GS","rank":2,"rankOrd":"2nd","gameWon":6,"gameLost":3,"stk":"W2","homeWin":2,"homeLoss":2,"awayWin":4,"awayLoss":1}
{"_id":{"$oid":"5cb552e5e0f627212ff3a9bb"},"stDate":"2017/11/4","teamAbbr":"GS","rank":1,"rankOrd":"1st","gameWon":7,"gameLost":3,"stk":"W3","homeWin":2,"homeLoss":2,"awayWin":5,"awayLoss":1}
{"_id":{"$oid":"5cb552e5e0f627212ff3a9e8"},"stDate":"2017/11/5","teamAbbr":"GS","rank":2,"rankOrd":"2nd","gameWon":7,"gameLost":3,"stk":"W3","homeWin":2,"homeLoss":2,"awayWin":5,"awayLoss":1}
{"_id":{"$oid":"5cb552e5e0f627212ff3a9f7"},"stDate":"2017/11/6","teamAbbr":"GS","rank":1,"rankOrd":"1st","gameWon":8,"gameLost":3,"stk":"W4","homeWin":3,"homeLoss":2,"awayWin":5,"awayLoss":1}
{"_id":{"$oid":"5cb552e5e0f627212ff3aa15"},"stDate":"2017/11/7","teamAbbr":"GS","rank":1,"rankOrd":"1st","gameWon":8,"gameLost":3,"stk":"W4","homeWin":3,"homeLoss":2,"awayWin":5,"awayLoss":1}
{"_id":{"$oid":"5cb552e5e0f627212ff3aa34"},"stDate":"2017/11/8","teamAbbr":"GS","rank":1,"rankOrd":"1st","gameWon":9,"gameLost":3,"stk":"W5","homeWin":4,"homeLoss":2,"awayWin":5,"awayLoss":1}
{"_id":{"$oid":"5cb552e5e0f627212ff3aa50"},"stDate":"2017/11/9","teamAbbr":"GS","rank":1,"rankOrd":"1st","gameWon":9,"gameLost":3,"stk":"W5","homeWin":4,"homeLoss":2,"awayWin":5,"awayLoss":1}
{"_id":{"$oid":"5cb552e5e0f627212ff3aa6e"},"stDate":"2017/11/10","teamAbbr":"GS","rank":1,"rankOrd":"1st","gameWon":9,"gameLost":3,"stk":"W5","homeWin":4,"homeLoss":2,"awayWin":5,"awayLoss":1}
{"_id":{"$oid":"5cb552e5e0f627212ff3aa8d"},"stDate":"2017/11/11","teamAbbr":"GS","rank":1,"rankOrd":"1st","gameWon":10,"gameLost":3,"stk":"W6","homeWin":5,"homeLoss":2,"awayWin":5,"awayLoss":1}
{"_id":{"$oid":"5cb552e5e0f627212ff3aaaa"},"stDate":"2017/11/12","teamAbbr":"GS","rank":2,"rankOrd":"2nd","gameWon":10,"gameLost":3,"stk":"W6","homeWin":5,"homeLoss":2,"awayWin":5,"awayLoss":1}
{"_id":{"$oid":"5cb552e5e0f627212ff3aac8"},"stDate":"2017/11/13","teamAbbr":"GS","rank":1,"rankOrd":"1st","gameWon":11,"gameLost":3,"stk":"W7","homeWin":6,"homeLoss":2,"awayWin":5,"awayLoss":1}
{"_id":{"$oid":"5cb552e5e0f627212ff3aae6"},"stDate":"2017/11/14","teamAbbr":"GS","rank":1,"rankOrd":"1st","gameWon":11,"gameLost":3,"stk":"W7","homeWin":6,"homeLoss":2,"awayWin":5,"awayLoss":1}
{"_id":{"$oid":"5cb552e5e0f627212ff3ab0d"},"stDate":"2017/11/15","teamAbbr":"GS","rank":1,"rankOrd":"1st","gameWon":11,"gameLost":3,"stk":"W7","homeWin":6,"homeLoss":2,"awayWin":5,"awayLoss":1}
{"_id":{"$oid":"5cb552e5e0f627212ff3ab22"},"stDate":"2017/11/16","teamAbbr":"GS","rank":2,"rankOrd":"2nd","gameWon":11,"gameLost":4,"stk":"L1","homeWin":6,"homeLoss":2,"awayWin":5,"awayLoss":2}
{"_id":{"$oid":"5cb552e5e0f627212ff3ab40"},"stDate":"2017/11/17","teamAbbr":"GS","rank":2,"rankOrd":"2nd","gameWon":11,"gameLost":4,"stk":"L1","homeWin":6,"homeLoss":2,"awayWin":5,"awayLoss":2}
{"_id":{"$oid":"5cb552e5e0f627212ff3ab5e"},"stDate":"2017/11/18","teamAbbr":"GS","rank":2,"rankOrd":"2nd","gameWon":12,"gameLost":4,"stk":"W1","homeWin":6,"homeLoss":2,"awayWin":6,"awayLoss":2}
{"_id":{"$oid":"5cb552e5e0f627212ff3ab80"},"stDate":"2017/11/19","teamAbbr":"GS","rank":1,"rankOrd":"1st","gameWon":13,"gameLost":4,"stk":"W2","homeWin":6,"homeLoss":2,"awayWin":7,"awayLoss":2}
{"_id":{"$oid":"5cb552e5e0f627212ff3ab9b"},"stDate":"2017/11/20","teamAbbr":"GS","rank":1,"rankOrd":"1st","gameWon":13,"gameLost":4,"stk":"W2","homeWin":6,"homeLoss":2,"awayWin":7,"awayLoss":2}
{"_id":{"$oid":"5cb552e5e0f627212ff3abb8"},"stDate":"2017/11/21","teamAbbr":"GS","rank":1,"rankOrd":"1st","gameWon":13,"gameLost":4,"stk":"W2","homeWin":6,"homeLoss":2,"awayWin":7,"awayLoss":2}
{"_id":{"$oid":"5cb552e5e0f627212ff3abd9"},"stDate":"2017/11/22","teamAbbr":"GS","rank":2,"rankOrd":"2nd","gameWon":13,"gameLost":5,"stk":"L1","homeWin":6,"homeLoss":2,"awayWin":7,"awayLoss":3}
{"_id":{"$oid":"5cb552e5e0f627212ff3abf5"},"stDate":"2017/11/24","teamAbbr":"GS","rank":2,"rankOrd":"2nd","gameWon":14,"gameLost":5,"stk":"W1","homeWin":7,"homeLoss":2,"awayWin":7,"awayLoss":3}
{"_id":{"$oid":"5cb552e5e0f627212ff3ac13"},"stDate":"2017/11/25","teamAbbr":"GS","rank":2,"rankOrd":"2nd","gameWon":15,"gameLost":5,"stk":"W2","homeWin":8,"homeLoss":2,"awayWin":7,"awayLoss":3}
{"_id":{"$oid":"5cb552e5e0f627212ff3ac31"},"stDate":"2017/11/26","teamAbbr":"GS","rank":2,"rankOrd":"2nd","gameWon":15,"gameLost":5,"stk":"W2","homeWin":8,"homeLoss":2,"awayWin":7,"awayLoss":3}
{"_id":{"$oid":"5cb552e5e0f627212ff3ac4e"},"stDate":"2017/11/27","teamAbbr":"GS","rank":2,"rankOrd":"2nd","gameWon":15,"gameLost":6,"stk":"L1","homeWin":8,"homeLoss":3,"awayWin":7,"awayLoss":3}
{"_id":{"$oid":"5cb552e5e0f627212ff3ac6d"},"stDate":"2017/11/28","teamAbbr":"GS","rank":2,"rankOrd":"2nd","gameWon":15,"gameLost":6,"stk":"L1","homeWin":8,"homeLoss":3,"awayWin":7,"awayLoss":3}
{"_id":{"$oid":"5cb552e5e0f627212ff3ac84"},"stDate":"2017/11/29","teamAbbr":"GS","rank":2,"rankOrd":"2nd","gameWon":16,"gameLost":6,"stk":"W1","homeWin":8,"homeLoss":3,"awayWin":8,"awayLoss":3}
{"_id":{"$oid":"5cb552e5e0f627212ff3aca9"},"stDate":"2017/11/30","teamAbbr":"GS","rank":2,"rankOrd":"2nd","gameWon":16,"gameLost":6,"stk":"W1","homeWin":8,"homeLoss":3,"awayWin":8,"awayLoss":3}
{"_id":{"$oid":"5cb552e5e0f627212ff3acc6"},"stDate":"2017/12/1","teamAbbr":"GS","rank":2,"rankOrd":"2nd","gameWon":17,"gameLost":6,"stk":"W2","homeWin":8,"homeLoss":3,"awayWin":9,"awayLoss":3}
{"_id":{"$oid":"5cb552e5e0f627212ff3ace5"},"stDate":"2017/12/2","teamAbbr":"GS","rank":2,"rankOrd":"2nd","gameWon":17,"gameLost":6,"stk":"W2","homeWin":8,"homeLoss":3,"awayWin":9,"awayLoss":3}
{"_id":{"$oid":"5cb552e5e0f627212ff3acfc"},"stDate":"2017/12/3","teamAbbr":"GS","rank":2,"rankOrd":"2nd","gameWon":18,"gameLost":6,"stk":"W3","homeWin":8,"homeLoss":3,"awayWin":10,"awayLoss":3}
{"_id":{"$oid":"5cb552e5e0f627212ff3ad3b"},"stDate":"2017/12/5","teamAbbr":"GS","rank":2,"rankOrd":"2nd","gameWon":19,"gameLost":6,"stk":"W4","homeWin":8,"homeLoss":3,"awayWin":11,"awayLoss":3}
{"_id":{"$oid":"5cb552e5e0f627212ff3ad3d"},"stDate":"2017/12/4","teamAbbr":"GS","rank":2,"rankOrd":"2nd","gameWon":19,"gameLost":6,"stk":"W4","homeWin":8,"homeLoss":3,"awayWin":11,"awayLoss":3}
{"_id":{"$oid":"5cb552e5e0f627212ff3ad5c"},"stDate":"2017/12/6","teamAbbr":"GS","rank":1,"rankOrd":"1st","gameWon":20,"gameLost":6,"stk":"W5","homeWin":8,"homeLoss":3,"awayWin":12,"awayLoss":3}
{"_id":{"$oid":"5cb552e5e0f627212ff3ad7c"},"stDate":"2017/12/7","teamAbbr":"GS","rank":2,"rankOrd":"2nd","gameWon":20,"gameLost":6,"stk":"W5","homeWin":8,"homeLoss":3,"awayWin":12,"awayLoss":3}
{"_id":{"$oid":"5cb552e5e0f627212ff3ad97"},"stDate":"2017/12/8","teamAbbr":"GS","rank":1,"rankOrd":"1st","gameWon":21,"gameLost":6,"stk":"W6","homeWin":8,"homeLoss":3,"awayWin":13,"awayLoss":3}
{"_id":{"$oid":"5cb552e5e0f627212ff3adc1"},"stDate":"2017/12/9","teamAbbr":"GS","rank":2,"rankOrd":"2nd","gameWon":21,"gameLost":6,"stk":"W6","homeWin":8,"homeLoss":3,"awayWin":13,"awayLoss":3}
{"_id":{"$oid":"5cb552e5e0f627212ff3add7"},"stDate":"2017/12/10","teamAbbr":"GS","rank":2,"rankOrd":"2nd","gameWon":21,"gameLost":6,"stk":"W6","homeWin":8,"homeLoss":3,"awayWin":13,"awayLoss":3}
{"_id":{"$oid":"5cb552e5e0f627212ff3adf5"},"stDate":"2017/12/11","teamAbbr":"GS","rank":2,"rankOrd":"2nd","gameWon":22,"gameLost":6,"stk":"W7","homeWin":9,"homeLoss":3,"awayWin":13,"awayLoss":3}
{"_id":{"$oid":"5cb552e5e0f627212ff3ae11"},"stDate":"2017/12/12","teamAbbr":"GS","rank":2,"rankOrd":"2nd","gameWon":22,"gameLost":6,"stk":"W7","homeWin":9,"homeLoss":3,"awayWin":13,"awayLoss":3}
{"_id":{"$oid":"5cb552e5e0f627212ff3ae30"},"stDate":"2017/12/13","teamAbbr":"GS","rank":2,"rankOrd":"2nd","gameWon":22,"gameLost":6,"stk":"W7","homeWin":9,"homeLoss":3,"awayWin":13,"awayLoss":3}
{"_id":{"$oid":"5cb552e5e0f627212ff3ae4d"},"stDate":"2017/12/14","teamAbbr":"GS","rank":2,"rankOrd":"2nd","gameWon":23,"gameLost":6,"stk":"W8","homeWin":10,"homeLoss":3,"awayWin":13,"awayLoss":3}
{"_id":{"$oid":"5cb552e5e0f627212ff3ae6a"},"stDate":"2017/12/15","teamAbbr":"GS","rank":2,"rankOrd":"2nd","gameWon":23,"gameLost":6,"stk":"W8","homeWin":10,"homeLoss":3,"awayWin":13,"awayLoss":3}
{"_id":{"$oid":"5cb552e5e0f627212ff3ae89"},"stDate":"2017/12/16","teamAbbr":"GS","rank":2,"rankOrd":"2nd","gameWon":23,"gameLost":6,"stk":"W8","homeWin":10,"homeLoss":3,"awayWin":13,"awayLoss":3}
{"_id":{"$oid":"5cb552e5e0f627212ff3aea6"},"stDate":"2017/12/17","teamAbbr":"GS","rank":2,"rankOrd":"2nd","gameWon":23,"gameLost":6,"stk":"W8","homeWin":10,"homeLoss":3,"awayWin":13,"awayLoss":3}
{"_id":{"$oid":"5cb552e5e0f627212ff3aece"},"stDate":"2017/12/18","teamAbbr":"GS","rank":2,"rankOrd":"2nd","gameWon":24,"gameLost":6,"stk":"W9","homeWin":10,"homeLoss":3,"awayWin":14,"awayLoss":3}
{"_id":{"$oid":"5cb552e5e0f627212ff3aee2"},"stDate":"2017/12/19","teamAbbr":"GS","rank":2,"rankOrd":"2nd","gameWon":24,"gameLost":6,"stk":"W9","homeWin":10,"homeLoss":3,"awayWin":14,"awayLoss":3}
{"_id":{"$oid":"5cb552e5e0f627212ff3af01"},"stDate":"2017/12/20","teamAbbr":"GS","rank":2,"rankOrd":"2nd","gameWon":25,"gameLost":6,"stk":"W10","homeWin":11,"homeLoss":3,"awayWin":14,"awayLoss":3}
{"_id":{"$oid":"5cb552e5e0f627212ff3af2b"},"stDate":"2017/12/21","teamAbbr":"GS","rank":2,"rankOrd":"2nd","gameWon":25,"gameLost":6,"stk":"W10","homeWin":11,"homeLoss":3,"awayWin":14,"awayLoss":3}
{"_id":{"$oid":"5cb552e5e0f627212ff3af3d"},"stDate":"2017/12/22","teamAbbr":"GS","rank":1,"rankOrd":"1st","gameWon":26,"gameLost":6,"stk":"W11","homeWin":12,"homeLoss":3,"awayWin":14,"awayLoss":3}
{"_id":{"$oid":"5cb552e5e0f627212ff3af5b"},"stDate":"2017/12/23","teamAbbr":"GS","rank":1,"rankOrd":"1st","gameWon":26,"gameLost":7,"stk":"L1","homeWin":12,"homeLoss":4,"awayWin":14,"awayLoss":3}
{"_id":{"$oid":"5cb552e5e0f627212ff3af7a"},"stDate":"2017/12/25","teamAbbr":"GS","rank":1,"rankOrd":"1st","gameWon":27,"gameLost":7,"stk":"W1","homeWin":13,"homeLoss":4,"awayWin":14,"awayLoss":3}
{"_id":{"$oid":"5cb552e5e0f627212ff3af9b"},"stDate":"2017/12/26","teamAbbr":"GS","rank":1,"rankOrd":"1st","gameWon":27,"gameLost":7,"stk":"W1","homeWin":13,"homeLoss":4,"awayWin":14,"awayLoss":3}
{"_id":{"$oid":"5cb552e5e0f627212ff3afb6"},"stDate":"2017/12/27","teamAbbr":"GS","rank":1,"rankOrd":"1st","gameWon":28,"gameLost":7,"stk":"W2","homeWin":14,"homeLoss":4,"awayWin":14,"awayLoss":3}
{"_id":{"$oid":"5cb552e5e0f627212ff3afd5"},"stDate":"2017/12/28","teamAbbr":"GS","rank":1,"rankOrd":"1st","gameWon":28,"gameLost":7,"stk":"W2","homeWin":14,"homeLoss":4,"awayWin":14,"awayLoss":3}
{"_id":{"$oid":"5cb552e5e0f627212ff3afec"},"stDate":"2017/12/29","teamAbbr":"GS","rank":1,"rankOrd":"1st","gameWon":28,"gameLost":8,"stk":"L1","homeWin":14,"homeLoss":5,"awayWin":14,"awayLoss":3}
{"_id":{"$oid":"5cb552e5e0f627212ff3b00a"},"stDate":"2017/12/30","teamAbbr":"GS","rank":1,"rankOrd":"1st","gameWon":29,"gameLost":8,"stk":"W1","homeWin":15,"homeLoss":5,"awayWin":14,"awayLoss":3}
{"_id":{"$oid":"5cb552e5e0f627212ff3b031"},"stDate":"2017/12/31","teamAbbr":"GS","rank":1,"rankOrd":"1st","gameWon":29,"gameLost":8,"stk":"W1","homeWin":15,"homeLoss":5,"awayWin":14,"awayLoss":3}
{"_id":{"$oid":"5cb552e5e0f627212ff3b049"},"stDate":"2018/1/1","teamAbbr":"GS","rank":1,"rankOrd":"1st","gameWon":29,"gameLost":8,"stk":"W1","homeWin":15,"homeLoss":5,"awayWin":14,"awayLoss":3}
{"_id":{"$oid":"5cb552e5e0f627212ff3b063"},"stDate":"2018/1/2","teamAbbr":"GS","rank":1,"rankOrd":"1st","gameWon":29,"gameLost":8,"stk":"W1","homeWin":15,"homeLoss":5,"awayWin":14,"awayLoss":3}
{"_id":{"$oid":"5cb552e5e0f627212ff3b088"},"stDate":"2018/1/3","teamAbbr":"GS","rank":1,"rankOrd":"1st","gameWon":30,"gameLost":8,"stk":"W2","homeWin":15,"homeLoss":5,"awayWin":15,"awayLoss":3}
{"_id":{"$oid":"5cb552e5e0f627212ff3b0a6"},"stDate":"2018/1/4","teamAbbr":"GS","rank":1,"rankOrd":"1st","gameWon":31,"gameLost":8,"stk":"W3","homeWin":15,"homeLoss":5,"awayWin":16,"awayLoss":3}
{"_id":{"$oid":"5cb552e5e0f627212ff3b0bd"},"stDate":"2018/1/5","teamAbbr":"GS","rank":1,"rankOrd":"1st","gameWon":31,"gameLost":8,"stk":"W3","homeWin":15,"homeLoss":5,"awayWin":16,"awayLoss":3}
{"_id":{"$oid":"5cb552e5e0f627212ff3b0e2"},"stDate":"2018/1/6","teamAbbr":"GS","rank":1,"rankOrd":"1st","gameWon":32,"gameLost":8,"stk":"W4","homeWin":15,"homeLoss":5,"awayWin":17,"awayLoss":3}
{"_id":{"$oid":"5cb552e5e0f627212ff3b100"},"stDate":"2018/1/7","teamAbbr":"GS","rank":1,"rankOrd":"1st","gameWon":32,"gameLost":8,"stk":"W4","homeWin":15,"homeLoss":5,"awayWin":17,"awayLoss":3}
{"_id":{"$oid":"5cb552e5e0f627212ff3b11d"},"stDate":"2018/1/8","teamAbbr":"GS","rank":1,"rankOrd":"1st","gameWon":33,"gameLost":8,"stk":"W5","homeWin":16,"homeLoss":5,"awayWin":17,"awayLoss":3}
{"_id":{"$oid":"5cb552e5e0f627212ff3b13c"},"stDate":"2018/1/9","teamAbbr":"GS","rank":1,"rankOrd":"1st","gameWon":33,"gameLost":8,"stk":"W5","homeWin":16,"homeLoss":5,"awayWin":17,"awayLoss":3}
{"_id":{"$oid":"5cb552e5e0f627212ff3b15a"},"stDate":"2018/1/10","teamAbbr":"GS","rank":1,"rankOrd":"1st","gameWon":33,"gameLost":9,"stk":"L1","homeWin":16,"homeLoss":6,"awayWin":17,"awayLoss":3}
{"_id":{"$oid":"5cb552e5e0f627212ff3b179"},"stDate":"2018/1/11","teamAbbr":"GS","rank":1,"rankOrd":"1st","gameWon":33,"gameLost":9,"stk":"L1","homeWin":16,"homeLoss":6,"awayWin":17,"awayLoss":3}
{"_id":{"$oid":"5cb552e5e0f627212ff3b1ab"},"stDate":"2018/1/12","teamAbbr":"GS","rank":1,"rankOrd":"1st","gameWon":34,"gameLost":9,"stk":"W1","homeWin":16,"homeLoss":6,"awayWin":18,"awayLoss":3}
{"_id":{"$oid":"5cb552e5e0f627212ff3b1b9"},"stDate":"2018/1/13","teamAbbr":"GS","rank":1,"rankOrd":"1st","gameWon":35,"gameLost":9,"stk":"W2","homeWin":16,"homeLoss":6,"awayWin":19,"awayLoss":3}
{"_id":{"$oid":"5cb552e5e0f627212ff3b1d2"},"stDate":"2018/1/14","teamAbbr":"GS","rank":1,"rankOrd":"1st","gameWon":35,"gameLost":9,"stk":"W2","homeWin":16,"homeLoss":6,"awayWin":19,"awayLoss":3}
{"_id":{"$oid":"5cb552e5e0f627212ff3b1f0"},"stDate":"2018/1/15","teamAbbr":"GS","rank":1,"rankOrd":"1st","gameWon":36,"gameLost":9,"stk":"W3","homeWin":16,"homeLoss":6,"awayWin":20,"awayLoss":3}
{"_id":{"$oid":"5cb552e5e0f627212ff3b20e"},"stDate":"2018/1/16","teamAbbr":"GS","rank":1,"rankOrd":"1st","gameWon":36,"gameLost":9,"stk":"W3","homeWin":16,"homeLoss":6,"awayWin":20,"awayLoss":3}
{"_id":{"$oid":"5cb552e5e0f627212ff3b22b"},"stDate":"2018/1/17","teamAbbr":"GS","rank":1,"rankOrd":"1st","gameWon":37,"gameLost":9,"stk":"W4","homeWin":16,"homeLoss":6,"awayWin":21,"awayLoss":3}
{"_id":{"$oid":"5cb552e5e0f627212ff3b24a"},"stDate":"2018/1/18","teamAbbr":"GS","rank":1,"rankOrd":"1st","gameWon":37,"gameLost":9,"stk":"W4","homeWin":16,"homeLoss":6,"awayWin":21,"awayLoss":3}
{"_id":{"$oid":"5cb552e5e0f627212ff3b267"},"stDate":"2018/1/19","teamAbbr":"GS","rank":1,"rankOrd":"1st","gameWon":37,"gameLost":9,"stk":"W4","homeWin":16,"homeLoss":6,"awayWin":21,"awayLoss":3}
{"_id":{"$oid":"5cb552e5e0f627212ff3b286"},"stDate":"2018/1/20","teamAbbr":"GS","rank":1,"rankOrd":"1st","gameWon":37,"gameLost":10,"stk":"L1","homeWin":16,"homeLoss":6,"awayWin":21,"awayLoss":4}
{"_id":{"$oid":"5cb552e5e0f627212ff3b2a4"},"stDate":"2018/1/21","teamAbbr":"GS","rank":1,"rankOrd":"1st","gameWon":37,"gameLost":10,"stk":"L1","homeWin":16,"homeLoss":6,"awayWin":21,"awayLoss":4}
{"_id":{"$oid":"5cb552e5e0f627212ff3b2c2"},"stDate":"2018/1/22","teamAbbr":"GS","rank":1,"rankOrd":"1st","gameWon":37,"gameLost":10,"stk":"L1","homeWin":16,"homeLoss":6,"awayWin":21,"awayLoss":4}
{"_id":{"$oid":"5cb552e5e0f627212ff3b2e0"},"stDate":"2018/1/23","teamAbbr":"GS","rank":1,"rankOrd":"1st","gameWon":38,"gameLost":10,"stk":"W1","homeWin":17,"homeLoss":6,"awayWin":21,"awayLoss":4}
{"_id":{"$oid":"5cb552e5e0f627212ff3b2fe"},"stDate":"2018/1/24","teamAbbr":"GS","rank":1,"rankOrd":"1st","gameWon":38,"gameLost":10,"stk":"W1","homeWin":17,"homeLoss":6,"awayWin":21,"awayLoss":4}
{"_id":{"$oid":"5cb552e5e0f627212ff3b31c"},"stDate":"2018/1/25","teamAbbr":"GS","rank":1,"rankOrd":"1st","gameWon":39,"gameLost":10,"stk":"W2","homeWin":18,"homeLoss":6,"awayWin":21,"awayLoss":4}
{"_id":{"$oid":"5cb552e5e0f627212ff3b33a"},"stDate":"2018/1/26","teamAbbr":"GS","rank":1,"rankOrd":"1st","gameWon":39,"gameLost":10,"stk":"W2","homeWin":18,"homeLoss":6,"awayWin":21,"awayLoss":4}
{"_id":{"$oid":"5cb552e5e0f627212ff3b35a"},"stDate":"2018/1/27","teamAbbr":"GS","rank":1,"rankOrd":"1st","gameWon":40,"gameLost":10,"stk":"W3","homeWin":19,"homeLoss":6,"awayWin":21,"awayLoss":4}
{"_id":{"$oid":"5cb552e5e0f627212ff3b376"},"stDate":"2018/1/28","teamAbbr":"GS","rank":1,"rankOrd":"1st","gameWon":40,"gameLost":10,"stk":"W3","homeWin":19,"homeLoss":6,"awayWin":21,"awayLoss":4}
{"_id":{"$oid":"5cb552e5e0f627212ff3b397"},"stDate":"2018/1/29","teamAbbr":"GS","rank":1,"rankOrd":"1st","gameWon":40,"gameLost":10,"stk":"W3","homeWin":19,"homeLoss":6,"awayWin":21,"awayLoss":4}
{"_id":{"$oid":"5cb552e5e0f627212ff3b3b3"},"stDate":"2018/1/30","teamAbbr":"GS","rank":1,"rankOrd":"1st","gameWon":40,"gameLost":11,"stk":"L1","homeWin":19,"homeLoss":6,"awayWin":21,"awayLoss":5}
{"_id":{"$oid":"5cb552e5e0f627212ff3b3d0"},"stDate":"2018/1/31","teamAbbr":"GS","rank":1,"rankOrd":"1st","gameWon":40,"gameLost":11,"stk":"L1","homeWin":19,"homeLoss":6,"awayWin":21,"awayLoss":5}
{"_id":{"$oid":"5cb552e5e0f627212ff3b3ec"},"stDate":"2018/2/1","teamAbbr":"GS","rank":1,"rankOrd":"1st","gameWon":40,"gameLost":11,"stk":"L1","homeWin":19,"homeLoss":6,"awayWin":21,"awayLoss":5}
{"_id":{"$oid":"5cb552e5e0f627212ff3b40e"},"stDate":"2018/2/2","teamAbbr":"GS","rank":1,"rankOrd":"1st","gameWon":41,"gameLost":11,"stk":"W1","homeWin":19,"homeLoss":6,"awayWin":22,"awayLoss":5}
{"_id":{"$oid":"5cb552e5e0f627212ff3b42b"},"stDate":"2018/2/3","teamAbbr":"GS","rank":1,"rankOrd":"1st","gameWon":41,"gameLost":12,"stk":"L1","homeWin":19,"homeLoss":6,"awayWin":22,"awayLoss":6}
{"_id":{"$oid":"5cb552e5e0f627212ff3b442"},"stDate":"2018/2/4","teamAbbr":"GS","rank":1,"rankOrd":"1st","gameWon":41,"gameLost":12,"stk":"L1","homeWin":19,"homeLoss":6,"awayWin":22,"awayLoss":6}
{"_id":{"$oid":"5cb552e5e0f627212ff3b468"},"stDate":"2018/2/5","teamAbbr":"GS","rank":1,"rankOrd":"1st","gameWon":41,"gameLost":12,"stk":"L1","homeWin":19,"homeLoss":6,"awayWin":22,"awayLoss":6}
{"_id":{"$oid":"5cb552e5e0f627212ff3b485"},"stDate":"2018/2/6","teamAbbr":"GS","rank":1,"rankOrd":"1st","gameWon":41,"gameLost":13,"stk":"L2","homeWin":19,"homeLoss":7,"awayWin":22,"awayLoss":6}
{"_id":{"$oid":"5cb552e5e0f627212ff3b4a1"},"stDate":"2018/2/7","teamAbbr":"GS","rank":1,"rankOrd":"1st","gameWon":41,"gameLost":13,"stk":"L2","homeWin":19,"homeLoss":7,"awayWin":22,"awayLoss":6}
{"_id":{"$oid":"5cb552e5e0f627212ff3b4bf"},"stDate":"2018/2/8","teamAbbr":"GS","rank":1,"rankOrd":"1st","gameWon":42,"gameLost":13,"stk":"W1","homeWin":20,"homeLoss":7,"awayWin":22,"awayLoss":6}
{"_id":{"$oid":"5cb552e5e0f627212ff3b4df"},"stDate":"2018/2/9","teamAbbr":"GS","rank":1,"rankOrd":"1st","gameWon":42,"gameLost":13,"stk":"W1","homeWin":20,"homeLoss":7,"awayWin":22,"awayLoss":6}
{"_id":{"$oid":"5cb552e5e0f627212ff3b4fd"},"stDate":"2018/2/10","teamAbbr":"GS","rank":1,"rankOrd":"1st","gameWon":43,"gameLost":13,"stk":"W2","homeWin":21,"homeLoss":7,"awayWin":22,"awayLoss":6}
{"_id":{"$oid":"5cb552e5e0f627212ff3b51a"},"stDate":"2018/2/11","teamAbbr":"GS","rank":1,"rankOrd":"1st","gameWon":43,"gameLost":13,"stk":"W2","homeWin":21,"homeLoss":7,"awayWin":22,"awayLoss":6}
{"_id":{"$oid":"5cb552e5e0f627212ff3b539"},"stDate":"2018/2/12","teamAbbr":"GS","rank":1,"rankOrd":"1st","gameWon":44,"gameLost":13,"stk":"W3","homeWin":22,"homeLoss":7,"awayWin":22,"awayLoss":6}
{"_id":{"$oid":"5cb552e5e0f627212ff3b551"},"stDate":"2018/2/13","teamAbbr":"GS","rank":1,"rankOrd":"1st","gameWon":44,"gameLost":13,"stk":"W3","homeWin":22,"homeLoss":7,"awayWin":22,"awayLoss":6}
{"_id":{"$oid":"5cb552e5e0f627212ff3b575"},"stDate":"2018/2/14","teamAbbr":"GS","rank":2,"rankOrd":"2nd","gameWon":44,"gameLost":14,"stk":"L1","homeWin":22,"homeLoss":7,"awayWin":22,"awayLoss":7}
{"_id":{"$oid":"5cb552e5e0f627212ff3b593"},"stDate":"2018/2/15","teamAbbr":"GS","rank":2,"rankOrd":"2nd","gameWon":44,"gameLost":14,"stk":"L1","homeWin":22,"homeLoss":7,"awayWin":22,"awayLoss":7}
{"_id":{"$oid":"5cb552e5e0f627212ff3b5b0"},"stDate":"2018/2/22","teamAbbr":"GS","rank":1,"rankOrd":"1st","gameWon":45,"gameLost":14,"stk":"W1","homeWin":23,"homeLoss":7,"awayWin":22,"awayLoss":7}
{"_id":{"$oid":"5cb552e5e0f627212ff3b5cf"},"stDate":"2018/2/23","teamAbbr":"GS","rank":2,"rankOrd":"2nd","gameWon":45,"gameLost":14,"stk":"W1","homeWin":23,"homeLoss":7,"awayWin":22,"awayLoss":7}
{"_id":{"$oid":"5cb552e5e0f627212ff3b5ec"},"stDate":"2018/2/24","teamAbbr":"GS","rank":1,"rankOrd":"1st","gameWon":46,"gameLost":14,"stk":"W2","homeWin":24,"homeLoss":7,"awayWin":22,"awayLoss":7}
{"_id":{"$oid":"5cb552e5e0f627212ff3b60a"},"stDate":"2018/2/25","teamAbbr":"GS","rank":2,"rankOrd":"2nd","gameWon":46,"gameLost":14,"stk":"W2","homeWin":24,"homeLoss":7,"awayWin":22,"awayLoss":7}
{"_id":{"$oid":"5cb552e5e0f627212ff3b62b"},"stDate":"2018/2/26","teamAbbr":"GS","rank":2,"rankOrd":"2nd","gameWon":47,"gameLost":14,"stk":"W3","homeWin":24,"homeLoss":7,"awayWin":23,"awayLoss":7}
{"_id":{"$oid":"5cb552e5e0f627212ff3b648"},"stDate":"2018/2/27","teamAbbr":"GS","rank":2,"rankOrd":"2nd","gameWon":47,"gameLost":14,"stk":"W3","homeWin":24,"homeLoss":7,"awayWin":23,"awayLoss":7}
{"_id":{"$oid":"5cb552e5e0f627212ff3b664"},"stDate":"2018/2/28","teamAbbr":"GS","rank":2,"rankOrd":"2nd","gameWon":48,"gameLost":14,"stk":"W4","homeWin":24,"homeLoss":7,"awayWin":24,"awayLoss":7}
{"_id":{"$oid":"5cb552e5e0f627212ff3b683"},"stDate":"2018/3/1","teamAbbr":"GS","rank":2,"rankOrd":"2nd","gameWon":48,"gameLost":14,"stk":"W4","homeWin":24,"homeLoss":7,"awayWin":24,"awayLoss":7}
{"_id":{"$oid":"5cb552e5e0f627212ff3b6a1"},"stDate":"2018/3/2","teamAbbr":"GS","rank":1,"rankOrd":"1st","gameWon":49,"gameLost":14,"stk":"W5","homeWin":24,"homeLoss":7,"awayWin":25,"awayLoss":7}
{"_id":{"$oid":"5cb552e5e0f627212ff3b6bf"},"stDate":"2018/3/3","teamAbbr":"GS","rank":2,"rankOrd":"2nd","gameWon":49,"gameLost":14,"stk":"W5","homeWin":24,"homeLoss":7,"awayWin":25,"awayLoss":7}
{"_id":{"$oid":"5cb552e5e0f627212ff3b6de"},"stDate":"2018/3/4","teamAbbr":"GS","rank":2,"rankOrd":"2nd","gameWon":49,"gameLost":14,"stk":"W5","homeWin":24,"homeLoss":7,"awayWin":25,"awayLoss":7}
{"_id":{"$oid":"5cb552e5e0f627212ff3b6f5"},"stDate":"2018/3/5","teamAbbr":"GS","rank":2,"rankOrd":"2nd","gameWon":49,"gameLost":14,"stk":"W5","homeWin":24,"homeLoss":7,"awayWin":25,"awayLoss":7}
{"_id":{"$oid":"5cb552e5e0f627212ff3b719"},"stDate":"2018/3/6","teamAbbr":"GS","rank":2,"rankOrd":"2nd","gameWon":50,"gameLost":14,"stk":"W6","homeWin":25,"homeLoss":7,"awayWin":25,"awayLoss":7}
{"_id":{"$oid":"5cb552e5e0f627212ff3b737"},"stDate":"2018/3/7","teamAbbr":"GS","rank":2,"rankOrd":"2nd","gameWon":50,"gameLost":14,"stk":"W6","homeWin":25,"homeLoss":7,"awayWin":25,"awayLoss":7}
{"_id":{"$oid":"5cb552e5e0f627212ff3b756"},"stDate":"2018/3/8","teamAbbr":"GS","rank":2,"rankOrd":"2nd","gameWon":51,"gameLost":14,"stk":"W7","homeWin":26,"homeLoss":7,"awayWin":25,"awayLoss":7}
{"_id":{"$oid":"5cb552e5e0f627212ff3b776"},"stDate":"2018/3/9","teamAbbr":"GS","rank":2,"rankOrd":"2nd","gameWon":51,"gameLost":15,"stk":"L1","homeWin":26,"homeLoss":7,"awayWin":25,"awayLoss":8}
{"_id":{"$oid":"5cb552e5e0f627212ff3b794"},"stDate":"2018/3/10","teamAbbr":"GS","rank":2,"rankOrd":"2nd","gameWon":51,"gameLost":15,"stk":"L1","homeWin":26,"homeLoss":7,"awayWin":25,"awayLoss":8}
{"_id":{"$oid":"5cb552e5e0f627212ff3b7b0"},"stDate":"2018/3/11","teamAbbr":"GS","rank":2,"rankOrd":"2nd","gameWon":51,"gameLost":16,"stk":"L2","homeWin":26,"homeLoss":7,"awayWin":25,"awayLoss":9}
{"_id":{"$oid":"5cb552e5e0f627212ff3b7d0"},"stDate":"2018/3/12","teamAbbr":"GS","rank":2,"rankOrd":"2nd","gameWon":51,"gameLost":16,"stk":"L2","homeWin":26,"homeLoss":7,"awayWin":25,"awayLoss":9}
{"_id":{"$oid":"5cb552e5e0f627212ff3b7ec"},"stDate":"2018/3/13","teamAbbr":"GS","rank":2,"rankOrd":"2nd","gameWon":51,"gameLost":16,"stk":"L2","homeWin":26,"homeLoss":7,"awayWin":25,"awayLoss":9}
{"_id":{"$oid":"5cb552e5e0f627212ff3b80a"},"stDate":"2018/3/14","teamAbbr":"GS","rank":2,"rankOrd":"2nd","gameWon":52,"gameLost":16,"stk":"W1","homeWin":27,"homeLoss":7,"awayWin":25,"awayLoss":9}
{"_id":{"$oid":"5cb552e5e0f627212ff3b827"},"stDate":"2018/3/15","teamAbbr":"GS","rank":2,"rankOrd":"2nd","gameWon":52,"gameLost":16,"stk":"W1","homeWin":27,"homeLoss":7,"awayWin":25,"awayLoss":9}
{"_id":{"$oid":"5cb552e5e0f627212ff3b846"},"stDate":"2018/3/16","teamAbbr":"GS","rank":2,"rankOrd":"2nd","gameWon":52,"gameLost":17,"stk":"L1","homeWin":27,"homeLoss":8,"awayWin":25,"awayLoss":9}
{"_id":{"$oid":"5cb552e5e0f627212ff3b864"},"stDate":"2018/3/17","teamAbbr":"GS","rank":2,"rankOrd":"2nd","gameWon":53,"gameLost":17,"stk":"W1","homeWin":27,"homeLoss":8,"awayWin":26,"awayLoss":9}
{"_id":{"$oid":"5cb552e5e0f627212ff3b882"},"stDate":"2018/3/18","teamAbbr":"GS","rank":2,"rankOrd":"2nd","gameWon":53,"gameLost":17,"stk":"W1","homeWin":27,"homeLoss":8,"awayWin":26,"awayLoss":9}
{"_id":{"$oid":"5cb552e5e0f627212ff3b8a0"},"stDate":"2018/3/19","teamAbbr":"GS","rank":2,"rankOrd":"2nd","gameWon":53,"gameLost":18,"stk":"L1","homeWin":27,"homeLoss":8,"awayWin":26,"awayLoss":10}
{"_id":{"$oid":"5cb552e5e0f627212ff3b8be"},"stDate":"2018/3/20","teamAbbr":"GS","rank":2,"rankOrd":"2nd","gameWon":53,"gameLost":18,"stk":"L1","homeWin":27,"homeLoss":8,"awayWin":26,"awayLoss":10}
{"_id":{"$oid":"5cb552e5e0f627212ff3b8dc"},"stDate":"2018/3/21","teamAbbr":"GS","rank":2,"rankOrd":"2nd","gameWon":53,"gameLost":18,"stk":"L1","homeWin":27,"homeLoss":8,"awayWin":26,"awayLoss":10}
{"_id":{"$oid":"5cb552e5e0f627212ff3b8fa"},"stDate":"2018/3/22","teamAbbr":"GS","rank":2,"rankOrd":"2nd","gameWon":53,"gameLost":18,"stk":"L1","homeWin":27,"homeLoss":8,"awayWin":26,"awayLoss":10}
{"_id":{"$oid":"5cb552e5e0f627212ff3b918"},"stDate":"2018/3/23","teamAbbr":"GS","rank":2,"rankOrd":"2nd","gameWon":54,"gameLost":18,"stk":"W1","homeWin":28,"homeLoss":8,"awayWin":26,"awayLoss":10}
{"_id":{"$oid":"5cb552e5e0f627212ff3b936"},"stDate":"2018/3/24","teamAbbr":"GS","rank":2,"rankOrd":"2nd","gameWon":54,"gameLost":18,"stk":"W1","homeWin":28,"homeLoss":8,"awayWin":26,"awayLoss":10}
{"_id":{"$oid":"5cb552e5e0f627212ff3b954"},"stDate":"2018/3/25","teamAbbr":"GS","rank":2,"rankOrd":"2nd","gameWon":54,"gameLost":19,"stk":"L1","homeWin":28,"homeLoss":9,"awayWin":26,"awayLoss":10}
{"_id":{"$oid":"5cb552e5e0f627212ff3b972"},"stDate":"2018/3/26","teamAbbr":"GS","rank":2,"rankOrd":"2nd","gameWon":54,"gameLost":19,"stk":"L1","homeWin":28,"homeLoss":9,"awayWin":26,"awayLoss":10}
{"_id":{"$oid":"5cb552e5e0f627212ff3b990"},"stDate":"2018/3/27","teamAbbr":"GS","rank":2,"rankOrd":"2nd","gameWon":54,"gameLost":20,"stk":"L2","homeWin":28,"homeLoss":10,"awayWin":26,"awayLoss":10}
{"_id":{"$oid":"5cb552e5e0f627212ff3b9ae"},"stDate":"2018/3/28","teamAbbr":"GS","rank":2,"rankOrd":"2nd","gameWon":54,"gameLost":20,"stk":"L2","homeWin":28,"homeLoss":10,"awayWin":26,"awayLoss":10}
{"_id":{"$oid":"5cb552e5e0f627212ff3b9cc"},"stDate":"2018/3/29","teamAbbr":"GS","rank":2,"rankOrd":"2nd","gameWon":54,"gameLost":21,"stk":"L3","homeWin":28,"homeLoss":11,"awayWin":26,"awayLoss":10}
{"_id":{"$oid":"5cb552e5e0f627212ff3b9e9"},"stDate":"2018/3/30","teamAbbr":"GS","rank":2,"rankOrd":"2nd","gameWon":54,"gameLost":21,"stk":"L3","homeWin":28,"homeLoss":11,"awayWin":26,"awayLoss":10}
{"_id":{"$oid":"5cb552e5e0f627212ff3ba08"},"stDate":"2018/3/31","teamAbbr":"GS","rank":2,"rankOrd":"2nd","gameWon":55,"gameLost":21,"stk":"W1","homeWin":28,"homeLoss":11,"awayWin":27,"awayLoss":10}
{"_id":{"$oid":"5cb552e5e0f627212ff3ba26"},"stDate":"2018/4/1","teamAbbr":"GS","rank":2,"rankOrd":"2nd","gameWon":56,"gameLost":21,"stk":"W2","homeWin":29,"homeLoss":11,"awayWin":27,"awayLoss":10}
{"_id":{"$oid":"5cb552e5e0f627212ff3ba43"},"stDate":"2018/4/3","teamAbbr":"GS","rank":2,"rankOrd":"2nd","gameWon":57,"gameLost":21,"stk":"W3","homeWin":29,"homeLoss":11,"awayWin":28,"awayLoss":10}
{"_id":{"$oid":"5cb552e5e0f627212ff3ba65"},"stDate":"2018/4/4","teamAbbr":"GS","rank":2,"rankOrd":"2nd","gameWon":57,"gameLost":21,"stk":"W3","homeWin":29,"homeLoss":11,"awayWin":28,"awayLoss":10}
{"_id":{"$oid":"5cb552e5e0f627212ff3ba80"},"stDate":"2018/4/5","teamAbbr":"GS","rank":2,"rankOrd":"2nd","gameWon":57,"gameLost":22,"stk":"L1","homeWin":29,"homeLoss":11,"awayWin":28,"awayLoss":11}
{"_id":{"$oid":"5cb552e5e0f627212ff3ba9e"},"stDate":"2018/4/6","teamAbbr":"GS","rank":2,"rankOrd":"2nd","gameWon":57,"gameLost":22,"stk":"L1","homeWin":29,"homeLoss":11,"awayWin":28,"awayLoss":11}
{"_id":{"$oid":"5cb552e5e0f627212ff3babc"},"stDate":"2018/4/7","teamAbbr":"GS","rank":2,"rankOrd":"2nd","gameWon":57,"gameLost":23,"stk":"L2","homeWin":29,"homeLoss":12,"awayWin":28,"awayLoss":11}
{"_id":{"$oid":"5cb552e5e0f627212ff3bad9"},"stDate":"2018/4/8","teamAbbr":"GS","rank":2,"rankOrd":"2nd","gameWon":58,"gameLost":23,"stk":"W1","homeWin":29,"homeLoss":12,"awayWin":29,"awayLoss":11}
{"_id":{"$oid":"5cb552e5e0f627212ff3baf8"},"stDate":"2018/4/9","teamAbbr":"GS","rank":2,"rankOrd":"2nd","gameWon":58,"gameLost":23,"stk":"W1","homeWin":29,"homeLoss":12,"awayWin":29,"awayLoss":11}
{"_id":{"$oid":"5cb552e5e0f627212ff3bb16"},"stDate":"2018/4/10","teamAbbr":"GS","rank":2,"rankOrd":"2nd","gameWon":58,"gameLost":24,"stk":"L1","homeWin":29,"homeLoss":12,"awayWin":29,"awayLoss":12}
{"_id":{"$oid":"5cb552e5e0f627212ff3bb35"},"stDate":"2018/4/11","teamAbbr":"GS","rank":2,"rankOrd":"2nd","gameWon":58,"gameLost":24,"stk":"L1","homeWin":29,"homeLoss":12,"awayWin":29,"awayLoss":12}
