{"_id":{"$oid":"5cb552f6e0f627212ff3bb50"},"gmDate":"2017/10/18","offLNm3":"Collins","offFNm3":"Derrick","teamAbbr":"IND","teamConf":"East","teamLoc":"Home","teamRslt":"Win","teamPTS":140,"teamAST":29,"teamTO":14,"teamSTL":12,"teamBLK":9,"teamPF":25,"teamFGA":102,"teamFGM":53,"team2PA":68,"team2PM":44,"team3PA":34,"team3PM":9,"teamFTA":32,"teamFTM":25,"teamORB":14,"teamDRB":33,"teamPTS1":29,"teamPTS2":36,"teamPTS3":41,"teamPTS4":34,"teamPTS5":0,"teamPTS6":0,"teamPTS7":0,"teamPTS8":0,"opptAbbr":"BKN","opptConf":"East","opptLoc":"Away","opptRslt":"Loss","opptPTS":131,"opptAST":22,"opptTO":20,"opptSTL":7,"opptBLK":2,"opptPF":25,"opptFGA":94,"opptFGM":45,"oppt2PA":64,"oppt2PM":33,"oppt3PA":30,"oppt3PM":12,"opptFTA":32,"opptFTM":29,"opptORB":11,"opptDRB":32,"opptPTS1":30,"opptPTS2":33,"opptPTS3":35,"opptPTS4":33,"opptPTS5":0,"opptPTS6":0,"opptPTS7":0,"opptPTS8":0}
{"_id":{"$oid":"5cb552f6e0f627212ff3bb5f"},"gmDate":"2017/10/20","offLNm3":"Brown","offFNm3":"Tony","teamAbbr":"IND","teamConf":"East","teamLoc":"Home","teamRslt":"Loss","teamPTS":96,"teamAST":15,"teamTO":12,"teamSTL":1,"teamBLK":4,"teamPF":17,"teamFGA":78,"teamFGM":35,"team2PA":60,"team2PM":31,"team3PA":18,"team3PM":4,"teamFTA":33,"teamFTM":22,"teamORB":6,"teamDRB":33,"teamPTS1":25,"teamPTS2":27,"teamPTS3":21,"teamPTS4":23,"teamPTS5":0,"teamPTS6":0,"teamPTS7":0,"teamPTS8":0,"opptAbbr":"POR","opptConf":"West","opptLoc":"Away","opptRslt":"Win","opptPTS":114,"opptAST":19,"opptTO":9,"opptSTL":5,"opptBLK":6,"opptPF":26,"opptFGA":95,"opptFGM":46,"oppt2PA":76,"oppt2PM":37,"oppt3PA":19,"oppt3PM":9,"opptFTA":17,"opptFTM":13,"opptORB":11,"opptDRB":40,"opptPTS1":31,"opptPTS2":31,"opptPTS3":29,"opptPTS4":23,"opptPTS5":0,"opptPTS6":0,"opptPTS7":0,"opptPTS8":0}
{"_id":{"$oid":"5cb552f6e0f627212ff3bb6d"},"gmDate":"2017/10/21","offLNm3":"Lewis","offFNm3":"Eric","teamAbbr":"MIA","teamConf":"East","teamLoc":"Home","teamRslt":"Win","teamPTS":112,"teamAST":24,"teamTO":14,"teamSTL":6,"teamBLK":11,"teamPF":19,"teamFGA":87,"teamFGM":45,"team2PA":53,"team2PM":31,"team3PA":34,"team3PM":14,"teamFTA":14,"teamFTM":8,"teamORB":6,"teamDRB":39,"teamPTS1":26,"teamPTS2":37,"teamPTS3":28,"teamPTS4":21,"teamPTS5":0,"teamPTS6":0,"teamPTS7":0,"teamPTS8":0,"opptAbbr":"IND","opptConf":"East","opptLoc":"Away","opptRslt":"Loss","opptPTS":108,"opptAST":18,"opptTO":11,"opptSTL":9,"opptBLK":4,"opptPF":18,"opptFGA":96,"opptFGM":43,"oppt2PA":77,"oppt2PM":36,"oppt3PA":19,"oppt3PM":7,"opptFTA":21,"opptFTM":15,"opptORB":13,"opptDRB":32,"opptPTS1":31,"opptPTS2":19,"opptPTS3":26,"opptPTS4":32,"opptPTS5":0,"opptPTS6":0,"opptPTS7":0,"opptPTS8":0}
{"_id":{"$oid":"5cb552f6e0f627212ff3bb87"},"gmDate":"2017/10/24","offLNm3":"Brothers","offFNm3":"Tony","teamAbbr":"MIN","teamConf":"West","teamLoc":"Home","teamRslt":"Loss","teamPTS":107,"teamAST":27,"teamTO":14,"teamSTL":9,"teamBLK":4,"teamPF":14,"teamFGA":86,"teamFGM":42,"team2PA":62,"team2PM":33,"team3PA":24,"team3PM":9,"teamFTA":22,"teamFTM":14,"teamORB":9,"teamDRB":18,"teamPTS1":20,"teamPTS2":41,"teamPTS3":23,"teamPTS4":23,"teamPTS5":0,"teamPTS6":0,"teamPTS7":0,"teamPTS8":0,"opptAbbr":"IND","opptConf":"East","opptLoc":"Away","opptRslt":"Win","opptPTS":130,"opptAST":31,"opptTO":18,"opptSTL":8,"opptBLK":2,"opptPF":21,"opptFGA":84,"opptFGM":56,"oppt2PA":62,"oppt2PM":46,"oppt3PA":22,"oppt3PM":10,"opptFTA":11,"opptFTM":8,"opptORB":8,"opptDRB":34,"opptPTS1":33,"opptPTS2":28,"opptPTS3":37,"opptPTS4":32,"opptPTS5":0,"opptPTS6":0,"opptPTS7":0,"opptPTS8":0}
{"_id":{"$oid":"5cb552f6e0f627212ff3bb89"},"gmDate":"2017/10/25","offLNm3":"Collins","offFNm3":"Derrick","teamAbbr":"OKC","teamConf":"West","teamLoc":"Home","teamRslt":"Win","teamPTS":114,"teamAST":26,"teamTO":20,"teamSTL":8,"teamBLK":8,"teamPF":27,"teamFGA":89,"teamFGM":43,"team2PA":62,"team2PM":33,"team3PA":27,"team3PM":10,"teamFTA":26,"teamFTM":18,"teamORB":16,"teamDRB":33,"teamPTS1":30,"teamPTS2":24,"teamPTS3":32,"teamPTS4":28,"teamPTS5":0,"teamPTS6":0,"teamPTS7":0,"teamPTS8":0,"opptAbbr":"IND","opptConf":"East","opptLoc":"Away","opptRslt":"Loss","opptPTS":96,"opptAST":13,"opptTO":19,"opptSTL":13,"opptBLK":2,"opptPF":23,"opptFGA":83,"opptFGM":28,"oppt2PA":54,"oppt2PM":18,"oppt3PA":29,"oppt3PM":10,"opptFTA":35,"opptFTM":30,"opptORB":14,"opptDRB":27,"opptPTS1":27,"opptPTS2":21,"opptPTS3":26,"opptPTS4":22,"opptPTS5":0,"opptPTS6":0,"opptPTS7":0,"opptPTS8":0}
{"_id":{"$oid":"5cb552f6e0f627212ff3bba3"},"gmDate":"2017/10/29","offLNm3":"Zarba","offFNm3":"Zach","teamAbbr":"IND","teamConf":"East","teamLoc":"Home","teamRslt":"Win","teamPTS":97,"teamAST":21,"teamTO":19,"teamSTL":9,"teamBLK":3,"teamPF":20,"teamFGA":77,"teamFGM":36,"team2PA":55,"team2PM":26,"team3PA":22,"team3PM":10,"teamFTA":20,"teamFTM":15,"teamORB":6,"teamDRB":38,"teamPTS1":26,"teamPTS2":27,"teamPTS3":15,"teamPTS4":29,"teamPTS5":0,"teamPTS6":0,"teamPTS7":0,"teamPTS8":0,"opptAbbr":"SA","opptConf":"West","opptLoc":"Away","opptRslt":"Loss","opptPTS":94,"opptAST":19,"opptTO":17,"opptSTL":12,"opptBLK":8,"opptPF":11,"opptFGA":90,"opptFGM":36,"oppt2PA":62,"oppt2PM":27,"oppt3PA":28,"oppt3PM":9,"opptFTA":18,"opptFTM":13,"opptORB":12,"opptDRB":32,"opptPTS1":24,"opptPTS2":24,"opptPTS3":16,"opptPTS4":30,"opptPTS5":0,"opptPTS6":0,"opptPTS7":0,"opptPTS8":0}
{"_id":{"$oid":"5cb552f6e0f627212ff3bbb2"},"gmDate":"2017/10/31","offLNm3":"Adams","offFNm3":"Bennie","teamAbbr":"IND","teamConf":"East","teamLoc":"Home","teamRslt":"Win","teamPTS":101,"teamAST":25,"teamTO":15,"teamSTL":8,"teamBLK":7,"teamPF":17,"teamFGA":85,"teamFGM":36,"team2PA":56,"team2PM":24,"team3PA":29,"team3PM":12,"teamFTA":22,"teamFTM":17,"teamORB":14,"teamDRB":39,"teamPTS1":24,"teamPTS2":31,"teamPTS3":14,"teamPTS4":32,"teamPTS5":0,"teamPTS6":0,"teamPTS7":0,"teamPTS8":0,"opptAbbr":"SAC","opptConf":"West","opptLoc":"Away","opptRslt":"Loss","opptPTS":83,"opptAST":15,"opptTO":15,"opptSTL":8,"opptBLK":5,"opptPF":18,"opptFGA":88,"opptFGM":37,"oppt2PA":74,"oppt2PM":35,"oppt3PA":14,"oppt3PM":2,"opptFTA":14,"opptFTM":7,"opptORB":10,"opptDRB":36,"opptPTS1":13,"opptPTS2":17,"opptPTS3":18,"opptPTS4":35,"opptPTS5":0,"opptPTS6":0,"opptPTS7":0,"opptPTS8":0}
{"_id":{"$oid":"5cb552f6e0f627212ff3bbb7"},"gmDate":"2017/11/1","offLNm3":"Ervin","offFNm3":"Mitchell","teamAbbr":"CLE","teamConf":"East","teamLoc":"Home","teamRslt":"Loss","teamPTS":107,"teamAST":25,"teamTO":16,"teamSTL":6,"teamBLK":3,"teamPF":19,"teamFGA":86,"teamFGM":43,"team2PA":55,"team2PM":36,"team3PA":31,"team3PM":7,"teamFTA":20,"teamFTM":14,"teamORB":8,"teamDRB":33,"teamPTS1":28,"teamPTS2":33,"teamPTS3":24,"teamPTS4":22,"teamPTS5":0,"teamPTS6":0,"teamPTS7":0,"teamPTS8":0,"opptAbbr":"IND","opptConf":"East","opptLoc":"Away","opptRslt":"Win","opptPTS":124,"opptAST":35,"opptTO":14,"opptSTL":9,"opptBLK":1,"opptPF":23,"opptFGA":90,"opptFGM":49,"oppt2PA":64,"oppt2PM":33,"oppt3PA":26,"oppt3PM":16,"opptFTA":13,"opptFTM":10,"opptORB":8,"opptDRB":35,"opptPTS1":30,"opptPTS2":32,"opptPTS3":30,"opptPTS4":32,"opptPTS5":0,"opptPTS6":0,"opptPTS7":0,"opptPTS8":0}
{"_id":{"$oid":"5cb552f6e0f627212ff3bbc6"},"gmDate":"2017/11/3","offLNm3":"Brown","offFNm3":"Tony","teamAbbr":"PHI","teamConf":"East","teamLoc":"Home","teamRslt":"Win","teamPTS":121,"teamAST":34,"teamTO":20,"teamSTL":7,"teamBLK":9,"teamPF":20,"teamFGA":92,"teamFGM":46,"team2PA":56,"team2PM":28,"team3PA":36,"team3PM":18,"teamFTA":14,"teamFTM":11,"teamORB":12,"teamDRB":38,"teamPTS1":30,"teamPTS2":26,"teamPTS3":36,"teamPTS4":29,"teamPTS5":0,"teamPTS6":0,"teamPTS7":0,"teamPTS8":0,"opptAbbr":"IND","opptConf":"East","opptLoc":"Away","opptRslt":"Loss","opptPTS":110,"opptAST":25,"opptTO":12,"opptSTL":6,"opptBLK":6,"opptPF":18,"opptFGA":97,"opptFGM":45,"oppt2PA":69,"oppt2PM":37,"oppt3PA":28,"oppt3PM":8,"opptFTA":19,"opptFTM":12,"opptORB":8,"opptDRB":32,"opptPTS1":28,"opptPTS2":35,"opptPTS3":26,"opptPTS4":21,"opptPTS5":0,"opptPTS6":0,"opptPTS7":0,"opptPTS8":0}
{"_id":{"$oid":"5cb552f6e0f627212ff3bbdb"},"gmDate":"2017/11/5","offLNm3":"Washington","offFNm3":"Tom","teamAbbr":"NY","teamConf":"East","teamLoc":"Home","teamRslt":"Win","teamPTS":108,"teamAST":24,"teamTO":12,"teamSTL":8,"teamBLK":7,"teamPF":21,"teamFGA":88,"teamFGM":44,"team2PA":65,"team2PM":38,"team3PA":23,"team3PM":6,"teamFTA":19,"teamFTM":14,"teamORB":12,"teamDRB":34,"teamPTS1":25,"teamPTS2":24,"teamPTS3":23,"teamPTS4":36,"teamPTS5":0,"teamPTS6":0,"teamPTS7":0,"teamPTS8":0,"opptAbbr":"IND","opptConf":"East","opptLoc":"Away","opptRslt":"Loss","opptPTS":101,"opptAST":24,"opptTO":12,"opptSTL":6,"opptBLK":2,"opptPF":17,"opptFGA":79,"opptFGM":37,"oppt2PA":54,"oppt2PM":25,"oppt3PA":25,"oppt3PM":12,"opptFTA":17,"opptFTM":15,"opptORB":4,"opptDRB":30,"opptPTS1":33,"opptPTS2":29,"opptPTS3":22,"opptPTS4":17,"opptPTS5":0,"opptPTS6":0,"opptPTS7":0,"opptPTS8":0}
{"_id":{"$oid":"5cb552f6e0f627212ff3bbe3"},"gmDate":"2017/11/7","offLNm3":"Adair","offFNm3":"Brandon","teamAbbr":"IND","teamConf":"East","teamLoc":"Home","teamRslt":"Loss","teamPTS":112,"teamAST":19,"teamTO":11,"teamSTL":4,"teamBLK":4,"teamPF":21,"teamFGA":93,"teamFGM":44,"team2PA":69,"team2PM":35,"team3PA":24,"team3PM":9,"teamFTA":18,"teamFTM":15,"teamORB":11,"teamDRB":30,"teamPTS1":37,"teamPTS2":38,"teamPTS3":19,"teamPTS4":18,"teamPTS5":0,"teamPTS6":0,"teamPTS7":0,"teamPTS8":0,"opptAbbr":"NO","opptConf":"West","opptLoc":"Away","opptRslt":"Win","opptPTS":117,"opptAST":23,"opptTO":13,"opptSTL":6,"opptBLK":5,"opptPF":18,"opptFGA":87,"opptFGM":44,"oppt2PA":52,"oppt2PM":30,"oppt3PA":35,"oppt3PM":14,"opptFTA":22,"opptFTM":15,"opptORB":11,"opptDRB":32,"opptPTS1":34,"opptPTS2":27,"opptPTS3":35,"opptPTS4":21,"opptPTS5":0,"opptPTS6":0,"opptPTS7":0,"opptPTS8":0}
{"_id":{"$oid":"5cb552f6e0f627212ff3bbec"},"gmDate":"2017/11/8","offLNm3":"Richardson","offFNm3":"Derek","teamAbbr":"DET","teamConf":"East","teamLoc":"Home","teamRslt":"Win","teamPTS":114,"teamAST":25,"teamTO":18,"teamSTL":3,"teamBLK":5,"teamPF":22,"teamFGA":83,"teamFGM":43,"team2PA":56,"team2PM":31,"team3PA":27,"team3PM":12,"teamFTA":25,"teamFTM":16,"teamORB":8,"teamDRB":42,"teamPTS1":22,"teamPTS2":37,"teamPTS3":23,"teamPTS4":32,"teamPTS5":0,"teamPTS6":0,"teamPTS7":0,"teamPTS8":0,"opptAbbr":"IND","opptConf":"East","opptLoc":"Away","opptRslt":"Loss","opptPTS":97,"opptAST":22,"opptTO":15,"opptSTL":8,"opptBLK":3,"opptPF":24,"opptFGA":88,"opptFGM":38,"oppt2PA":64,"oppt2PM":31,"oppt3PA":24,"oppt3PM":7,"opptFTA":18,"opptFTM":14,"opptORB":7,"opptDRB":31,"opptPTS1":30,"opptPTS2":22,"opptPTS3":23,"opptPTS4":22,"opptPTS5":0,"opptPTS6":0,"opptPTS7":0,"opptPTS8":0}
{"_id":{"$oid":"5cb552f6e0f627212ff3bbf8"},"gmDate":"2017/11/10","offLNm3":"Ayotte","offFNm3":"Mark","teamAbbr":"CHI","teamConf":"East","teamLoc":"Home","teamRslt":"Loss","teamPTS":87,"teamAST":24,"teamTO":12,"teamSTL":10,"teamBLK":3,"teamPF":13,"teamFGA":93,"teamFGM":37,"team2PA":66,"team2PM":30,"team3PA":27,"team3PM":7,"teamFTA":9,"teamFTM":6,"teamORB":11,"teamDRB":32,"teamPTS1":16,"teamPTS2":19,"teamPTS3":26,"teamPTS4":26,"teamPTS5":0,"teamPTS6":0,"teamPTS7":0,"teamPTS8":0,"opptAbbr":"IND","opptConf":"East","opptLoc":"Away","opptRslt":"Win","opptPTS":105,"opptAST":27,"opptTO":18,"opptSTL":8,"opptBLK":3,"opptPF":17,"opptFGA":84,"opptFGM":43,"oppt2PA":55,"oppt2PM":31,"oppt3PA":29,"oppt3PM":12,"opptFTA":12,"opptFTM":7,"opptORB":7,"opptDRB":44,"opptPTS1":27,"opptPTS2":18,"opptPTS3":35,"opptPTS4":25,"opptPTS5":0,"opptPTS6":0,"opptPTS7":0,"opptPTS8":0}
{"_id":{"$oid":"5cb552f6e0f627212ff3bc0b"},"gmDate":"2017/11/12","offLNm3":"Wall","offFNm3":"Scott","teamAbbr":"IND","teamConf":"East","teamLoc":"Home","teamRslt":"Loss","teamPTS":95,"teamAST":18,"teamTO":13,"teamSTL":5,"teamBLK":7,"teamPF":15,"teamFGA":83,"teamFGM":37,"team2PA":61,"team2PM":29,"team3PA":22,"team3PM":8,"teamFTA":21,"teamFTM":13,"teamORB":7,"teamDRB":34,"teamPTS1":18,"teamPTS2":33,"teamPTS3":20,"teamPTS4":24,"teamPTS5":0,"teamPTS6":0,"teamPTS7":0,"teamPTS8":0,"opptAbbr":"HOU","opptConf":"West","opptLoc":"Away","opptRslt":"Win","opptPTS":118,"opptAST":24,"opptTO":13,"opptSTL":10,"opptBLK":6,"opptPF":20,"opptFGA":90,"opptFGM":43,"oppt2PA":43,"oppt2PM":26,"oppt3PA":47,"oppt3PM":17,"opptFTA":18,"opptFTM":15,"opptORB":10,"opptDRB":37,"opptPTS1":35,"opptPTS2":28,"opptPTS3":24,"opptPTS4":31,"opptPTS5":0,"opptPTS6":0,"opptPTS7":0,"opptPTS8":0}
{"_id":{"$oid":"5cb552f6e0f627212ff3bc1d"},"gmDate":"2017/11/15","offLNm3":"Sterling","offFNm3":"Jonathan","teamAbbr":"MEM","teamConf":"West","teamLoc":"Home","teamRslt":"Loss","teamPTS":113,"teamAST":29,"teamTO":15,"teamSTL":5,"teamBLK":10,"teamPF":19,"teamFGA":86,"teamFGM":44,"team2PA":54,"team2PM":36,"team3PA":32,"team3PM":8,"teamFTA":22,"teamFTM":17,"teamORB":11,"teamDRB":32,"teamPTS1":25,"teamPTS2":28,"teamPTS3":31,"teamPTS4":29,"teamPTS5":0,"teamPTS6":0,"teamPTS7":0,"teamPTS8":0,"opptAbbr":"IND","opptConf":"East","opptLoc":"Away","opptRslt":"Win","opptPTS":116,"opptAST":29,"opptTO":12,"opptSTL":6,"opptBLK":6,"opptPF":17,"opptFGA":85,"opptFGM":43,"oppt2PA":61,"oppt2PM":31,"oppt3PA":24,"oppt3PM":12,"opptFTA":20,"opptFTM":18,"opptORB":5,"opptDRB":31,"opptPTS1":34,"opptPTS2":33,"opptPTS3":30,"opptPTS4":19,"opptPTS5":0,"opptPTS6":0,"opptPTS7":0,"opptPTS8":0}
{"_id":{"$oid":"5cb552f6e0f627212ff3bc26"},"gmDate":"2017/11/17","offLNm3":"DeRosa","offFNm3":"Joe","teamAbbr":"IND","teamConf":"East","teamLoc":"Home","teamRslt":"Win","teamPTS":107,"teamAST":22,"teamTO":10,"teamSTL":4,"teamBLK":5,"teamPF":13,"teamFGA":89,"teamFGM":39,"team2PA":61,"team2PM":24,"team3PA":28,"team3PM":15,"teamFTA":21,"teamFTM":14,"teamORB":13,"teamDRB":38,"teamPTS1":23,"teamPTS2":24,"teamPTS3":24,"teamPTS4":36,"teamPTS5":0,"teamPTS6":0,"teamPTS7":0,"teamPTS8":0,"opptAbbr":"DET","opptConf":"East","opptLoc":"Away","opptRslt":"Loss","opptPTS":100,"opptAST":20,"opptTO":11,"opptSTL":4,"opptBLK":8,"opptPF":18,"opptFGA":93,"opptFGM":39,"oppt2PA":60,"oppt2PM":25,"oppt3PA":33,"oppt3PM":14,"opptFTA":10,"opptFTM":8,"opptORB":11,"opptDRB":32,"opptPTS1":32,"opptPTS2":26,"opptPTS3":23,"opptPTS4":19,"opptPTS5":0,"opptPTS6":0,"opptPTS7":0,"opptPTS8":0}
{"_id":{"$oid":"5cb552f6e0f627212ff3bc38"},"gmDate":"2017/11/19","offLNm3":"Collins","offFNm3":"Derrick","teamAbbr":"MIA","teamConf":"East","teamLoc":"Home","teamRslt":"Loss","teamPTS":95,"teamAST":21,"teamTO":17,"teamSTL":9,"teamBLK":2,"teamPF":11,"teamFGA":83,"teamFGM":35,"team2PA":46,"team2PM":22,"team3PA":37,"team3PM":13,"teamFTA":14,"teamFTM":12,"teamORB":10,"teamDRB":25,"teamPTS1":27,"teamPTS2":28,"teamPTS3":13,"teamPTS4":27,"teamPTS5":0,"teamPTS6":0,"teamPTS7":0,"teamPTS8":0,"opptAbbr":"IND","opptConf":"East","opptLoc":"Away","opptRslt":"Win","opptPTS":120,"opptAST":33,"opptTO":14,"opptSTL":9,"opptBLK":7,"opptPF":14,"opptFGA":85,"opptFGM":51,"oppt2PA":62,"oppt2PM":40,"oppt3PA":23,"oppt3PM":11,"opptFTA":8,"opptFTM":7,"opptORB":9,"opptDRB":33,"opptPTS1":29,"opptPTS2":29,"opptPTS3":32,"opptPTS4":30,"opptPTS5":0,"opptPTS6":0,"opptPTS7":0,"opptPTS8":0}
{"_id":{"$oid":"5cb552f6e0f627212ff3bc40"},"gmDate":"2017/11/20","offLNm3":"Mauer","offFNm3":"Ken","teamAbbr":"ORL","teamConf":"East","teamLoc":"Home","teamRslt":"Loss","teamPTS":97,"teamAST":23,"teamTO":22,"teamSTL":6,"teamBLK":7,"teamPF":20,"teamFGA":84,"teamFGM":35,"team2PA":46,"team2PM":22,"team3PA":38,"team3PM":13,"teamFTA":23,"teamFTM":14,"teamORB":11,"teamDRB":39,"teamPTS1":31,"teamPTS2":24,"teamPTS3":17,"teamPTS4":25,"teamPTS5":0,"teamPTS6":0,"teamPTS7":0,"teamPTS8":0,"opptAbbr":"IND","opptConf":"East","opptLoc":"Away","opptRslt":"Win","opptPTS":105,"opptAST":25,"opptTO":13,"opptSTL":17,"opptBLK":4,"opptPF":25,"opptFGA":89,"opptFGM":37,"oppt2PA":69,"oppt2PM":29,"oppt3PA":20,"oppt3PM":8,"opptFTA":29,"opptFTM":23,"opptORB":8,"opptDRB":40,"opptPTS1":34,"opptPTS2":16,"opptPTS3":28,"opptPTS4":27,"opptPTS5":0,"opptPTS6":0,"opptPTS7":0,"opptPTS8":0}
{"_id":{"$oid":"5cb552f6e0f627212ff3bc5b"},"gmDate":"2017/11/24","offLNm3":"Sterling","offFNm3":"Jonathan","teamAbbr":"IND","teamConf":"East","teamLoc":"Home","teamRslt":"Win","teamPTS":107,"teamAST":19,"teamTO":16,"teamSTL":10,"teamBLK":3,"teamPF":18,"teamFGA":83,"teamFGM":38,"team2PA":57,"team2PM":27,"team3PA":26,"team3PM":11,"teamFTA":27,"teamFTM":20,"teamORB":10,"teamDRB":31,"teamPTS1":29,"teamPTS2":21,"teamPTS3":31,"teamPTS4":26,"teamPTS5":0,"teamPTS6":0,"teamPTS7":0,"teamPTS8":0,"opptAbbr":"TOR","opptConf":"East","opptLoc":"Away","opptRslt":"Loss","opptPTS":102,"opptAST":17,"opptTO":20,"opptSTL":14,"opptBLK":4,"opptPF":20,"opptFGA":81,"opptFGM":40,"oppt2PA":51,"oppt2PM":31,"oppt3PA":30,"oppt3PM":9,"opptFTA":20,"opptFTM":15,"opptORB":7,"opptDRB":35,"opptPTS1":25,"opptPTS2":35,"opptPTS3":20,"opptPTS4":24,"opptPTS5":0,"opptPTS6":0,"opptPTS7":0,"opptPTS8":0}
{"_id":{"$oid":"5cb552f6e0f627212ff3bc67"},"gmDate":"2017/11/25","offLNm3":"Capers","offFNm3":"James","teamAbbr":"IND","teamConf":"East","teamLoc":"Home","teamRslt":"Loss","teamPTS":98,"teamAST":20,"teamTO":20,"teamSTL":9,"teamBLK":2,"teamPF":14,"teamFGA":78,"teamFGM":38,"team2PA":55,"team2PM":31,"team3PA":23,"team3PM":7,"teamFTA":15,"teamFTM":15,"teamORB":10,"teamDRB":26,"teamPTS1":32,"teamPTS2":22,"teamPTS3":16,"teamPTS4":28,"teamPTS5":0,"teamPTS6":0,"teamPTS7":0,"teamPTS8":0,"opptAbbr":"BOS","opptConf":"East","opptLoc":"Away","opptRslt":"Win","opptPTS":108,"opptAST":22,"opptTO":15,"opptSTL":8,"opptBLK":4,"opptPF":13,"opptFGA":80,"opptFGM":45,"oppt2PA":55,"oppt2PM":35,"oppt3PA":25,"oppt3PM":10,"opptFTA":9,"opptFTM":8,"opptORB":4,"opptDRB":26,"opptPTS1":27,"opptPTS2":18,"opptPTS3":37,"opptPTS4":26,"opptPTS5":0,"opptPTS6":0,"opptPTS7":0,"opptPTS8":0}
{"_id":{"$oid":"5cb552f6e0f627212ff3bc6f"},"gmDate":"2017/11/27","offLNm3":"Washington","offFNm3":"C.J.","teamAbbr":"IND","teamConf":"East","teamLoc":"Home","teamRslt":"Win","teamPTS":121,"teamAST":25,"teamTO":16,"teamSTL":7,"teamBLK":8,"teamPF":18,"teamFGA":79,"teamFGM":42,"team2PA":53,"team2PM":27,"team3PA":26,"team3PM":15,"teamFTA":26,"teamFTM":22,"teamORB":8,"teamDRB":35,"teamPTS1":33,"teamPTS2":24,"teamPTS3":28,"teamPTS4":36,"teamPTS5":0,"teamPTS6":0,"teamPTS7":0,"teamPTS8":0,"opptAbbr":"ORL","opptConf":"East","opptLoc":"Away","opptRslt":"Loss","opptPTS":109,"opptAST":22,"opptTO":15,"opptSTL":4,"opptBLK":9,"opptPF":23,"opptFGA":92,"opptFGM":40,"oppt2PA":51,"oppt2PM":24,"oppt3PA":41,"oppt3PM":16,"opptFTA":16,"opptFTM":13,"opptORB":10,"opptDRB":25,"opptPTS1":25,"opptPTS2":25,"opptPTS3":34,"opptPTS4":25,"opptPTS5":0,"opptPTS6":0,"opptPTS7":0,"opptPTS8":0}
{"_id":{"$oid":"5cb552f6e0f627212ff3bc81"},"gmDate":"2017/11/29","offLNm3":"Smith","offFNm3":"Michael","teamAbbr":"HOU","teamConf":"West","teamLoc":"Home","teamRslt":"Win","teamPTS":118,"teamAST":26,"teamTO":17,"teamSTL":9,"teamBLK":0,"teamPF":10,"teamFGA":86,"teamFGM":42,"team2PA":46,"team2PM":24,"team3PA":40,"team3PM":18,"teamFTA":21,"teamFTM":16,"teamORB":10,"teamDRB":39,"teamPTS1":22,"teamPTS2":32,"teamPTS3":35,"teamPTS4":29,"teamPTS5":0,"teamPTS6":0,"teamPTS7":0,"teamPTS8":0,"opptAbbr":"IND","opptConf":"East","opptLoc":"Away","opptRslt":"Loss","opptPTS":97,"opptAST":18,"opptTO":14,"opptSTL":10,"opptBLK":7,"opptPF":17,"opptFGA":88,"opptFGM":42,"oppt2PA":60,"oppt2PM":35,"oppt3PA":28,"oppt3PM":7,"opptFTA":6,"opptFTM":6,"opptORB":6,"opptDRB":30,"opptPTS1":27,"opptPTS2":22,"opptPTS3":22,"opptPTS4":26,"opptPTS5":0,"opptPTS6":0,"opptPTS7":0,"opptPTS8":0}
{"_id":{"$oid":"5cb552f6e0f627212ff3bc8d"},"gmDate":"2017/12/1","offLNm3":"Boland","offFNm3":"Matt","teamAbbr":"TOR","teamConf":"East","teamLoc":"Home","teamRslt":"Win","teamPTS":120,"teamAST":29,"teamTO":12,"teamSTL":6,"teamBLK":8,"teamPF":18,"teamFGA":97,"teamFGM":48,"team2PA":65,"team2PM":38,"team3PA":32,"team3PM":10,"teamFTA":21,"teamFTM":14,"teamORB":12,"teamDRB":35,"teamPTS1":27,"teamPTS2":38,"teamPTS3":29,"teamPTS4":26,"teamPTS5":0,"teamPTS6":0,"teamPTS7":0,"teamPTS8":0,"opptAbbr":"IND","opptConf":"East","opptLoc":"Away","opptRslt":"Loss","opptPTS":115,"opptAST":21,"opptTO":11,"opptSTL":7,"opptBLK":5,"opptPF":17,"opptFGA":102,"opptFGM":45,"oppt2PA":76,"oppt2PM":37,"oppt3PA":26,"oppt3PM":8,"opptFTA":22,"opptFTM":17,"opptORB":15,"opptDRB":31,"opptPTS1":32,"opptPTS2":26,"opptPTS3":31,"opptPTS4":26,"opptPTS5":0,"opptPTS6":0,"opptPTS7":0,"opptPTS8":0}
{"_id":{"$oid":"5cb552f6e0f627212ff3bca1"},"gmDate":"2017/12/4","offLNm3":"Acosta","offFNm3":"Ray","teamAbbr":"IND","teamConf":"East","teamLoc":"Home","teamRslt":"Win","teamPTS":115,"teamAST":28,"teamTO":16,"teamSTL":10,"teamBLK":5,"teamPF":20,"teamFGA":86,"teamFGM":46,"team2PA":60,"team2PM":35,"team3PA":26,"team3PM":11,"teamFTA":15,"teamFTM":12,"teamORB":7,"teamDRB":37,"teamPTS1":31,"teamPTS2":35,"teamPTS3":29,"teamPTS4":20,"teamPTS5":0,"teamPTS6":0,"teamPTS7":0,"teamPTS8":0,"opptAbbr":"NY","opptConf":"East","opptLoc":"Away","opptRslt":"Loss","opptPTS":97,"opptAST":26,"opptTO":18,"opptSTL":4,"opptBLK":2,"opptPF":15,"opptFGA":91,"opptFGM":40,"oppt2PA":68,"oppt2PM":34,"oppt3PA":23,"oppt3PM":6,"opptFTA":16,"opptFTM":11,"opptORB":15,"opptDRB":28,"opptPTS1":19,"opptPTS2":21,"opptPTS3":25,"opptPTS4":32,"opptPTS5":0,"opptPTS6":0,"opptPTS7":0,"opptPTS8":0}
{"_id":{"$oid":"5cb552f6e0f627212ff3bcaf"},"gmDate":"2017/12/6","offLNm3":"Richardson","offFNm3":"Derek","teamAbbr":"IND","teamConf":"East","teamLoc":"Home","teamRslt":"Win","teamPTS":98,"teamAST":21,"teamTO":13,"teamSTL":7,"teamBLK":5,"teamPF":14,"teamFGA":87,"teamFGM":39,"team2PA":53,"team2PM":27,"team3PA":34,"team3PM":12,"teamFTA":10,"teamFTM":8,"teamORB":7,"teamDRB":32,"teamPTS1":20,"teamPTS2":19,"teamPTS3":30,"teamPTS4":29,"teamPTS5":0,"teamPTS6":0,"teamPTS7":0,"teamPTS8":0,"opptAbbr":"CHI","opptConf":"East","opptLoc":"Away","opptRslt":"Loss","opptPTS":96,"opptAST":18,"opptTO":16,"opptSTL":3,"opptBLK":5,"opptPF":15,"opptFGA":83,"opptFGM":39,"oppt2PA":57,"oppt2PM":29,"oppt3PA":26,"oppt3PM":10,"opptFTA":16,"opptFTM":8,"opptORB":11,"opptDRB":35,"opptPTS1":30,"opptPTS2":25,"opptPTS3":28,"opptPTS4":13,"opptPTS5":0,"opptPTS6":0,"opptPTS7":0,"opptPTS8":0}
{"_id":{"$oid":"5cb552f6e0f627212ff3bcbe"},"gmDate":"2017/12/8","offLNm3":"Wood","offFNm3":"Leon","teamAbbr":"IND","teamConf":"East","teamLoc":"Home","teamRslt":"Win","teamPTS":106,"teamAST":21,"teamTO":10,"teamSTL":6,"teamBLK":4,"teamPF":19,"teamFGA":86,"teamFGM":38,"team2PA":47,"team2PM":23,"team3PA":39,"team3PM":15,"teamFTA":24,"teamFTM":15,"teamORB":12,"teamDRB":38,"teamPTS1":32,"teamPTS2":25,"teamPTS3":32,"teamPTS4":17,"teamPTS5":0,"teamPTS6":0,"teamPTS7":0,"teamPTS8":0,"opptAbbr":"CLE","opptConf":"East","opptLoc":"Away","opptRslt":"Loss","opptPTS":102,"opptAST":23,"opptTO":12,"opptSTL":4,"opptBLK":4,"opptPF":23,"opptFGA":86,"opptFGM":37,"oppt2PA":50,"oppt2PM":26,"oppt3PA":36,"oppt3PM":11,"opptFTA":22,"opptFTM":17,"opptORB":9,"opptDRB":35,"opptPTS1":33,"opptPTS2":30,"opptPTS3":23,"opptPTS4":16,"opptPTS5":0,"opptPTS6":0,"opptPTS7":0,"opptPTS8":0}
{"_id":{"$oid":"5cb552f6e0f627212ff3bcd0"},"gmDate":"2017/12/10","offLNm3":"McCutchen","offFNm3":"Monty","teamAbbr":"IND","teamConf":"East","teamLoc":"Home","teamRslt":"Win","teamPTS":126,"teamAST":24,"teamTO":11,"teamSTL":6,"teamBLK":2,"teamPF":17,"teamFGA":93,"teamFGM":49,"team2PA":68,"team2PM":39,"team3PA":25,"team3PM":10,"teamFTA":22,"teamFTM":18,"teamORB":11,"teamDRB":29,"teamPTS1":22,"teamPTS2":37,"teamPTS3":31,"teamPTS4":24,"teamPTS5":12,"teamPTS6":0,"teamPTS7":0,"teamPTS8":0,"opptAbbr":"DEN","opptConf":"West","opptLoc":"Away","opptRslt":"Loss","opptPTS":116,"opptAST":24,"opptTO":22,"opptSTL":7,"opptBLK":5,"opptPF":20,"opptFGA":95,"opptFGM":43,"oppt2PA":53,"oppt2PM":26,"oppt3PA":42,"oppt3PM":17,"opptFTA":16,"opptFTM":13,"opptORB":19,"opptDRB":28,"opptPTS1":35,"opptPTS2":31,"opptPTS3":22,"opptPTS4":26,"opptPTS5":2,"opptPTS6":0,"opptPTS7":0,"opptPTS8":0}
{"_id":{"$oid":"5cb552f6e0f627212ff3bce1"},"gmDate":"2017/12/13","offLNm3":"Ayotte","offFNm3":"Mark","teamAbbr":"IND","teamConf":"East","teamLoc":"Home","teamRslt":"Loss","teamPTS":95,"teamAST":18,"teamTO":14,"teamSTL":11,"teamBLK":7,"teamPF":21,"teamFGA":89,"teamFGM":40,"team2PA":58,"team2PM":29,"team3PA":31,"team3PM":11,"teamFTA":6,"teamFTM":4,"teamORB":11,"teamDRB":31,"teamPTS1":27,"teamPTS2":19,"teamPTS3":23,"teamPTS4":26,"teamPTS5":0,"teamPTS6":0,"teamPTS7":0,"teamPTS8":0,"opptAbbr":"OKC","opptConf":"West","opptLoc":"Away","opptRslt":"Win","opptPTS":100,"opptAST":26,"opptTO":14,"opptSTL":10,"opptBLK":6,"opptPF":12,"opptFGA":88,"opptFGM":36,"oppt2PA":59,"oppt2PM":23,"oppt3PA":29,"oppt3PM":13,"opptFTA":24,"opptFTM":15,"opptORB":17,"opptDRB":35,"opptPTS1":22,"opptPTS2":29,"opptPTS3":22,"opptPTS4":27,"opptPTS5":0,"opptPTS6":0,"opptPTS7":0,"opptPTS8":0}
{"_id":{"$oid":"5cb552f6e0f627212ff3bcf0"},"gmDate":"2017/12/15","offLNm3":"Zarba","offFNm3":"Zach","teamAbbr":"IND","teamConf":"East","teamLoc":"Home","teamRslt":"Loss","teamPTS":98,"teamAST":21,"teamTO":14,"teamSTL":6,"teamBLK":4,"teamPF":15,"teamFGA":87,"teamFGM":35,"team2PA":57,"team2PM":26,"team3PA":30,"team3PM":9,"teamFTA":25,"teamFTM":19,"teamORB":15,"teamDRB":36,"teamPTS1":19,"teamPTS2":35,"teamPTS3":20,"teamPTS4":24,"teamPTS5":0,"teamPTS6":0,"teamPTS7":0,"teamPTS8":0,"opptAbbr":"DET","opptConf":"East","opptLoc":"Away","opptRslt":"Win","opptPTS":104,"opptAST":22,"opptTO":9,"opptSTL":7,"opptBLK":10,"opptPF":22,"opptFGA":93,"opptFGM":39,"oppt2PA":61,"oppt2PM":26,"oppt3PA":32,"oppt3PM":13,"opptFTA":17,"opptFTM":13,"opptORB":11,"opptDRB":33,"opptPTS1":27,"opptPTS2":25,"opptPTS3":34,"opptPTS4":18,"opptPTS5":0,"opptPTS6":0,"opptPTS7":0,"opptPTS8":0}
{"_id":{"$oid":"5cb552f6e0f627212ff3bd04"},"gmDate":"2017/12/17","offLNm3":"Sterling","offFNm3":"Jonathan","teamAbbr":"BKN","teamConf":"East","teamLoc":"Home","teamRslt":"Loss","teamPTS":97,"teamAST":26,"teamTO":12,"teamSTL":7,"teamBLK":2,"teamPF":17,"teamFGA":81,"teamFGM":34,"team2PA":48,"team2PM":22,"team3PA":33,"team3PM":12,"teamFTA":21,"teamFTM":17,"teamORB":7,"teamDRB":22,"teamPTS1":29,"teamPTS2":19,"teamPTS3":24,"teamPTS4":25,"teamPTS5":0,"teamPTS6":0,"teamPTS7":0,"teamPTS8":0,"opptAbbr":"IND","opptConf":"East","opptLoc":"Away","opptRslt":"Win","opptPTS":109,"opptAST":21,"opptTO":15,"opptSTL":6,"opptBLK":7,"opptPF":20,"opptFGA":76,"opptFGM":43,"oppt2PA":58,"oppt2PM":35,"oppt3PA":18,"oppt3PM":8,"opptFTA":19,"opptFTM":15,"opptORB":6,"opptDRB":37,"opptPTS1":28,"opptPTS2":31,"opptPTS3":21,"opptPTS4":29,"opptPTS5":0,"opptPTS6":0,"opptPTS7":0,"opptPTS8":0}
{"_id":{"$oid":"5cb552f6e0f627212ff3bd07"},"gmDate":"2017/12/18","offLNm3":"Capers","offFNm3":"James","teamAbbr":"IND","teamConf":"East","teamLoc":"Home","teamRslt":"Loss","teamPTS":111,"teamAST":14,"teamTO":13,"teamSTL":12,"teamBLK":3,"teamPF":16,"teamFGA":79,"teamFGM":37,"team2PA":58,"team2PM":30,"team3PA":21,"team3PM":7,"teamFTA":38,"teamFTM":30,"teamORB":9,"teamDRB":29,"teamPTS1":21,"teamPTS2":26,"teamPTS3":31,"teamPTS4":33,"teamPTS5":0,"teamPTS6":0,"teamPTS7":0,"teamPTS8":0,"opptAbbr":"BOS","opptConf":"East","opptLoc":"Away","opptRslt":"Win","opptPTS":112,"opptAST":26,"opptTO":20,"opptSTL":6,"opptBLK":4,"opptPF":31,"opptFGA":79,"opptFGM":44,"oppt2PA":53,"oppt2PM":28,"oppt3PA":26,"oppt3PM":16,"opptFTA":14,"opptFTM":8,"opptORB":6,"opptDRB":32,"opptPTS1":38,"opptPTS2":24,"opptPTS3":23,"opptPTS4":27,"opptPTS5":0,"opptPTS6":0,"opptPTS7":0,"opptPTS8":0}
{"_id":{"$oid":"5cb552f6e0f627212ff3bd14"},"gmDate":"2017/12/20","offLNm3":"Brown","offFNm3":"Tony","teamAbbr":"ATL","teamConf":"East","teamLoc":"Home","teamRslt":"Loss","teamPTS":95,"teamAST":27,"teamTO":14,"teamSTL":5,"teamBLK":6,"teamPF":17,"teamFGA":80,"teamFGM":35,"team2PA":51,"team2PM":27,"team3PA":29,"team3PM":8,"teamFTA":20,"teamFTM":17,"teamORB":10,"teamDRB":32,"teamPTS1":27,"teamPTS2":24,"teamPTS3":20,"teamPTS4":24,"teamPTS5":0,"teamPTS6":0,"teamPTS7":0,"teamPTS8":0,"opptAbbr":"IND","opptConf":"East","opptLoc":"Away","opptRslt":"Win","opptPTS":105,"opptAST":19,"opptTO":10,"opptSTL":5,"opptBLK":5,"opptPF":18,"opptFGA":82,"opptFGM":40,"oppt2PA":61,"oppt2PM":33,"oppt3PA":21,"oppt3PM":7,"opptFTA":19,"opptFTM":18,"opptORB":8,"opptDRB":29,"opptPTS1":28,"opptPTS2":25,"opptPTS3":25,"opptPTS4":27,"opptPTS5":0,"opptPTS6":0,"opptPTS7":0,"opptPTS8":0}
{"_id":{"$oid":"5cb552f6e0f627212ff3bd2f"},"gmDate":"2017/12/23","offLNm3":"Mauer","offFNm3":"Ken","teamAbbr":"IND","teamConf":"East","teamLoc":"Home","teamRslt":"Win","teamPTS":123,"teamAST":31,"teamTO":9,"teamSTL":8,"teamBLK":9,"teamPF":25,"teamFGA":90,"teamFGM":47,"team2PA":67,"team2PM":37,"team3PA":23,"team3PM":10,"teamFTA":24,"teamFTM":19,"teamORB":7,"teamDRB":34,"teamPTS1":21,"teamPTS2":20,"teamPTS3":39,"teamPTS4":31,"teamPTS5":12,"teamPTS6":0,"teamPTS7":0,"teamPTS8":0,"opptAbbr":"BKN","opptConf":"East","opptLoc":"Away","opptRslt":"Loss","opptPTS":119,"opptAST":24,"opptTO":14,"opptSTL":2,"opptBLK":2,"opptPF":20,"opptFGA":98,"opptFGM":42,"oppt2PA":62,"oppt2PM":26,"oppt3PA":36,"oppt3PM":16,"opptFTA":25,"opptFTM":19,"opptORB":18,"opptDRB":33,"opptPTS1":28,"opptPTS2":29,"opptPTS3":24,"opptPTS4":30,"opptPTS5":8,"opptPTS6":0,"opptPTS7":0,"opptPTS8":0}
{"_id":{"$oid":"5cb552f6e0f627212ff3bd40"},"gmDate":"2017/12/26","offLNm3":"Foster","offFNm3":"Scott","teamAbbr":"DET","teamConf":"East","teamLoc":"Home","teamRslt":"Win","teamPTS":107,"teamAST":26,"teamTO":13,"teamSTL":5,"teamBLK":1,"teamPF":17,"teamFGA":82,"teamFGM":41,"team2PA":48,"team2PM":29,"team3PA":34,"team3PM":12,"teamFTA":16,"teamFTM":13,"teamORB":10,"teamDRB":36,"teamPTS1":40,"teamPTS2":18,"teamPTS3":24,"teamPTS4":25,"teamPTS5":0,"teamPTS6":0,"teamPTS7":0,"teamPTS8":0,"opptAbbr":"IND","opptConf":"East","opptLoc":"Away","opptRslt":"Loss","opptPTS":83,"opptAST":18,"opptTO":12,"opptSTL":6,"opptBLK":3,"opptPF":19,"opptFGA":77,"opptFGM":34,"oppt2PA":56,"oppt2PM":28,"oppt3PA":21,"oppt3PM":6,"opptFTA":13,"opptFTM":9,"opptORB":5,"opptDRB":21,"opptPTS1":19,"opptPTS2":26,"opptPTS3":21,"opptPTS4":17,"opptPTS5":0,"opptPTS6":0,"opptPTS7":0,"opptPTS8":0}
{"_id":{"$oid":"5cb552f6e0f627212ff3bd48"},"gmDate":"2017/12/27","offLNm3":"Ransom","offFNm3":"Phenizee","teamAbbr":"IND","teamConf":"East","teamLoc":"Home","teamRslt":"Loss","teamPTS":94,"teamAST":27,"teamTO":16,"teamSTL":8,"teamBLK":4,"teamPF":17,"teamFGA":79,"teamFGM":38,"team2PA":54,"team2PM":28,"team3PA":25,"team3PM":10,"teamFTA":10,"teamFTM":8,"teamORB":7,"teamDRB":32,"teamPTS1":29,"teamPTS2":25,"teamPTS3":20,"teamPTS4":20,"teamPTS5":0,"teamPTS6":0,"teamPTS7":0,"teamPTS8":0,"opptAbbr":"DAL","opptConf":"West","opptLoc":"Away","opptRslt":"Win","opptPTS":98,"opptAST":26,"opptTO":10,"opptSTL":7,"opptBLK":3,"opptPF":12,"opptFGA":78,"opptFGM":40,"oppt2PA":49,"oppt2PM":32,"oppt3PA":29,"oppt3PM":8,"opptFTA":15,"opptFTM":10,"opptORB":4,"opptDRB":31,"opptPTS1":22,"opptPTS2":31,"opptPTS3":18,"opptPTS4":27,"opptPTS5":0,"opptPTS6":0,"opptPTS7":0,"opptPTS8":0}
{"_id":{"$oid":"5cb552f6e0f627212ff3bd58"},"gmDate":"2017/12/29","offLNm3":"Lewis","offFNm3":"Eric","teamAbbr":"CHI","teamConf":"East","teamLoc":"Home","teamRslt":"Win","teamPTS":119,"teamAST":31,"teamTO":15,"teamSTL":6,"teamBLK":4,"teamPF":20,"teamFGA":85,"teamFGM":43,"team2PA":46,"team2PM":25,"team3PA":39,"team3PM":18,"teamFTA":15,"teamFTM":15,"teamORB":7,"teamDRB":33,"teamPTS1":37,"teamPTS2":27,"teamPTS3":22,"teamPTS4":33,"teamPTS5":0,"teamPTS6":0,"teamPTS7":0,"teamPTS8":0,"opptAbbr":"IND","opptConf":"East","opptLoc":"Away","opptRslt":"Loss","opptPTS":107,"opptAST":22,"opptTO":10,"opptSTL":10,"opptBLK":6,"opptPF":15,"opptFGA":93,"opptFGM":43,"oppt2PA":71,"oppt2PM":36,"oppt3PA":22,"oppt3PM":7,"opptFTA":20,"opptFTM":14,"opptORB":11,"opptDRB":32,"opptPTS1":27,"opptPTS2":25,"opptPTS3":25,"opptPTS4":30,"opptPTS5":0,"opptPTS6":0,"opptPTS7":0,"opptPTS8":0}
{"_id":{"$oid":"5cb552f6e0f627212ff3bd67"},"gmDate":"2017/12/31","offLNm3":"DeRosa","offFNm3":"Joe","teamAbbr":"IND","teamConf":"East","teamLoc":"Home","teamRslt":"Loss","teamPTS":90,"teamAST":20,"teamTO":17,"teamSTL":3,"teamBLK":5,"teamPF":18,"teamFGA":85,"teamFGM":33,"team2PA":60,"team2PM":23,"team3PA":25,"team3PM":10,"teamFTA":18,"teamFTM":14,"teamORB":13,"teamDRB":30,"teamPTS1":13,"teamPTS2":25,"teamPTS3":20,"teamPTS4":32,"teamPTS5":0,"teamPTS6":0,"teamPTS7":0,"teamPTS8":0,"opptAbbr":"MIN","opptConf":"West","opptLoc":"Away","opptRslt":"Win","opptPTS":107,"opptAST":20,"opptTO":8,"opptSTL":11,"opptBLK":8,"opptPF":20,"opptFGA":86,"opptFGM":41,"oppt2PA":67,"oppt2PM":37,"oppt3PA":19,"oppt3PM":4,"opptFTA":25,"opptFTM":21,"opptORB":13,"opptDRB":31,"opptPTS1":23,"opptPTS2":26,"opptPTS3":38,"opptPTS4":20,"opptPTS5":0,"opptPTS6":0,"opptPTS7":0,"opptPTS8":0}
{"_id":{"$oid":"5cb552f6e0f627212ff3bd7e"},"gmDate":"2018/1/3","offLNm3":"Van Duyne","offFNm3":"Justin","teamAbbr":"MIL","teamConf":"East","teamLoc":"Home","teamRslt":"Win","teamPTS":122,"teamAST":33,"teamTO":16,"teamSTL":8,"teamBLK":5,"teamPF":23,"teamFGA":75,"teamFGM":44,"team2PA":58,"team2PM":35,"team3PA":17,"team3PM":9,"teamFTA":28,"teamFTM":25,"teamORB":6,"teamDRB":28,"teamPTS1":34,"teamPTS2":28,"teamPTS3":31,"teamPTS4":29,"teamPTS5":0,"teamPTS6":0,"teamPTS7":0,"teamPTS8":0,"opptAbbr":"IND","opptConf":"East","opptLoc":"Away","opptRslt":"Loss","opptPTS":101,"opptAST":24,"opptTO":15,"opptSTL":7,"opptBLK":2,"opptPF":20,"opptFGA":84,"opptFGM":41,"oppt2PA":69,"oppt2PM":38,"oppt3PA":15,"oppt3PM":3,"opptFTA":19,"opptFTM":16,"opptORB":8,"opptDRB":22,"opptPTS1":26,"opptPTS2":26,"opptPTS3":24,"opptPTS4":25,"opptPTS5":0,"opptPTS6":0,"opptPTS7":0,"opptPTS8":0}
{"_id":{"$oid":"5cb552f6e0f627212ff3bd92"},"gmDate":"2018/1/6","offLNm3":"Brothers","offFNm3":"Tony","teamAbbr":"IND","teamConf":"East","teamLoc":"Home","teamRslt":"Win","teamPTS":125,"teamAST":24,"teamTO":13,"teamSTL":9,"teamBLK":4,"teamPF":19,"teamFGA":86,"teamFGM":48,"team2PA":55,"team2PM":33,"team3PA":31,"team3PM":15,"teamFTA":18,"teamFTM":14,"teamORB":10,"teamDRB":39,"teamPTS1":31,"teamPTS2":33,"teamPTS3":37,"teamPTS4":24,"teamPTS5":0,"teamPTS6":0,"teamPTS7":0,"teamPTS8":0,"opptAbbr":"CHI","opptConf":"East","opptLoc":"Away","opptRslt":"Loss","opptPTS":86,"opptAST":15,"opptTO":16,"opptSTL":4,"opptBLK":6,"opptPF":15,"opptFGA":80,"opptFGM":30,"oppt2PA":48,"oppt2PM":20,"oppt3PA":32,"oppt3PM":10,"opptFTA":20,"opptFTM":16,"opptORB":9,"opptDRB":26,"opptPTS1":26,"opptPTS2":11,"opptPTS3":30,"opptPTS4":19,"opptPTS5":0,"opptPTS6":0,"opptPTS7":0,"opptPTS8":0}
{"_id":{"$oid":"5cb552f6e0f627212ff3bd9c"},"gmDate":"2018/1/8","offLNm3":"Nansel","offFNm3":"Brett","teamAbbr":"IND","teamConf":"East","teamLoc":"Home","teamRslt":"Win","teamPTS":109,"teamAST":30,"teamTO":16,"teamSTL":9,"teamBLK":5,"teamPF":23,"teamFGA":79,"teamFGM":44,"team2PA":57,"team2PM":37,"team3PA":22,"team3PM":7,"teamFTA":20,"teamFTM":14,"teamORB":8,"teamDRB":32,"teamPTS1":37,"teamPTS2":27,"teamPTS3":24,"teamPTS4":21,"teamPTS5":0,"teamPTS6":0,"teamPTS7":0,"teamPTS8":0,"opptAbbr":"MIL","opptConf":"East","opptLoc":"Away","opptRslt":"Loss","opptPTS":96,"opptAST":18,"opptTO":18,"opptSTL":11,"opptBLK":4,"opptPF":24,"opptFGA":74,"opptFGM":34,"oppt2PA":47,"oppt2PM":27,"oppt3PA":27,"oppt3PM":7,"opptFTA":27,"opptFTM":21,"opptORB":5,"opptDRB":29,"opptPTS1":16,"opptPTS2":22,"opptPTS3":27,"opptPTS4":31,"opptPTS5":0,"opptPTS6":0,"opptPTS7":0,"opptPTS8":0}
{"_id":{"$oid":"5cb552f6e0f627212ff3bda9"},"gmDate":"2018/1/10","offLNm3":"Stafford","offFNm3":"Derrick","teamAbbr":"IND","teamConf":"East","teamLoc":"Home","teamRslt":"Loss","teamPTS":106,"teamAST":13,"teamTO":14,"teamSTL":7,"teamBLK":3,"teamPF":23,"teamFGA":86,"teamFGM":43,"team2PA":68,"team2PM":42,"team3PA":18,"team3PM":1,"teamFTA":29,"teamFTM":19,"teamORB":11,"teamDRB":33,"teamPTS1":26,"teamPTS2":21,"teamPTS3":31,"teamPTS4":28,"teamPTS5":0,"teamPTS6":0,"teamPTS7":0,"teamPTS8":0,"opptAbbr":"MIA","opptConf":"East","opptLoc":"Away","opptRslt":"Win","opptPTS":114,"opptAST":25,"opptTO":16,"opptSTL":6,"opptBLK":6,"opptPF":25,"opptFGA":81,"opptFGM":43,"oppt2PA":51,"oppt2PM":30,"oppt3PA":30,"oppt3PM":13,"opptFTA":21,"opptFTM":15,"opptORB":6,"opptDRB":31,"opptPTS1":38,"opptPTS2":20,"opptPTS3":26,"opptPTS4":30,"opptPTS5":0,"opptPTS6":0,"opptPTS7":0,"opptPTS8":0}
{"_id":{"$oid":"5cb552f6e0f627212ff3bdb8"},"gmDate":"2018/1/12","offLNm3":"Phillips","offFNm3":"Jason","teamAbbr":"IND","teamConf":"East","teamLoc":"Home","teamRslt":"Win","teamPTS":97,"teamAST":16,"teamTO":14,"teamSTL":5,"teamBLK":4,"teamPF":18,"teamFGA":85,"teamFGM":39,"team2PA":64,"team2PM":29,"team3PA":21,"team3PM":10,"teamFTA":12,"teamFTM":9,"teamORB":6,"teamDRB":38,"teamPTS1":12,"teamPTS2":32,"teamPTS3":32,"teamPTS4":21,"teamPTS5":0,"teamPTS6":0,"teamPTS7":0,"teamPTS8":0,"opptAbbr":"CLE","opptConf":"East","opptLoc":"Away","opptRslt":"Loss","opptPTS":95,"opptAST":19,"opptTO":12,"opptSTL":12,"opptBLK":4,"opptPF":15,"opptFGA":86,"opptFGM":37,"oppt2PA":52,"oppt2PM":30,"oppt3PA":34,"oppt3PM":7,"opptFTA":19,"opptFTM":14,"opptORB":10,"opptDRB":37,"opptPTS1":34,"opptPTS2":24,"opptPTS3":16,"opptPTS4":21,"opptPTS5":0,"opptPTS6":0,"opptPTS7":0,"opptPTS8":0}
{"_id":{"$oid":"5cb552f6e0f627212ff3bdc9"},"gmDate":"2018/1/14","offLNm3":"Ayotte","offFNm3":"Mark","teamAbbr":"PHO","teamConf":"West","teamLoc":"Home","teamRslt":"Loss","teamPTS":97,"teamAST":20,"teamTO":13,"teamSTL":2,"teamBLK":1,"teamPF":16,"teamFGA":85,"teamFGM":35,"team2PA":48,"team2PM":26,"team3PA":37,"team3PM":9,"teamFTA":24,"teamFTM":18,"teamORB":14,"teamDRB":31,"teamPTS1":16,"teamPTS2":28,"teamPTS3":22,"teamPTS4":31,"teamPTS5":0,"teamPTS6":0,"teamPTS7":0,"teamPTS8":0,"opptAbbr":"IND","opptConf":"East","opptLoc":"Away","opptRslt":"Win","opptPTS":120,"opptAST":20,"opptTO":6,"opptSTL":9,"opptBLK":1,"opptPF":22,"opptFGA":88,"opptFGM":48,"oppt2PA":65,"oppt2PM":37,"oppt3PA":23,"oppt3PM":11,"opptFTA":14,"opptFTM":13,"opptORB":8,"opptDRB":34,"opptPTS1":30,"opptPTS2":34,"opptPTS3":32,"opptPTS4":24,"opptPTS5":0,"opptPTS6":0,"opptPTS7":0,"opptPTS8":0}
{"_id":{"$oid":"5cb552f6e0f627212ff3bdd3"},"gmDate":"2018/1/15","offLNm3":"Washington","offFNm3":"Tom","teamAbbr":"UTA","teamConf":"West","teamLoc":"Home","teamRslt":"Loss","teamPTS":94,"teamAST":11,"teamTO":13,"teamSTL":11,"teamBLK":7,"teamPF":12,"teamFGA":81,"teamFGM":36,"team2PA":48,"team2PM":27,"team3PA":33,"team3PM":9,"teamFTA":17,"teamFTM":13,"teamORB":9,"teamDRB":29,"teamPTS1":21,"teamPTS2":26,"teamPTS3":18,"teamPTS4":29,"teamPTS5":0,"teamPTS6":0,"teamPTS7":0,"teamPTS8":0,"opptAbbr":"IND","opptConf":"East","opptLoc":"Away","opptRslt":"Win","opptPTS":109,"opptAST":26,"opptTO":14,"opptSTL":7,"opptBLK":2,"opptPF":18,"opptFGA":77,"opptFGM":41,"oppt2PA":51,"oppt2PM":27,"oppt3PA":26,"oppt3PM":14,"opptFTA":15,"opptFTM":13,"opptORB":8,"opptDRB":35,"opptPTS1":31,"opptPTS2":27,"opptPTS3":27,"opptPTS4":24,"opptPTS5":0,"opptPTS6":0,"opptPTS7":0,"opptPTS8":0}
{"_id":{"$oid":"5cb552f6e0f627212ff3bde7"},"gmDate":"2018/1/18","offLNm3":"Sterling","offFNm3":"Jonathan","teamAbbr":"POR","teamConf":"West","teamLoc":"Home","teamRslt":"Win","teamPTS":100,"teamAST":17,"teamTO":11,"teamSTL":6,"teamBLK":7,"teamPF":11,"teamFGA":94,"teamFGM":37,"team2PA":62,"team2PM":27,"team3PA":32,"team3PM":10,"teamFTA":16,"teamFTM":16,"teamORB":14,"teamDRB":43,"teamPTS1":29,"teamPTS2":23,"teamPTS3":22,"teamPTS4":26,"teamPTS5":0,"teamPTS6":0,"teamPTS7":0,"teamPTS8":0,"opptAbbr":"IND","opptConf":"East","opptLoc":"Away","opptRslt":"Loss","opptPTS":86,"opptAST":17,"opptTO":8,"opptSTL":4,"opptBLK":4,"opptPF":16,"opptFGA":91,"opptFGM":36,"oppt2PA":65,"oppt2PM":29,"oppt3PA":26,"oppt3PM":7,"opptFTA":13,"opptFTM":7,"opptORB":10,"opptDRB":36,"opptPTS1":28,"opptPTS2":19,"opptPTS3":27,"opptPTS4":12,"opptPTS5":0,"opptPTS6":0,"opptPTS7":0,"opptPTS8":0}
{"_id":{"$oid":"5cb552f6e0f627212ff3bded"},"gmDate":"2018/1/19","offLNm3":"Lewis","offFNm3":"Eric","teamAbbr":"LAL","teamConf":"West","teamLoc":"Home","teamRslt":"Win","teamPTS":99,"teamAST":26,"teamTO":15,"teamSTL":7,"teamBLK":6,"teamPF":17,"teamFGA":80,"teamFGM":44,"team2PA":52,"team2PM":35,"team3PA":28,"team3PM":9,"teamFTA":14,"teamFTM":2,"teamORB":6,"teamDRB":41,"teamPTS1":18,"teamPTS2":29,"teamPTS3":27,"teamPTS4":25,"teamPTS5":0,"teamPTS6":0,"teamPTS7":0,"teamPTS8":0,"opptAbbr":"IND","opptConf":"East","opptLoc":"Away","opptRslt":"Loss","opptPTS":86,"opptAST":15,"opptTO":9,"opptSTL":9,"opptBLK":4,"opptPF":18,"opptFGA":97,"opptFGM":37,"oppt2PA":72,"oppt2PM":35,"oppt3PA":25,"oppt3PM":2,"opptFTA":13,"opptFTM":10,"opptORB":12,"opptDRB":32,"opptPTS1":25,"opptPTS2":14,"opptPTS3":27,"opptPTS4":20,"opptPTS5":0,"opptPTS6":0,"opptPTS7":0,"opptPTS8":0}
{"_id":{"$oid":"5cb552f6e0f627212ff3bdfb"},"gmDate":"2018/1/21","offLNm3":"Kennedy","offFNm3":"Bill","teamAbbr":"SA","teamConf":"West","teamLoc":"Home","teamRslt":"Loss","teamPTS":86,"teamAST":24,"teamTO":20,"teamSTL":9,"teamBLK":9,"teamPF":14,"teamFGA":82,"teamFGM":35,"team2PA":48,"team2PM":26,"team3PA":34,"team3PM":9,"teamFTA":12,"teamFTM":7,"teamORB":10,"teamDRB":35,"teamPTS1":23,"teamPTS2":20,"teamPTS3":16,"teamPTS4":27,"teamPTS5":0,"teamPTS6":0,"teamPTS7":0,"teamPTS8":0,"opptAbbr":"IND","opptConf":"East","opptLoc":"Away","opptRslt":"Win","opptPTS":94,"opptAST":14,"opptTO":11,"opptSTL":14,"opptBLK":1,"opptPF":15,"opptFGA":83,"opptFGM":37,"oppt2PA":64,"oppt2PM":33,"oppt3PA":19,"oppt3PM":4,"opptFTA":17,"opptFTM":16,"opptORB":7,"opptDRB":34,"opptPTS1":22,"opptPTS2":24,"opptPTS3":25,"opptPTS4":23,"opptPTS5":0,"opptPTS6":0,"opptPTS7":0,"opptPTS8":0}
{"_id":{"$oid":"5cb552f6e0f627212ff3be0c"},"gmDate":"2018/1/24","offLNm3":"Brown","offFNm3":"Tony","teamAbbr":"IND","teamConf":"East","teamLoc":"Home","teamRslt":"Win","teamPTS":116,"teamAST":32,"teamTO":12,"teamSTL":11,"teamBLK":4,"teamPF":24,"teamFGA":80,"teamFGM":45,"team2PA":56,"team2PM":36,"team3PA":24,"team3PM":9,"teamFTA":25,"teamFTM":17,"teamORB":3,"teamDRB":36,"teamPTS1":32,"teamPTS2":31,"teamPTS3":36,"teamPTS4":17,"teamPTS5":0,"teamPTS6":0,"teamPTS7":0,"teamPTS8":0,"opptAbbr":"PHO","opptConf":"West","opptLoc":"Away","opptRslt":"Loss","opptPTS":101,"opptAST":22,"opptTO":16,"opptSTL":3,"opptBLK":2,"opptPF":26,"opptFGA":84,"opptFGM":35,"oppt2PA":49,"oppt2PM":26,"oppt3PA":35,"oppt3PM":9,"opptFTA":29,"opptFTM":22,"opptORB":10,"opptDRB":32,"opptPTS1":18,"opptPTS2":26,"opptPTS3":21,"opptPTS4":36,"opptPTS5":0,"opptPTS6":0,"opptPTS7":0,"opptPTS8":0}
{"_id":{"$oid":"5cb552f6e0f627212ff3be18"},"gmDate":"2018/1/26","offLNm3":"Wood","offFNm3":"Leon","teamAbbr":"CLE","teamConf":"East","teamLoc":"Home","teamRslt":"Win","teamPTS":115,"teamAST":27,"teamTO":21,"teamSTL":13,"teamBLK":4,"teamPF":11,"teamFGA":82,"teamFGM":46,"team2PA":45,"team2PM":33,"team3PA":37,"team3PM":13,"teamFTA":13,"teamFTM":10,"teamORB":8,"teamDRB":36,"teamPTS1":38,"teamPTS2":35,"teamPTS3":24,"teamPTS4":18,"teamPTS5":0,"teamPTS6":0,"teamPTS7":0,"teamPTS8":0,"opptAbbr":"IND","opptConf":"East","opptLoc":"Away","opptRslt":"Loss","opptPTS":108,"opptAST":27,"opptTO":16,"opptSTL":13,"opptBLK":1,"opptPF":15,"opptFGA":91,"opptFGM":43,"oppt2PA":60,"oppt2PM":30,"oppt3PA":31,"oppt3PM":13,"opptFTA":11,"opptFTM":9,"opptORB":8,"opptDRB":29,"opptPTS1":31,"opptPTS2":29,"opptPTS3":20,"opptPTS4":28,"opptPTS5":0,"opptPTS6":0,"opptPTS7":0,"opptPTS8":0}
{"_id":{"$oid":"5cb552f6e0f627212ff3be22"},"gmDate":"2018/1/27","offLNm3":"Zarba","offFNm3":"Zach","teamAbbr":"IND","teamConf":"East","teamLoc":"Home","teamRslt":"Win","teamPTS":114,"teamAST":25,"teamTO":10,"teamSTL":9,"teamBLK":1,"teamPF":24,"teamFGA":87,"teamFGM":47,"team2PA":69,"team2PM":42,"team3PA":18,"team3PM":5,"teamFTA":19,"teamFTM":15,"teamORB":9,"teamDRB":29,"teamPTS1":22,"teamPTS2":31,"teamPTS3":31,"teamPTS4":30,"teamPTS5":0,"teamPTS6":0,"teamPTS7":0,"teamPTS8":0,"opptAbbr":"ORL","opptConf":"East","opptLoc":"Away","opptRslt":"Loss","opptPTS":112,"opptAST":21,"opptTO":16,"opptSTL":6,"opptBLK":7,"opptPF":18,"opptFGA":77,"opptFGM":42,"oppt2PA":52,"oppt2PM":34,"oppt3PA":25,"oppt3PM":8,"opptFTA":32,"opptFTM":20,"opptORB":13,"opptDRB":27,"opptPTS1":32,"opptPTS2":38,"opptPTS3":22,"opptPTS4":20,"opptPTS5":0,"opptPTS6":0,"opptPTS7":0,"opptPTS8":0}
{"_id":{"$oid":"5cb552f6e0f627212ff3be2f"},"gmDate":"2018/1/29","offLNm3":"Barnaky","offFNm3":"Brent","teamAbbr":"IND","teamConf":"East","teamLoc":"Home","teamRslt":"Win","teamPTS":105,"teamAST":28,"teamTO":13,"teamSTL":7,"teamBLK":3,"teamPF":19,"teamFGA":83,"teamFGM":45,"team2PA":62,"team2PM":39,"team3PA":21,"team3PM":6,"teamFTA":11,"teamFTM":9,"teamORB":6,"teamDRB":32,"teamPTS1":23,"teamPTS2":29,"teamPTS3":29,"teamPTS4":24,"teamPTS5":0,"teamPTS6":0,"teamPTS7":0,"teamPTS8":0,"opptAbbr":"CHA","opptConf":"East","opptLoc":"Away","opptRslt":"Loss","opptPTS":96,"opptAST":18,"opptTO":16,"opptSTL":5,"opptBLK":2,"opptPF":14,"opptFGA":83,"opptFGM":37,"oppt2PA":52,"oppt2PM":28,"oppt3PA":31,"oppt3PM":9,"opptFTA":20,"opptFTM":13,"opptORB":11,"opptDRB":29,"opptPTS1":23,"opptPTS2":28,"opptPTS3":27,"opptPTS4":18,"opptPTS5":0,"opptPTS6":0,"opptPTS7":0,"opptPTS8":0}
{"_id":{"$oid":"5cb552f6e0f627212ff3be3e"},"gmDate":"2018/1/31","offLNm3":"DeRosa","offFNm3":"Joe","teamAbbr":"IND","teamConf":"East","teamLoc":"Home","teamRslt":"Win","teamPTS":105,"teamAST":20,"teamTO":14,"teamSTL":16,"teamBLK":4,"teamPF":15,"teamFGA":70,"teamFGM":37,"team2PA":44,"team2PM":27,"team3PA":26,"team3PM":10,"teamFTA":31,"teamFTM":21,"teamORB":8,"teamDRB":25,"teamPTS1":21,"teamPTS2":34,"teamPTS3":29,"teamPTS4":21,"teamPTS5":0,"teamPTS6":0,"teamPTS7":0,"teamPTS8":0,"opptAbbr":"MEM","opptConf":"West","opptLoc":"Away","opptRslt":"Loss","opptPTS":101,"opptAST":20,"opptTO":18,"opptSTL":10,"opptBLK":1,"opptPF":22,"opptFGA":82,"opptFGM":39,"oppt2PA":56,"oppt2PM":27,"oppt3PA":26,"oppt3PM":12,"opptFTA":15,"opptFTM":11,"opptORB":14,"opptDRB":27,"opptPTS1":25,"opptPTS2":28,"opptPTS3":22,"opptPTS4":26,"opptPTS5":0,"opptPTS6":0,"opptPTS7":0,"opptPTS8":0}
{"_id":{"$oid":"5cb552f6e0f627212ff3be4c"},"gmDate":"2018/2/2","offLNm3":"Smith","offFNm3":"Michael","teamAbbr":"CHA","teamConf":"East","teamLoc":"Home","teamRslt":"Win","teamPTS":133,"teamAST":27,"teamTO":15,"teamSTL":5,"teamBLK":2,"teamPF":21,"teamFGA":83,"teamFGM":44,"team2PA":50,"team2PM":29,"team3PA":33,"team3PM":15,"teamFTA":34,"teamFTM":30,"teamORB":11,"teamDRB":32,"teamPTS1":49,"teamPTS2":22,"teamPTS3":25,"teamPTS4":37,"teamPTS5":0,"teamPTS6":0,"teamPTS7":0,"teamPTS8":0,"opptAbbr":"IND","opptConf":"East","opptLoc":"Away","opptRslt":"Loss","opptPTS":126,"opptAST":21,"opptTO":11,"opptSTL":10,"opptBLK":6,"opptPF":25,"opptFGA":87,"opptFGM":44,"oppt2PA":58,"oppt2PM":32,"oppt3PA":29,"oppt3PM":12,"opptFTA":28,"opptFTM":26,"opptORB":7,"opptDRB":24,"opptPTS1":37,"opptPTS2":20,"opptPTS3":34,"opptPTS4":35,"opptPTS5":0,"opptPTS6":0,"opptPTS7":0,"opptPTS8":0}
{"_id":{"$oid":"5cb552f6e0f627212ff3be56"},"gmDate":"2018/2/3","offLNm3":"Sterling","offFNm3":"Jonathan","teamAbbr":"IND","teamConf":"East","teamLoc":"Home","teamRslt":"Win","teamPTS":100,"teamAST":25,"teamTO":14,"teamSTL":15,"teamBLK":8,"teamPF":19,"teamFGA":79,"teamFGM":35,"team2PA":52,"team2PM":26,"team3PA":27,"team3PM":9,"teamFTA":25,"teamFTM":21,"teamORB":6,"teamDRB":37,"teamPTS1":33,"teamPTS2":29,"teamPTS3":14,"teamPTS4":24,"teamPTS5":0,"teamPTS6":0,"teamPTS7":0,"teamPTS8":0,"opptAbbr":"PHI","opptConf":"East","opptLoc":"Away","opptRslt":"Loss","opptPTS":92,"opptAST":21,"opptTO":18,"opptSTL":8,"opptBLK":2,"opptPF":21,"opptFGA":87,"opptFGM":33,"oppt2PA":55,"oppt2PM":23,"oppt3PA":32,"oppt3PM":10,"opptFTA":24,"opptFTM":16,"opptORB":15,"opptDRB":34,"opptPTS1":27,"opptPTS2":30,"opptPTS3":18,"opptPTS4":17,"opptPTS5":0,"opptPTS6":0,"opptPTS7":0,"opptPTS8":0}
{"_id":{"$oid":"5cb552f6e0f627212ff3be64"},"gmDate":"2018/2/5","offLNm3":"Lewis","offFNm3":"Eric","teamAbbr":"IND","teamConf":"East","teamLoc":"Home","teamRslt":"Loss","teamPTS":102,"teamAST":19,"teamTO":15,"teamSTL":5,"teamBLK":2,"teamPF":18,"teamFGA":80,"teamFGM":37,"team2PA":51,"team2PM":25,"team3PA":29,"team3PM":12,"teamFTA":25,"teamFTM":16,"teamORB":8,"teamDRB":27,"teamPTS1":23,"teamPTS2":26,"teamPTS3":25,"teamPTS4":28,"teamPTS5":0,"teamPTS6":0,"teamPTS7":0,"teamPTS8":0,"opptAbbr":"WAS","opptConf":"East","opptLoc":"Away","opptRslt":"Win","opptPTS":111,"opptAST":29,"opptTO":13,"opptSTL":7,"opptBLK":1,"opptPF":23,"opptFGA":82,"opptFGM":45,"oppt2PA":57,"oppt2PM":38,"oppt3PA":25,"oppt3PM":7,"opptFTA":17,"opptFTM":14,"opptORB":7,"opptDRB":36,"opptPTS1":28,"opptPTS2":30,"opptPTS3":28,"opptPTS4":25,"opptPTS5":0,"opptPTS6":0,"opptPTS7":0,"opptPTS8":0}
{"_id":{"$oid":"5cb552f6e0f627212ff3be80"},"gmDate":"2018/2/9","offLNm3":"Stafford","offFNm3":"Derrick","teamAbbr":"BOS","teamConf":"East","teamLoc":"Home","teamRslt":"Loss","teamPTS":91,"teamAST":16,"teamTO":10,"teamSTL":5,"teamBLK":9,"teamPF":21,"teamFGA":89,"teamFGM":34,"team2PA":62,"team2PM":27,"team3PA":27,"team3PM":7,"teamFTA":20,"teamFTM":16,"teamORB":12,"teamDRB":26,"teamPTS1":16,"teamPTS2":22,"teamPTS3":34,"teamPTS4":19,"teamPTS5":0,"teamPTS6":0,"teamPTS7":0,"teamPTS8":0,"opptAbbr":"IND","opptConf":"East","opptLoc":"Away","opptRslt":"Win","opptPTS":97,"opptAST":18,"opptTO":15,"opptSTL":6,"opptBLK":5,"opptPF":20,"opptFGA":83,"opptFGM":37,"oppt2PA":63,"oppt2PM":32,"oppt3PA":20,"oppt3PM":5,"opptFTA":22,"opptFTM":18,"opptORB":13,"opptDRB":40,"opptPTS1":30,"opptPTS2":29,"opptPTS3":17,"opptPTS4":21,"opptPTS5":0,"opptPTS6":0,"opptPTS7":0,"opptPTS8":0}
{"_id":{"$oid":"5cb552f6e0f627212ff3be90"},"gmDate":"2018/2/11","offLNm3":"Nansel","offFNm3":"Brett","teamAbbr":"IND","teamConf":"East","teamLoc":"Home","teamRslt":"Win","teamPTS":121,"teamAST":27,"teamTO":13,"teamSTL":7,"teamBLK":5,"teamPF":16,"teamFGA":94,"teamFGM":47,"team2PA":66,"team2PM":35,"team3PA":28,"team3PM":12,"teamFTA":22,"teamFTM":15,"teamORB":16,"teamDRB":38,"teamPTS1":36,"teamPTS2":32,"teamPTS3":26,"teamPTS4":27,"teamPTS5":0,"teamPTS6":0,"teamPTS7":0,"teamPTS8":0,"opptAbbr":"NY","opptConf":"East","opptLoc":"Away","opptRslt":"Loss","opptPTS":113,"opptAST":27,"opptTO":12,"opptSTL":8,"opptBLK":3,"opptPF":18,"opptFGA":93,"opptFGM":41,"oppt2PA":58,"oppt2PM":32,"oppt3PA":35,"oppt3PM":9,"opptFTA":25,"opptFTM":22,"opptORB":12,"opptDRB":33,"opptPTS1":37,"opptPTS2":25,"opptPTS3":22,"opptPTS4":29,"opptPTS5":0,"opptPTS6":0,"opptPTS7":0,"opptPTS8":0}
{"_id":{"$oid":"5cb552f6e0f627212ff3bea4"},"gmDate":"2018/2/14","offLNm3":"DeRosa","offFNm3":"Joe","teamAbbr":"BKN","teamConf":"East","teamLoc":"Home","teamRslt":"Loss","teamPTS":103,"teamAST":24,"teamTO":14,"teamSTL":4,"teamBLK":2,"teamPF":20,"teamFGA":83,"teamFGM":35,"team2PA":48,"team2PM":22,"team3PA":35,"team3PM":13,"teamFTA":27,"teamFTM":20,"teamORB":9,"teamDRB":35,"teamPTS1":23,"teamPTS2":31,"teamPTS3":25,"teamPTS4":24,"teamPTS5":0,"teamPTS6":0,"teamPTS7":0,"teamPTS8":0,"opptAbbr":"IND","opptConf":"East","opptLoc":"Away","opptRslt":"Win","opptPTS":108,"opptAST":20,"opptTO":8,"opptSTL":10,"opptBLK":7,"opptPF":20,"opptFGA":90,"opptFGM":39,"oppt2PA":75,"oppt2PM":33,"oppt3PA":15,"oppt3PM":6,"opptFTA":28,"opptFTM":24,"opptORB":15,"opptDRB":37,"opptPTS1":22,"opptPTS2":32,"opptPTS3":19,"opptPTS4":35,"opptPTS5":0,"opptPTS6":0,"opptPTS7":0,"opptPTS8":0}
{"_id":{"$oid":"5cb552f6e0f627212ff3beb6"},"gmDate":"2018/2/23","offLNm3":"Richardson","offFNm3":"Derek","teamAbbr":"IND","teamConf":"East","teamLoc":"Home","teamRslt":"Win","teamPTS":116,"teamAST":30,"teamTO":17,"teamSTL":17,"teamBLK":3,"teamPF":20,"teamFGA":101,"teamFGM":48,"team2PA":73,"team2PM":39,"team3PA":28,"team3PM":9,"teamFTA":13,"teamFTM":11,"teamORB":15,"teamDRB":42,"teamPTS1":27,"teamPTS2":34,"teamPTS3":22,"teamPTS4":33,"teamPTS5":0,"teamPTS6":0,"teamPTS7":0,"teamPTS8":0,"opptAbbr":"ATL","opptConf":"East","opptLoc":"Away","opptRslt":"Loss","opptPTS":93,"opptAST":14,"opptTO":22,"opptSTL":9,"opptBLK":7,"opptPF":20,"opptFGA":82,"opptFGM":37,"oppt2PA":51,"oppt2PM":30,"oppt3PA":31,"oppt3PM":7,"opptFTA":19,"opptFTM":12,"opptORB":6,"opptDRB":34,"opptPTS1":22,"opptPTS2":22,"opptPTS3":22,"opptPTS4":27,"opptPTS5":0,"opptPTS6":0,"opptPTS7":0,"opptPTS8":0}
{"_id":{"$oid":"5cb552f6e0f627212ff3bed3"},"gmDate":"2018/2/26","offLNm3":"Brothers","offFNm3":"Tony","teamAbbr":"DAL","teamConf":"West","teamLoc":"Home","teamRslt":"Win","teamPTS":109,"teamAST":20,"teamTO":10,"teamSTL":9,"teamBLK":3,"teamPF":21,"teamFGA":88,"teamFGM":40,"team2PA":51,"team2PM":26,"team3PA":37,"team3PM":14,"teamFTA":18,"teamFTM":15,"teamORB":7,"teamDRB":37,"teamPTS1":23,"teamPTS2":26,"teamPTS3":19,"teamPTS4":41,"teamPTS5":0,"teamPTS6":0,"teamPTS7":0,"teamPTS8":0,"opptAbbr":"IND","opptConf":"East","opptLoc":"Away","opptRslt":"Loss","opptPTS":103,"opptAST":22,"opptTO":12,"opptSTL":6,"opptBLK":4,"opptPF":19,"opptFGA":87,"opptFGM":41,"oppt2PA":67,"oppt2PM":36,"oppt3PA":20,"oppt3PM":5,"opptFTA":23,"opptFTM":16,"opptORB":9,"opptDRB":41,"opptPTS1":23,"opptPTS2":20,"opptPTS3":22,"opptPTS4":38,"opptPTS5":0,"opptPTS6":0,"opptPTS7":0,"opptPTS8":0}
{"_id":{"$oid":"5cb552f6e0f627212ff3bedf"},"gmDate":"2018/2/28","offLNm3":"Collins","offFNm3":"Derrick","teamAbbr":"ATL","teamConf":"East","teamLoc":"Home","teamRslt":"Win","teamPTS":107,"teamAST":21,"teamTO":21,"teamSTL":13,"teamBLK":11,"teamPF":23,"teamFGA":87,"teamFGM":38,"team2PA":58,"team2PM":29,"team3PA":29,"team3PM":9,"teamFTA":27,"teamFTM":22,"teamORB":15,"teamDRB":34,"teamPTS1":28,"teamPTS2":27,"teamPTS3":30,"teamPTS4":22,"teamPTS5":0,"teamPTS6":0,"teamPTS7":0,"teamPTS8":0,"opptAbbr":"IND","opptConf":"East","opptLoc":"Away","opptRslt":"Loss","opptPTS":102,"opptAST":21,"opptTO":24,"opptSTL":13,"opptBLK":5,"opptPF":20,"opptFGA":90,"opptFGM":38,"oppt2PA":58,"oppt2PM":27,"oppt3PA":32,"oppt3PM":11,"opptFTA":20,"opptFTM":15,"opptORB":11,"opptDRB":32,"opptPTS1":27,"opptPTS2":23,"opptPTS3":15,"opptPTS4":37,"opptPTS5":0,"opptPTS6":0,"opptPTS7":0,"opptPTS8":0}
{"_id":{"$oid":"5cb552f6e0f627212ff3beef"},"gmDate":"2018/3/2","offLNm3":"Van Duyne","offFNm3":"Justin","teamAbbr":"MIL","teamConf":"East","teamLoc":"Home","teamRslt":"Loss","teamPTS":96,"teamAST":15,"teamTO":14,"teamSTL":8,"teamBLK":13,"teamPF":24,"teamFGA":81,"teamFGM":31,"team2PA":56,"team2PM":22,"team3PA":25,"team3PM":9,"teamFTA":32,"teamFTM":25,"teamORB":14,"teamDRB":29,"teamPTS1":21,"teamPTS2":25,"teamPTS3":21,"teamPTS4":29,"teamPTS5":0,"teamPTS6":0,"teamPTS7":0,"teamPTS8":0,"opptAbbr":"IND","opptConf":"East","opptLoc":"Away","opptRslt":"Win","opptPTS":103,"opptAST":19,"opptTO":15,"opptSTL":11,"opptBLK":4,"opptPF":23,"opptFGA":83,"opptFGM":37,"oppt2PA":67,"oppt2PM":31,"oppt3PA":16,"oppt3PM":6,"opptFTA":30,"opptFTM":23,"opptORB":13,"opptDRB":35,"opptPTS1":18,"opptPTS2":27,"opptPTS3":33,"opptPTS4":25,"opptPTS5":0,"opptPTS6":0,"opptPTS7":0,"opptPTS8":0}
{"_id":{"$oid":"5cb552f6e0f627212ff3befd"},"gmDate":"2018/3/4","offLNm3":"Callahan","offFNm3":"Mike","teamAbbr":"WAS","teamConf":"East","teamLoc":"Home","teamRslt":"Loss","teamPTS":95,"teamAST":21,"teamTO":15,"teamSTL":9,"teamBLK":2,"teamPF":21,"teamFGA":83,"teamFGM":35,"team2PA":56,"team2PM":25,"team3PA":27,"team3PM":10,"teamFTA":19,"teamFTM":15,"teamORB":10,"teamDRB":32,"teamPTS1":20,"teamPTS2":25,"teamPTS3":20,"teamPTS4":30,"teamPTS5":0,"teamPTS6":0,"teamPTS7":0,"teamPTS8":0,"opptAbbr":"IND","opptConf":"East","opptLoc":"Away","opptRslt":"Win","opptPTS":98,"opptAST":11,"opptTO":16,"opptSTL":10,"opptBLK":0,"opptPF":18,"opptFGA":77,"opptFGM":34,"oppt2PA":52,"oppt2PM":26,"oppt3PA":25,"oppt3PM":8,"opptFTA":24,"opptFTM":22,"opptORB":11,"opptDRB":32,"opptPTS1":30,"opptPTS2":25,"opptPTS3":25,"opptPTS4":18,"opptPTS5":0,"opptPTS6":0,"opptPTS7":0,"opptPTS8":0}
{"_id":{"$oid":"5cb552f6e0f627212ff3bf03"},"gmDate":"2018/3/5","offLNm3":"DeRosa","offFNm3":"Joe","teamAbbr":"IND","teamConf":"East","teamLoc":"Home","teamRslt":"Win","teamPTS":92,"teamAST":18,"teamTO":15,"teamSTL":13,"teamBLK":5,"teamPF":15,"teamFGA":77,"teamFGM":33,"team2PA":60,"team2PM":23,"team3PA":17,"team3PM":10,"teamFTA":21,"teamFTM":16,"teamORB":8,"teamDRB":29,"teamPTS1":20,"teamPTS2":24,"teamPTS3":29,"teamPTS4":19,"teamPTS5":0,"teamPTS6":0,"teamPTS7":0,"teamPTS8":0,"opptAbbr":"MIL","opptConf":"East","opptLoc":"Away","opptRslt":"Loss","opptPTS":89,"opptAST":15,"opptTO":18,"opptSTL":8,"opptBLK":7,"opptPF":16,"opptFGA":76,"opptFGM":34,"oppt2PA":53,"oppt2PM":27,"oppt3PA":23,"oppt3PM":7,"opptFTA":16,"opptFTM":14,"opptORB":8,"opptDRB":31,"opptPTS1":17,"opptPTS2":29,"opptPTS3":23,"opptPTS4":20,"opptPTS5":0,"opptPTS6":0,"opptPTS7":0,"opptPTS8":0}
{"_id":{"$oid":"5cb552f6e0f627212ff3bf11"},"gmDate":"2018/3/7","offLNm3":"Smith","offFNm3":"Michael","teamAbbr":"IND","teamConf":"East","teamLoc":"Home","teamRslt":"Loss","teamPTS":84,"teamAST":12,"teamTO":12,"teamSTL":9,"teamBLK":4,"teamPF":17,"teamFGA":88,"teamFGM":34,"team2PA":65,"team2PM":31,"team3PA":23,"team3PM":3,"teamFTA":17,"teamFTM":13,"teamORB":14,"teamDRB":31,"teamPTS1":20,"teamPTS2":24,"teamPTS3":25,"teamPTS4":15,"teamPTS5":0,"teamPTS6":0,"teamPTS7":0,"teamPTS8":0,"opptAbbr":"UTA","opptConf":"West","opptLoc":"Away","opptRslt":"Win","opptPTS":104,"opptAST":30,"opptTO":13,"opptSTL":9,"opptBLK":5,"opptPF":18,"opptFGA":80,"opptFGM":41,"oppt2PA":49,"oppt2PM":30,"oppt3PA":31,"oppt3PM":11,"opptFTA":16,"opptFTM":11,"opptORB":7,"opptDRB":35,"opptPTS1":32,"opptPTS2":22,"opptPTS3":25,"opptPTS4":25,"opptPTS5":0,"opptPTS6":0,"opptPTS7":0,"opptPTS8":0}
{"_id":{"$oid":"5cb552f6e0f627212ff3bf1e"},"gmDate":"2018/3/9","offLNm3":"Zarba","offFNm3":"Zach","teamAbbr":"IND","teamConf":"East","teamLoc":"Home","teamRslt":"Win","teamPTS":112,"teamAST":21,"teamTO":16,"teamSTL":11,"teamBLK":3,"teamPF":16,"teamFGA":91,"teamFGM":45,"team2PA":63,"team2PM":31,"team3PA":28,"team3PM":14,"teamFTA":10,"teamFTM":8,"teamORB":9,"teamDRB":40,"teamPTS1":34,"teamPTS2":19,"teamPTS3":34,"teamPTS4":25,"teamPTS5":0,"teamPTS6":0,"teamPTS7":0,"teamPTS8":0,"opptAbbr":"ATL","opptConf":"East","opptLoc":"Away","opptRslt":"Loss","opptPTS":87,"opptAST":21,"opptTO":19,"opptSTL":11,"opptBLK":4,"opptPF":13,"opptFGA":82,"opptFGM":34,"oppt2PA":49,"oppt2PM":24,"oppt3PA":33,"oppt3PM":10,"opptFTA":10,"opptFTM":9,"opptORB":6,"opptDRB":29,"opptPTS1":15,"opptPTS2":22,"opptPTS3":26,"opptPTS4":24,"opptPTS5":0,"opptPTS6":0,"opptPTS7":0,"opptPTS8":0}
{"_id":{"$oid":"5cb552f6e0f627212ff3bf32"},"gmDate":"2018/3/11","offLNm3":"Blair","offFNm3":"Curtis","teamAbbr":"BOS","teamConf":"East","teamLoc":"Home","teamRslt":"Loss","teamPTS":97,"teamAST":26,"teamTO":16,"teamSTL":10,"teamBLK":5,"teamPF":13,"teamFGA":81,"teamFGM":34,"team2PA":44,"team2PM":22,"team3PA":37,"team3PM":12,"teamFTA":21,"teamFTM":17,"teamORB":10,"teamDRB":32,"teamPTS1":25,"teamPTS2":25,"teamPTS3":20,"teamPTS4":27,"teamPTS5":0,"teamPTS6":0,"teamPTS7":0,"teamPTS8":0,"opptAbbr":"IND","opptConf":"East","opptLoc":"Away","opptRslt":"Win","opptPTS":99,"opptAST":26,"opptTO":18,"opptSTL":9,"opptBLK":7,"opptPF":20,"opptFGA":81,"opptFGM":39,"oppt2PA":59,"oppt2PM":27,"oppt3PA":22,"oppt3PM":12,"opptFTA":10,"opptFTM":9,"opptORB":6,"opptDRB":33,"opptPTS1":24,"opptPTS2":16,"opptPTS3":34,"opptPTS4":25,"opptPTS5":0,"opptPTS6":0,"opptPTS7":0,"opptPTS8":0}
{"_id":{"$oid":"5cb552f6e0f627212ff3bf3a"},"gmDate":"2018/3/13","offLNm3":"Richardson","offFNm3":"Derek","teamAbbr":"PHI","teamConf":"East","teamLoc":"Home","teamRslt":"Loss","teamPTS":98,"teamAST":24,"teamTO":21,"teamSTL":3,"teamBLK":7,"teamPF":25,"teamFGA":75,"teamFGM":35,"team2PA":45,"team2PM":25,"team3PA":30,"team3PM":10,"teamFTA":22,"teamFTM":18,"teamORB":7,"teamDRB":41,"teamPTS1":23,"teamPTS2":30,"teamPTS3":26,"teamPTS4":19,"teamPTS5":0,"teamPTS6":0,"teamPTS7":0,"teamPTS8":0,"opptAbbr":"IND","opptConf":"East","opptLoc":"Away","opptRslt":"Win","opptPTS":101,"opptAST":20,"opptTO":10,"opptSTL":13,"opptBLK":2,"opptPF":23,"opptFGA":95,"opptFGM":38,"oppt2PA":71,"oppt2PM":33,"oppt3PA":24,"oppt3PM":5,"opptFTA":25,"opptFTM":20,"opptORB":14,"opptDRB":31,"opptPTS1":33,"opptPTS2":24,"opptPTS3":26,"opptPTS4":18,"opptPTS5":0,"opptPTS6":0,"opptPTS7":0,"opptPTS8":0}
{"_id":{"$oid":"5cb552f6e0f627212ff3bf49"},"gmDate":"2018/3/15","offLNm3":"Stafford","offFNm3":"Derrick","teamAbbr":"IND","teamConf":"East","teamLoc":"Home","teamRslt":"Loss","teamPTS":99,"teamAST":17,"teamTO":8,"teamSTL":11,"teamBLK":3,"teamPF":25,"teamFGA":93,"teamFGM":40,"team2PA":69,"team2PM":33,"team3PA":24,"team3PM":7,"teamFTA":17,"teamFTM":12,"teamORB":11,"teamDRB":24,"teamPTS1":27,"teamPTS2":30,"teamPTS3":22,"teamPTS4":20,"teamPTS5":0,"teamPTS6":0,"teamPTS7":0,"teamPTS8":0,"opptAbbr":"TOR","opptConf":"East","opptLoc":"Away","opptRslt":"Win","opptPTS":106,"opptAST":20,"opptTO":20,"opptSTL":4,"opptBLK":8,"opptPF":19,"opptFGA":80,"opptFGM":35,"oppt2PA":48,"oppt2PM":23,"oppt3PA":32,"oppt3PM":12,"opptFTA":28,"opptFTM":24,"opptORB":19,"opptDRB":39,"opptPTS1":25,"opptPTS2":24,"opptPTS3":28,"opptPTS4":29,"opptPTS5":0,"opptPTS6":0,"opptPTS7":0,"opptPTS8":0}
{"_id":{"$oid":"5cb552f6e0f627212ff3bf59"},"gmDate":"2018/3/17","offLNm3":"Brown","offFNm3":"Tony","teamAbbr":"WAS","teamConf":"East","teamLoc":"Home","teamRslt":"Win","teamPTS":109,"teamAST":29,"teamTO":15,"teamSTL":9,"teamBLK":2,"teamPF":17,"teamFGA":73,"teamFGM":40,"team2PA":53,"team2PM":30,"team3PA":20,"team3PM":10,"teamFTA":23,"teamFTM":19,"teamORB":6,"teamDRB":32,"teamPTS1":25,"teamPTS2":32,"teamPTS3":29,"teamPTS4":23,"teamPTS5":0,"teamPTS6":0,"teamPTS7":0,"teamPTS8":0,"opptAbbr":"IND","opptConf":"East","opptLoc":"Away","opptRslt":"Loss","opptPTS":102,"opptAST":24,"opptTO":15,"opptSTL":7,"opptBLK":3,"opptPF":18,"opptFGA":86,"opptFGM":39,"oppt2PA":62,"oppt2PM":27,"oppt3PA":24,"oppt3PM":12,"opptFTA":15,"opptFTM":12,"opptORB":10,"opptDRB":27,"opptPTS1":20,"opptPTS2":25,"opptPTS3":26,"opptPTS4":31,"opptPTS5":0,"opptPTS6":0,"opptPTS7":0,"opptPTS8":0}
{"_id":{"$oid":"5cb552f6e0f627212ff3bf69"},"gmDate":"2018/3/19","offLNm3":"Spooner","offFNm3":"Bill","teamAbbr":"IND","teamConf":"East","teamLoc":"Home","teamRslt":"Win","teamPTS":110,"teamAST":24,"teamTO":7,"teamSTL":9,"teamBLK":8,"teamPF":16,"teamFGA":87,"teamFGM":43,"team2PA":66,"team2PM":37,"team3PA":21,"team3PM":6,"teamFTA":19,"teamFTM":18,"teamORB":9,"teamDRB":35,"teamPTS1":29,"teamPTS2":28,"teamPTS3":35,"teamPTS4":18,"teamPTS5":0,"teamPTS6":0,"teamPTS7":0,"teamPTS8":0,"opptAbbr":"LAL","opptConf":"West","opptLoc":"Away","opptRslt":"Loss","opptPTS":100,"opptAST":20,"opptTO":13,"opptSTL":4,"opptBLK":3,"opptPF":18,"opptFGA":86,"opptFGM":38,"oppt2PA":53,"oppt2PM":30,"oppt3PA":33,"oppt3PM":8,"opptFTA":23,"opptFTM":16,"opptORB":14,"opptDRB":33,"opptPTS1":37,"opptPTS2":22,"opptPTS3":21,"opptPTS4":20,"opptPTS5":0,"opptPTS6":0,"opptPTS7":0,"opptPTS8":0}
{"_id":{"$oid":"5cb552f6e0f627212ff3bf7d"},"gmDate":"2018/3/21","offLNm3":"Lane","offFNm3":"Karl","teamAbbr":"NO","teamConf":"West","teamLoc":"Home","teamRslt":"Win","teamPTS":96,"teamAST":15,"teamTO":20,"teamSTL":4,"teamBLK":11,"teamPF":19,"teamFGA":79,"teamFGM":34,"team2PA":56,"team2PM":26,"team3PA":23,"team3PM":8,"teamFTA":24,"teamFTM":20,"teamORB":10,"teamDRB":40,"teamPTS1":24,"teamPTS2":27,"teamPTS3":16,"teamPTS4":29,"teamPTS5":0,"teamPTS6":0,"teamPTS7":0,"teamPTS8":0,"opptAbbr":"IND","opptConf":"East","opptLoc":"Away","opptRslt":"Loss","opptPTS":92,"opptAST":15,"opptTO":15,"opptSTL":13,"opptBLK":5,"opptPF":21,"opptFGA":93,"opptFGM":34,"oppt2PA":71,"oppt2PM":27,"oppt3PA":22,"oppt3PM":7,"opptFTA":18,"opptFTM":17,"opptORB":15,"opptDRB":33,"opptPTS1":25,"opptPTS2":25,"opptPTS3":19,"opptPTS4":23,"opptPTS5":0,"opptPTS6":0,"opptPTS7":0,"opptPTS8":0}
{"_id":{"$oid":"5cb552f6e0f627212ff3bf84"},"gmDate":"2018/3/23","offLNm3":"Kennedy","offFNm3":"Bill","teamAbbr":"IND","teamConf":"East","teamLoc":"Home","teamRslt":"Win","teamPTS":109,"teamAST":25,"teamTO":9,"teamSTL":7,"teamBLK":2,"teamPF":16,"teamFGA":93,"teamFGM":43,"team2PA":62,"team2PM":32,"team3PA":31,"team3PM":11,"teamFTA":14,"teamFTM":12,"teamORB":14,"teamDRB":27,"teamPTS1":27,"teamPTS2":31,"teamPTS3":24,"teamPTS4":27,"teamPTS5":0,"teamPTS6":0,"teamPTS7":0,"teamPTS8":0,"opptAbbr":"LAC","opptConf":"West","opptLoc":"Away","opptRslt":"Loss","opptPTS":104,"opptAST":24,"opptTO":15,"opptSTL":4,"opptBLK":3,"opptPF":20,"opptFGA":76,"opptFGM":42,"oppt2PA":50,"oppt2PM":32,"oppt3PA":26,"oppt3PM":10,"opptFTA":14,"opptFTM":10,"opptORB":6,"opptDRB":27,"opptPTS1":28,"opptPTS2":25,"opptPTS3":23,"opptPTS4":28,"opptPTS5":0,"opptPTS6":0,"opptPTS7":0,"opptPTS8":0}
{"_id":{"$oid":"5cb552f6e0f627212ff3bf96"},"gmDate":"2018/3/25","offLNm3":"Lewis","offFNm3":"Eric","teamAbbr":"IND","teamConf":"East","teamLoc":"Home","teamRslt":"Win","teamPTS":113,"teamAST":26,"teamTO":17,"teamSTL":12,"teamBLK":7,"teamPF":17,"teamFGA":90,"teamFGM":44,"team2PA":67,"team2PM":36,"team3PA":23,"team3PM":8,"teamFTA":21,"teamFTM":17,"teamORB":10,"teamDRB":41,"teamPTS1":21,"teamPTS2":31,"teamPTS3":30,"teamPTS4":14,"teamPTS5":17,"teamPTS6":0,"teamPTS7":0,"teamPTS8":0,"opptAbbr":"MIA","opptConf":"East","opptLoc":"Away","opptRslt":"Loss","opptPTS":107,"opptAST":32,"opptTO":17,"opptSTL":10,"opptBLK":3,"opptPF":20,"opptFGA":86,"opptFGM":41,"oppt2PA":51,"oppt2PM":27,"oppt3PA":35,"oppt3PM":14,"opptFTA":14,"opptFTM":11,"opptORB":7,"opptDRB":32,"opptPTS1":30,"opptPTS2":23,"opptPTS3":21,"opptPTS4":22,"opptPTS5":11,"opptPTS6":0,"opptPTS7":0,"opptPTS8":0}
{"_id":{"$oid":"5cb552f6e0f627212ff3bfa8"},"gmDate":"2018/3/27","offLNm3":"Malloy","offFNm3":"Ed","teamAbbr":"GS","teamConf":"West","teamLoc":"Home","teamRslt":"Loss","teamPTS":81,"teamAST":21,"teamTO":16,"teamSTL":3,"teamBLK":9,"teamPF":17,"teamFGA":86,"teamFGM":35,"team2PA":69,"team2PM":30,"team3PA":17,"team3PM":5,"teamFTA":9,"teamFTM":6,"teamORB":17,"teamDRB":34,"teamPTS1":27,"teamPTS2":21,"teamPTS3":22,"teamPTS4":11,"teamPTS5":0,"teamPTS6":0,"teamPTS7":0,"teamPTS8":0,"opptAbbr":"IND","opptConf":"East","opptLoc":"Away","opptRslt":"Win","opptPTS":92,"opptAST":22,"opptTO":11,"opptSTL":9,"opptBLK":2,"opptPF":14,"opptFGA":81,"opptFGM":39,"oppt2PA":60,"oppt2PM":33,"oppt3PA":21,"oppt3PM":6,"opptFTA":12,"opptFTM":8,"opptORB":8,"opptDRB":30,"opptPTS1":18,"opptPTS2":21,"opptPTS3":29,"opptPTS4":24,"opptPTS5":0,"opptPTS6":0,"opptPTS7":0,"opptPTS8":0}
{"_id":{"$oid":"5cb552f6e0f627212ff3bfb5"},"gmDate":"2018/3/29","offLNm3":"Fraher","offFNm3":"Pat","teamAbbr":"SAC","teamConf":"West","teamLoc":"Home","teamRslt":"Loss","teamPTS":103,"teamAST":27,"teamTO":18,"teamSTL":3,"teamBLK":2,"teamPF":24,"teamFGA":78,"teamFGM":42,"team2PA":47,"team2PM":29,"team3PA":31,"team3PM":13,"teamFTA":9,"teamFTM":6,"teamORB":6,"teamDRB":26,"teamPTS1":28,"teamPTS2":28,"teamPTS3":23,"teamPTS4":24,"teamPTS5":0,"teamPTS6":0,"teamPTS7":0,"teamPTS8":0,"opptAbbr":"IND","opptConf":"East","opptLoc":"Away","opptRslt":"Win","opptPTS":106,"opptAST":23,"opptTO":10,"opptSTL":9,"opptBLK":4,"opptPF":17,"opptFGA":80,"opptFGM":40,"oppt2PA":54,"oppt2PM":32,"oppt3PA":26,"oppt3PM":8,"opptFTA":20,"opptFTM":18,"opptORB":7,"opptDRB":27,"opptPTS1":28,"opptPTS2":33,"opptPTS3":18,"opptPTS4":27,"opptPTS5":0,"opptPTS6":0,"opptPTS7":0,"opptPTS8":0}
{"_id":{"$oid":"5cb552f6e0f627212ff3bfc7"},"gmDate":"2018/4/1","offLNm3":"Ayotte","offFNm3":"Mark","teamAbbr":"LAC","teamConf":"West","teamLoc":"Home","teamRslt":"Loss","teamPTS":104,"teamAST":24,"teamTO":13,"teamSTL":6,"teamBLK":6,"teamPF":19,"teamFGA":82,"teamFGM":42,"team2PA":57,"team2PM":33,"team3PA":25,"team3PM":9,"teamFTA":14,"teamFTM":11,"teamORB":12,"teamDRB":24,"teamPTS1":30,"teamPTS2":21,"teamPTS3":27,"teamPTS4":26,"teamPTS5":0,"teamPTS6":0,"teamPTS7":0,"teamPTS8":0,"opptAbbr":"IND","opptConf":"East","opptLoc":"Away","opptRslt":"Win","opptPTS":111,"opptAST":23,"opptTO":11,"opptSTL":8,"opptBLK":4,"opptPF":12,"opptFGA":86,"opptFGM":42,"oppt2PA":58,"oppt2PM":31,"oppt3PA":28,"oppt3PM":11,"opptFTA":21,"opptFTM":16,"opptORB":15,"opptDRB":25,"opptPTS1":22,"opptPTS2":28,"opptPTS3":26,"opptPTS4":35,"opptPTS5":0,"opptPTS6":0,"opptPTS7":0,"opptPTS8":0}
{"_id":{"$oid":"5cb552f6e0f627212ff3bfdb"},"gmDate":"2018/4/3","offLNm3":"Capers","offFNm3":"James","teamAbbr":"DEN","teamConf":"West","teamLoc":"Home","teamRslt":"Win","teamPTS":107,"teamAST":31,"teamTO":16,"teamSTL":10,"teamBLK":8,"teamPF":19,"teamFGA":89,"teamFGM":41,"team2PA":57,"team2PM":31,"team3PA":32,"team3PM":10,"teamFTA":20,"teamFTM":15,"teamORB":13,"teamDRB":36,"teamPTS1":27,"teamPTS2":22,"teamPTS3":28,"teamPTS4":30,"teamPTS5":0,"teamPTS6":0,"teamPTS7":0,"teamPTS8":0,"opptAbbr":"IND","opptConf":"East","opptLoc":"Away","opptRslt":"Loss","opptPTS":104,"opptAST":23,"opptTO":13,"opptSTL":11,"opptBLK":4,"opptPF":24,"opptFGA":84,"opptFGM":41,"oppt2PA":65,"oppt2PM":32,"oppt3PA":19,"oppt3PM":9,"opptFTA":16,"opptFTM":13,"opptORB":6,"opptDRB":29,"opptPTS1":26,"opptPTS2":20,"opptPTS3":27,"opptPTS4":31,"opptPTS5":0,"opptPTS6":0,"opptPTS7":0,"opptPTS8":0}
{"_id":{"$oid":"5cb552f6e0f627212ff3bfe5"},"gmDate":"2018/4/5","offLNm3":"Kogut","offFNm3":"Marat","teamAbbr":"IND","teamConf":"East","teamLoc":"Home","teamRslt":"Win","teamPTS":126,"teamAST":32,"teamTO":13,"teamSTL":11,"teamBLK":3,"teamPF":24,"teamFGA":93,"teamFGM":50,"team2PA":64,"team2PM":35,"team3PA":29,"team3PM":15,"teamFTA":15,"teamFTM":11,"teamORB":13,"teamDRB":34,"teamPTS1":27,"teamPTS2":35,"teamPTS3":35,"teamPTS4":29,"teamPTS5":0,"teamPTS6":0,"teamPTS7":0,"teamPTS8":0,"opptAbbr":"GS","opptConf":"West","opptLoc":"Away","opptRslt":"Loss","opptPTS":106,"opptAST":29,"opptTO":16,"opptSTL":6,"opptBLK":5,"opptPF":14,"opptFGA":83,"opptFGM":37,"oppt2PA":54,"oppt2PM":28,"oppt3PA":29,"oppt3PM":9,"opptFTA":24,"opptFTM":23,"opptORB":13,"opptDRB":26,"opptPTS1":26,"opptPTS2":25,"opptPTS3":26,"opptPTS4":29,"opptPTS5":0,"opptPTS6":0,"opptPTS7":0,"opptPTS8":0}
{"_id":{"$oid":"5cb552f6e0f627212ff3bff3"},"gmDate":"2018/4/6","offLNm3":"Brown","offFNm3":"Tony","teamAbbr":"TOR","teamConf":"East","teamLoc":"Home","teamRslt":"Win","teamPTS":92,"teamAST":27,"teamTO":23,"teamSTL":9,"teamBLK":8,"teamPF":17,"teamFGA":84,"teamFGM":36,"team2PA":54,"team2PM":27,"team3PA":30,"team3PM":9,"teamFTA":16,"teamFTM":11,"teamORB":9,"teamDRB":43,"teamPTS1":26,"teamPTS2":19,"teamPTS3":27,"teamPTS4":20,"teamPTS5":0,"teamPTS6":0,"teamPTS7":0,"teamPTS8":0,"opptAbbr":"IND","opptConf":"East","opptLoc":"Away","opptRslt":"Loss","opptPTS":73,"opptAST":16,"opptTO":13,"opptSTL":8,"opptBLK":8,"opptPF":21,"opptFGA":87,"opptFGM":26,"oppt2PA":66,"oppt2PM":19,"oppt3PA":21,"oppt3PM":7,"opptFTA":20,"opptFTM":14,"opptORB":12,"opptDRB":32,"opptPTS1":14,"opptPTS2":19,"opptPTS3":16,"opptPTS4":24,"opptPTS5":0,"opptPTS6":0,"opptPTS7":0,"opptPTS8":0}
{"_id":{"$oid":"5cb552f6e0f627212ff3bffb"},"gmDate":"2018/4/8","offLNm3":"Washington","offFNm3":"Tom","teamAbbr":"CHA","teamConf":"East","teamLoc":"Home","teamRslt":"Loss","teamPTS":117,"teamAST":27,"teamTO":21,"teamSTL":6,"teamBLK":3,"teamPF":17,"teamFGA":80,"teamFGM":40,"team2PA":50,"team2PM":29,"team3PA":30,"team3PM":11,"teamFTA":30,"teamFTM":26,"teamORB":5,"teamDRB":31,"teamPTS1":25,"teamPTS2":32,"teamPTS3":24,"teamPTS4":36,"teamPTS5":0,"teamPTS6":0,"teamPTS7":0,"teamPTS8":0,"opptAbbr":"IND","opptConf":"East","opptLoc":"Away","opptRslt":"Win","opptPTS":123,"opptAST":27,"opptTO":15,"opptSTL":11,"opptBLK":1,"opptPF":22,"opptFGA":93,"opptFGM":50,"oppt2PA":68,"oppt2PM":41,"oppt3PA":25,"oppt3PM":9,"opptFTA":18,"opptFTM":14,"opptORB":7,"opptDRB":32,"opptPTS1":31,"opptPTS2":39,"opptPTS3":25,"opptPTS4":28,"opptPTS5":0,"opptPTS6":0,"opptPTS7":0,"opptPTS8":0}
{"_id":{"$oid":"5cb552f6e0f627212ff3c00b"},"gmDate":"2018/4/10","offLNm3":"Collins","offFNm3":"Derrick","teamAbbr":"IND","teamConf":"East","teamLoc":"Home","teamRslt":"Loss","teamPTS":93,"teamAST":22,"teamTO":8,"teamSTL":2,"teamBLK":4,"teamPF":16,"teamFGA":99,"teamFGM":40,"team2PA":68,"team2PM":32,"team3PA":31,"team3PM":8,"teamFTA":8,"teamFTM":5,"teamORB":13,"teamDRB":41,"teamPTS1":25,"teamPTS2":30,"teamPTS3":16,"teamPTS4":22,"teamPTS5":0,"teamPTS6":0,"teamPTS7":0,"teamPTS8":0,"opptAbbr":"CHA","opptConf":"East","opptLoc":"Away","opptRslt":"Win","opptPTS":119,"opptAST":27,"opptTO":6,"opptSTL":5,"opptBLK":7,"opptPF":8,"opptFGA":99,"opptFGM":46,"oppt2PA":57,"oppt2PM":28,"oppt3PA":42,"oppt3PM":18,"opptFTA":12,"opptFTM":9,"opptORB":12,"opptDRB":42,"opptPTS1":37,"opptPTS2":26,"opptPTS3":24,"opptPTS4":32,"opptPTS5":0,"opptPTS6":0,"opptPTS7":0,"opptPTS8":0}
