{"_id":{"$oid":"5cb552f6e0f627212ff3bb5c"},"gmDate":"2017/10/19","offLNm3":"Callahan","offFNm3":"Mike","teamAbbr":"LAL","teamConf":"West","teamLoc":"Home","teamRslt":"Loss","teamPTS":92,"teamAST":21,"teamTO":20,"teamSTL":8,"teamBLK":7,"teamPF":15,"teamFGA":91,"teamFGM":37,"team2PA":75,"team2PM":33,"team3PA":16,"team3PM":4,"teamFTA":23,"teamFTM":14,"teamORB":12,"teamDRB":40,"teamPTS1":19,"teamPTS2":23,"teamPTS3":21,"teamPTS4":29,"teamPTS5":0,"teamPTS6":0,"teamPTS7":0,"teamPTS8":0,"opptAbbr":"LAC","opptConf":"West","opptLoc":"Away","opptRslt":"Win","opptPTS":108,"opptAST":23,"opptTO":15,"opptSTL":12,"opptBLK":3,"opptPF":20,"opptFGA":107,"opptFGM":42,"oppt2PA":74,"oppt2PM":30,"oppt3PA":33,"oppt3PM":12,"opptFTA":13,"opptFTM":12,"opptORB":17,"opptDRB":42,"opptPTS1":27,"opptPTS2":26,"opptPTS3":34,"opptPTS4":21,"opptPTS5":0,"opptPTS6":0,"opptPTS7":0,"opptPTS8":0}
{"_id":{"$oid":"5cb552f6e0f627212ff3bb73"},"gmDate":"2017/10/21","offLNm3":"Adams","offFNm3":"Bennie","teamAbbr":"LAC","teamConf":"West","teamLoc":"Home","teamRslt":"Win","teamPTS":130,"teamAST":26,"teamTO":12,"teamSTL":12,"teamBLK":2,"teamPF":32,"teamFGA":88,"teamFGM":48,"team2PA":62,"team2PM":36,"team3PA":26,"team3PM":12,"teamFTA":30,"teamFTM":22,"teamORB":10,"teamDRB":42,"teamPTS1":23,"teamPTS2":35,"teamPTS3":32,"teamPTS4":40,"teamPTS5":0,"teamPTS6":0,"teamPTS7":0,"teamPTS8":0,"opptAbbr":"PHO","opptConf":"West","opptLoc":"Away","opptRslt":"Loss","opptPTS":88,"opptAST":19,"opptTO":20,"opptSTL":8,"opptBLK":3,"opptPF":27,"opptFGA":71,"opptFGM":27,"oppt2PA":47,"oppt2PM":21,"oppt3PA":24,"oppt3PM":6,"opptFTA":38,"opptFTM":28,"opptORB":4,"opptDRB":32,"opptPTS1":18,"opptPTS2":26,"opptPTS3":20,"opptPTS4":24,"opptPTS5":0,"opptPTS6":0,"opptPTS7":0,"opptPTS8":0}
{"_id":{"$oid":"5cb552f6e0f627212ff3bb82"},"gmDate":"2017/10/24","offLNm3":"Boland","offFNm3":"Matt","teamAbbr":"LAC","teamConf":"West","teamLoc":"Home","teamRslt":"Win","teamPTS":102,"teamAST":21,"teamTO":13,"teamSTL":12,"teamBLK":4,"teamPF":16,"teamFGA":83,"teamFGM":39,"team2PA":54,"team2PM":29,"team3PA":29,"team3PM":10,"teamFTA":21,"teamFTM":14,"teamORB":11,"teamDRB":33,"teamPTS1":27,"teamPTS2":15,"teamPTS3":33,"teamPTS4":27,"teamPTS5":0,"teamPTS6":0,"teamPTS7":0,"teamPTS8":0,"opptAbbr":"UTA","opptConf":"West","opptLoc":"Away","opptRslt":"Loss","opptPTS":84,"opptAST":20,"opptTO":18,"opptSTL":7,"opptBLK":7,"opptPF":23,"opptFGA":79,"opptFGM":34,"oppt2PA":51,"oppt2PM":27,"oppt3PA":28,"oppt3PM":7,"opptFTA":11,"opptFTM":9,"opptORB":8,"opptDRB":33,"opptPTS1":20,"opptPTS2":21,"opptPTS3":15,"opptPTS4":28,"opptPTS5":0,"opptPTS6":0,"opptPTS7":0,"opptPTS8":0}
{"_id":{"$oid":"5cb552f6e0f627212ff3bb91"},"gmDate":"2017/10/26","offLNm3":"Taylor","offFNm3":"Ben","teamAbbr":"POR","teamConf":"West","teamLoc":"Home","teamRslt":"Loss","teamPTS":103,"teamAST":19,"teamTO":10,"teamSTL":5,"teamBLK":4,"teamPF":26,"teamFGA":89,"teamFGM":35,"team2PA":58,"team2PM":21,"team3PA":31,"team3PM":14,"teamFTA":22,"teamFTM":19,"teamORB":16,"teamDRB":28,"teamPTS1":24,"teamPTS2":29,"teamPTS3":26,"teamPTS4":24,"teamPTS5":0,"teamPTS6":0,"teamPTS7":0,"teamPTS8":0,"opptAbbr":"LAC","opptConf":"West","opptLoc":"Away","opptRslt":"Win","opptPTS":104,"opptAST":11,"opptTO":12,"opptSTL":4,"opptBLK":5,"opptPF":19,"opptFGA":77,"opptFGM":36,"oppt2PA":49,"oppt2PM":27,"oppt3PA":28,"oppt3PM":9,"opptFTA":36,"opptFTM":23,"opptORB":14,"opptDRB":32,"opptPTS1":30,"opptPTS2":32,"opptPTS3":18,"opptPTS4":24,"opptPTS5":0,"opptPTS6":0,"opptPTS7":0,"opptPTS8":0}
{"_id":{"$oid":"5cb552f6e0f627212ff3bba1"},"gmDate":"2017/10/28","offLNm3":"Washington","offFNm3":"Tom","teamAbbr":"LAC","teamConf":"West","teamLoc":"Home","teamRslt":"Loss","teamPTS":87,"teamAST":19,"teamTO":19,"teamSTL":6,"teamBLK":6,"teamPF":18,"teamFGA":84,"teamFGM":28,"team2PA":46,"team2PM":13,"team3PA":38,"team3PM":15,"teamFTA":22,"teamFTM":16,"teamORB":15,"teamDRB":36,"teamPTS1":24,"teamPTS2":31,"teamPTS3":17,"teamPTS4":15,"teamPTS5":0,"teamPTS6":0,"teamPTS7":0,"teamPTS8":0,"opptAbbr":"DET","opptConf":"East","opptLoc":"Away","opptRslt":"Win","opptPTS":95,"opptAST":16,"opptTO":13,"opptSTL":11,"opptBLK":6,"opptPF":20,"opptFGA":88,"opptFGM":36,"oppt2PA":60,"oppt2PM":27,"oppt3PA":28,"oppt3PM":9,"opptFTA":21,"opptFTM":14,"opptORB":12,"opptDRB":38,"opptPTS1":27,"opptPTS2":18,"opptPTS3":22,"opptPTS4":28,"opptPTS5":0,"opptPTS6":0,"opptPTS7":0,"opptPTS8":0}
{"_id":{"$oid":"5cb552f6e0f627212ff3bbb1"},"gmDate":"2017/10/30","offLNm3":"Richardson","offFNm3":"Leroy","teamAbbr":"LAC","teamConf":"West","teamLoc":"Home","teamRslt":"Loss","teamPTS":113,"teamAST":21,"teamTO":15,"teamSTL":4,"teamBLK":3,"teamPF":20,"teamFGA":86,"teamFGM":39,"team2PA":61,"team2PM":29,"team3PA":25,"team3PM":10,"teamFTA":30,"teamFTM":25,"teamORB":9,"teamDRB":26,"teamPTS1":28,"teamPTS2":29,"teamPTS3":29,"teamPTS4":27,"teamPTS5":0,"teamPTS6":0,"teamPTS7":0,"teamPTS8":0,"opptAbbr":"GS","opptConf":"West","opptLoc":"Away","opptRslt":"Win","opptPTS":141,"opptAST":37,"opptTO":12,"opptSTL":8,"opptBLK":8,"opptPF":23,"opptFGA":89,"opptFGM":52,"oppt2PA":60,"oppt2PM":38,"oppt3PA":29,"oppt3PM":14,"opptFTA":30,"opptFTM":23,"opptORB":14,"opptDRB":32,"opptPTS1":34,"opptPTS2":40,"opptPTS3":33,"opptPTS4":34,"opptPTS5":0,"opptPTS6":0,"opptPTS7":0,"opptPTS8":0}
{"_id":{"$oid":"5cb552f6e0f627212ff3bbc1"},"gmDate":"2017/11/1","offLNm3":"McCutchen","offFNm3":"Monty","teamAbbr":"LAC","teamConf":"West","teamLoc":"Home","teamRslt":"Win","teamPTS":119,"teamAST":27,"teamTO":16,"teamSTL":9,"teamBLK":5,"teamPF":20,"teamFGA":77,"teamFGM":41,"team2PA":49,"team2PM":28,"team3PA":28,"team3PM":13,"teamFTA":29,"teamFTM":24,"teamORB":6,"teamDRB":42,"teamPTS1":32,"teamPTS2":34,"teamPTS3":29,"teamPTS4":24,"teamPTS5":0,"teamPTS6":0,"teamPTS7":0,"teamPTS8":0,"opptAbbr":"DAL","opptConf":"West","opptLoc":"Away","opptRslt":"Loss","opptPTS":98,"opptAST":20,"opptTO":14,"opptSTL":8,"opptBLK":4,"opptPF":22,"opptFGA":89,"opptFGM":35,"oppt2PA":53,"oppt2PM":23,"oppt3PA":36,"oppt3PM":12,"opptFTA":20,"opptFTM":16,"opptORB":9,"opptDRB":29,"opptPTS1":29,"opptPTS2":19,"opptPTS3":29,"opptPTS4":21,"opptPTS5":0,"opptPTS6":0,"opptPTS7":0,"opptPTS8":0}
{"_id":{"$oid":"5cb552f6e0f627212ff3bbd1"},"gmDate":"2017/11/4","offLNm3":"Mauer","offFNm3":"Ken","teamAbbr":"LAC","teamConf":"West","teamLoc":"Home","teamRslt":"Loss","teamPTS":104,"teamAST":18,"teamTO":13,"teamSTL":7,"teamBLK":7,"teamPF":22,"teamFGA":83,"teamFGM":38,"team2PA":57,"team2PM":34,"team3PA":26,"team3PM":4,"teamFTA":31,"teamFTM":24,"teamORB":15,"teamDRB":28,"teamPTS1":25,"teamPTS2":31,"teamPTS3":24,"teamPTS4":24,"teamPTS5":0,"teamPTS6":0,"teamPTS7":0,"teamPTS8":0,"opptAbbr":"MEM","opptConf":"West","opptLoc":"Away","opptRslt":"Win","opptPTS":113,"opptAST":21,"opptTO":12,"opptSTL":8,"opptBLK":7,"opptPF":28,"opptFGA":84,"opptFGM":40,"oppt2PA":53,"oppt2PM":27,"oppt3PA":31,"oppt3PM":13,"opptFTA":24,"opptFTM":20,"opptORB":9,"opptDRB":30,"opptPTS1":27,"opptPTS2":33,"opptPTS3":27,"opptPTS4":26,"opptPTS5":0,"opptPTS6":0,"opptPTS7":0,"opptPTS8":0}
{"_id":{"$oid":"5cb552f6e0f627212ff3bbd5"},"gmDate":"2017/11/5","offLNm3":"Ford","offFNm3":"Tyler","teamAbbr":"LAC","teamConf":"West","teamLoc":"Home","teamRslt":"Loss","teamPTS":101,"teamAST":16,"teamTO":16,"teamSTL":11,"teamBLK":4,"teamPF":22,"teamFGA":87,"teamFGM":34,"team2PA":56,"team2PM":25,"team3PA":31,"team3PM":9,"teamFTA":30,"teamFTM":24,"teamORB":18,"teamDRB":32,"teamPTS1":20,"teamPTS2":29,"teamPTS3":17,"teamPTS4":35,"teamPTS5":0,"teamPTS6":0,"teamPTS7":0,"teamPTS8":0,"opptAbbr":"MIA","opptConf":"East","opptLoc":"Away","opptRslt":"Win","opptPTS":104,"opptAST":23,"opptTO":16,"opptSTL":12,"opptBLK":6,"opptPF":26,"opptFGA":84,"opptFGM":37,"oppt2PA":48,"oppt2PM":23,"oppt3PA":36,"oppt3PM":14,"opptFTA":19,"opptFTM":16,"opptORB":10,"opptDRB":27,"opptPTS1":34,"opptPTS2":28,"opptPTS3":27,"opptPTS4":15,"opptPTS5":0,"opptPTS6":0,"opptPTS7":0,"opptPTS8":0}
{"_id":{"$oid":"5cb552f6e0f627212ff3bbe7"},"gmDate":"2017/11/7","offLNm3":"Ervin","offFNm3":"Mitchell","teamAbbr":"SA","teamConf":"West","teamLoc":"Home","teamRslt":"Win","teamPTS":120,"teamAST":33,"teamTO":13,"teamSTL":13,"teamBLK":3,"teamPF":21,"teamFGA":84,"teamFGM":45,"team2PA":56,"team2PM":30,"team3PA":28,"team3PM":15,"teamFTA":19,"teamFTM":15,"teamORB":11,"teamDRB":28,"teamPTS1":32,"teamPTS2":20,"teamPTS3":40,"teamPTS4":28,"teamPTS5":0,"teamPTS6":0,"teamPTS7":0,"teamPTS8":0,"opptAbbr":"LAC","opptConf":"West","opptLoc":"Away","opptRslt":"Loss","opptPTS":107,"opptAST":20,"opptTO":18,"opptSTL":6,"opptBLK":4,"opptPF":19,"opptFGA":82,"opptFGM":42,"oppt2PA":52,"oppt2PM":31,"oppt3PA":30,"oppt3PM":11,"opptFTA":17,"opptFTM":12,"opptORB":10,"opptDRB":29,"opptPTS1":26,"opptPTS2":29,"opptPTS3":21,"opptPTS4":31,"opptPTS5":0,"opptPTS6":0,"opptPTS7":0,"opptPTS8":0}
{"_id":{"$oid":"5cb552f6e0f627212ff3bbfa"},"gmDate":"2017/11/10","offLNm3":"Richardson","offFNm3":"Derek","teamAbbr":"OKC","teamConf":"West","teamLoc":"Home","teamRslt":"Win","teamPTS":120,"teamAST":23,"teamTO":12,"teamSTL":8,"teamBLK":7,"teamPF":29,"teamFGA":78,"teamFGM":40,"team2PA":52,"team2PM":29,"team3PA":26,"team3PM":11,"teamFTA":40,"teamFTM":29,"teamORB":11,"teamDRB":29,"teamPTS1":30,"teamPTS2":33,"teamPTS3":31,"teamPTS4":26,"teamPTS5":0,"teamPTS6":0,"teamPTS7":0,"teamPTS8":0,"opptAbbr":"LAC","opptConf":"West","opptLoc":"Away","opptRslt":"Loss","opptPTS":111,"opptAST":13,"opptTO":19,"opptSTL":4,"opptBLK":2,"opptPF":30,"opptFGA":84,"opptFGM":39,"oppt2PA":54,"oppt2PM":27,"oppt3PA":30,"oppt3PM":12,"opptFTA":30,"opptFTM":21,"opptORB":16,"opptDRB":30,"opptPTS1":31,"opptPTS2":24,"opptPTS3":31,"opptPTS4":25,"opptPTS5":0,"opptPTS6":0,"opptPTS7":0,"opptPTS8":0}
{"_id":{"$oid":"5cb552f6e0f627212ff3bbfd"},"gmDate":"2017/11/11","offLNm3":"Smith","offFNm3":"Aaron","teamAbbr":"NO","teamConf":"West","teamLoc":"Home","teamRslt":"Win","teamPTS":111,"teamAST":26,"teamTO":23,"teamSTL":7,"teamBLK":4,"teamPF":19,"teamFGA":80,"teamFGM":43,"team2PA":64,"team2PM":37,"team3PA":16,"team3PM":6,"teamFTA":24,"teamFTM":19,"teamORB":8,"teamDRB":43,"teamPTS1":31,"teamPTS2":32,"teamPTS3":25,"teamPTS4":23,"teamPTS5":0,"teamPTS6":0,"teamPTS7":0,"teamPTS8":0,"opptAbbr":"LAC","opptConf":"West","opptLoc":"Away","opptRslt":"Loss","opptPTS":103,"opptAST":16,"opptTO":12,"opptSTL":12,"opptBLK":1,"opptPF":24,"opptFGA":86,"opptFGM":35,"oppt2PA":60,"oppt2PM":25,"oppt3PA":26,"oppt3PM":10,"opptFTA":27,"opptFTM":23,"opptORB":8,"opptDRB":29,"opptPTS1":26,"opptPTS2":32,"opptPTS3":24,"opptPTS4":21,"opptPTS5":0,"opptPTS6":0,"opptPTS7":0,"opptPTS8":0}
{"_id":{"$oid":"5cb552f6e0f627212ff3bc15"},"gmDate":"2017/11/13","offLNm3":"Boland","offFNm3":"Matt","teamAbbr":"LAC","teamConf":"West","teamLoc":"Home","teamRslt":"Loss","teamPTS":105,"teamAST":16,"teamTO":15,"teamSTL":9,"teamBLK":4,"teamPF":26,"teamFGA":82,"teamFGM":36,"team2PA":50,"team2PM":24,"team3PA":32,"team3PM":12,"teamFTA":32,"teamFTM":21,"teamORB":9,"teamDRB":25,"teamPTS1":28,"teamPTS2":25,"teamPTS3":26,"teamPTS4":26,"teamPTS5":0,"teamPTS6":0,"teamPTS7":0,"teamPTS8":0,"opptAbbr":"PHI","opptConf":"East","opptLoc":"Away","opptRslt":"Win","opptPTS":109,"opptAST":27,"opptTO":20,"opptSTL":9,"opptBLK":2,"opptPF":26,"opptFGA":77,"opptFGM":38,"oppt2PA":45,"oppt2PM":31,"oppt3PA":32,"oppt3PM":7,"opptFTA":35,"opptFTM":26,"opptORB":10,"opptDRB":41,"opptPTS1":36,"opptPTS2":19,"opptPTS3":22,"opptPTS4":32,"opptPTS5":0,"opptPTS6":0,"opptPTS7":0,"opptPTS8":0}
{"_id":{"$oid":"5cb552f6e0f627212ff3bc29"},"gmDate":"2017/11/17","offLNm3":"Malloy","offFNm3":"Ed","teamAbbr":"CLE","teamConf":"East","teamLoc":"Home","teamRslt":"Win","teamPTS":118,"teamAST":24,"teamTO":15,"teamSTL":9,"teamBLK":4,"teamPF":20,"teamFGA":90,"teamFGM":42,"team2PA":57,"team2PM":31,"team3PA":33,"team3PM":11,"teamFTA":29,"teamFTM":23,"teamORB":8,"teamDRB":43,"teamPTS1":24,"teamPTS2":32,"teamPTS3":22,"teamPTS4":27,"teamPTS5":13,"teamPTS6":0,"teamPTS7":0,"teamPTS8":0,"opptAbbr":"LAC","opptConf":"West","opptLoc":"Away","opptRslt":"Loss","opptPTS":113,"opptAST":29,"opptTO":15,"opptSTL":7,"opptBLK":10,"opptPF":26,"opptFGA":103,"opptFGM":46,"oppt2PA":68,"oppt2PM":36,"oppt3PA":35,"oppt3PM":10,"opptFTA":14,"opptFTM":11,"opptORB":13,"opptDRB":42,"opptPTS1":27,"opptPTS2":29,"opptPTS3":25,"opptPTS4":24,"opptPTS5":8,"opptPTS6":0,"opptPTS7":0,"opptPTS8":0}
{"_id":{"$oid":"5cb552f6e0f627212ff3bc31"},"gmDate":"2017/11/18","offLNm3":"Ransom","offFNm3":"Phenizee","teamAbbr":"CHA","teamConf":"East","teamLoc":"Home","teamRslt":"Win","teamPTS":102,"teamAST":20,"teamTO":8,"teamSTL":7,"teamBLK":9,"teamPF":16,"teamFGA":87,"teamFGM":34,"team2PA":61,"team2PM":23,"team3PA":26,"team3PM":11,"teamFTA":29,"teamFTM":23,"teamORB":8,"teamDRB":41,"teamPTS1":25,"teamPTS2":30,"teamPTS3":18,"teamPTS4":29,"teamPTS5":0,"teamPTS6":0,"teamPTS7":0,"teamPTS8":0,"opptAbbr":"LAC","opptConf":"West","opptLoc":"Away","opptRslt":"Loss","opptPTS":87,"opptAST":18,"opptTO":14,"opptSTL":5,"opptBLK":6,"opptPF":22,"opptFGA":83,"opptFGM":33,"oppt2PA":54,"oppt2PM":25,"oppt3PA":29,"oppt3PM":8,"opptFTA":19,"opptFTM":13,"opptORB":7,"opptDRB":37,"opptPTS1":24,"opptPTS2":22,"opptPTS3":25,"opptPTS4":16,"opptPTS5":0,"opptPTS6":0,"opptPTS7":0,"opptPTS8":0}
{"_id":{"$oid":"5cb552f6e0f627212ff3bc42"},"gmDate":"2017/11/20","offLNm3":"Brown","offFNm3":"Tony","teamAbbr":"NY","teamConf":"East","teamLoc":"Home","teamRslt":"Win","teamPTS":107,"teamAST":24,"teamTO":22,"teamSTL":11,"teamBLK":5,"teamPF":26,"teamFGA":81,"teamFGM":35,"team2PA":47,"team2PM":22,"team3PA":34,"team3PM":13,"teamFTA":25,"teamFTM":24,"teamORB":14,"teamDRB":37,"teamPTS1":20,"teamPTS2":36,"teamPTS3":27,"teamPTS4":24,"teamPTS5":0,"teamPTS6":0,"teamPTS7":0,"teamPTS8":0,"opptAbbr":"LAC","opptConf":"West","opptLoc":"Away","opptRslt":"Loss","opptPTS":85,"opptAST":20,"opptTO":22,"opptSTL":12,"opptBLK":3,"opptPF":23,"opptFGA":80,"opptFGM":30,"oppt2PA":48,"oppt2PM":20,"oppt3PA":32,"oppt3PM":10,"opptFTA":21,"opptFTM":15,"opptORB":10,"opptDRB":26,"opptPTS1":20,"opptPTS2":24,"opptPTS3":24,"opptPTS4":17,"opptPTS5":0,"opptPTS6":0,"opptPTS7":0,"opptPTS8":0}
{"_id":{"$oid":"5cb552f6e0f627212ff3bc4d"},"gmDate":"2017/11/22","offLNm3":"DeRosa","offFNm3":"Joe","teamAbbr":"ATL","teamConf":"East","teamLoc":"Home","teamRslt":"Loss","teamPTS":103,"teamAST":26,"teamTO":15,"teamSTL":10,"teamBLK":2,"teamPF":20,"teamFGA":83,"teamFGM":40,"team2PA":54,"team2PM":30,"team3PA":29,"team3PM":10,"teamFTA":15,"teamFTM":13,"teamORB":9,"teamDRB":27,"teamPTS1":30,"teamPTS2":33,"teamPTS3":21,"teamPTS4":19,"teamPTS5":0,"teamPTS6":0,"teamPTS7":0,"teamPTS8":0,"opptAbbr":"LAC","opptConf":"West","opptLoc":"Away","opptRslt":"Win","opptPTS":116,"opptAST":30,"opptTO":17,"opptSTL":7,"opptBLK":4,"opptPF":15,"opptFGA":76,"opptFGM":44,"oppt2PA":46,"oppt2PM":29,"oppt3PA":30,"oppt3PM":15,"opptFTA":19,"opptFTM":13,"opptORB":6,"opptDRB":27,"opptPTS1":29,"opptPTS2":33,"opptPTS3":26,"opptPTS4":28,"opptPTS5":0,"opptPTS6":0,"opptPTS7":0,"opptPTS8":0}
{"_id":{"$oid":"5cb552f6e0f627212ff3bc6b"},"gmDate":"2017/11/25","offLNm3":"Ayotte","offFNm3":"Mark","teamAbbr":"SAC","teamConf":"West","teamLoc":"Home","teamRslt":"Loss","teamPTS":95,"teamAST":19,"teamTO":18,"teamSTL":9,"teamBLK":8,"teamPF":17,"teamFGA":83,"teamFGM":38,"team2PA":62,"team2PM":27,"team3PA":21,"team3PM":11,"teamFTA":9,"teamFTM":8,"teamORB":8,"teamDRB":29,"teamPTS1":31,"teamPTS2":30,"teamPTS3":10,"teamPTS4":24,"teamPTS5":0,"teamPTS6":0,"teamPTS7":0,"teamPTS8":0,"opptAbbr":"LAC","opptConf":"West","opptLoc":"Away","opptRslt":"Win","opptPTS":97,"opptAST":23,"opptTO":18,"opptSTL":11,"opptBLK":5,"opptPF":13,"opptFGA":80,"opptFGM":38,"oppt2PA":52,"oppt2PM":29,"oppt3PA":28,"oppt3PM":9,"opptFTA":13,"opptFTM":12,"opptORB":6,"opptDRB":31,"opptPTS1":25,"opptPTS2":22,"opptPTS3":29,"opptPTS4":21,"opptPTS5":0,"opptPTS6":0,"opptPTS7":0,"opptPTS8":0}
{"_id":{"$oid":"5cb552f6e0f627212ff3bc76"},"gmDate":"2017/11/27","offLNm3":"Foster","offFNm3":"Scott","teamAbbr":"LAC","teamConf":"West","teamLoc":"Home","teamRslt":"Win","teamPTS":120,"teamAST":19,"teamTO":17,"teamSTL":7,"teamBLK":3,"teamPF":22,"teamFGA":85,"teamFGM":41,"team2PA":57,"team2PM":31,"team3PA":28,"team3PM":10,"teamFTA":30,"teamFTM":28,"teamORB":10,"teamDRB":34,"teamPTS1":34,"teamPTS2":26,"teamPTS3":27,"teamPTS4":33,"teamPTS5":0,"teamPTS6":0,"teamPTS7":0,"teamPTS8":0,"opptAbbr":"LAL","opptConf":"West","opptLoc":"Away","opptRslt":"Loss","opptPTS":115,"opptAST":23,"opptTO":16,"opptSTL":10,"opptBLK":5,"opptPF":29,"opptFGA":91,"opptFGM":44,"oppt2PA":61,"oppt2PM":33,"oppt3PA":30,"oppt3PM":11,"opptFTA":24,"opptFTM":16,"opptORB":12,"opptDRB":31,"opptPTS1":32,"opptPTS2":30,"opptPTS3":27,"opptPTS4":26,"opptPTS5":0,"opptPTS6":0,"opptPTS7":0,"opptPTS8":0}
{"_id":{"$oid":"5cb552f6e0f627212ff3bc8a"},"gmDate":"2017/11/30","offLNm3":"Malloy","offFNm3":"Ed","teamAbbr":"LAC","teamConf":"West","teamLoc":"Home","teamRslt":"Loss","teamPTS":107,"teamAST":23,"teamTO":19,"teamSTL":8,"teamBLK":6,"teamPF":16,"teamFGA":70,"teamFGM":38,"team2PA":41,"team2PM":28,"team3PA":29,"team3PM":10,"teamFTA":30,"teamFTM":21,"teamORB":10,"teamDRB":26,"teamPTS1":27,"teamPTS2":34,"teamPTS3":26,"teamPTS4":20,"teamPTS5":0,"teamPTS6":0,"teamPTS7":0,"teamPTS8":0,"opptAbbr":"UTA","opptConf":"West","opptLoc":"Away","opptRslt":"Win","opptPTS":126,"opptAST":38,"opptTO":13,"opptSTL":13,"opptBLK":2,"opptPF":20,"opptFGA":85,"opptFGM":49,"oppt2PA":50,"oppt2PM":32,"oppt3PA":35,"oppt3PM":17,"opptFTA":14,"opptFTM":11,"opptORB":10,"opptDRB":23,"opptPTS1":26,"opptPTS2":35,"opptPTS3":33,"opptPTS4":32,"opptPTS5":0,"opptPTS6":0,"opptPTS7":0,"opptPTS8":0}
{"_id":{"$oid":"5cb552f6e0f627212ff3bc94"},"gmDate":"2017/12/2","offLNm3":"Brown","offFNm3":"Tony","teamAbbr":"DAL","teamConf":"West","teamLoc":"Home","teamRslt":"Win","teamPTS":108,"teamAST":24,"teamTO":17,"teamSTL":4,"teamBLK":7,"teamPF":20,"teamFGA":79,"teamFGM":36,"team2PA":44,"team2PM":20,"team3PA":35,"team3PM":16,"teamFTA":26,"teamFTM":20,"teamORB":15,"teamDRB":39,"teamPTS1":24,"teamPTS2":35,"teamPTS3":27,"teamPTS4":22,"teamPTS5":0,"teamPTS6":0,"teamPTS7":0,"teamPTS8":0,"opptAbbr":"LAC","opptConf":"West","opptLoc":"Away","opptRslt":"Loss","opptPTS":82,"opptAST":16,"opptTO":11,"opptSTL":8,"opptBLK":6,"opptPF":20,"opptFGA":86,"opptFGM":30,"oppt2PA":64,"oppt2PM":24,"oppt3PA":22,"oppt3PM":6,"opptFTA":23,"opptFTM":16,"opptORB":11,"opptDRB":27,"opptPTS1":17,"opptPTS2":21,"opptPTS3":28,"opptPTS4":16,"opptPTS5":0,"opptPTS6":0,"opptPTS7":0,"opptPTS8":0}
{"_id":{"$oid":"5cb552f6e0f627212ff3bc9d"},"gmDate":"2017/12/3","offLNm3":"Lewis","offFNm3":"Eric","teamAbbr":"MIN","teamConf":"West","teamLoc":"Home","teamRslt":"Win","teamPTS":112,"teamAST":22,"teamTO":7,"teamSTL":9,"teamBLK":1,"teamPF":16,"teamFGA":88,"teamFGM":38,"team2PA":62,"team2PM":30,"team3PA":26,"team3PM":8,"teamFTA":31,"teamFTM":28,"teamORB":14,"teamDRB":28,"teamPTS1":31,"teamPTS2":29,"teamPTS3":18,"teamPTS4":34,"teamPTS5":0,"teamPTS6":0,"teamPTS7":0,"teamPTS8":0,"opptAbbr":"LAC","opptConf":"West","opptLoc":"Away","opptRslt":"Loss","opptPTS":106,"opptAST":21,"opptTO":16,"opptSTL":3,"opptBLK":7,"opptPF":26,"opptFGA":73,"opptFGM":37,"oppt2PA":39,"oppt2PM":22,"oppt3PA":34,"oppt3PM":15,"opptFTA":22,"opptFTM":17,"opptORB":8,"opptDRB":29,"opptPTS1":27,"opptPTS2":28,"opptPTS3":21,"opptPTS4":30,"opptPTS5":0,"opptPTS6":0,"opptPTS7":0,"opptPTS8":0}
{"_id":{"$oid":"5cb552f6e0f627212ff3bcb7"},"gmDate":"2017/12/6","offLNm3":"Zarba","offFNm3":"Zach","teamAbbr":"LAC","teamConf":"West","teamLoc":"Home","teamRslt":"Loss","teamPTS":107,"teamAST":23,"teamTO":9,"teamSTL":6,"teamBLK":3,"teamPF":17,"teamFGA":99,"teamFGM":44,"team2PA":67,"team2PM":34,"team3PA":32,"team3PM":10,"teamFTA":15,"teamFTM":9,"teamORB":17,"teamDRB":26,"teamPTS1":22,"teamPTS2":27,"teamPTS3":31,"teamPTS4":27,"teamPTS5":0,"teamPTS6":0,"teamPTS7":0,"teamPTS8":0,"opptAbbr":"MIN","opptConf":"West","opptLoc":"Away","opptRslt":"Win","opptPTS":113,"opptAST":29,"opptTO":15,"opptSTL":4,"opptBLK":7,"opptPF":17,"opptFGA":82,"opptFGM":45,"oppt2PA":63,"oppt2PM":38,"oppt3PA":19,"oppt3PM":7,"opptFTA":21,"opptFTM":16,"opptORB":8,"opptDRB":38,"opptPTS1":29,"opptPTS2":33,"opptPTS3":26,"opptPTS4":25,"opptPTS5":0,"opptPTS6":0,"opptPTS7":0,"opptPTS8":0}
{"_id":{"$oid":"5cb552f6e0f627212ff3bcc4"},"gmDate":"2017/12/9","offLNm3":"Spooner","offFNm3":"Bill","teamAbbr":"LAC","teamConf":"West","teamLoc":"Home","teamRslt":"Win","teamPTS":113,"teamAST":22,"teamTO":10,"teamSTL":8,"teamBLK":4,"teamPF":19,"teamFGA":80,"teamFGM":39,"team2PA":48,"team2PM":25,"team3PA":32,"team3PM":14,"teamFTA":24,"teamFTM":21,"teamORB":4,"teamDRB":29,"teamPTS1":30,"teamPTS2":32,"teamPTS3":23,"teamPTS4":28,"teamPTS5":0,"teamPTS6":0,"teamPTS7":0,"teamPTS8":0,"opptAbbr":"WAS","opptConf":"East","opptLoc":"Away","opptRslt":"Loss","opptPTS":112,"opptAST":33,"opptTO":14,"opptSTL":5,"opptBLK":2,"opptPF":18,"opptFGA":82,"opptFGM":42,"oppt2PA":50,"oppt2PM":29,"oppt3PA":32,"oppt3PM":13,"opptFTA":23,"opptFTM":15,"opptORB":9,"opptDRB":35,"opptPTS1":27,"opptPTS2":22,"opptPTS3":32,"opptPTS4":31,"opptPTS5":0,"opptPTS6":0,"opptPTS7":0,"opptPTS8":0}
{"_id":{"$oid":"5cb552f6e0f627212ff3bcd9"},"gmDate":"2017/12/11","offLNm3":"Mauer","offFNm3":"Ken","teamAbbr":"LAC","teamConf":"West","teamLoc":"Home","teamRslt":"Win","teamPTS":96,"teamAST":18,"teamTO":13,"teamSTL":6,"teamBLK":7,"teamPF":20,"teamFGA":91,"teamFGM":34,"team2PA":55,"team2PM":26,"team3PA":36,"team3PM":8,"teamFTA":24,"teamFTM":20,"teamORB":14,"teamDRB":43,"teamPTS1":19,"teamPTS2":32,"teamPTS3":19,"teamPTS4":26,"teamPTS5":0,"teamPTS6":0,"teamPTS7":0,"teamPTS8":0,"opptAbbr":"TOR","opptConf":"East","opptLoc":"Away","opptRslt":"Loss","opptPTS":91,"opptAST":18,"opptTO":13,"opptSTL":9,"opptBLK":6,"opptPF":22,"opptFGA":80,"opptFGM":32,"oppt2PA":51,"oppt2PM":25,"oppt3PA":29,"oppt3PM":7,"opptFTA":26,"opptFTM":20,"opptORB":3,"opptDRB":39,"opptPTS1":30,"opptPTS2":23,"opptPTS3":21,"opptPTS4":17,"opptPTS5":0,"opptPTS6":0,"opptPTS7":0,"opptPTS8":0}
{"_id":{"$oid":"5cb552f6e0f627212ff3bce2"},"gmDate":"2017/12/13","offLNm3":"Washington","offFNm3":"Tom","teamAbbr":"ORL","teamConf":"East","teamLoc":"Home","teamRslt":"Loss","teamPTS":95,"teamAST":24,"teamTO":12,"teamSTL":6,"teamBLK":6,"teamPF":13,"teamFGA":88,"teamFGM":37,"team2PA":61,"team2PM":28,"team3PA":27,"team3PM":9,"teamFTA":21,"teamFTM":12,"teamORB":7,"teamDRB":38,"teamPTS1":24,"teamPTS2":16,"teamPTS3":28,"teamPTS4":27,"teamPTS5":0,"teamPTS6":0,"teamPTS7":0,"teamPTS8":0,"opptAbbr":"LAC","opptConf":"West","opptLoc":"Away","opptRslt":"Win","opptPTS":106,"opptAST":25,"opptTO":9,"opptSTL":10,"opptBLK":6,"opptPF":19,"opptFGA":88,"opptFGM":39,"oppt2PA":62,"oppt2PM":27,"oppt3PA":26,"oppt3PM":12,"opptFTA":20,"opptFTM":16,"opptORB":6,"opptDRB":45,"opptPTS1":13,"opptPTS2":32,"opptPTS3":29,"opptPTS4":32,"opptPTS5":0,"opptPTS6":0,"opptPTS7":0,"opptPTS8":0}
{"_id":{"$oid":"5cb552f6e0f627212ff3bcf3"},"gmDate":"2017/12/15","offLNm3":"Wall","offFNm3":"Scott","teamAbbr":"WAS","teamConf":"East","teamLoc":"Home","teamRslt":"Win","teamPTS":100,"teamAST":21,"teamTO":19,"teamSTL":13,"teamBLK":7,"teamPF":26,"teamFGA":88,"teamFGM":39,"team2PA":57,"team2PM":32,"team3PA":31,"team3PM":7,"teamFTA":23,"teamFTM":15,"teamORB":11,"teamDRB":38,"teamPTS1":25,"teamPTS2":23,"teamPTS3":27,"teamPTS4":25,"teamPTS5":0,"teamPTS6":0,"teamPTS7":0,"teamPTS8":0,"opptAbbr":"LAC","opptConf":"West","opptLoc":"Away","opptRslt":"Loss","opptPTS":91,"opptAST":17,"opptTO":21,"opptSTL":12,"opptBLK":6,"opptPF":20,"opptFGA":85,"opptFGM":33,"oppt2PA":61,"oppt2PM":26,"oppt3PA":24,"oppt3PM":7,"opptFTA":29,"opptFTM":18,"opptORB":12,"opptDRB":35,"opptPTS1":18,"opptPTS2":25,"opptPTS3":21,"opptPTS4":27,"opptPTS5":0,"opptPTS6":0,"opptPTS7":0,"opptPTS8":0}
{"_id":{"$oid":"5cb552f6e0f627212ff3bcfe"},"gmDate":"2017/12/16","offLNm3":"Brothers","offFNm3":"Tony","teamAbbr":"MIA","teamConf":"East","teamLoc":"Home","teamRslt":"Win","teamPTS":90,"teamAST":22,"teamTO":9,"teamSTL":10,"teamBLK":8,"teamPF":15,"teamFGA":82,"teamFGM":31,"team2PA":47,"team2PM":19,"team3PA":35,"team3PM":12,"teamFTA":21,"teamFTM":16,"teamORB":9,"teamDRB":28,"teamPTS1":24,"teamPTS2":22,"teamPTS3":23,"teamPTS4":21,"teamPTS5":0,"teamPTS6":0,"teamPTS7":0,"teamPTS8":0,"opptAbbr":"LAC","opptConf":"West","opptLoc":"Away","opptRslt":"Loss","opptPTS":85,"opptAST":18,"opptTO":18,"opptSTL":3,"opptBLK":5,"opptPF":22,"opptFGA":80,"opptFGM":35,"oppt2PA":52,"oppt2PM":27,"oppt3PA":28,"oppt3PM":8,"opptFTA":14,"opptFTM":7,"opptORB":12,"opptDRB":34,"opptPTS1":17,"opptPTS2":23,"opptPTS3":25,"opptPTS4":20,"opptPTS5":0,"opptPTS6":0,"opptPTS7":0,"opptPTS8":0}
{"_id":{"$oid":"5cb552f6e0f627212ff3bd0e"},"gmDate":"2017/12/18","offLNm3":"Richardson","offFNm3":"Derek","teamAbbr":"SA","teamConf":"West","teamLoc":"Home","teamRslt":"Win","teamPTS":109,"teamAST":22,"teamTO":19,"teamSTL":7,"teamBLK":4,"teamPF":19,"teamFGA":82,"teamFGM":40,"team2PA":58,"team2PM":31,"team3PA":24,"team3PM":9,"teamFTA":25,"teamFTM":20,"teamORB":8,"teamDRB":37,"teamPTS1":31,"teamPTS2":26,"teamPTS3":28,"teamPTS4":24,"teamPTS5":0,"teamPTS6":0,"teamPTS7":0,"teamPTS8":0,"opptAbbr":"LAC","opptConf":"West","opptLoc":"Away","opptRslt":"Loss","opptPTS":91,"opptAST":21,"opptTO":18,"opptSTL":13,"opptBLK":4,"opptPF":23,"opptFGA":84,"opptFGM":37,"oppt2PA":55,"oppt2PM":28,"oppt3PA":29,"oppt3PM":9,"opptFTA":16,"opptFTM":8,"opptORB":8,"opptDRB":35,"opptPTS1":17,"opptPTS2":32,"opptPTS3":21,"opptPTS4":21,"opptPTS5":0,"opptPTS6":0,"opptPTS7":0,"opptPTS8":0}
{"_id":{"$oid":"5cb552f6e0f627212ff3bd1e"},"gmDate":"2017/12/20","offLNm3":"Washington","offFNm3":"Tom","teamAbbr":"LAC","teamConf":"West","teamLoc":"Home","teamRslt":"Win","teamPTS":108,"teamAST":22,"teamTO":9,"teamSTL":1,"teamBLK":4,"teamPF":19,"teamFGA":87,"teamFGM":41,"team2PA":57,"team2PM":31,"team3PA":30,"team3PM":10,"teamFTA":24,"teamFTM":16,"teamORB":9,"teamDRB":41,"teamPTS1":23,"teamPTS2":30,"teamPTS3":28,"teamPTS4":27,"teamPTS5":0,"teamPTS6":0,"teamPTS7":0,"teamPTS8":0,"opptAbbr":"PHO","opptConf":"West","opptLoc":"Away","opptRslt":"Loss","opptPTS":95,"opptAST":22,"opptTO":10,"opptSTL":3,"opptBLK":3,"opptPF":25,"opptFGA":97,"opptFGM":35,"oppt2PA":62,"oppt2PM":27,"oppt3PA":35,"oppt3PM":8,"opptFTA":19,"opptFTM":17,"opptORB":14,"opptDRB":36,"opptPTS1":15,"opptPTS2":20,"opptPTS3":31,"opptPTS4":29,"opptPTS5":0,"opptPTS6":0,"opptPTS7":0,"opptPTS8":0}
{"_id":{"$oid":"5cb552f6e0f627212ff3bd27"},"gmDate":"2017/12/22","offLNm3":"Van Duyne","offFNm3":"Justin","teamAbbr":"HOU","teamConf":"West","teamLoc":"Home","teamRslt":"Loss","teamPTS":118,"teamAST":16,"teamTO":18,"teamSTL":4,"teamBLK":4,"teamPF":26,"teamFGA":78,"teamFGM":36,"team2PA":38,"team2PM":19,"team3PA":40,"team3PM":17,"teamFTA":35,"teamFTM":29,"teamORB":9,"teamDRB":34,"teamPTS1":33,"teamPTS2":32,"teamPTS3":20,"teamPTS4":33,"teamPTS5":0,"teamPTS6":0,"teamPTS7":0,"teamPTS8":0,"opptAbbr":"LAC","opptConf":"West","opptLoc":"Away","opptRslt":"Win","opptPTS":128,"opptAST":24,"opptTO":8,"opptSTL":8,"opptBLK":5,"opptPF":25,"opptFGA":91,"opptFGM":43,"oppt2PA":49,"oppt2PM":25,"oppt3PA":42,"oppt3PM":18,"opptFTA":31,"opptFTM":24,"opptORB":9,"opptDRB":29,"opptPTS1":23,"opptPTS2":29,"opptPTS3":35,"opptPTS4":41,"opptPTS5":0,"opptPTS6":0,"opptPTS7":0,"opptPTS8":0}
{"_id":{"$oid":"5cb552f6e0f627212ff3bd33"},"gmDate":"2017/12/23","offLNm3":"Richardson","offFNm3":"Randy","teamAbbr":"MEM","teamConf":"West","teamLoc":"Home","teamRslt":"Win","teamPTS":115,"teamAST":28,"teamTO":10,"teamSTL":5,"teamBLK":5,"teamPF":26,"teamFGA":90,"teamFGM":40,"team2PA":59,"team2PM":27,"team3PA":31,"team3PM":13,"teamFTA":25,"teamFTM":22,"teamORB":15,"teamDRB":32,"teamPTS1":30,"teamPTS2":33,"teamPTS3":27,"teamPTS4":25,"teamPTS5":0,"teamPTS6":0,"teamPTS7":0,"teamPTS8":0,"opptAbbr":"LAC","opptConf":"West","opptLoc":"Away","opptRslt":"Loss","opptPTS":112,"opptAST":14,"opptTO":11,"opptSTL":4,"opptBLK":7,"opptPF":22,"opptFGA":80,"opptFGM":39,"oppt2PA":46,"oppt2PM":26,"oppt3PA":34,"oppt3PM":13,"opptFTA":28,"opptFTM":21,"opptORB":6,"opptDRB":31,"opptPTS1":33,"opptPTS2":26,"opptPTS3":22,"opptPTS4":31,"opptPTS5":0,"opptPTS6":0,"opptPTS7":0,"opptPTS8":0}
{"_id":{"$oid":"5cb552f6e0f627212ff3bd46"},"gmDate":"2017/12/26","offLNm3":"Kennedy","offFNm3":"Bill","teamAbbr":"LAC","teamConf":"West","teamLoc":"Home","teamRslt":"Win","teamPTS":122,"teamAST":31,"teamTO":14,"teamSTL":7,"teamBLK":9,"teamPF":13,"teamFGA":80,"teamFGM":44,"team2PA":49,"team2PM":31,"team3PA":31,"team3PM":13,"teamFTA":27,"teamFTM":21,"teamORB":9,"teamDRB":40,"teamPTS1":30,"teamPTS2":41,"teamPTS3":24,"teamPTS4":27,"teamPTS5":0,"teamPTS6":0,"teamPTS7":0,"teamPTS8":0,"opptAbbr":"SAC","opptConf":"West","opptLoc":"Away","opptRslt":"Loss","opptPTS":95,"opptAST":25,"opptTO":10,"opptSTL":12,"opptBLK":6,"opptPF":19,"opptFGA":96,"opptFGM":40,"oppt2PA":74,"oppt2PM":33,"oppt3PA":22,"oppt3PM":7,"opptFTA":12,"opptFTM":8,"opptORB":10,"opptDRB":26,"opptPTS1":30,"opptPTS2":23,"opptPTS3":20,"opptPTS4":22,"opptPTS5":0,"opptPTS6":0,"opptPTS7":0,"opptPTS8":0}
{"_id":{"$oid":"5cb552f6e0f627212ff3bd5d"},"gmDate":"2017/12/29","offLNm3":"Nansel","offFNm3":"Brett","teamAbbr":"LAL","teamConf":"West","teamLoc":"Home","teamRslt":"Loss","teamPTS":106,"teamAST":25,"teamTO":12,"teamSTL":7,"teamBLK":3,"teamPF":22,"teamFGA":94,"teamFGM":46,"team2PA":75,"team2PM":43,"team3PA":19,"team3PM":3,"teamFTA":16,"teamFTM":11,"teamORB":11,"teamDRB":24,"teamPTS1":22,"teamPTS2":26,"teamPTS3":28,"teamPTS4":30,"teamPTS5":0,"teamPTS6":0,"teamPTS7":0,"teamPTS8":0,"opptAbbr":"LAC","opptConf":"West","opptLoc":"Away","opptRslt":"Win","opptPTS":121,"opptAST":23,"opptTO":16,"opptSTL":7,"opptBLK":6,"opptPF":21,"opptFGA":86,"opptFGM":42,"oppt2PA":54,"oppt2PM":33,"oppt3PA":32,"oppt3PM":9,"opptFTA":34,"opptFTM":28,"opptORB":15,"opptDRB":34,"opptPTS1":35,"opptPTS2":27,"opptPTS3":29,"opptPTS4":30,"opptPTS5":0,"opptPTS6":0,"opptPTS7":0,"opptPTS8":0}
{"_id":{"$oid":"5cb552f6e0f627212ff3bd6a"},"gmDate":"2017/12/31","offLNm3":"Van Duyne","offFNm3":"Justin","teamAbbr":"LAC","teamConf":"West","teamLoc":"Home","teamRslt":"Win","teamPTS":106,"teamAST":24,"teamTO":17,"teamSTL":9,"teamBLK":5,"teamPF":21,"teamFGA":76,"teamFGM":36,"team2PA":48,"team2PM":26,"team3PA":28,"team3PM":10,"teamFTA":27,"teamFTM":24,"teamORB":6,"teamDRB":36,"teamPTS1":29,"teamPTS2":13,"teamPTS3":33,"teamPTS4":31,"teamPTS5":0,"teamPTS6":0,"teamPTS7":0,"teamPTS8":0,"opptAbbr":"CHA","opptConf":"East","opptLoc":"Away","opptRslt":"Loss","opptPTS":98,"opptAST":23,"opptTO":17,"opptSTL":10,"opptBLK":3,"opptPF":21,"opptFGA":93,"opptFGM":36,"oppt2PA":60,"oppt2PM":25,"oppt3PA":33,"oppt3PM":11,"opptFTA":19,"opptFTM":15,"opptORB":15,"opptDRB":32,"opptPTS1":22,"opptPTS2":30,"opptPTS3":14,"opptPTS4":32,"opptPTS5":0,"opptPTS6":0,"opptPTS7":0,"opptPTS8":0}
{"_id":{"$oid":"5cb552f6e0f627212ff3bd76"},"gmDate":"2018/1/2","offLNm3":"Lewis","offFNm3":"Eric","teamAbbr":"LAC","teamConf":"West","teamLoc":"Home","teamRslt":"Win","teamPTS":113,"teamAST":23,"teamTO":19,"teamSTL":5,"teamBLK":3,"teamPF":24,"teamFGA":71,"teamFGM":39,"team2PA":48,"team2PM":30,"team3PA":23,"team3PM":9,"teamFTA":31,"teamFTM":26,"teamORB":4,"teamDRB":30,"teamPTS1":34,"teamPTS2":33,"teamPTS3":19,"teamPTS4":27,"teamPTS5":0,"teamPTS6":0,"teamPTS7":0,"teamPTS8":0,"opptAbbr":"MEM","opptConf":"West","opptLoc":"Away","opptRslt":"Loss","opptPTS":105,"opptAST":18,"opptTO":14,"opptSTL":10,"opptBLK":2,"opptPF":29,"opptFGA":79,"opptFGM":38,"oppt2PA":53,"oppt2PM":30,"oppt3PA":26,"oppt3PM":8,"opptFTA":33,"opptFTM":21,"opptORB":10,"opptDRB":28,"opptPTS1":31,"opptPTS2":31,"opptPTS3":22,"opptPTS4":21,"opptPTS5":0,"opptPTS6":0,"opptPTS7":0,"opptPTS8":0}
{"_id":{"$oid":"5cb552f6e0f627212ff3bd84"},"gmDate":"2018/1/4","offLNm3":"Capers","offFNm3":"James","teamAbbr":"LAC","teamConf":"West","teamLoc":"Home","teamRslt":"Loss","teamPTS":117,"teamAST":29,"teamTO":10,"teamSTL":5,"teamBLK":2,"teamPF":15,"teamFGA":100,"teamFGM":45,"team2PA":70,"team2PM":36,"team3PA":30,"team3PM":9,"teamFTA":23,"teamFTM":18,"teamORB":15,"teamDRB":30,"teamPTS1":33,"teamPTS2":31,"teamPTS3":33,"teamPTS4":20,"teamPTS5":0,"teamPTS6":0,"teamPTS7":0,"teamPTS8":0,"opptAbbr":"OKC","opptConf":"West","opptLoc":"Away","opptRslt":"Win","opptPTS":127,"opptAST":23,"opptTO":14,"opptSTL":4,"opptBLK":6,"opptPF":22,"opptFGA":95,"opptFGM":51,"oppt2PA":61,"oppt2PM":36,"oppt3PA":34,"oppt3PM":15,"opptFTA":14,"opptFTM":10,"opptORB":11,"opptDRB":35,"opptPTS1":30,"opptPTS2":34,"opptPTS3":30,"opptPTS4":33,"opptPTS5":0,"opptPTS6":0,"opptPTS7":0,"opptPTS8":0}
{"_id":{"$oid":"5cb552f6e0f627212ff3bd8f"},"gmDate":"2018/1/6","offLNm3":"Ford","offFNm3":"Tyler","teamAbbr":"LAC","teamConf":"West","teamLoc":"Home","teamRslt":"Loss","teamPTS":105,"teamAST":19,"teamTO":18,"teamSTL":10,"teamBLK":7,"teamPF":25,"teamFGA":91,"teamFGM":39,"team2PA":80,"team2PM":36,"team3PA":11,"team3PM":3,"teamFTA":30,"teamFTM":24,"teamORB":10,"teamDRB":35,"teamPTS1":28,"teamPTS2":27,"teamPTS3":21,"teamPTS4":29,"teamPTS5":0,"teamPTS6":0,"teamPTS7":0,"teamPTS8":0,"opptAbbr":"GS","opptConf":"West","opptLoc":"Away","opptRslt":"Win","opptPTS":121,"opptAST":31,"opptTO":17,"opptSTL":13,"opptBLK":10,"opptPF":25,"opptFGA":94,"opptFGM":39,"oppt2PA":55,"oppt2PM":26,"oppt3PA":39,"oppt3PM":13,"opptFTA":37,"opptFTM":30,"opptORB":16,"opptDRB":40,"opptPTS1":31,"opptPTS2":33,"opptPTS3":39,"opptPTS4":18,"opptPTS5":0,"opptPTS6":0,"opptPTS7":0,"opptPTS8":0}
{"_id":{"$oid":"5cb552f6e0f627212ff3bda3"},"gmDate":"2018/1/8","offLNm3":"Acosta","offFNm3":"Ray","teamAbbr":"LAC","teamConf":"West","teamLoc":"Home","teamRslt":"Win","teamPTS":108,"teamAST":16,"teamTO":17,"teamSTL":10,"teamBLK":9,"teamPF":25,"teamFGA":85,"teamFGM":38,"team2PA":67,"team2PM":29,"team3PA":18,"team3PM":9,"teamFTA":34,"teamFTM":23,"teamORB":14,"teamDRB":33,"teamPTS1":32,"teamPTS2":26,"teamPTS3":22,"teamPTS4":28,"teamPTS5":0,"teamPTS6":0,"teamPTS7":0,"teamPTS8":0,"opptAbbr":"ATL","opptConf":"East","opptLoc":"Away","opptRslt":"Loss","opptPTS":107,"opptAST":20,"opptTO":14,"opptSTL":9,"opptBLK":8,"opptPF":26,"opptFGA":96,"opptFGM":38,"oppt2PA":59,"oppt2PM":28,"oppt3PA":37,"oppt3PM":10,"opptFTA":29,"opptFTM":21,"opptORB":19,"opptDRB":37,"opptPTS1":25,"opptPTS2":22,"opptPTS3":30,"opptPTS4":30,"opptPTS5":0,"opptPTS6":0,"opptPTS7":0,"opptPTS8":0}
{"_id":{"$oid":"5cb552f6e0f627212ff3bdb2"},"gmDate":"2018/1/10","offLNm3":"Mauer","offFNm3":"Ken","teamAbbr":"GS","teamConf":"West","teamLoc":"Home","teamRslt":"Loss","teamPTS":106,"teamAST":26,"teamTO":16,"teamSTL":10,"teamBLK":6,"teamPF":21,"teamFGA":79,"teamFGM":38,"team2PA":56,"team2PM":30,"team3PA":23,"team3PM":8,"teamFTA":26,"teamFTM":22,"teamORB":4,"teamDRB":28,"teamPTS1":35,"teamPTS2":27,"teamPTS3":28,"teamPTS4":16,"teamPTS5":0,"teamPTS6":0,"teamPTS7":0,"teamPTS8":0,"opptAbbr":"LAC","opptConf":"West","opptLoc":"Away","opptRslt":"Win","opptPTS":125,"opptAST":24,"opptTO":15,"opptSTL":9,"opptBLK":3,"opptPF":19,"opptFGA":93,"opptFGM":46,"oppt2PA":69,"oppt2PM":35,"oppt3PA":24,"oppt3PM":11,"opptFTA":28,"opptFTM":22,"opptORB":11,"opptDRB":35,"opptPTS1":32,"opptPTS2":26,"opptPTS3":39,"opptPTS4":28,"opptPTS5":0,"opptPTS6":0,"opptPTS7":0,"opptPTS8":0}
{"_id":{"$oid":"5cb552f6e0f627212ff3bdb5"},"gmDate":"2018/1/11","offLNm3":"Richardson","offFNm3":"Derek","teamAbbr":"SAC","teamConf":"West","teamLoc":"Home","teamRslt":"Loss","teamPTS":115,"teamAST":23,"teamTO":16,"teamSTL":9,"teamBLK":3,"teamPF":25,"teamFGA":85,"teamFGM":42,"team2PA":59,"team2PM":34,"team3PA":26,"team3PM":8,"teamFTA":28,"teamFTM":23,"teamORB":10,"teamDRB":34,"teamPTS1":21,"teamPTS2":39,"teamPTS3":29,"teamPTS4":26,"teamPTS5":0,"teamPTS6":0,"teamPTS7":0,"teamPTS8":0,"opptAbbr":"LAC","opptConf":"West","opptLoc":"Away","opptRslt":"Win","opptPTS":121,"opptAST":28,"opptTO":18,"opptSTL":9,"opptBLK":5,"opptPF":19,"opptFGA":84,"opptFGM":43,"oppt2PA":53,"oppt2PM":30,"oppt3PA":31,"oppt3PM":13,"opptFTA":30,"opptFTM":22,"opptORB":8,"opptDRB":31,"opptPTS1":29,"opptPTS2":43,"opptPTS3":28,"opptPTS4":21,"opptPTS5":0,"opptPTS6":0,"opptPTS7":0,"opptPTS8":0}
{"_id":{"$oid":"5cb552f6e0f627212ff3bdc1"},"gmDate":"2018/1/13","offLNm3":"Washington","offFNm3":"Tom","teamAbbr":"LAC","teamConf":"West","teamLoc":"Home","teamRslt":"Win","teamPTS":126,"teamAST":29,"teamTO":16,"teamSTL":11,"teamBLK":5,"teamPF":22,"teamFGA":82,"teamFGM":46,"team2PA":51,"team2PM":34,"team3PA":31,"team3PM":12,"teamFTA":26,"teamFTM":22,"teamORB":5,"teamDRB":34,"teamPTS1":30,"teamPTS2":34,"teamPTS3":27,"teamPTS4":35,"teamPTS5":0,"teamPTS6":0,"teamPTS7":0,"teamPTS8":0,"opptAbbr":"SAC","opptConf":"West","opptLoc":"Away","opptRslt":"Loss","opptPTS":105,"opptAST":26,"opptTO":16,"opptSTL":12,"opptBLK":4,"opptPF":24,"opptFGA":85,"opptFGM":43,"oppt2PA":68,"oppt2PM":37,"oppt3PA":17,"oppt3PM":6,"opptFTA":22,"opptFTM":13,"opptORB":10,"opptDRB":27,"opptPTS1":17,"opptPTS2":28,"opptPTS3":23,"opptPTS4":37,"opptPTS5":0,"opptPTS6":0,"opptPTS7":0,"opptPTS8":0}
{"_id":{"$oid":"5cb552f6e0f627212ff3bdd4"},"gmDate":"2018/1/15","offLNm3":"Callahan","offFNm3":"Mike","teamAbbr":"LAC","teamConf":"West","teamLoc":"Home","teamRslt":"Win","teamPTS":113,"teamAST":30,"teamTO":19,"teamSTL":6,"teamBLK":10,"teamPF":17,"teamFGA":79,"teamFGM":44,"team2PA":54,"team2PM":34,"team3PA":25,"team3PM":10,"teamFTA":20,"teamFTM":15,"teamORB":4,"teamDRB":37,"teamPTS1":30,"teamPTS2":29,"teamPTS3":33,"teamPTS4":21,"teamPTS5":0,"teamPTS6":0,"teamPTS7":0,"teamPTS8":0,"opptAbbr":"HOU","opptConf":"West","opptLoc":"Away","opptRslt":"Loss","opptPTS":102,"opptAST":21,"opptTO":14,"opptSTL":9,"opptBLK":4,"opptPF":21,"opptFGA":94,"opptFGM":38,"oppt2PA":50,"oppt2PM":25,"oppt3PA":44,"oppt3PM":13,"opptFTA":16,"opptFTM":13,"opptORB":13,"opptDRB":24,"opptPTS1":31,"opptPTS2":25,"opptPTS3":28,"opptPTS4":18,"opptPTS5":0,"opptPTS6":0,"opptPTS7":0,"opptPTS8":0}
{"_id":{"$oid":"5cb552f6e0f627212ff3bde3"},"gmDate":"2018/1/17","offLNm3":"Malloy","offFNm3":"Ed","teamAbbr":"LAC","teamConf":"West","teamLoc":"Home","teamRslt":"Win","teamPTS":109,"teamAST":22,"teamTO":20,"teamSTL":10,"teamBLK":5,"teamPF":16,"teamFGA":87,"teamFGM":40,"team2PA":57,"team2PM":30,"team3PA":30,"team3PM":10,"teamFTA":31,"teamFTM":19,"teamORB":17,"teamDRB":32,"teamPTS1":29,"teamPTS2":21,"teamPTS3":30,"teamPTS4":29,"teamPTS5":0,"teamPTS6":0,"teamPTS7":0,"teamPTS8":0,"opptAbbr":"DEN","opptConf":"West","opptLoc":"Away","opptRslt":"Loss","opptPTS":104,"opptAST":23,"opptTO":21,"opptSTL":13,"opptBLK":7,"opptPF":25,"opptFGA":97,"opptFGM":42,"oppt2PA":72,"oppt2PM":37,"oppt3PA":25,"oppt3PM":5,"opptFTA":18,"opptFTM":15,"opptORB":20,"opptDRB":34,"opptPTS1":27,"opptPTS2":32,"opptPTS3":22,"opptPTS4":23,"opptPTS5":0,"opptPTS6":0,"opptPTS7":0,"opptPTS8":0}
{"_id":{"$oid":"5cb552f6e0f627212ff3bdf6"},"gmDate":"2018/1/20","offLNm3":"Sterling","offFNm3":"Jonathan","teamAbbr":"UTA","teamConf":"West","teamLoc":"Home","teamRslt":"Win","teamPTS":125,"teamAST":21,"teamTO":21,"teamSTL":9,"teamBLK":3,"teamPF":29,"teamFGA":82,"teamFGM":45,"team2PA":54,"team2PM":34,"team3PA":28,"team3PM":11,"teamFTA":32,"teamFTM":24,"teamORB":11,"teamDRB":45,"teamPTS1":39,"teamPTS2":37,"teamPTS3":28,"teamPTS4":21,"teamPTS5":0,"teamPTS6":0,"teamPTS7":0,"teamPTS8":0,"opptAbbr":"LAC","opptConf":"West","opptLoc":"Away","opptRslt":"Loss","opptPTS":113,"opptAST":18,"opptTO":14,"opptSTL":17,"opptBLK":2,"opptPF":24,"opptFGA":82,"opptFGM":36,"oppt2PA":46,"oppt2PM":25,"oppt3PA":36,"oppt3PM":11,"opptFTA":38,"opptFTM":30,"opptORB":7,"opptDRB":27,"opptPTS1":29,"opptPTS2":30,"opptPTS3":28,"opptPTS4":26,"opptPTS5":0,"opptPTS6":0,"opptPTS7":0,"opptPTS8":0}
{"_id":{"$oid":"5cb552f6e0f627212ff3be04"},"gmDate":"2018/1/22","offLNm3":"Lewis","offFNm3":"Eric","teamAbbr":"LAC","teamConf":"West","teamLoc":"Home","teamRslt":"Loss","teamPTS":118,"teamAST":31,"teamTO":17,"teamSTL":4,"teamBLK":1,"teamPF":27,"teamFGA":84,"teamFGM":47,"team2PA":57,"team2PM":38,"team3PA":27,"team3PM":9,"teamFTA":22,"teamFTM":15,"teamORB":8,"teamDRB":32,"teamPTS1":26,"teamPTS2":31,"teamPTS3":33,"teamPTS4":28,"teamPTS5":0,"teamPTS6":0,"teamPTS7":0,"teamPTS8":0,"opptAbbr":"MIN","opptConf":"West","opptLoc":"Away","opptRslt":"Win","opptPTS":126,"opptAST":20,"opptTO":15,"opptSTL":5,"opptBLK":4,"opptPF":22,"opptFGA":91,"opptFGM":43,"oppt2PA":69,"oppt2PM":36,"oppt3PA":22,"oppt3PM":7,"opptFTA":39,"opptFTM":33,"opptORB":18,"opptDRB":29,"opptPTS1":30,"opptPTS2":31,"opptPTS3":31,"opptPTS4":34,"opptPTS5":0,"opptPTS6":0,"opptPTS7":0,"opptPTS8":0}
{"_id":{"$oid":"5cb552f6e0f627212ff3be12"},"gmDate":"2018/1/24","offLNm3":"Wall","offFNm3":"Scott","teamAbbr":"LAC","teamConf":"West","teamLoc":"Home","teamRslt":"Loss","teamPTS":102,"teamAST":26,"teamTO":19,"teamSTL":6,"teamBLK":5,"teamPF":15,"teamFGA":79,"teamFGM":35,"team2PA":58,"team2PM":30,"team3PA":21,"team3PM":5,"teamFTA":39,"teamFTM":27,"teamORB":10,"teamDRB":30,"teamPTS1":22,"teamPTS2":33,"teamPTS3":22,"teamPTS4":25,"teamPTS5":0,"teamPTS6":0,"teamPTS7":0,"teamPTS8":0,"opptAbbr":"BOS","opptConf":"East","opptLoc":"Away","opptRslt":"Win","opptPTS":113,"opptAST":25,"opptTO":13,"opptSTL":10,"opptBLK":3,"opptPF":28,"opptFGA":93,"opptFGM":39,"oppt2PA":53,"oppt2PM":25,"oppt3PA":40,"oppt3PM":14,"opptFTA":22,"opptFTM":21,"opptORB":10,"opptDRB":37,"opptPTS1":25,"opptPTS2":37,"opptPTS3":29,"opptPTS4":22,"opptPTS5":0,"opptPTS6":0,"opptPTS7":0,"opptPTS8":0}
{"_id":{"$oid":"5cb552f6e0f627212ff3be1b"},"gmDate":"2018/1/26","offLNm3":"Kennedy","offFNm3":"Bill","teamAbbr":"MEM","teamConf":"West","teamLoc":"Home","teamRslt":"Loss","teamPTS":100,"teamAST":31,"teamTO":20,"teamSTL":1,"teamBLK":9,"teamPF":24,"teamFGA":81,"teamFGM":39,"team2PA":54,"team2PM":31,"team3PA":27,"team3PM":8,"teamFTA":18,"teamFTM":14,"teamORB":8,"teamDRB":35,"teamPTS1":20,"teamPTS2":30,"teamPTS3":26,"teamPTS4":24,"teamPTS5":0,"teamPTS6":0,"teamPTS7":0,"teamPTS8":0,"opptAbbr":"LAC","opptConf":"West","opptLoc":"Away","opptRslt":"Win","opptPTS":109,"opptAST":23,"opptTO":10,"opptSTL":15,"opptBLK":6,"opptPF":20,"opptFGA":80,"opptFGM":39,"oppt2PA":53,"oppt2PM":29,"oppt3PA":27,"oppt3PM":10,"opptFTA":29,"opptFTM":21,"opptORB":3,"opptDRB":33,"opptPTS1":24,"opptPTS2":34,"opptPTS3":25,"opptPTS4":26,"opptPTS5":0,"opptPTS6":0,"opptPTS7":0,"opptPTS8":0}
{"_id":{"$oid":"5cb552f6e0f627212ff3be2a"},"gmDate":"2018/1/28","offLNm3":"Phillips","offFNm3":"Jason","teamAbbr":"NO","teamConf":"West","teamLoc":"Home","teamRslt":"Loss","teamPTS":103,"teamAST":23,"teamTO":15,"teamSTL":9,"teamBLK":6,"teamPF":20,"teamFGA":85,"teamFGM":38,"team2PA":50,"team2PM":29,"team3PA":35,"team3PM":9,"teamFTA":25,"teamFTM":18,"teamORB":7,"teamDRB":40,"teamPTS1":34,"teamPTS2":28,"teamPTS3":15,"teamPTS4":26,"teamPTS5":0,"teamPTS6":0,"teamPTS7":0,"teamPTS8":0,"opptAbbr":"LAC","opptConf":"West","opptLoc":"Away","opptRslt":"Win","opptPTS":112,"opptAST":29,"opptTO":12,"opptSTL":7,"opptBLK":4,"opptPF":19,"opptFGA":96,"opptFGM":45,"oppt2PA":68,"oppt2PM":36,"oppt3PA":28,"oppt3PM":9,"opptFTA":18,"opptFTM":13,"opptORB":11,"opptDRB":39,"opptPTS1":26,"opptPTS2":25,"opptPTS3":29,"opptPTS4":32,"opptPTS5":0,"opptPTS6":0,"opptPTS7":0,"opptPTS8":0}
{"_id":{"$oid":"5cb552f6e0f627212ff3be3d"},"gmDate":"2018/1/30","offLNm3":"Van Duyne","offFNm3":"Justin","teamAbbr":"LAC","teamConf":"West","teamLoc":"Home","teamRslt":"Loss","teamPTS":96,"teamAST":22,"teamTO":13,"teamSTL":5,"teamBLK":7,"teamPF":17,"teamFGA":85,"teamFGM":35,"team2PA":63,"team2PM":29,"team3PA":22,"team3PM":6,"teamFTA":26,"teamFTM":20,"teamORB":9,"teamDRB":41,"teamPTS1":27,"teamPTS2":24,"teamPTS3":16,"teamPTS4":29,"teamPTS5":0,"teamPTS6":0,"teamPTS7":0,"teamPTS8":0,"opptAbbr":"POR","opptConf":"West","opptLoc":"Away","opptRslt":"Win","opptPTS":104,"opptAST":21,"opptTO":13,"opptSTL":12,"opptBLK":6,"opptPF":21,"opptFGA":98,"opptFGM":36,"oppt2PA":68,"oppt2PM":23,"oppt3PA":30,"oppt3PM":13,"opptFTA":22,"opptFTM":19,"opptORB":18,"opptDRB":41,"opptPTS1":30,"opptPTS2":26,"opptPTS3":30,"opptPTS4":18,"opptPTS5":0,"opptPTS6":0,"opptPTS7":0,"opptPTS8":0}
{"_id":{"$oid":"5cb552f6e0f627212ff3be54"},"gmDate":"2018/2/3","offLNm3":"Spooner","offFNm3":"Bill","teamAbbr":"LAC","teamConf":"West","teamLoc":"Home","teamRslt":"Win","teamPTS":113,"teamAST":23,"teamTO":14,"teamSTL":4,"teamBLK":5,"teamPF":18,"teamFGA":88,"teamFGM":40,"team2PA":63,"team2PM":31,"team3PA":25,"team3PM":9,"teamFTA":28,"teamFTM":24,"teamORB":10,"teamDRB":44,"teamPTS1":22,"teamPTS2":35,"teamPTS3":30,"teamPTS4":26,"teamPTS5":0,"teamPTS6":0,"teamPTS7":0,"teamPTS8":0,"opptAbbr":"CHI","opptConf":"East","opptLoc":"Away","opptRslt":"Loss","opptPTS":103,"opptAST":22,"opptTO":12,"opptSTL":6,"opptBLK":4,"opptPF":20,"opptFGA":97,"opptFGM":35,"oppt2PA":60,"oppt2PM":23,"oppt3PA":37,"oppt3PM":12,"opptFTA":21,"opptFTM":21,"opptORB":13,"opptDRB":35,"opptPTS1":17,"opptPTS2":35,"opptPTS3":29,"opptPTS4":22,"opptPTS5":0,"opptPTS6":0,"opptPTS7":0,"opptPTS8":0}
{"_id":{"$oid":"5cb552f6e0f627212ff3be69"},"gmDate":"2018/2/5","offLNm3":"Acosta","offFNm3":"Ray","teamAbbr":"LAC","teamConf":"West","teamLoc":"Home","teamRslt":"Win","teamPTS":104,"teamAST":28,"teamTO":13,"teamSTL":10,"teamBLK":3,"teamPF":16,"teamFGA":87,"teamFGM":42,"team2PA":60,"team2PM":32,"team3PA":27,"team3PM":10,"teamFTA":12,"teamFTM":10,"teamORB":5,"teamDRB":34,"teamPTS1":32,"teamPTS2":26,"teamPTS3":20,"teamPTS4":26,"teamPTS5":0,"teamPTS6":0,"teamPTS7":0,"teamPTS8":0,"opptAbbr":"DAL","opptConf":"West","opptLoc":"Away","opptRslt":"Loss","opptPTS":101,"opptAST":22,"opptTO":20,"opptSTL":5,"opptBLK":5,"opptPF":23,"opptFGA":80,"opptFGM":33,"oppt2PA":38,"oppt2PM":16,"oppt3PA":42,"oppt3PM":17,"opptFTA":20,"opptFTM":18,"opptORB":7,"opptDRB":31,"opptPTS1":28,"opptPTS2":27,"opptPTS3":27,"opptPTS4":19,"opptPTS5":0,"opptPTS6":0,"opptPTS7":0,"opptPTS8":0}
{"_id":{"$oid":"5cb552f6e0f627212ff3be7d"},"gmDate":"2018/2/9","offLNm3":"Callahan","offFNm3":"Mike","teamAbbr":"DET","teamConf":"East","teamLoc":"Home","teamRslt":"Loss","teamPTS":95,"teamAST":22,"teamTO":9,"teamSTL":5,"teamBLK":5,"teamPF":16,"teamFGA":88,"teamFGM":36,"team2PA":57,"team2PM":26,"team3PA":31,"team3PM":10,"teamFTA":17,"teamFTM":13,"teamORB":7,"teamDRB":33,"teamPTS1":30,"teamPTS2":26,"teamPTS3":24,"teamPTS4":15,"teamPTS5":0,"teamPTS6":0,"teamPTS7":0,"teamPTS8":0,"opptAbbr":"LAC","opptConf":"West","opptLoc":"Away","opptRslt":"Win","opptPTS":108,"opptAST":23,"opptTO":10,"opptSTL":6,"opptBLK":3,"opptPF":16,"opptFGA":91,"opptFGM":42,"oppt2PA":61,"oppt2PM":32,"oppt3PA":30,"oppt3PM":10,"opptFTA":15,"opptFTM":14,"opptORB":14,"opptDRB":43,"opptPTS1":31,"opptPTS2":21,"opptPTS3":25,"opptPTS4":31,"opptPTS5":0,"opptPTS6":0,"opptPTS7":0,"opptPTS8":0}
{"_id":{"$oid":"5cb552f6e0f627212ff3be88"},"gmDate":"2018/2/10","offLNm3":"DeRosa","offFNm3":"Joe","teamAbbr":"PHI","teamConf":"East","teamLoc":"Home","teamRslt":"Win","teamPTS":112,"teamAST":32,"teamTO":12,"teamSTL":12,"teamBLK":8,"teamPF":18,"teamFGA":90,"teamFGM":43,"team2PA":57,"team2PM":30,"team3PA":33,"team3PM":13,"teamFTA":17,"teamFTM":13,"teamORB":6,"teamDRB":39,"teamPTS1":37,"teamPTS2":32,"teamPTS3":16,"teamPTS4":27,"teamPTS5":0,"teamPTS6":0,"teamPTS7":0,"teamPTS8":0,"opptAbbr":"LAC","opptConf":"West","opptLoc":"Away","opptRslt":"Loss","opptPTS":98,"opptAST":20,"opptTO":17,"opptSTL":7,"opptBLK":5,"opptPF":16,"opptFGA":88,"opptFGM":38,"oppt2PA":56,"oppt2PM":30,"oppt3PA":32,"oppt3PM":8,"opptFTA":23,"opptFTM":14,"opptORB":11,"opptDRB":42,"opptPTS1":28,"opptPTS2":27,"opptPTS3":23,"opptPTS4":20,"opptPTS5":0,"opptPTS6":0,"opptPTS7":0,"opptPTS8":0}
{"_id":{"$oid":"5cb552f6e0f627212ff3be97"},"gmDate":"2018/2/12","offLNm3":"Van Duyne","offFNm3":"Justin","teamAbbr":"BKN","teamConf":"East","teamLoc":"Home","teamRslt":"Loss","teamPTS":101,"teamAST":27,"teamTO":13,"teamSTL":10,"teamBLK":6,"teamPF":15,"teamFGA":89,"teamFGM":41,"team2PA":49,"team2PM":29,"team3PA":40,"team3PM":12,"teamFTA":10,"teamFTM":7,"teamORB":10,"teamDRB":27,"teamPTS1":22,"teamPTS2":29,"teamPTS3":16,"teamPTS4":34,"teamPTS5":0,"teamPTS6":0,"teamPTS7":0,"teamPTS8":0,"opptAbbr":"LAC","opptConf":"West","opptLoc":"Away","opptRslt":"Win","opptPTS":114,"opptAST":19,"opptTO":15,"opptSTL":8,"opptBLK":6,"opptPF":14,"opptFGA":85,"opptFGM":48,"oppt2PA":69,"oppt2PM":42,"oppt3PA":16,"oppt3PM":6,"opptFTA":14,"opptFTM":12,"opptORB":8,"opptDRB":35,"opptPTS1":34,"opptPTS2":32,"opptPTS3":24,"opptPTS4":24,"opptPTS5":0,"opptPTS6":0,"opptPTS7":0,"opptPTS8":0}
{"_id":{"$oid":"5cb552f6e0f627212ff3bea6"},"gmDate":"2018/2/14","offLNm3":"Mauer","offFNm3":"Ken","teamAbbr":"BOS","teamConf":"East","teamLoc":"Home","teamRslt":"Loss","teamPTS":119,"teamAST":24,"teamTO":8,"teamSTL":4,"teamBLK":8,"teamPF":31,"teamFGA":97,"teamFGM":42,"team2PA":66,"team2PM":27,"team3PA":31,"team3PM":15,"teamFTA":21,"teamFTM":20,"teamORB":11,"teamDRB":35,"teamPTS1":25,"teamPTS2":32,"teamPTS3":34,"teamPTS4":28,"teamPTS5":0,"teamPTS6":0,"teamPTS7":0,"teamPTS8":0,"opptAbbr":"LAC","opptConf":"West","opptLoc":"Away","opptRslt":"Win","opptPTS":129,"opptAST":26,"opptTO":9,"opptSTL":5,"opptBLK":5,"opptPF":21,"opptFGA":88,"opptFGM":44,"oppt2PA":59,"oppt2PM":33,"oppt3PA":29,"oppt3PM":11,"opptFTA":33,"opptFTM":30,"opptORB":7,"opptDRB":36,"opptPTS1":34,"opptPTS2":27,"opptPTS3":32,"opptPTS4":36,"opptPTS5":0,"opptPTS6":0,"opptPTS7":0,"opptPTS8":0}
{"_id":{"$oid":"5cb552f6e0f627212ff3beb4"},"gmDate":"2018/2/22","offLNm3":"Callahan","offFNm3":"Mike","teamAbbr":"GS","teamConf":"West","teamLoc":"Home","teamRslt":"Win","teamPTS":134,"teamAST":31,"teamTO":15,"teamSTL":8,"teamBLK":8,"teamPF":24,"teamFGA":75,"teamFGM":47,"team2PA":50,"team2PM":33,"team3PA":25,"team3PM":14,"teamFTA":34,"teamFTM":26,"teamORB":3,"teamDRB":29,"teamPTS1":34,"teamPTS2":36,"teamPTS3":32,"teamPTS4":32,"teamPTS5":0,"teamPTS6":0,"teamPTS7":0,"teamPTS8":0,"opptAbbr":"LAC","opptConf":"West","opptLoc":"Away","opptRslt":"Loss","opptPTS":127,"opptAST":32,"opptTO":15,"opptSTL":9,"opptBLK":1,"opptPF":19,"opptFGA":88,"opptFGM":44,"oppt2PA":56,"oppt2PM":33,"oppt3PA":32,"oppt3PM":11,"opptFTA":34,"opptFTM":28,"opptORB":8,"opptDRB":28,"opptPTS1":23,"opptPTS2":35,"opptPTS3":34,"opptPTS4":35,"opptPTS5":0,"opptPTS6":0,"opptPTS7":0,"opptPTS8":0}
{"_id":{"$oid":"5cb552f6e0f627212ff3bebd"},"gmDate":"2018/2/23","offLNm3":"Sterling","offFNm3":"Jonathan","teamAbbr":"PHO","teamConf":"West","teamLoc":"Home","teamRslt":"Loss","teamPTS":117,"teamAST":22,"teamTO":12,"teamSTL":12,"teamBLK":5,"teamPF":25,"teamFGA":103,"teamFGM":45,"team2PA":72,"team2PM":36,"team3PA":31,"team3PM":9,"teamFTA":31,"teamFTM":18,"teamORB":16,"teamDRB":32,"teamPTS1":18,"teamPTS2":32,"teamPTS3":28,"teamPTS4":39,"teamPTS5":0,"teamPTS6":0,"teamPTS7":0,"teamPTS8":0,"opptAbbr":"LAC","opptConf":"West","opptLoc":"Away","opptRslt":"Win","opptPTS":128,"opptAST":23,"opptTO":18,"opptSTL":5,"opptBLK":8,"opptPF":26,"opptFGA":87,"opptFGM":45,"oppt2PA":55,"oppt2PM":31,"oppt3PA":32,"oppt3PM":14,"opptFTA":32,"opptFTM":24,"opptORB":8,"opptDRB":43,"opptPTS1":40,"opptPTS2":39,"opptPTS3":16,"opptPTS4":33,"opptPTS5":0,"opptPTS6":0,"opptPTS7":0,"opptPTS8":0}
{"_id":{"$oid":"5cb552f6e0f627212ff3bedc"},"gmDate":"2018/2/27","offLNm3":"Ayotte","offFNm3":"Mark","teamAbbr":"DEN","teamConf":"West","teamLoc":"Home","teamRslt":"Loss","teamPTS":120,"teamAST":27,"teamTO":20,"teamSTL":11,"teamBLK":7,"teamPF":27,"teamFGA":87,"teamFGM":43,"team2PA":56,"team2PM":33,"team3PA":31,"team3PM":10,"teamFTA":30,"teamFTM":24,"teamORB":11,"teamDRB":30,"teamPTS1":33,"teamPTS2":25,"teamPTS3":30,"teamPTS4":32,"teamPTS5":0,"teamPTS6":0,"teamPTS7":0,"teamPTS8":0,"opptAbbr":"LAC","opptConf":"West","opptLoc":"Away","opptRslt":"Win","opptPTS":122,"opptAST":26,"opptTO":19,"opptSTL":12,"opptBLK":7,"opptPF":25,"opptFGA":89,"opptFGM":46,"oppt2PA":63,"oppt2PM":39,"oppt3PA":26,"oppt3PM":7,"opptFTA":31,"opptFTM":23,"opptORB":13,"opptDRB":30,"opptPTS1":24,"opptPTS2":28,"opptPTS3":29,"opptPTS4":41,"opptPTS5":0,"opptPTS6":0,"opptPTS7":0,"opptPTS8":0}
{"_id":{"$oid":"5cb552f6e0f627212ff3bee5"},"gmDate":"2018/2/28","offLNm3":"Wall","offFNm3":"Scott","teamAbbr":"LAC","teamConf":"West","teamLoc":"Home","teamRslt":"Loss","teamPTS":92,"teamAST":17,"teamTO":18,"teamSTL":6,"teamBLK":2,"teamPF":19,"teamFGA":79,"teamFGM":36,"team2PA":56,"team2PM":29,"team3PA":23,"team3PM":7,"teamFTA":19,"teamFTM":13,"teamORB":4,"teamDRB":35,"teamPTS1":12,"teamPTS2":31,"teamPTS3":29,"teamPTS4":20,"teamPTS5":0,"teamPTS6":0,"teamPTS7":0,"teamPTS8":0,"opptAbbr":"HOU","opptConf":"West","opptLoc":"Away","opptRslt":"Win","opptPTS":105,"opptAST":21,"opptTO":10,"opptSTL":11,"opptBLK":5,"opptPF":21,"opptFGA":85,"opptFGM":36,"oppt2PA":42,"oppt2PM":23,"oppt3PA":43,"oppt3PM":13,"opptFTA":24,"opptFTM":20,"opptORB":10,"opptDRB":31,"opptPTS1":34,"opptPTS2":27,"opptPTS3":22,"opptPTS4":22,"opptPTS5":0,"opptPTS6":0,"opptPTS7":0,"opptPTS8":0}
{"_id":{"$oid":"5cb552f6e0f627212ff3bef2"},"gmDate":"2018/3/2","offLNm3":"Spooner","offFNm3":"Bill","teamAbbr":"LAC","teamConf":"West","teamLoc":"Home","teamRslt":"Win","teamPTS":128,"teamAST":34,"teamTO":11,"teamSTL":14,"teamBLK":6,"teamPF":17,"teamFGA":89,"teamFGM":50,"team2PA":64,"team2PM":41,"team3PA":25,"team3PM":9,"teamFTA":24,"teamFTM":19,"teamORB":14,"teamDRB":37,"teamPTS1":32,"teamPTS2":25,"teamPTS3":35,"teamPTS4":36,"teamPTS5":0,"teamPTS6":0,"teamPTS7":0,"teamPTS8":0,"opptAbbr":"NY","opptConf":"East","opptLoc":"Away","opptRslt":"Loss","opptPTS":105,"opptAST":24,"opptTO":17,"opptSTL":4,"opptBLK":4,"opptPF":22,"opptFGA":89,"opptFGM":41,"oppt2PA":64,"oppt2PM":30,"oppt3PA":25,"oppt3PM":11,"opptFTA":16,"opptFTM":12,"opptORB":10,"opptDRB":23,"opptPTS1":25,"opptPTS2":35,"opptPTS3":18,"opptPTS4":27,"opptPTS5":0,"opptPTS6":0,"opptPTS7":0,"opptPTS8":0}
{"_id":{"$oid":"5cb552f6e0f627212ff3bf00"},"gmDate":"2018/3/4","offLNm3":"Mauer","offFNm3":"Ken","teamAbbr":"LAC","teamConf":"West","teamLoc":"Home","teamRslt":"Win","teamPTS":123,"teamAST":18,"teamTO":10,"teamSTL":12,"teamBLK":6,"teamPF":20,"teamFGA":84,"teamFGM":44,"team2PA":57,"team2PM":34,"team3PA":27,"team3PM":10,"teamFTA":30,"teamFTM":25,"teamORB":7,"teamDRB":33,"teamPTS1":32,"teamPTS2":33,"teamPTS3":26,"teamPTS4":32,"teamPTS5":0,"teamPTS6":0,"teamPTS7":0,"teamPTS8":0,"opptAbbr":"BKN","opptConf":"East","opptLoc":"Away","opptRslt":"Loss","opptPTS":120,"opptAST":30,"opptTO":14,"opptSTL":8,"opptBLK":4,"opptPF":21,"opptFGA":92,"opptFGM":40,"oppt2PA":47,"oppt2PM":21,"oppt3PA":45,"oppt3PM":19,"opptFTA":23,"opptFTM":21,"opptORB":13,"opptDRB":31,"opptPTS1":27,"opptPTS2":26,"opptPTS3":33,"opptPTS4":34,"opptPTS5":0,"opptPTS6":0,"opptPTS7":0,"opptPTS8":0}
{"_id":{"$oid":"5cb552f6e0f627212ff3bf10"},"gmDate":"2018/3/6","offLNm3":"Malloy","offFNm3":"Ed","teamAbbr":"LAC","teamConf":"West","teamLoc":"Home","teamRslt":"Loss","teamPTS":116,"teamAST":25,"teamTO":13,"teamSTL":5,"teamBLK":2,"teamPF":18,"teamFGA":98,"teamFGM":46,"team2PA":71,"team2PM":39,"team3PA":27,"team3PM":7,"teamFTA":26,"teamFTM":17,"teamORB":10,"teamDRB":47,"teamPTS1":27,"teamPTS2":25,"teamPTS3":30,"teamPTS4":34,"teamPTS5":0,"teamPTS6":0,"teamPTS7":0,"teamPTS8":0,"opptAbbr":"NO","opptConf":"West","opptLoc":"Away","opptRslt":"Win","opptPTS":121,"opptAST":39,"opptTO":8,"opptSTL":11,"opptBLK":11,"opptPF":20,"opptFGA":103,"opptFGM":46,"oppt2PA":73,"oppt2PM":33,"oppt3PA":30,"oppt3PM":13,"opptFTA":18,"opptFTM":16,"opptORB":9,"opptDRB":42,"opptPTS1":35,"opptPTS2":32,"opptPTS3":30,"opptPTS4":24,"opptPTS5":0,"opptPTS6":0,"opptPTS7":0,"opptPTS8":0}
{"_id":{"$oid":"5cb552f6e0f627212ff3bf26"},"gmDate":"2018/3/9","offLNm3":"Van Duyne","offFNm3":"Justin","teamAbbr":"LAC","teamConf":"West","teamLoc":"Home","teamRslt":"Win","teamPTS":116,"teamAST":25,"teamTO":14,"teamSTL":6,"teamBLK":3,"teamPF":16,"teamFGA":89,"teamFGM":43,"team2PA":61,"team2PM":32,"team3PA":28,"team3PM":11,"teamFTA":30,"teamFTM":19,"teamORB":13,"teamDRB":39,"teamPTS1":35,"teamPTS2":26,"teamPTS3":24,"teamPTS4":31,"teamPTS5":0,"teamPTS6":0,"teamPTS7":0,"teamPTS8":0,"opptAbbr":"CLE","opptConf":"East","opptLoc":"Away","opptRslt":"Loss","opptPTS":102,"opptAST":22,"opptTO":13,"opptSTL":10,"opptBLK":7,"opptPF":28,"opptFGA":87,"opptFGM":39,"oppt2PA":51,"oppt2PM":27,"oppt3PA":36,"oppt3PM":12,"opptFTA":18,"opptFTM":12,"opptORB":8,"opptDRB":32,"opptPTS1":17,"opptPTS2":30,"opptPTS3":30,"opptPTS4":25,"opptPTS5":0,"opptPTS6":0,"opptPTS7":0,"opptPTS8":0}
{"_id":{"$oid":"5cb552f6e0f627212ff3bf2b"},"gmDate":"2018/3/10","offLNm3":"Davis","offFNm3":"Marc","teamAbbr":"LAC","teamConf":"West","teamLoc":"Home","teamRslt":"Win","teamPTS":113,"teamAST":17,"teamTO":15,"teamSTL":9,"teamBLK":3,"teamPF":20,"teamFGA":78,"teamFGM":41,"team2PA":60,"team2PM":34,"team3PA":18,"team3PM":7,"teamFTA":28,"teamFTM":24,"teamORB":8,"teamDRB":33,"teamPTS1":30,"teamPTS2":26,"teamPTS3":31,"teamPTS4":26,"teamPTS5":0,"teamPTS6":0,"teamPTS7":0,"teamPTS8":0,"opptAbbr":"ORL","opptConf":"East","opptLoc":"Away","opptRslt":"Loss","opptPTS":105,"opptAST":20,"opptTO":15,"opptSTL":12,"opptBLK":2,"opptPF":19,"opptFGA":84,"opptFGM":38,"oppt2PA":60,"oppt2PM":30,"oppt3PA":24,"oppt3PM":8,"opptFTA":27,"opptFTM":21,"opptORB":9,"opptDRB":24,"opptPTS1":27,"opptPTS2":31,"opptPTS3":31,"opptPTS4":16,"opptPTS5":0,"opptPTS6":0,"opptPTS7":0,"opptPTS8":0}
{"_id":{"$oid":"5cb552f6e0f627212ff3bf3f"},"gmDate":"2018/3/13","offLNm3":"Lewis","offFNm3":"Eric","teamAbbr":"CHI","teamConf":"East","teamLoc":"Home","teamRslt":"Loss","teamPTS":106,"teamAST":26,"teamTO":9,"teamSTL":11,"teamBLK":2,"teamPF":28,"teamFGA":101,"teamFGM":43,"team2PA":72,"team2PM":36,"team3PA":29,"team3PM":7,"teamFTA":15,"teamFTM":13,"teamORB":11,"teamDRB":34,"teamPTS1":27,"teamPTS2":33,"teamPTS3":18,"teamPTS4":28,"teamPTS5":0,"teamPTS6":0,"teamPTS7":0,"teamPTS8":0,"opptAbbr":"LAC","opptConf":"West","opptLoc":"Away","opptRslt":"Win","opptPTS":112,"opptAST":27,"opptTO":14,"opptSTL":4,"opptBLK":6,"opptPF":14,"opptFGA":76,"opptFGM":37,"oppt2PA":47,"oppt2PM":29,"oppt3PA":29,"oppt3PM":8,"opptFTA":41,"opptFTM":30,"opptORB":6,"opptDRB":36,"opptPTS1":31,"opptPTS2":31,"opptPTS3":28,"opptPTS4":22,"opptPTS5":0,"opptPTS6":0,"opptPTS7":0,"opptPTS8":0}
{"_id":{"$oid":"5cb552f6e0f627212ff3bf4c"},"gmDate":"2018/3/15","offLNm3":"Capers","offFNm3":"James","teamAbbr":"HOU","teamConf":"West","teamLoc":"Home","teamRslt":"Win","teamPTS":101,"teamAST":20,"teamTO":11,"teamSTL":4,"teamBLK":9,"teamPF":13,"teamFGA":90,"teamFGM":35,"team2PA":49,"team2PM":23,"team3PA":41,"team3PM":12,"teamFTA":23,"teamFTM":19,"teamORB":16,"teamDRB":34,"teamPTS1":28,"teamPTS2":19,"teamPTS3":31,"teamPTS4":23,"teamPTS5":0,"teamPTS6":0,"teamPTS7":0,"teamPTS8":0,"opptAbbr":"LAC","opptConf":"West","opptLoc":"Away","opptRslt":"Loss","opptPTS":96,"opptAST":16,"opptTO":9,"opptSTL":3,"opptBLK":4,"opptPF":21,"opptFGA":97,"opptFGM":44,"oppt2PA":79,"oppt2PM":40,"oppt3PA":18,"oppt3PM":4,"opptFTA":8,"opptFTM":4,"opptORB":11,"opptDRB":34,"opptPTS1":26,"opptPTS2":25,"opptPTS3":23,"opptPTS4":22,"opptPTS5":0,"opptPTS6":0,"opptPTS7":0,"opptPTS8":0}
{"_id":{"$oid":"5cb552f6e0f627212ff3bf54"},"gmDate":"2018/3/16","offLNm3":"Phillips","offFNm3":"Jason","teamAbbr":"OKC","teamConf":"West","teamLoc":"Home","teamRslt":"Win","teamPTS":121,"teamAST":30,"teamTO":14,"teamSTL":17,"teamBLK":11,"teamPF":20,"teamFGA":94,"teamFGM":46,"team2PA":62,"team2PM":35,"team3PA":32,"team3PM":11,"teamFTA":22,"teamFTM":18,"teamORB":17,"teamDRB":29,"teamPTS1":27,"teamPTS2":36,"teamPTS3":26,"teamPTS4":32,"teamPTS5":0,"teamPTS6":0,"teamPTS7":0,"teamPTS8":0,"opptAbbr":"LAC","opptConf":"West","opptLoc":"Away","opptRslt":"Loss","opptPTS":113,"opptAST":21,"opptTO":23,"opptSTL":10,"opptBLK":3,"opptPF":18,"opptFGA":86,"opptFGM":42,"oppt2PA":60,"oppt2PM":31,"oppt3PA":26,"oppt3PM":11,"opptFTA":23,"opptFTM":18,"opptORB":16,"opptDRB":32,"opptPTS1":30,"opptPTS2":26,"opptPTS3":28,"opptPTS4":29,"opptPTS5":0,"opptPTS6":0,"opptPTS7":0,"opptPTS8":0}
{"_id":{"$oid":"5cb552f6e0f627212ff3bf65"},"gmDate":"2018/3/18","offLNm3":"Foster","offFNm3":"Scott","teamAbbr":"LAC","teamConf":"West","teamLoc":"Home","teamRslt":"Loss","teamPTS":109,"teamAST":21,"teamTO":8,"teamSTL":8,"teamBLK":3,"teamPF":17,"teamFGA":89,"teamFGM":40,"team2PA":66,"team2PM":31,"team3PA":23,"team3PM":9,"teamFTA":27,"teamFTM":20,"teamORB":8,"teamDRB":30,"teamPTS1":18,"teamPTS2":34,"teamPTS3":29,"teamPTS4":28,"teamPTS5":0,"teamPTS6":0,"teamPTS7":0,"teamPTS8":0,"opptAbbr":"POR","opptConf":"West","opptLoc":"Away","opptRslt":"Win","opptPTS":122,"opptAST":24,"opptTO":13,"opptSTL":7,"opptBLK":6,"opptPF":22,"opptFGA":92,"opptFGM":46,"oppt2PA":63,"oppt2PM":32,"oppt3PA":29,"oppt3PM":14,"opptFTA":20,"opptFTM":16,"opptORB":8,"opptDRB":39,"opptPTS1":24,"opptPTS2":34,"opptPTS3":33,"opptPTS4":31,"opptPTS5":0,"opptPTS6":0,"opptPTS7":0,"opptPTS8":0}
{"_id":{"$oid":"5cb552f6e0f627212ff3bf71"},"gmDate":"2018/3/20","offLNm3":"Van Duyne","offFNm3":"Justin","teamAbbr":"MIN","teamConf":"West","teamLoc":"Home","teamRslt":"Win","teamPTS":123,"teamAST":23,"teamTO":11,"teamSTL":5,"teamBLK":6,"teamPF":21,"teamFGA":86,"teamFGM":45,"team2PA":61,"team2PM":35,"team3PA":25,"team3PM":10,"teamFTA":24,"teamFTM":23,"teamORB":7,"teamDRB":34,"teamPTS1":28,"teamPTS2":31,"teamPTS3":36,"teamPTS4":28,"teamPTS5":0,"teamPTS6":0,"teamPTS7":0,"teamPTS8":0,"opptAbbr":"LAC","opptConf":"West","opptLoc":"Away","opptRslt":"Loss","opptPTS":109,"opptAST":21,"opptTO":12,"opptSTL":4,"opptBLK":5,"opptPF":22,"opptFGA":93,"opptFGM":40,"oppt2PA":69,"oppt2PM":32,"oppt3PA":24,"oppt3PM":8,"opptFTA":26,"opptFTM":21,"opptORB":11,"opptDRB":30,"opptPTS1":32,"opptPTS2":26,"opptPTS3":25,"opptPTS4":26,"opptPTS5":0,"opptPTS6":0,"opptPTS7":0,"opptPTS8":0}
{"_id":{"$oid":"5cb552f6e0f627212ff3bf7b"},"gmDate":"2018/3/21","offLNm3":"Wall","offFNm3":"Scott","teamAbbr":"MIL","teamConf":"East","teamLoc":"Home","teamRslt":"Loss","teamPTS":120,"teamAST":33,"teamTO":15,"teamSTL":10,"teamBLK":5,"teamPF":20,"teamFGA":91,"teamFGM":50,"team2PA":65,"team2PM":42,"team3PA":26,"team3PM":8,"teamFTA":17,"teamFTM":12,"teamORB":8,"teamDRB":25,"teamPTS1":24,"teamPTS2":33,"teamPTS3":26,"teamPTS4":37,"teamPTS5":0,"teamPTS6":0,"teamPTS7":0,"teamPTS8":0,"opptAbbr":"LAC","opptConf":"West","opptLoc":"Away","opptRslt":"Win","opptPTS":127,"opptAST":26,"opptTO":21,"opptSTL":12,"opptBLK":3,"opptPF":16,"opptFGA":86,"opptFGM":45,"oppt2PA":56,"oppt2PM":30,"oppt3PA":30,"oppt3PM":15,"opptFTA":29,"opptFTM":22,"opptORB":16,"opptDRB":31,"opptPTS1":38,"opptPTS2":26,"opptPTS3":33,"opptPTS4":30,"opptPTS5":0,"opptPTS6":0,"opptPTS7":0,"opptPTS8":0}
{"_id":{"$oid":"5cb552f6e0f627212ff3bf84"},"gmDate":"2018/3/23","offLNm3":"Kennedy","offFNm3":"Bill","teamAbbr":"IND","teamConf":"East","teamLoc":"Home","teamRslt":"Win","teamPTS":109,"teamAST":25,"teamTO":9,"teamSTL":7,"teamBLK":2,"teamPF":16,"teamFGA":93,"teamFGM":43,"team2PA":62,"team2PM":32,"team3PA":31,"team3PM":11,"teamFTA":14,"teamFTM":12,"teamORB":14,"teamDRB":27,"teamPTS1":27,"teamPTS2":31,"teamPTS3":24,"teamPTS4":27,"teamPTS5":0,"teamPTS6":0,"teamPTS7":0,"teamPTS8":0,"opptAbbr":"LAC","opptConf":"West","opptLoc":"Away","opptRslt":"Loss","opptPTS":104,"opptAST":24,"opptTO":15,"opptSTL":4,"opptBLK":3,"opptPF":20,"opptFGA":76,"opptFGM":42,"oppt2PA":50,"oppt2PM":32,"oppt3PA":26,"oppt3PM":10,"opptFTA":14,"opptFTM":10,"opptORB":6,"opptDRB":27,"opptPTS1":28,"opptPTS2":25,"opptPTS3":23,"opptPTS4":28,"opptPTS5":0,"opptPTS6":0,"opptPTS7":0,"opptPTS8":0}
{"_id":{"$oid":"5cb552f6e0f627212ff3bf97"},"gmDate":"2018/3/25","offLNm3":"Spooner","offFNm3":"Bill","teamAbbr":"TOR","teamConf":"East","teamLoc":"Home","teamRslt":"Loss","teamPTS":106,"teamAST":24,"teamTO":16,"teamSTL":3,"teamBLK":6,"teamPF":23,"teamFGA":92,"teamFGM":41,"team2PA":56,"team2PM":25,"team3PA":36,"team3PM":16,"teamFTA":14,"teamFTM":8,"teamORB":13,"teamDRB":35,"teamPTS1":35,"teamPTS2":25,"teamPTS3":20,"teamPTS4":26,"teamPTS5":0,"teamPTS6":0,"teamPTS7":0,"teamPTS8":0,"opptAbbr":"LAC","opptConf":"West","opptLoc":"Away","opptRslt":"Win","opptPTS":117,"opptAST":17,"opptTO":9,"opptSTL":7,"opptBLK":5,"opptPF":16,"opptFGA":95,"opptFGM":44,"oppt2PA":77,"oppt2PM":36,"oppt3PA":18,"oppt3PM":8,"opptFTA":27,"opptFTM":21,"opptORB":12,"opptDRB":32,"opptPTS1":28,"opptPTS2":25,"opptPTS3":27,"opptPTS4":37,"opptPTS5":0,"opptPTS6":0,"opptPTS7":0,"opptPTS8":0}
{"_id":{"$oid":"5cb552f6e0f627212ff3bfa9"},"gmDate":"2018/3/27","offLNm3":"Fraher","offFNm3":"Pat","teamAbbr":"LAC","teamConf":"West","teamLoc":"Home","teamRslt":"Win","teamPTS":105,"teamAST":23,"teamTO":15,"teamSTL":8,"teamBLK":4,"teamPF":23,"teamFGA":86,"teamFGM":40,"team2PA":58,"team2PM":25,"team3PA":28,"team3PM":15,"teamFTA":18,"teamFTM":10,"teamORB":8,"teamDRB":33,"teamPTS1":35,"teamPTS2":27,"teamPTS3":16,"teamPTS4":27,"teamPTS5":0,"teamPTS6":0,"teamPTS7":0,"teamPTS8":0,"opptAbbr":"MIL","opptConf":"East","opptLoc":"Away","opptRslt":"Loss","opptPTS":98,"opptAST":24,"opptTO":17,"opptSTL":12,"opptBLK":11,"opptPF":14,"opptFGA":83,"opptFGM":38,"oppt2PA":60,"oppt2PM":32,"oppt3PA":23,"oppt3PM":6,"opptFTA":23,"opptFTM":16,"opptORB":8,"opptDRB":36,"opptPTS1":29,"opptPTS2":27,"opptPTS3":26,"opptPTS4":16,"opptPTS5":0,"opptPTS6":0,"opptPTS7":0,"opptPTS8":0}
{"_id":{"$oid":"5cb552f6e0f627212ff3bfb0"},"gmDate":"2018/3/28","offLNm3":"Malloy","offFNm3":"Ed","teamAbbr":"PHO","teamConf":"West","teamLoc":"Home","teamRslt":"Loss","teamPTS":99,"teamAST":17,"teamTO":14,"teamSTL":13,"teamBLK":4,"teamPF":20,"teamFGA":88,"teamFGM":38,"team2PA":54,"team2PM":28,"team3PA":34,"team3PM":10,"teamFTA":18,"teamFTM":13,"teamORB":9,"teamDRB":30,"teamPTS1":32,"teamPTS2":24,"teamPTS3":26,"teamPTS4":17,"teamPTS5":0,"teamPTS6":0,"teamPTS7":0,"teamPTS8":0,"opptAbbr":"LAC","opptConf":"West","opptLoc":"Away","opptRslt":"Win","opptPTS":111,"opptAST":26,"opptTO":21,"opptSTL":7,"opptBLK":4,"opptPF":17,"opptFGA":80,"opptFGM":43,"oppt2PA":63,"oppt2PM":35,"oppt3PA":17,"oppt3PM":8,"opptFTA":25,"opptFTM":17,"opptORB":11,"opptDRB":40,"opptPTS1":27,"opptPTS2":31,"opptPTS3":27,"opptPTS4":26,"opptPTS5":0,"opptPTS6":0,"opptPTS7":0,"opptPTS8":0}
{"_id":{"$oid":"5cb552f6e0f627212ff3bfbf"},"gmDate":"2018/3/30","offLNm3":"Zarba","offFNm3":"Zach","teamAbbr":"POR","teamConf":"West","teamLoc":"Home","teamRslt":"Win","teamPTS":105,"teamAST":30,"teamTO":11,"teamSTL":9,"teamBLK":10,"teamPF":25,"teamFGA":95,"teamFGM":41,"team2PA":65,"team2PM":33,"team3PA":30,"team3PM":8,"teamFTA":16,"teamFTM":15,"teamORB":13,"teamDRB":37,"teamPTS1":26,"teamPTS2":38,"teamPTS3":23,"teamPTS4":18,"teamPTS5":0,"teamPTS6":0,"teamPTS7":0,"teamPTS8":0,"opptAbbr":"LAC","opptConf":"West","opptLoc":"Away","opptRslt":"Loss","opptPTS":96,"opptAST":13,"opptTO":10,"opptSTL":5,"opptBLK":5,"opptPF":16,"opptFGA":89,"opptFGM":36,"oppt2PA":76,"oppt2PM":32,"oppt3PA":13,"oppt3PM":4,"opptFTA":35,"opptFTM":20,"opptORB":11,"opptDRB":35,"opptPTS1":23,"opptPTS2":26,"opptPTS3":17,"opptPTS4":30,"opptPTS5":0,"opptPTS6":0,"opptPTS7":0,"opptPTS8":0}
{"_id":{"$oid":"5cb552f6e0f627212ff3bfc7"},"gmDate":"2018/4/1","offLNm3":"Ayotte","offFNm3":"Mark","teamAbbr":"LAC","teamConf":"West","teamLoc":"Home","teamRslt":"Loss","teamPTS":104,"teamAST":24,"teamTO":13,"teamSTL":6,"teamBLK":6,"teamPF":19,"teamFGA":82,"teamFGM":42,"team2PA":57,"team2PM":33,"team3PA":25,"team3PM":9,"teamFTA":14,"teamFTM":11,"teamORB":12,"teamDRB":24,"teamPTS1":30,"teamPTS2":21,"teamPTS3":27,"teamPTS4":26,"teamPTS5":0,"teamPTS6":0,"teamPTS7":0,"teamPTS8":0,"opptAbbr":"IND","opptConf":"East","opptLoc":"Away","opptRslt":"Win","opptPTS":111,"opptAST":23,"opptTO":11,"opptSTL":8,"opptBLK":4,"opptPF":12,"opptFGA":86,"opptFGM":42,"oppt2PA":58,"oppt2PM":31,"oppt3PA":28,"oppt3PM":11,"opptFTA":21,"opptFTM":16,"opptORB":15,"opptDRB":25,"opptPTS1":22,"opptPTS2":28,"opptPTS3":26,"opptPTS4":35,"opptPTS5":0,"opptPTS6":0,"opptPTS7":0,"opptPTS8":0}
{"_id":{"$oid":"5cb552f6e0f627212ff3bfde"},"gmDate":"2018/4/3","offLNm3":"Callahan","offFNm3":"Mike","teamAbbr":"LAC","teamConf":"West","teamLoc":"Home","teamRslt":"Win","teamPTS":113,"teamAST":21,"teamTO":15,"teamSTL":8,"teamBLK":2,"teamPF":23,"teamFGA":82,"teamFGM":37,"team2PA":66,"team2PM":32,"team3PA":16,"team3PM":5,"teamFTA":43,"teamFTM":34,"teamORB":12,"teamDRB":35,"teamPTS1":17,"teamPTS2":32,"teamPTS3":23,"teamPTS4":41,"teamPTS5":0,"teamPTS6":0,"teamPTS7":0,"teamPTS8":0,"opptAbbr":"SA","opptConf":"West","opptLoc":"Away","opptRslt":"Loss","opptPTS":110,"opptAST":24,"opptTO":12,"opptSTL":13,"opptBLK":10,"opptPF":29,"opptFGA":88,"opptFGM":39,"oppt2PA":64,"oppt2PM":31,"oppt3PA":24,"oppt3PM":8,"opptFTA":28,"opptFTM":24,"opptORB":10,"opptDRB":29,"opptPTS1":31,"opptPTS2":25,"opptPTS3":27,"opptPTS4":27,"opptPTS5":0,"opptPTS6":0,"opptPTS7":0,"opptPTS8":0}
{"_id":{"$oid":"5cb552f6e0f627212ff3bfeb"},"gmDate":"2018/4/5","offLNm3":"Capers","offFNm3":"James","teamAbbr":"UTA","teamConf":"West","teamLoc":"Home","teamRslt":"Win","teamPTS":117,"teamAST":27,"teamTO":11,"teamSTL":7,"teamBLK":8,"teamPF":22,"teamFGA":83,"teamFGM":44,"team2PA":56,"team2PM":34,"team3PA":27,"team3PM":10,"teamFTA":28,"teamFTM":19,"teamORB":10,"teamDRB":28,"teamPTS1":36,"teamPTS2":29,"teamPTS3":29,"teamPTS4":23,"teamPTS5":0,"teamPTS6":0,"teamPTS7":0,"teamPTS8":0,"opptAbbr":"LAC","opptConf":"West","opptLoc":"Away","opptRslt":"Loss","opptPTS":95,"opptAST":18,"opptTO":16,"opptSTL":7,"opptBLK":3,"opptPF":25,"opptFGA":79,"opptFGM":35,"oppt2PA":62,"oppt2PM":32,"oppt3PA":17,"oppt3PM":3,"opptFTA":28,"opptFTM":22,"opptORB":11,"opptDRB":28,"opptPTS1":26,"opptPTS2":23,"opptPTS3":18,"opptPTS4":28,"opptPTS5":0,"opptPTS6":0,"opptPTS7":0,"opptPTS8":0}
{"_id":{"$oid":"5cb552f6e0f627212ff3bff5"},"gmDate":"2018/4/7","offLNm3":"Davis","offFNm3":"Marc","teamAbbr":"LAC","teamConf":"West","teamLoc":"Home","teamRslt":"Loss","teamPTS":115,"teamAST":25,"teamTO":11,"teamSTL":6,"teamBLK":0,"teamPF":19,"teamFGA":87,"teamFGM":43,"team2PA":70,"team2PM":37,"team3PA":17,"team3PM":6,"teamFTA":34,"teamFTM":23,"teamORB":15,"teamDRB":23,"teamPTS1":26,"teamPTS2":32,"teamPTS3":31,"teamPTS4":26,"teamPTS5":0,"teamPTS6":0,"teamPTS7":0,"teamPTS8":0,"opptAbbr":"DEN","opptConf":"West","opptLoc":"Away","opptRslt":"Win","opptPTS":134,"opptAST":36,"opptTO":8,"opptSTL":4,"opptBLK":6,"opptPF":26,"opptFGA":85,"opptFGM":53,"oppt2PA":56,"oppt2PM":41,"oppt3PA":29,"oppt3PM":12,"opptFTA":23,"opptFTM":16,"opptORB":7,"opptDRB":26,"opptPTS1":33,"opptPTS2":33,"opptPTS3":35,"opptPTS4":33,"opptPTS5":0,"opptPTS6":0,"opptPTS7":0,"opptPTS8":0}
{"_id":{"$oid":"5cb552f6e0f627212ff3c00a"},"gmDate":"2018/4/9","offLNm3":"Lewis","offFNm3":"Eric","teamAbbr":"LAC","teamConf":"West","teamLoc":"Home","teamRslt":"Loss","teamPTS":100,"teamAST":29,"teamTO":15,"teamSTL":6,"teamBLK":6,"teamPF":18,"teamFGA":98,"teamFGM":45,"team2PA":81,"team2PM":43,"team3PA":17,"team3PM":2,"teamFTA":19,"teamFTM":8,"teamORB":16,"teamDRB":44,"teamPTS1":23,"teamPTS2":26,"teamPTS3":22,"teamPTS4":29,"teamPTS5":0,"teamPTS6":0,"teamPTS7":0,"teamPTS8":0,"opptAbbr":"NO","opptConf":"West","opptLoc":"Away","opptRslt":"Win","opptPTS":113,"opptAST":34,"opptTO":8,"opptSTL":12,"opptBLK":10,"opptPF":18,"opptFGA":95,"opptFGM":44,"oppt2PA":65,"oppt2PM":33,"oppt3PA":30,"oppt3PM":11,"opptFTA":20,"opptFTM":14,"opptORB":9,"opptDRB":42,"opptPTS1":31,"opptPTS2":28,"opptPTS3":34,"opptPTS4":20,"opptPTS5":0,"opptPTS6":0,"opptPTS7":0,"opptPTS8":0}
{"_id":{"$oid":"5cb552f6e0f627212ff3c01a"},"gmDate":"2018/4/11","offLNm3":"Richardson","offFNm3":"Derek","teamAbbr":"LAC","teamConf":"West","teamLoc":"Home","teamRslt":"Loss","teamPTS":100,"teamAST":27,"teamTO":17,"teamSTL":8,"teamBLK":1,"teamPF":17,"teamFGA":83,"teamFGM":41,"team2PA":65,"team2PM":35,"team3PA":18,"team3PM":6,"teamFTA":28,"teamFTM":12,"teamORB":8,"teamDRB":33,"teamPTS1":32,"teamPTS2":21,"teamPTS3":21,"teamPTS4":26,"teamPTS5":0,"teamPTS6":0,"teamPTS7":0,"teamPTS8":0,"opptAbbr":"LAL","opptConf":"West","opptLoc":"Away","opptRslt":"Win","opptPTS":115,"opptAST":25,"opptTO":17,"opptSTL":8,"opptBLK":6,"opptPF":23,"opptFGA":88,"opptFGM":42,"oppt2PA":49,"oppt2PM":25,"oppt3PA":39,"oppt3PM":17,"opptFTA":16,"opptFTM":14,"opptORB":10,"opptDRB":39,"opptPTS1":39,"opptPTS2":25,"opptPTS3":28,"opptPTS4":23,"opptPTS5":0,"opptPTS6":0,"opptPTS7":0,"opptPTS8":0}
