{"_id":{"$oid":"5cb552f6e0f627212ff3bb5c"},"gmDate":"2017/10/19","offLNm3":"Callahan","offFNm3":"Mike","teamAbbr":"LAL","teamConf":"West","teamLoc":"Home","teamRslt":"Loss","teamPTS":92,"teamAST":21,"teamTO":20,"teamSTL":8,"teamBLK":7,"teamPF":15,"teamFGA":91,"teamFGM":37,"team2PA":75,"team2PM":33,"team3PA":16,"team3PM":4,"teamFTA":23,"teamFTM":14,"teamORB":12,"teamDRB":40,"teamPTS1":19,"teamPTS2":23,"teamPTS3":21,"teamPTS4":29,"teamPTS5":0,"teamPTS6":0,"teamPTS7":0,"teamPTS8":0,"opptAbbr":"LAC","opptConf":"West","opptLoc":"Away","opptRslt":"Win","opptPTS":108,"opptAST":23,"opptTO":15,"opptSTL":12,"opptBLK":3,"opptPF":20,"opptFGA":107,"opptFGM":42,"oppt2PA":74,"oppt2PM":30,"oppt3PA":33,"oppt3PM":12,"opptFTA":13,"opptFTM":12,"opptORB":17,"opptDRB":42,"opptPTS1":27,"opptPTS2":26,"opptPTS3":34,"opptPTS4":21,"opptPTS5":0,"opptPTS6":0,"opptPTS7":0,"opptPTS8":0}
{"_id":{"$oid":"5cb552f6e0f627212ff3bb67"},"gmDate":"2017/10/20","offLNm3":"Sterling","offFNm3":"Jonathan","teamAbbr":"PHO","teamConf":"West","teamLoc":"Home","teamRslt":"Loss","teamPTS":130,"teamAST":17,"teamTO":20,"teamSTL":8,"teamBLK":9,"teamPF":25,"teamFGA":92,"teamFGM":45,"team2PA":63,"team2PM":31,"team3PA":29,"team3PM":14,"teamFTA":38,"teamFTM":26,"teamORB":10,"teamDRB":40,"teamPTS1":36,"teamPTS2":37,"teamPTS3":26,"teamPTS4":31,"teamPTS5":0,"teamPTS6":0,"teamPTS7":0,"teamPTS8":0,"opptAbbr":"LAL","opptConf":"West","opptLoc":"Away","opptRslt":"Win","opptPTS":132,"opptAST":22,"opptTO":19,"opptSTL":8,"opptBLK":3,"opptPF":31,"opptFGA":94,"opptFGM":48,"oppt2PA":68,"oppt2PM":36,"oppt3PA":26,"oppt3PM":12,"opptFTA":33,"opptFTM":24,"opptORB":5,"opptDRB":37,"opptPTS1":40,"opptPTS2":30,"opptPTS3":36,"opptPTS4":26,"opptPTS5":0,"opptPTS6":0,"opptPTS7":0,"opptPTS8":0}
{"_id":{"$oid":"5cb552f6e0f627212ff3bb75"},"gmDate":"2017/10/22","offLNm3":"Mott","offFNm3":"Rodney","teamAbbr":"LAL","teamConf":"West","teamLoc":"Home","teamRslt":"Loss","teamPTS":112,"teamAST":27,"teamTO":17,"teamSTL":7,"teamBLK":6,"teamPF":24,"teamFGA":90,"teamFGM":44,"team2PA":63,"team2PM":35,"team3PA":27,"team3PM":9,"teamFTA":20,"teamFTM":15,"teamORB":9,"teamDRB":29,"teamPTS1":22,"teamPTS2":33,"teamPTS3":28,"teamPTS4":29,"teamPTS5":0,"teamPTS6":0,"teamPTS7":0,"teamPTS8":0,"opptAbbr":"NO","opptConf":"West","opptLoc":"Away","opptRslt":"Win","opptPTS":119,"opptAST":26,"opptTO":18,"opptSTL":14,"opptBLK":5,"opptPF":20,"opptFGA":83,"opptFGM":47,"oppt2PA":51,"oppt2PM":37,"oppt3PA":32,"oppt3PM":10,"opptFTA":21,"opptFTM":15,"opptORB":6,"opptDRB":36,"opptPTS1":34,"opptPTS2":34,"opptPTS3":26,"opptPTS4":25,"opptPTS5":0,"opptPTS6":0,"opptPTS7":0,"opptPTS8":0}
{"_id":{"$oid":"5cb552f6e0f627212ff3bb8d"},"gmDate":"2017/10/25","offLNm3":"Adams","offFNm3":"Bennie","teamAbbr":"LAL","teamConf":"West","teamLoc":"Home","teamRslt":"Win","teamPTS":102,"teamAST":27,"teamTO":22,"teamSTL":9,"teamBLK":5,"teamPF":26,"teamFGA":92,"teamFGM":41,"team2PA":62,"team2PM":34,"team3PA":30,"team3PM":7,"teamFTA":16,"teamFTM":13,"teamORB":6,"teamDRB":47,"teamPTS1":23,"teamPTS2":22,"teamPTS3":24,"teamPTS4":23,"teamPTS5":10,"teamPTS6":0,"teamPTS7":0,"teamPTS8":0,"opptAbbr":"WAS","opptConf":"East","opptLoc":"Away","opptRslt":"Loss","opptPTS":99,"opptAST":20,"opptTO":15,"opptSTL":11,"opptBLK":5,"opptPF":19,"opptFGA":95,"opptFGM":39,"oppt2PA":69,"oppt2PM":33,"oppt3PA":26,"oppt3PM":6,"opptFTA":23,"opptFTM":15,"opptORB":7,"opptDRB":38,"opptPTS1":18,"opptPTS2":31,"opptPTS3":30,"opptPTS4":13,"opptPTS5":7,"opptPTS6":0,"opptPTS7":0,"opptPTS8":0}
{"_id":{"$oid":"5cb552f6e0f627212ff3bb99"},"gmDate":"2017/10/27","offLNm3":"Wall","offFNm3":"Scott","teamAbbr":"LAL","teamConf":"West","teamLoc":"Home","teamRslt":"Loss","teamPTS":92,"teamAST":20,"teamTO":21,"teamSTL":7,"teamBLK":6,"teamPF":22,"teamFGA":79,"teamFGM":36,"team2PA":56,"team2PM":33,"team3PA":23,"team3PM":3,"teamFTA":24,"teamFTM":17,"teamORB":9,"teamDRB":40,"teamPTS1":26,"teamPTS2":25,"teamPTS3":20,"teamPTS4":21,"teamPTS5":0,"teamPTS6":0,"teamPTS7":0,"teamPTS8":0,"opptAbbr":"TOR","opptConf":"East","opptLoc":"Away","opptRslt":"Win","opptPTS":101,"opptAST":27,"opptTO":14,"opptSTL":12,"opptBLK":4,"opptPF":24,"opptFGA":93,"opptFGM":40,"oppt2PA":64,"oppt2PM":33,"oppt3PA":29,"oppt3PM":7,"opptFTA":20,"opptFTM":14,"opptORB":9,"opptDRB":31,"opptPTS1":19,"opptPTS2":26,"opptPTS3":27,"opptPTS4":29,"opptPTS5":0,"opptPTS6":0,"opptPTS7":0,"opptPTS8":0}
{"_id":{"$oid":"5cb552f6e0f627212ff3bb9f"},"gmDate":"2017/10/28","offLNm3":"Ervin","offFNm3":"Mitchell","teamAbbr":"UTA","teamConf":"West","teamLoc":"Home","teamRslt":"Win","teamPTS":96,"teamAST":18,"teamTO":23,"teamSTL":9,"teamBLK":5,"teamPF":20,"teamFGA":79,"teamFGM":37,"team2PA":48,"team2PM":24,"team3PA":31,"team3PM":13,"teamFTA":13,"teamFTM":9,"teamORB":14,"teamDRB":35,"teamPTS1":31,"teamPTS2":25,"teamPTS3":19,"teamPTS4":21,"teamPTS5":0,"teamPTS6":0,"teamPTS7":0,"teamPTS8":0,"opptAbbr":"LAL","opptConf":"West","opptLoc":"Away","opptRslt":"Loss","opptPTS":81,"opptAST":17,"opptTO":16,"opptSTL":12,"opptBLK":4,"opptPF":20,"opptFGA":81,"opptFGM":31,"oppt2PA":59,"oppt2PM":26,"oppt3PA":22,"oppt3PM":5,"opptFTA":20,"opptFTM":14,"opptORB":14,"opptDRB":25,"opptPTS1":16,"opptPTS2":29,"opptPTS3":19,"opptPTS4":17,"opptPTS5":0,"opptPTS6":0,"opptPTS7":0,"opptPTS8":0}
{"_id":{"$oid":"5cb552f6e0f627212ff3bbb6"},"gmDate":"2017/10/31","offLNm3":"Wood","offFNm3":"Leon","teamAbbr":"LAL","teamConf":"West","teamLoc":"Home","teamRslt":"Win","teamPTS":113,"teamAST":30,"teamTO":14,"teamSTL":9,"teamBLK":5,"teamPF":14,"teamFGA":91,"teamFGM":45,"team2PA":65,"team2PM":33,"team3PA":26,"team3PM":12,"teamFTA":14,"teamFTM":11,"teamORB":11,"teamDRB":42,"teamPTS1":25,"teamPTS2":33,"teamPTS3":29,"teamPTS4":26,"teamPTS5":0,"teamPTS6":0,"teamPTS7":0,"teamPTS8":0,"opptAbbr":"DET","opptConf":"East","opptLoc":"Away","opptRslt":"Loss","opptPTS":93,"opptAST":21,"opptTO":13,"opptSTL":7,"opptBLK":3,"opptPF":11,"opptFGA":94,"opptFGM":41,"oppt2PA":61,"oppt2PM":31,"oppt3PA":33,"oppt3PM":10,"opptFTA":3,"opptFTM":1,"opptORB":10,"opptDRB":34,"opptPTS1":22,"opptPTS2":23,"opptPTS3":27,"opptPTS4":21,"opptPTS5":0,"opptPTS6":0,"opptPTS7":0,"opptPTS8":0}
{"_id":{"$oid":"5cb552f6e0f627212ff3bbc3"},"gmDate":"2017/11/2","offLNm3":"Adams","offFNm3":"Bennie","teamAbbr":"POR","teamConf":"West","teamLoc":"Home","teamRslt":"Win","teamPTS":113,"teamAST":22,"teamTO":12,"teamSTL":7,"teamBLK":4,"teamPF":21,"teamFGA":86,"teamFGM":40,"team2PA":64,"team2PM":31,"team3PA":22,"team3PM":9,"teamFTA":27,"teamFTM":24,"teamORB":10,"teamDRB":31,"teamPTS1":41,"teamPTS2":25,"teamPTS3":21,"teamPTS4":26,"teamPTS5":0,"teamPTS6":0,"teamPTS7":0,"teamPTS8":0,"opptAbbr":"LAL","opptConf":"West","opptLoc":"Away","opptRslt":"Loss","opptPTS":110,"opptAST":16,"opptTO":11,"opptSTL":9,"opptBLK":8,"opptPF":20,"opptFGA":79,"opptFGM":43,"oppt2PA":61,"oppt2PM":39,"oppt3PA":18,"oppt3PM":4,"opptFTA":27,"opptFTM":20,"opptORB":2,"opptDRB":30,"opptPTS1":25,"opptPTS2":37,"opptPTS3":23,"opptPTS4":25,"opptPTS5":0,"opptPTS6":0,"opptPTS7":0,"opptPTS8":0}
{"_id":{"$oid":"5cb552f6e0f627212ff3bbcf"},"gmDate":"2017/11/3","offLNm3":"McCutchen","offFNm3":"Monty","teamAbbr":"LAL","teamConf":"West","teamLoc":"Home","teamRslt":"Win","teamPTS":124,"teamAST":26,"teamTO":16,"teamSTL":10,"teamBLK":7,"teamPF":29,"teamFGA":94,"teamFGM":48,"team2PA":73,"team2PM":39,"team3PA":21,"team3PM":9,"teamFTA":27,"teamFTM":19,"teamORB":7,"teamDRB":50,"teamPTS1":30,"teamPTS2":34,"teamPTS3":31,"teamPTS4":29,"teamPTS5":0,"teamPTS6":0,"teamPTS7":0,"teamPTS8":0,"opptAbbr":"BKN","opptConf":"East","opptLoc":"Away","opptRslt":"Loss","opptPTS":112,"opptAST":23,"opptTO":16,"opptSTL":8,"opptBLK":5,"opptPF":22,"opptFGA":91,"opptFGM":37,"oppt2PA":53,"oppt2PM":28,"oppt3PA":38,"oppt3PM":9,"opptFTA":38,"opptFTM":29,"opptORB":8,"opptDRB":35,"opptPTS1":29,"opptPTS2":26,"opptPTS3":29,"opptPTS4":28,"opptPTS5":0,"opptPTS6":0,"opptPTS7":0,"opptPTS8":0}
{"_id":{"$oid":"5cb552f6e0f627212ff3bbde"},"gmDate":"2017/11/5","offLNm3":"Sterling","offFNm3":"Jonathan","teamAbbr":"LAL","teamConf":"West","teamLoc":"Home","teamRslt":"Win","teamPTS":107,"teamAST":25,"teamTO":19,"teamSTL":5,"teamBLK":4,"teamPF":16,"teamFGA":85,"teamFGM":40,"team2PA":58,"team2PM":31,"team3PA":27,"team3PM":9,"teamFTA":23,"teamFTM":18,"teamORB":8,"teamDRB":38,"teamPTS1":27,"teamPTS2":35,"teamPTS3":26,"teamPTS4":19,"teamPTS5":0,"teamPTS6":0,"teamPTS7":0,"teamPTS8":0,"opptAbbr":"MEM","opptConf":"West","opptLoc":"Away","opptRslt":"Loss","opptPTS":102,"opptAST":23,"opptTO":12,"opptSTL":6,"opptBLK":7,"opptPF":22,"opptFGA":87,"opptFGM":40,"oppt2PA":50,"oppt2PM":29,"oppt3PA":37,"oppt3PM":11,"opptFTA":14,"opptFTM":11,"opptORB":6,"opptDRB":33,"opptPTS1":24,"opptPTS2":30,"opptPTS3":16,"opptPTS4":32,"opptPTS5":0,"opptPTS6":0,"opptPTS7":0,"opptPTS8":0}
{"_id":{"$oid":"5cb552f6e0f627212ff3bbee"},"gmDate":"2017/11/8","offLNm3":"Lewis","offFNm3":"Eric","teamAbbr":"BOS","teamConf":"East","teamLoc":"Home","teamRslt":"Win","teamPTS":107,"teamAST":20,"teamTO":14,"teamSTL":8,"teamBLK":6,"teamPF":20,"teamFGA":98,"teamFGM":38,"team2PA":69,"team2PM":31,"team3PA":29,"team3PM":7,"teamFTA":31,"teamFTM":24,"teamORB":16,"teamDRB":32,"teamPTS1":33,"teamPTS2":28,"teamPTS3":26,"teamPTS4":20,"teamPTS5":0,"teamPTS6":0,"teamPTS7":0,"teamPTS8":0,"opptAbbr":"LAL","opptConf":"West","opptLoc":"Away","opptRslt":"Loss","opptPTS":96,"opptAST":16,"opptTO":21,"opptSTL":8,"opptBLK":8,"opptPF":30,"opptFGA":85,"opptFGM":37,"oppt2PA":61,"oppt2PM":32,"oppt3PA":24,"oppt3PM":5,"opptFTA":23,"opptFTM":17,"opptORB":12,"opptDRB":36,"opptPTS1":16,"opptPTS2":36,"opptPTS3":29,"opptPTS4":15,"opptPTS5":0,"opptPTS6":0,"opptPTS7":0,"opptPTS8":0}
{"_id":{"$oid":"5cb552f6e0f627212ff3bbf1"},"gmDate":"2017/11/9","offLNm3":"Stafford","offFNm3":"Derrick","teamAbbr":"WAS","teamConf":"East","teamLoc":"Home","teamRslt":"Win","teamPTS":111,"teamAST":20,"teamTO":22,"teamSTL":7,"teamBLK":4,"teamPF":31,"teamFGA":83,"teamFGM":43,"team2PA":62,"team2PM":36,"team3PA":21,"team3PM":7,"teamFTA":20,"teamFTM":18,"teamORB":7,"teamDRB":38,"teamPTS1":37,"teamPTS2":32,"teamPTS3":22,"teamPTS4":20,"teamPTS5":0,"teamPTS6":0,"teamPTS7":0,"teamPTS8":0,"opptAbbr":"LAL","opptConf":"West","opptLoc":"Away","opptRslt":"Loss","opptPTS":95,"opptAST":17,"opptTO":19,"opptSTL":9,"opptBLK":4,"opptPF":19,"opptFGA":86,"opptFGM":31,"oppt2PA":63,"oppt2PM":28,"oppt3PA":23,"oppt3PM":3,"opptFTA":41,"opptFTM":30,"opptORB":17,"opptDRB":29,"opptPTS1":34,"opptPTS2":22,"opptPTS3":21,"opptPTS4":18,"opptPTS5":0,"opptPTS6":0,"opptPTS7":0,"opptPTS8":0}
{"_id":{"$oid":"5cb552f6e0f627212ff3bc04"},"gmDate":"2017/11/11","offLNm3":"Acosta","offFNm3":"Ray","teamAbbr":"MIL","teamConf":"East","teamLoc":"Home","teamRslt":"Win","teamPTS":98,"teamAST":16,"teamTO":13,"teamSTL":11,"teamBLK":4,"teamPF":27,"teamFGA":86,"teamFGM":35,"team2PA":63,"team2PM":29,"team3PA":23,"team3PM":6,"teamFTA":26,"teamFTM":22,"teamORB":9,"teamDRB":33,"teamPTS1":24,"teamPTS2":27,"teamPTS3":26,"teamPTS4":21,"teamPTS5":0,"teamPTS6":0,"teamPTS7":0,"teamPTS8":0,"opptAbbr":"LAL","opptConf":"West","opptLoc":"Away","opptRslt":"Loss","opptPTS":90,"opptAST":21,"opptTO":23,"opptSTL":7,"opptBLK":10,"opptPF":22,"opptFGA":74,"opptFGM":31,"oppt2PA":52,"oppt2PM":25,"oppt3PA":22,"oppt3PM":6,"opptFTA":37,"opptFTM":22,"opptORB":8,"opptDRB":41,"opptPTS1":17,"opptPTS2":32,"opptPTS3":18,"opptPTS4":23,"opptPTS5":0,"opptPTS6":0,"opptPTS7":0,"opptPTS8":0}
{"_id":{"$oid":"5cb552f6e0f627212ff3bc11"},"gmDate":"2017/11/13","offLNm3":"Malloy","offFNm3":"Ed","teamAbbr":"PHO","teamConf":"West","teamLoc":"Home","teamRslt":"Loss","teamPTS":93,"teamAST":15,"teamTO":17,"teamSTL":6,"teamBLK":4,"teamPF":17,"teamFGA":95,"teamFGM":37,"team2PA":69,"team2PM":30,"team3PA":26,"team3PM":7,"teamFTA":20,"teamFTM":12,"teamORB":12,"teamDRB":43,"teamPTS1":20,"teamPTS2":24,"teamPTS3":29,"teamPTS4":20,"teamPTS5":0,"teamPTS6":0,"teamPTS7":0,"teamPTS8":0,"opptAbbr":"LAL","opptConf":"West","opptLoc":"Away","opptRslt":"Win","opptPTS":100,"opptAST":17,"opptTO":16,"opptSTL":6,"opptBLK":6,"opptPF":20,"opptFGA":92,"opptFGM":39,"oppt2PA":59,"oppt2PM":25,"oppt3PA":33,"oppt3PM":14,"opptFTA":13,"opptFTM":8,"opptORB":9,"opptDRB":43,"opptPTS1":21,"opptPTS2":22,"opptPTS3":31,"opptPTS4":26,"opptPTS5":0,"opptPTS6":0,"opptPTS7":0,"opptPTS8":0}
{"_id":{"$oid":"5cb552f6e0f627212ff3bc23"},"gmDate":"2017/11/15","offLNm3":"Lewis","offFNm3":"Eric","teamAbbr":"LAL","teamConf":"West","teamLoc":"Home","teamRslt":"Loss","teamPTS":109,"teamAST":18,"teamTO":9,"teamSTL":7,"teamBLK":6,"teamPF":23,"teamFGA":109,"teamFGM":42,"team2PA":82,"team2PM":39,"team3PA":27,"team3PM":3,"teamFTA":27,"teamFTM":22,"teamORB":22,"teamDRB":35,"teamPTS1":26,"teamPTS2":28,"teamPTS3":30,"teamPTS4":25,"teamPTS5":0,"teamPTS6":0,"teamPTS7":0,"teamPTS8":0,"opptAbbr":"PHI","opptConf":"East","opptLoc":"Away","opptRslt":"Win","opptPTS":115,"opptAST":27,"opptTO":16,"opptSTL":7,"opptBLK":15,"opptPF":19,"opptFGA":86,"opptFGM":42,"oppt2PA":54,"oppt2PM":35,"oppt3PA":32,"oppt3PM":7,"opptFTA":30,"opptFTM":24,"opptORB":8,"opptDRB":44,"opptPTS1":29,"opptPTS2":29,"opptPTS3":25,"opptPTS4":32,"opptPTS5":0,"opptPTS6":0,"opptPTS7":0,"opptPTS8":0}
{"_id":{"$oid":"5cb552f6e0f627212ff3bc30"},"gmDate":"2017/11/17","offLNm3":"Richardson","offFNm3":"Randy","teamAbbr":"LAL","teamConf":"West","teamLoc":"Home","teamRslt":"Loss","teamPTS":113,"teamAST":26,"teamTO":19,"teamSTL":7,"teamBLK":9,"teamPF":20,"teamFGA":91,"teamFGM":45,"team2PA":66,"team2PM":38,"team3PA":25,"team3PM":7,"teamFTA":24,"teamFTM":16,"teamORB":9,"teamDRB":40,"teamPTS1":28,"teamPTS2":25,"teamPTS3":29,"teamPTS4":31,"teamPTS5":0,"teamPTS6":0,"teamPTS7":0,"teamPTS8":0,"opptAbbr":"PHO","opptConf":"West","opptLoc":"Away","opptRslt":"Win","opptPTS":122,"opptAST":28,"opptTO":15,"opptSTL":10,"opptBLK":5,"opptPF":22,"opptFGA":102,"opptFGM":48,"oppt2PA":70,"oppt2PM":35,"oppt3PA":32,"oppt3PM":13,"opptFTA":19,"opptFTM":13,"opptORB":9,"opptDRB":35,"opptPTS1":29,"opptPTS2":36,"opptPTS3":24,"opptPTS4":33,"opptPTS5":0,"opptPTS6":0,"opptPTS7":0,"opptPTS8":0}
{"_id":{"$oid":"5cb552f6e0f627212ff3bc3d"},"gmDate":"2017/11/19","offLNm3":"Mott","offFNm3":"Rodney","teamAbbr":"LAL","teamConf":"West","teamLoc":"Home","teamRslt":"Win","teamPTS":127,"teamAST":36,"teamTO":15,"teamSTL":11,"teamBLK":5,"teamPF":27,"teamFGA":100,"teamFGM":53,"team2PA":68,"team2PM":41,"team3PA":32,"team3PM":12,"teamFTA":16,"teamFTM":9,"teamORB":13,"teamDRB":33,"teamPTS1":32,"teamPTS2":38,"teamPTS3":29,"teamPTS4":28,"teamPTS5":0,"teamPTS6":0,"teamPTS7":0,"teamPTS8":0,"opptAbbr":"DEN","opptConf":"West","opptLoc":"Away","opptRslt":"Loss","opptPTS":109,"opptAST":18,"opptTO":21,"opptSTL":8,"opptBLK":8,"opptPF":15,"opptFGA":84,"opptFGM":36,"oppt2PA":53,"oppt2PM":23,"oppt3PA":31,"oppt3PM":13,"opptFTA":35,"opptFTM":24,"opptORB":17,"opptDRB":30,"opptPTS1":26,"opptPTS2":22,"opptPTS3":36,"opptPTS4":25,"opptPTS5":0,"opptPTS6":0,"opptPTS7":0,"opptPTS8":0}
{"_id":{"$oid":"5cb552f6e0f627212ff3bc49"},"gmDate":"2017/11/21","offLNm3":"Spooner","offFNm3":"Bill","teamAbbr":"LAL","teamConf":"West","teamLoc":"Home","teamRslt":"Win","teamPTS":103,"teamAST":23,"teamTO":14,"teamSTL":7,"teamBLK":6,"teamPF":16,"teamFGA":90,"teamFGM":36,"team2PA":50,"team2PM":23,"team3PA":40,"team3PM":13,"teamFTA":25,"teamFTM":18,"teamORB":12,"teamDRB":41,"teamPTS1":23,"teamPTS2":19,"teamPTS3":30,"teamPTS4":31,"teamPTS5":0,"teamPTS6":0,"teamPTS7":0,"teamPTS8":0,"opptAbbr":"CHI","opptConf":"East","opptLoc":"Away","opptRslt":"Loss","opptPTS":94,"opptAST":22,"opptTO":14,"opptSTL":4,"opptBLK":4,"opptPF":19,"opptFGA":94,"opptFGM":36,"oppt2PA":58,"oppt2PM":25,"oppt3PA":36,"oppt3PM":11,"opptFTA":16,"opptFTM":11,"opptORB":15,"opptDRB":39,"opptPTS1":27,"opptPTS2":29,"opptPTS3":19,"opptPTS4":19,"opptPTS5":0,"opptPTS6":0,"opptPTS7":0,"opptPTS8":0}
{"_id":{"$oid":"5cb552f6e0f627212ff3bc57"},"gmDate":"2017/11/22","offLNm3":"Wood","offFNm3":"Leon","teamAbbr":"SAC","teamConf":"West","teamLoc":"Home","teamRslt":"Win","teamPTS":113,"teamAST":26,"teamTO":17,"teamSTL":9,"teamBLK":4,"teamPF":20,"teamFGA":85,"teamFGM":47,"team2PA":64,"team2PM":37,"team3PA":21,"team3PM":10,"teamFTA":14,"teamFTM":9,"teamORB":10,"teamDRB":34,"teamPTS1":31,"teamPTS2":23,"teamPTS3":22,"teamPTS4":37,"teamPTS5":0,"teamPTS6":0,"teamPTS7":0,"teamPTS8":0,"opptAbbr":"LAL","opptConf":"West","opptLoc":"Away","opptRslt":"Loss","opptPTS":102,"opptAST":27,"opptTO":17,"opptSTL":8,"opptBLK":4,"opptPF":19,"opptFGA":78,"opptFGM":39,"oppt2PA":49,"oppt2PM":24,"oppt3PA":29,"oppt3PM":15,"opptFTA":15,"opptFTM":9,"opptORB":4,"opptDRB":28,"opptPTS1":19,"opptPTS2":22,"opptPTS3":26,"opptPTS4":35,"opptPTS5":0,"opptPTS6":0,"opptPTS7":0,"opptPTS8":0}
{"_id":{"$oid":"5cb552f6e0f627212ff3bc76"},"gmDate":"2017/11/27","offLNm3":"Foster","offFNm3":"Scott","teamAbbr":"LAC","teamConf":"West","teamLoc":"Home","teamRslt":"Win","teamPTS":120,"teamAST":19,"teamTO":17,"teamSTL":7,"teamBLK":3,"teamPF":22,"teamFGA":85,"teamFGM":41,"team2PA":57,"team2PM":31,"team3PA":28,"team3PM":10,"teamFTA":30,"teamFTM":28,"teamORB":10,"teamDRB":34,"teamPTS1":34,"teamPTS2":26,"teamPTS3":27,"teamPTS4":33,"teamPTS5":0,"teamPTS6":0,"teamPTS7":0,"teamPTS8":0,"opptAbbr":"LAL","opptConf":"West","opptLoc":"Away","opptRslt":"Loss","opptPTS":115,"opptAST":23,"opptTO":16,"opptSTL":10,"opptBLK":5,"opptPF":29,"opptFGA":91,"opptFGM":44,"oppt2PA":61,"oppt2PM":33,"oppt3PA":30,"oppt3PM":11,"opptFTA":24,"opptFTM":16,"opptORB":12,"opptDRB":31,"opptPTS1":32,"opptPTS2":30,"opptPTS3":27,"opptPTS4":26,"opptPTS5":0,"opptPTS6":0,"opptPTS7":0,"opptPTS8":0}
{"_id":{"$oid":"5cb552f6e0f627212ff3bc85"},"gmDate":"2017/11/29","offLNm3":"Malloy","offFNm3":"Ed","teamAbbr":"LAL","teamConf":"West","teamLoc":"Home","teamRslt":"Loss","teamPTS":123,"teamAST":30,"teamTO":17,"teamSTL":12,"teamBLK":5,"teamPF":23,"teamFGA":95,"teamFGM":47,"team2PA":71,"team2PM":38,"team3PA":24,"team3PM":9,"teamFTA":25,"teamFTM":20,"teamORB":7,"teamDRB":27,"teamPTS1":20,"teamPTS2":34,"teamPTS3":30,"teamPTS4":25,"teamPTS5":14,"teamPTS6":0,"teamPTS7":0,"teamPTS8":0,"opptAbbr":"GS","opptConf":"West","opptLoc":"Away","opptRslt":"Win","opptPTS":127,"opptAST":30,"opptTO":22,"opptSTL":10,"opptBLK":4,"opptPF":19,"opptFGA":94,"opptFGM":47,"oppt2PA":64,"oppt2PM":35,"oppt3PA":30,"oppt3PM":12,"opptFTA":28,"opptFTM":21,"opptORB":12,"opptDRB":37,"opptPTS1":30,"opptPTS2":20,"opptPTS3":34,"opptPTS4":25,"opptPTS5":18,"opptPTS6":0,"opptPTS7":0,"opptPTS8":0}
{"_id":{"$oid":"5cb552f6e0f627212ff3bc99"},"gmDate":"2017/12/2","offLNm3":"Davis","offFNm3":"Marc","teamAbbr":"DEN","teamConf":"West","teamLoc":"Home","teamRslt":"Win","teamPTS":115,"teamAST":26,"teamTO":12,"teamSTL":8,"teamBLK":6,"teamPF":19,"teamFGA":87,"teamFGM":40,"team2PA":56,"team2PM":28,"team3PA":31,"team3PM":12,"teamFTA":28,"teamFTM":23,"teamORB":9,"teamDRB":30,"teamPTS1":34,"teamPTS2":21,"teamPTS3":23,"teamPTS4":37,"teamPTS5":0,"teamPTS6":0,"teamPTS7":0,"teamPTS8":0,"opptAbbr":"LAL","opptConf":"West","opptLoc":"Away","opptRslt":"Loss","opptPTS":100,"opptAST":21,"opptTO":21,"opptSTL":5,"opptBLK":2,"opptPF":24,"opptFGA":86,"opptFGM":38,"oppt2PA":56,"oppt2PM":29,"oppt3PA":30,"oppt3PM":9,"opptFTA":21,"opptFTM":15,"opptORB":17,"opptDRB":35,"opptPTS1":29,"opptPTS2":30,"opptPTS3":21,"opptPTS4":20,"opptPTS5":0,"opptPTS6":0,"opptPTS7":0,"opptPTS8":0}
{"_id":{"$oid":"5cb552f6e0f627212ff3bc9f"},"gmDate":"2017/12/3","offLNm3":"McCutchen","offFNm3":"Monty","teamAbbr":"LAL","teamConf":"West","teamLoc":"Home","teamRslt":"Loss","teamPTS":95,"teamAST":16,"teamTO":21,"teamSTL":9,"teamBLK":6,"teamPF":22,"teamFGA":84,"teamFGM":32,"team2PA":56,"team2PM":23,"team3PA":28,"team3PM":9,"teamFTA":30,"teamFTM":22,"teamORB":11,"teamDRB":34,"teamPTS1":27,"teamPTS2":19,"teamPTS3":27,"teamPTS4":22,"teamPTS5":0,"teamPTS6":0,"teamPTS7":0,"teamPTS8":0,"opptAbbr":"HOU","opptConf":"West","opptLoc":"Away","opptRslt":"Win","opptPTS":118,"opptAST":17,"opptTO":15,"opptSTL":10,"opptBLK":4,"opptPF":23,"opptFGA":90,"opptFGM":45,"oppt2PA":53,"oppt2PM":31,"oppt3PA":37,"oppt3PM":14,"opptFTA":17,"opptFTM":14,"opptORB":7,"opptDRB":36,"opptPTS1":27,"opptPTS2":34,"opptPTS3":24,"opptPTS4":33,"opptPTS5":0,"opptPTS6":0,"opptPTS7":0,"opptPTS8":0}
{"_id":{"$oid":"5cb552f6e0f627212ff3bcb8"},"gmDate":"2017/12/7","offLNm3":"Washington","offFNm3":"Tom","teamAbbr":"PHI","teamConf":"East","teamLoc":"Home","teamRslt":"Loss","teamPTS":104,"teamAST":29,"teamTO":18,"teamSTL":3,"teamBLK":13,"teamPF":26,"teamFGA":81,"teamFGM":39,"team2PA":55,"team2PM":29,"team3PA":26,"team3PM":10,"teamFTA":21,"teamFTM":16,"teamORB":7,"teamDRB":37,"teamPTS1":25,"teamPTS2":24,"teamPTS3":21,"teamPTS4":34,"teamPTS5":0,"teamPTS6":0,"teamPTS7":0,"teamPTS8":0,"opptAbbr":"LAL","opptConf":"West","opptLoc":"Away","opptRslt":"Win","opptPTS":107,"opptAST":22,"opptTO":12,"opptSTL":13,"opptBLK":7,"opptPF":23,"opptFGA":96,"opptFGM":42,"oppt2PA":68,"oppt2PM":31,"oppt3PA":28,"oppt3PM":11,"opptFTA":24,"opptFTM":12,"opptORB":15,"opptDRB":29,"opptPTS1":32,"opptPTS2":25,"opptPTS3":22,"opptPTS4":28,"opptPTS5":0,"opptPTS6":0,"opptPTS7":0,"opptPTS8":0}
{"_id":{"$oid":"5cb552f6e0f627212ff3bcc6"},"gmDate":"2017/12/9","offLNm3":"Boland","offFNm3":"Matt","teamAbbr":"CHA","teamConf":"East","teamLoc":"Home","teamRslt":"Loss","teamPTS":99,"teamAST":21,"teamTO":11,"teamSTL":7,"teamBLK":3,"teamPF":21,"teamFGA":93,"teamFGM":41,"team2PA":68,"team2PM":33,"team3PA":25,"team3PM":8,"teamFTA":14,"teamFTM":9,"teamORB":9,"teamDRB":34,"teamPTS1":29,"teamPTS2":27,"teamPTS3":19,"teamPTS4":24,"teamPTS5":0,"teamPTS6":0,"teamPTS7":0,"teamPTS8":0,"opptAbbr":"LAL","opptConf":"West","opptLoc":"Away","opptRslt":"Win","opptPTS":110,"opptAST":24,"opptTO":14,"opptSTL":7,"opptBLK":5,"opptPF":21,"opptFGA":85,"opptFGM":43,"oppt2PA":58,"oppt2PM":34,"oppt3PA":27,"oppt3PM":9,"opptFTA":21,"opptFTM":15,"opptORB":6,"opptDRB":40,"opptPTS1":28,"opptPTS2":24,"opptPTS3":24,"opptPTS4":34,"opptPTS5":0,"opptPTS6":0,"opptPTS7":0,"opptPTS8":0}
{"_id":{"$oid":"5cb552f6e0f627212ff3bcdc"},"gmDate":"2017/12/12","offLNm3":"Zarba","offFNm3":"Zach","teamAbbr":"NY","teamConf":"East","teamLoc":"Home","teamRslt":"Win","teamPTS":113,"teamAST":25,"teamTO":14,"teamSTL":7,"teamBLK":7,"teamPF":16,"teamFGA":101,"teamFGM":48,"team2PA":79,"team2PM":39,"team3PA":22,"team3PM":9,"teamFTA":11,"teamFTM":8,"teamORB":15,"teamDRB":34,"teamPTS1":25,"teamPTS2":25,"teamPTS3":26,"teamPTS4":23,"teamPTS5":14,"teamPTS6":0,"teamPTS7":0,"teamPTS8":0,"opptAbbr":"LAL","opptConf":"West","opptLoc":"Away","opptRslt":"Loss","opptPTS":109,"opptAST":24,"opptTO":16,"opptSTL":6,"opptBLK":6,"opptPF":19,"opptFGA":102,"opptFGM":42,"oppt2PA":67,"oppt2PM":29,"oppt3PA":35,"oppt3PM":13,"opptFTA":15,"opptFTM":12,"opptORB":20,"opptDRB":32,"opptPTS1":29,"opptPTS2":22,"opptPTS3":28,"opptPTS4":20,"opptPTS5":10,"opptPTS6":0,"opptPTS7":0,"opptPTS8":0}
{"_id":{"$oid":"5cb552f6e0f627212ff3bcec"},"gmDate":"2017/12/14","offLNm3":"Brown","offFNm3":"Tony","teamAbbr":"CLE","teamConf":"East","teamLoc":"Home","teamRslt":"Win","teamPTS":121,"teamAST":32,"teamTO":17,"teamSTL":10,"teamBLK":5,"teamPF":16,"teamFGA":86,"teamFGM":43,"team2PA":50,"team2PM":28,"team3PA":36,"team3PM":15,"teamFTA":25,"teamFTM":20,"teamORB":8,"teamDRB":31,"teamPTS1":24,"teamPTS2":39,"teamPTS3":31,"teamPTS4":27,"teamPTS5":0,"teamPTS6":0,"teamPTS7":0,"teamPTS8":0,"opptAbbr":"LAL","opptConf":"West","opptLoc":"Away","opptRslt":"Loss","opptPTS":112,"opptAST":33,"opptTO":18,"opptSTL":7,"opptBLK":3,"opptPF":20,"opptFGA":95,"opptFGM":47,"oppt2PA":64,"oppt2PM":38,"oppt3PA":31,"oppt3PM":9,"opptFTA":14,"opptFTM":9,"opptORB":16,"opptDRB":33,"opptPTS1":26,"opptPTS2":34,"opptPTS3":26,"opptPTS4":26,"opptPTS5":0,"opptPTS6":0,"opptPTS7":0,"opptPTS8":0}
{"_id":{"$oid":"5cb552f6e0f627212ff3bd0f"},"gmDate":"2017/12/18","offLNm3":"Kennedy","offFNm3":"Bill","teamAbbr":"LAL","teamConf":"West","teamLoc":"Home","teamRslt":"Loss","teamPTS":114,"teamAST":23,"teamTO":12,"teamSTL":9,"teamBLK":9,"teamPF":26,"teamFGA":92,"teamFGM":41,"team2PA":67,"team2PM":31,"team3PA":25,"team3PM":10,"teamFTA":35,"teamFTM":22,"teamORB":7,"teamDRB":38,"teamPTS1":24,"teamPTS2":29,"teamPTS3":29,"teamPTS4":20,"teamPTS5":12,"teamPTS6":0,"teamPTS7":0,"teamPTS8":0,"opptAbbr":"GS","opptConf":"West","opptLoc":"Away","opptRslt":"Win","opptPTS":116,"opptAST":25,"opptTO":15,"opptSTL":6,"opptBLK":10,"opptPF":26,"opptFGA":107,"opptFGM":43,"oppt2PA":73,"oppt2PM":32,"oppt3PA":34,"oppt3PM":11,"opptFTA":21,"opptFTM":19,"opptORB":15,"opptDRB":46,"opptPTS1":32,"opptPTS2":25,"opptPTS3":26,"opptPTS4":19,"opptPTS5":14,"opptPTS6":0,"opptPTS7":0,"opptPTS8":0}
{"_id":{"$oid":"5cb552f6e0f627212ff3bd18"},"gmDate":"2017/12/20","offLNm3":"Zarba","offFNm3":"Zach","teamAbbr":"HOU","teamConf":"West","teamLoc":"Home","teamRslt":"Loss","teamPTS":116,"teamAST":19,"teamTO":15,"teamSTL":7,"teamBLK":5,"teamPF":30,"teamFGA":90,"teamFGM":37,"team2PA":48,"team2PM":20,"team3PA":42,"team3PM":17,"teamFTA":32,"teamFTM":25,"teamORB":12,"teamDRB":35,"teamPTS1":22,"teamPTS2":37,"teamPTS3":30,"teamPTS4":27,"teamPTS5":0,"teamPTS6":0,"teamPTS7":0,"teamPTS8":0,"opptAbbr":"LAL","opptConf":"West","opptLoc":"Away","opptRslt":"Win","opptPTS":122,"opptAST":27,"opptTO":10,"opptSTL":8,"opptBLK":5,"opptPF":25,"opptFGA":85,"opptFGM":40,"oppt2PA":50,"oppt2PM":25,"oppt3PA":35,"oppt3PM":15,"opptFTA":43,"opptFTM":27,"opptORB":10,"opptDRB":37,"opptPTS1":37,"opptPTS2":26,"opptPTS3":31,"opptPTS4":28,"opptPTS5":0,"opptPTS6":0,"opptPTS7":0,"opptPTS8":0}
{"_id":{"$oid":"5cb552f6e0f627212ff3bd2c"},"gmDate":"2017/12/22","offLNm3":"Malloy","offFNm3":"Ed","teamAbbr":"GS","teamConf":"West","teamLoc":"Home","teamRslt":"Win","teamPTS":113,"teamAST":24,"teamTO":16,"teamSTL":9,"teamBLK":13,"teamPF":17,"teamFGA":85,"teamFGM":42,"team2PA":61,"team2PM":35,"team3PA":24,"team3PM":7,"teamFTA":27,"teamFTM":22,"teamORB":10,"teamDRB":32,"teamPTS1":27,"teamPTS2":34,"teamPTS3":23,"teamPTS4":29,"teamPTS5":0,"teamPTS6":0,"teamPTS7":0,"teamPTS8":0,"opptAbbr":"LAL","opptConf":"West","opptLoc":"Away","opptRslt":"Loss","opptPTS":106,"opptAST":22,"opptTO":17,"opptSTL":11,"opptBLK":5,"opptPF":23,"opptFGA":94,"opptFGM":40,"oppt2PA":65,"oppt2PM":29,"oppt3PA":29,"oppt3PM":11,"opptFTA":22,"opptFTM":15,"opptORB":15,"opptDRB":31,"opptPTS1":24,"opptPTS2":20,"opptPTS3":28,"opptPTS4":34,"opptPTS5":0,"opptPTS6":0,"opptPTS7":0,"opptPTS8":0}
{"_id":{"$oid":"5cb552f6e0f627212ff3bd38"},"gmDate":"2017/12/23","offLNm3":"Ayotte","offFNm3":"Mark","teamAbbr":"LAL","teamConf":"West","teamLoc":"Home","teamRslt":"Loss","teamPTS":92,"teamAST":23,"teamTO":17,"teamSTL":8,"teamBLK":3,"teamPF":22,"teamFGA":85,"teamFGM":36,"team2PA":60,"team2PM":28,"team3PA":25,"team3PM":8,"teamFTA":20,"teamFTM":12,"teamORB":11,"teamDRB":44,"teamPTS1":24,"teamPTS2":25,"teamPTS3":21,"teamPTS4":22,"teamPTS5":0,"teamPTS6":0,"teamPTS7":0,"teamPTS8":0,"opptAbbr":"POR","opptConf":"West","opptLoc":"Away","opptRslt":"Win","opptPTS":95,"opptAST":19,"opptTO":11,"opptSTL":7,"opptBLK":8,"opptPF":15,"opptFGA":95,"opptFGM":39,"oppt2PA":70,"oppt2PM":29,"oppt3PA":25,"oppt3PM":10,"opptFTA":14,"opptFTM":7,"opptORB":9,"opptDRB":38,"opptPTS1":17,"opptPTS2":27,"opptPTS3":26,"opptPTS4":25,"opptPTS5":0,"opptPTS6":0,"opptPTS7":0,"opptPTS8":0}
{"_id":{"$oid":"5cb552f6e0f627212ff3bd3e"},"gmDate":"2017/12/25","offLNm3":"Richardson","offFNm3":"Derek","teamAbbr":"LAL","teamConf":"West","teamLoc":"Home","teamRslt":"Loss","teamPTS":104,"teamAST":21,"teamTO":12,"teamSTL":10,"teamBLK":1,"teamPF":16,"teamFGA":92,"teamFGM":40,"team2PA":62,"team2PM":30,"team3PA":30,"team3PM":10,"teamFTA":20,"teamFTM":14,"teamORB":13,"teamDRB":24,"teamPTS1":20,"teamPTS2":32,"teamPTS3":28,"teamPTS4":24,"teamPTS5":0,"teamPTS6":0,"teamPTS7":0,"teamPTS8":0,"opptAbbr":"MIN","opptConf":"West","opptLoc":"Away","opptRslt":"Win","opptPTS":121,"opptAST":30,"opptTO":15,"opptSTL":9,"opptBLK":4,"opptPF":13,"opptFGA":84,"opptFGM":49,"oppt2PA":52,"oppt2PM":38,"oppt3PA":32,"oppt3PM":11,"opptFTA":14,"opptFTM":12,"opptORB":7,"opptDRB":35,"opptPTS1":29,"opptPTS2":24,"opptPTS3":30,"opptPTS4":38,"opptPTS5":0,"opptPTS6":0,"opptPTS7":0,"opptPTS8":0}
{"_id":{"$oid":"5cb552f6e0f627212ff3bd50"},"gmDate":"2017/12/27","offLNm3":"Stafford","offFNm3":"Derrick","teamAbbr":"LAL","teamConf":"West","teamLoc":"Home","teamRslt":"Loss","teamPTS":99,"teamAST":14,"teamTO":12,"teamSTL":5,"teamBLK":4,"teamPF":26,"teamFGA":93,"teamFGM":35,"team2PA":65,"team2PM":27,"team3PA":28,"team3PM":8,"teamFTA":33,"teamFTM":21,"teamORB":22,"teamDRB":27,"teamPTS1":18,"teamPTS2":29,"teamPTS3":29,"teamPTS4":23,"teamPTS5":0,"teamPTS6":0,"teamPTS7":0,"teamPTS8":0,"opptAbbr":"MEM","opptConf":"West","opptLoc":"Away","opptRslt":"Win","opptPTS":109,"opptAST":20,"opptTO":11,"opptSTL":3,"opptBLK":9,"opptPF":20,"opptFGA":71,"opptFGM":35,"oppt2PA":50,"oppt2PM":30,"oppt3PA":21,"oppt3PM":5,"opptFTA":39,"opptFTM":34,"opptORB":5,"opptDRB":32,"opptPTS1":24,"opptPTS2":30,"opptPTS3":22,"opptPTS4":33,"opptPTS5":0,"opptPTS6":0,"opptPTS7":0,"opptPTS8":0}
{"_id":{"$oid":"5cb552f6e0f627212ff3bd5d"},"gmDate":"2017/12/29","offLNm3":"Nansel","offFNm3":"Brett","teamAbbr":"LAL","teamConf":"West","teamLoc":"Home","teamRslt":"Loss","teamPTS":106,"teamAST":25,"teamTO":12,"teamSTL":7,"teamBLK":3,"teamPF":22,"teamFGA":94,"teamFGM":46,"team2PA":75,"team2PM":43,"team3PA":19,"team3PM":3,"teamFTA":16,"teamFTM":11,"teamORB":11,"teamDRB":24,"teamPTS1":22,"teamPTS2":26,"teamPTS3":28,"teamPTS4":30,"teamPTS5":0,"teamPTS6":0,"teamPTS7":0,"teamPTS8":0,"opptAbbr":"LAC","opptConf":"West","opptLoc":"Away","opptRslt":"Win","opptPTS":121,"opptAST":23,"opptTO":16,"opptSTL":7,"opptBLK":6,"opptPF":21,"opptFGA":86,"opptFGM":42,"oppt2PA":54,"oppt2PM":33,"oppt3PA":32,"oppt3PM":9,"opptFTA":34,"opptFTM":28,"opptORB":15,"opptDRB":34,"opptPTS1":35,"opptPTS2":27,"opptPTS3":29,"opptPTS4":30,"opptPTS5":0,"opptPTS6":0,"opptPTS7":0,"opptPTS8":0}
{"_id":{"$oid":"5cb552f6e0f627212ff3bd69"},"gmDate":"2017/12/31","offLNm3":"Wood","offFNm3":"Leon","teamAbbr":"HOU","teamConf":"West","teamLoc":"Home","teamRslt":"Win","teamPTS":148,"teamAST":29,"teamTO":12,"teamSTL":7,"teamBLK":9,"teamPF":33,"teamFGA":106,"teamFGM":49,"team2PA":54,"team2PM":31,"team3PA":52,"team3PM":18,"teamFTA":39,"teamFTM":32,"teamORB":15,"teamDRB":29,"teamPTS1":44,"teamPTS2":21,"teamPTS3":25,"teamPTS4":32,"teamPTS5":11,"teamPTS6":15,"teamPTS7":0,"teamPTS8":0,"opptAbbr":"LAL","opptConf":"West","opptLoc":"Away","opptRslt":"Loss","opptPTS":142,"opptAST":31,"opptTO":16,"opptSTL":6,"opptBLK":4,"opptPF":32,"opptFGA":105,"opptFGM":53,"oppt2PA":80,"oppt2PM":43,"oppt3PA":25,"oppt3PM":10,"opptFTA":37,"opptFTM":26,"opptORB":15,"opptDRB":39,"opptPTS1":37,"opptPTS2":35,"opptPTS3":29,"opptPTS4":21,"opptPTS5":11,"opptPTS6":9,"opptPTS7":0,"opptPTS8":0}
{"_id":{"$oid":"5cb552f6e0f627212ff3bd71"},"gmDate":"2018/1/1","offLNm3":"Smith","offFNm3":"Michael","teamAbbr":"MIN","teamConf":"West","teamLoc":"Home","teamRslt":"Win","teamPTS":114,"teamAST":26,"teamTO":17,"teamSTL":14,"teamBLK":5,"teamPF":24,"teamFGA":81,"teamFGM":40,"team2PA":61,"team2PM":33,"team3PA":20,"team3PM":7,"teamFTA":30,"teamFTM":27,"teamORB":7,"teamDRB":34,"teamPTS1":30,"teamPTS2":30,"teamPTS3":31,"teamPTS4":23,"teamPTS5":0,"teamPTS6":0,"teamPTS7":0,"teamPTS8":0,"opptAbbr":"LAL","opptConf":"West","opptLoc":"Away","opptRslt":"Loss","opptPTS":96,"opptAST":18,"opptTO":24,"opptSTL":12,"opptBLK":4,"opptPF":25,"opptFGA":76,"opptFGM":34,"oppt2PA":50,"oppt2PM":26,"oppt3PA":26,"oppt3PM":8,"opptFTA":29,"opptFTM":20,"opptORB":9,"opptDRB":28,"opptPTS1":18,"opptPTS2":30,"opptPTS3":28,"opptPTS4":20,"opptPTS5":0,"opptPTS6":0,"opptPTS7":0,"opptPTS8":0}
{"_id":{"$oid":"5cb552f6e0f627212ff3bd82"},"gmDate":"2018/1/3","offLNm3":"Lewis","offFNm3":"Eric","teamAbbr":"LAL","teamConf":"West","teamLoc":"Home","teamRslt":"Loss","teamPTS":96,"teamAST":24,"teamTO":17,"teamSTL":5,"teamBLK":4,"teamPF":10,"teamFGA":92,"teamFGM":38,"team2PA":59,"team2PM":27,"team3PA":33,"team3PM":11,"teamFTA":15,"teamFTM":9,"teamORB":16,"teamDRB":29,"teamPTS1":26,"teamPTS2":18,"teamPTS3":26,"teamPTS4":26,"teamPTS5":0,"teamPTS6":0,"teamPTS7":0,"teamPTS8":0,"opptAbbr":"OKC","opptConf":"West","opptLoc":"Away","opptRslt":"Win","opptPTS":133,"opptAST":36,"opptTO":9,"opptSTL":12,"opptBLK":5,"opptPF":17,"opptFGA":93,"opptFGM":56,"oppt2PA":63,"oppt2PM":42,"oppt3PA":30,"oppt3PM":14,"opptFTA":9,"opptFTM":7,"opptORB":7,"opptDRB":37,"opptPTS1":26,"opptPTS2":37,"opptPTS3":33,"opptPTS4":37,"opptPTS5":0,"opptPTS6":0,"opptPTS7":0,"opptPTS8":0}
{"_id":{"$oid":"5cb552f6e0f627212ff3bd8e"},"gmDate":"2018/1/5","offLNm3":"Spooner","offFNm3":"Bill","teamAbbr":"LAL","teamConf":"West","teamLoc":"Home","teamRslt":"Loss","teamPTS":94,"teamAST":24,"teamTO":16,"teamSTL":7,"teamBLK":3,"teamPF":19,"teamFGA":94,"teamFGM":38,"team2PA":58,"team2PM":29,"team3PA":36,"team3PM":9,"teamFTA":12,"teamFTM":9,"teamORB":12,"teamDRB":34,"teamPTS1":24,"teamPTS2":24,"teamPTS3":28,"teamPTS4":18,"teamPTS5":0,"teamPTS6":0,"teamPTS7":0,"teamPTS8":0,"opptAbbr":"CHA","opptConf":"East","opptLoc":"Away","opptRslt":"Win","opptPTS":108,"opptAST":26,"opptTO":15,"opptSTL":10,"opptBLK":3,"opptPF":17,"opptFGA":99,"opptFGM":42,"oppt2PA":66,"oppt2PM":30,"oppt3PA":33,"oppt3PM":12,"opptFTA":16,"opptFTM":12,"opptORB":16,"opptDRB":40,"opptPTS1":28,"opptPTS2":35,"opptPTS3":30,"opptPTS4":15,"opptPTS5":0,"opptPTS6":0,"opptPTS7":0,"opptPTS8":0}
{"_id":{"$oid":"5cb552f6e0f627212ff3bd9b"},"gmDate":"2018/1/7","offLNm3":"Ayotte","offFNm3":"Mark","teamAbbr":"LAL","teamConf":"West","teamLoc":"Home","teamRslt":"Win","teamPTS":132,"teamAST":32,"teamTO":18,"teamSTL":13,"teamBLK":6,"teamPF":25,"teamFGA":86,"teamFGM":48,"team2PA":50,"team2PM":32,"team3PA":36,"team3PM":16,"teamFTA":25,"teamFTM":20,"teamORB":6,"teamDRB":43,"teamPTS1":29,"teamPTS2":37,"teamPTS3":30,"teamPTS4":36,"teamPTS5":0,"teamPTS6":0,"teamPTS7":0,"teamPTS8":0,"opptAbbr":"ATL","opptConf":"East","opptLoc":"Away","opptRslt":"Loss","opptPTS":113,"opptAST":22,"opptTO":15,"opptSTL":5,"opptBLK":4,"opptPF":16,"opptFGA":94,"opptFGM":41,"oppt2PA":60,"oppt2PM":29,"oppt3PA":34,"oppt3PM":12,"opptFTA":23,"opptFTM":19,"opptORB":10,"opptDRB":27,"opptPTS1":27,"opptPTS2":21,"opptPTS3":32,"opptPTS4":33,"opptPTS5":0,"opptPTS6":0,"opptPTS7":0,"opptPTS8":0}
{"_id":{"$oid":"5cb552f6e0f627212ff3bda7"},"gmDate":"2018/1/9","offLNm3":"Ford","offFNm3":"Tyler","teamAbbr":"LAL","teamConf":"West","teamLoc":"Home","teamRslt":"Win","teamPTS":99,"teamAST":30,"teamTO":26,"teamSTL":12,"teamBLK":4,"teamPF":23,"teamFGA":77,"teamFGM":37,"team2PA":42,"team2PM":25,"team3PA":35,"team3PM":12,"teamFTA":21,"teamFTM":13,"teamORB":10,"teamDRB":46,"teamPTS1":31,"teamPTS2":22,"teamPTS3":31,"teamPTS4":15,"teamPTS5":0,"teamPTS6":0,"teamPTS7":0,"teamPTS8":0,"opptAbbr":"SAC","opptConf":"West","opptLoc":"Away","opptRslt":"Loss","opptPTS":86,"opptAST":15,"opptTO":16,"opptSTL":15,"opptBLK":4,"opptPF":19,"opptFGA":87,"opptFGM":30,"oppt2PA":66,"oppt2PM":22,"oppt3PA":21,"oppt3PM":8,"opptFTA":27,"opptFTM":18,"opptORB":10,"opptDRB":33,"opptPTS1":27,"opptPTS2":25,"opptPTS3":22,"opptPTS4":12,"opptPTS5":0,"opptPTS6":0,"opptPTS7":0,"opptPTS8":0}
{"_id":{"$oid":"5cb552f6e0f627212ff3bdb6"},"gmDate":"2018/1/11","offLNm3":"Washington","offFNm3":"Tom","teamAbbr":"LAL","teamConf":"West","teamLoc":"Home","teamRslt":"Win","teamPTS":93,"teamAST":22,"teamTO":16,"teamSTL":15,"teamBLK":4,"teamPF":17,"teamFGA":87,"teamFGM":36,"team2PA":49,"team2PM":23,"team3PA":38,"team3PM":13,"teamFTA":14,"teamFTM":8,"teamORB":12,"teamDRB":35,"teamPTS1":20,"teamPTS2":29,"teamPTS3":19,"teamPTS4":25,"teamPTS5":0,"teamPTS6":0,"teamPTS7":0,"teamPTS8":0,"opptAbbr":"SA","opptConf":"West","opptLoc":"Away","opptRslt":"Loss","opptPTS":81,"opptAST":21,"opptTO":21,"opptSTL":6,"opptBLK":5,"opptPF":15,"opptFGA":76,"opptFGM":31,"oppt2PA":56,"oppt2PM":23,"oppt3PA":20,"oppt3PM":8,"opptFTA":15,"opptFTM":11,"opptORB":7,"opptDRB":38,"opptPTS1":15,"opptPTS2":23,"opptPTS3":24,"opptPTS4":19,"opptPTS5":0,"opptPTS6":0,"opptPTS7":0,"opptPTS8":0}
{"_id":{"$oid":"5cb552f6e0f627212ff3bdc0"},"gmDate":"2018/1/13","offLNm3":"Boland","offFNm3":"Matt","teamAbbr":"DAL","teamConf":"West","teamLoc":"Home","teamRslt":"Loss","teamPTS":101,"teamAST":20,"teamTO":9,"teamSTL":5,"teamBLK":1,"teamPF":17,"teamFGA":90,"teamFGM":34,"team2PA":47,"team2PM":23,"team3PA":43,"team3PM":11,"teamFTA":28,"teamFTM":22,"teamORB":4,"teamDRB":35,"teamPTS1":20,"teamPTS2":32,"teamPTS3":21,"teamPTS4":22,"teamPTS5":6,"teamPTS6":0,"teamPTS7":0,"teamPTS8":0,"opptAbbr":"LAL","opptConf":"West","opptLoc":"Away","opptRslt":"Win","opptPTS":107,"opptAST":24,"opptTO":15,"opptSTL":4,"opptBLK":0,"opptPF":31,"opptFGA":95,"opptFGM":43,"oppt2PA":69,"oppt2PM":35,"oppt3PA":26,"oppt3PM":8,"opptFTA":18,"opptFTM":13,"opptORB":11,"opptDRB":48,"opptPTS1":31,"opptPTS2":15,"opptPTS3":24,"opptPTS4":25,"opptPTS5":12,"opptPTS6":0,"opptPTS7":0,"opptPTS8":0}
{"_id":{"$oid":"5cb552f6e0f627212ff3bdd1"},"gmDate":"2018/1/15","offLNm3":"Barnaky","offFNm3":"Brent","teamAbbr":"MEM","teamConf":"West","teamLoc":"Home","teamRslt":"Win","teamPTS":123,"teamAST":24,"teamTO":19,"teamSTL":8,"teamBLK":8,"teamPF":26,"teamFGA":82,"teamFGM":42,"team2PA":60,"team2PM":32,"team3PA":22,"team3PM":10,"teamFTA":34,"teamFTM":29,"teamORB":6,"teamDRB":42,"teamPTS1":34,"teamPTS2":26,"teamPTS3":37,"teamPTS4":26,"teamPTS5":0,"teamPTS6":0,"teamPTS7":0,"teamPTS8":0,"opptAbbr":"LAL","opptConf":"West","opptLoc":"Away","opptRslt":"Loss","opptPTS":114,"opptAST":25,"opptTO":14,"opptSTL":11,"opptBLK":8,"opptPF":23,"opptFGA":96,"opptFGM":38,"oppt2PA":61,"oppt2PM":26,"oppt3PA":35,"oppt3PM":12,"opptFTA":31,"opptFTM":26,"opptORB":12,"opptDRB":32,"opptPTS1":27,"opptPTS2":23,"opptPTS3":27,"opptPTS4":37,"opptPTS5":0,"opptPTS6":0,"opptPTS7":0,"opptPTS8":0}
{"_id":{"$oid":"5cb552f6e0f627212ff3bde1"},"gmDate":"2018/1/17","offLNm3":"Capers","offFNm3":"James","teamAbbr":"OKC","teamConf":"West","teamLoc":"Home","teamRslt":"Win","teamPTS":114,"teamAST":22,"teamTO":17,"teamSTL":10,"teamBLK":6,"teamPF":14,"teamFGA":95,"teamFGM":46,"team2PA":60,"team2PM":34,"team3PA":35,"team3PM":12,"teamFTA":12,"teamFTM":10,"teamORB":21,"teamDRB":33,"teamPTS1":33,"teamPTS2":27,"teamPTS3":33,"teamPTS4":21,"teamPTS5":0,"teamPTS6":0,"teamPTS7":0,"teamPTS8":0,"opptAbbr":"LAL","opptConf":"West","opptLoc":"Away","opptRslt":"Loss","opptPTS":90,"opptAST":25,"opptTO":18,"opptSTL":9,"opptBLK":1,"opptPF":15,"opptFGA":81,"opptFGM":38,"oppt2PA":55,"oppt2PM":28,"oppt3PA":26,"oppt3PM":10,"opptFTA":4,"opptFTM":4,"opptORB":6,"opptDRB":24,"opptPTS1":25,"opptPTS2":29,"opptPTS3":18,"opptPTS4":18,"opptPTS5":0,"opptPTS6":0,"opptPTS7":0,"opptPTS8":0}
{"_id":{"$oid":"5cb552f6e0f627212ff3bded"},"gmDate":"2018/1/19","offLNm3":"Lewis","offFNm3":"Eric","teamAbbr":"LAL","teamConf":"West","teamLoc":"Home","teamRslt":"Win","teamPTS":99,"teamAST":26,"teamTO":15,"teamSTL":7,"teamBLK":6,"teamPF":17,"teamFGA":80,"teamFGM":44,"team2PA":52,"team2PM":35,"team3PA":28,"team3PM":9,"teamFTA":14,"teamFTM":2,"teamORB":6,"teamDRB":41,"teamPTS1":18,"teamPTS2":29,"teamPTS3":27,"teamPTS4":25,"teamPTS5":0,"teamPTS6":0,"teamPTS7":0,"teamPTS8":0,"opptAbbr":"IND","opptConf":"East","opptLoc":"Away","opptRslt":"Loss","opptPTS":86,"opptAST":15,"opptTO":9,"opptSTL":9,"opptBLK":4,"opptPF":18,"opptFGA":97,"opptFGM":37,"oppt2PA":72,"oppt2PM":35,"oppt3PA":25,"oppt3PM":2,"opptFTA":13,"opptFTM":10,"opptORB":12,"opptDRB":32,"opptPTS1":25,"opptPTS2":14,"opptPTS3":27,"opptPTS4":20,"opptPTS5":0,"opptPTS6":0,"opptPTS7":0,"opptPTS8":0}
{"_id":{"$oid":"5cb552f6e0f627212ff3bdf9"},"gmDate":"2018/1/21","offLNm3":"Adams","offFNm3":"Bennie","teamAbbr":"LAL","teamConf":"West","teamLoc":"Home","teamRslt":"Win","teamPTS":127,"teamAST":31,"teamTO":6,"teamSTL":10,"teamBLK":3,"teamPF":18,"teamFGA":91,"teamFGM":51,"team2PA":65,"team2PM":41,"team3PA":26,"team3PM":10,"teamFTA":21,"teamFTM":15,"teamORB":12,"teamDRB":27,"teamPTS1":30,"teamPTS2":37,"teamPTS3":30,"teamPTS4":30,"teamPTS5":0,"teamPTS6":0,"teamPTS7":0,"teamPTS8":0,"opptAbbr":"NY","opptConf":"East","opptLoc":"Away","opptRslt":"Loss","opptPTS":107,"opptAST":32,"opptTO":17,"opptSTL":3,"opptBLK":5,"opptPF":20,"opptFGA":81,"opptFGM":44,"oppt2PA":56,"oppt2PM":32,"oppt3PA":25,"oppt3PM":12,"opptFTA":10,"opptFTM":7,"opptORB":7,"opptDRB":26,"opptPTS1":29,"opptPTS2":34,"opptPTS3":26,"opptPTS4":18,"opptPTS5":0,"opptPTS6":0,"opptPTS7":0,"opptPTS8":0}
{"_id":{"$oid":"5cb552f6e0f627212ff3be09"},"gmDate":"2018/1/23","offLNm3":"Boland","offFNm3":"Matt","teamAbbr":"LAL","teamConf":"West","teamLoc":"Home","teamRslt":"Win","teamPTS":108,"teamAST":18,"teamTO":10,"teamSTL":6,"teamBLK":2,"teamPF":16,"teamFGA":91,"teamFGM":40,"team2PA":65,"team2PM":33,"team3PA":26,"team3PM":7,"teamFTA":36,"teamFTM":21,"teamORB":14,"teamDRB":37,"teamPTS1":15,"teamPTS2":30,"teamPTS3":31,"teamPTS4":32,"teamPTS5":0,"teamPTS6":0,"teamPTS7":0,"teamPTS8":0,"opptAbbr":"BOS","opptConf":"East","opptLoc":"Away","opptRslt":"Loss","opptPTS":107,"opptAST":22,"opptTO":11,"opptSTL":3,"opptBLK":5,"opptPF":25,"opptFGA":90,"opptFGM":42,"oppt2PA":46,"oppt2PM":27,"oppt3PA":44,"oppt3PM":15,"opptFTA":10,"opptFTM":8,"opptORB":7,"opptDRB":35,"opptPTS1":21,"opptPTS2":32,"opptPTS3":21,"opptPTS4":33,"opptPTS5":0,"opptPTS6":0,"opptPTS7":0,"opptPTS8":0}
{"_id":{"$oid":"5cb552f6e0f627212ff3be1a"},"gmDate":"2018/1/26","offLNm3":"Spooner","offFNm3":"Bill","teamAbbr":"CHI","teamConf":"East","teamLoc":"Home","teamRslt":"Loss","teamPTS":103,"teamAST":21,"teamTO":14,"teamSTL":3,"teamBLK":7,"teamPF":25,"teamFGA":93,"teamFGM":35,"team2PA":57,"team2PM":18,"team3PA":36,"team3PM":17,"teamFTA":24,"teamFTM":16,"teamORB":16,"teamDRB":37,"teamPTS1":25,"teamPTS2":32,"teamPTS3":15,"teamPTS4":31,"teamPTS5":0,"teamPTS6":0,"teamPTS7":0,"teamPTS8":0,"opptAbbr":"LAL","opptConf":"West","opptLoc":"Away","opptRslt":"Win","opptPTS":108,"opptAST":23,"opptTO":9,"opptSTL":6,"opptBLK":3,"opptPF":23,"opptFGA":91,"opptFGM":41,"oppt2PA":67,"oppt2PM":36,"oppt3PA":24,"oppt3PM":5,"opptFTA":28,"opptFTM":21,"opptORB":10,"opptDRB":38,"opptPTS1":32,"opptPTS2":30,"opptPTS3":22,"opptPTS4":24,"opptPTS5":0,"opptPTS6":0,"opptPTS7":0,"opptPTS8":0}
{"_id":{"$oid":"5cb552f6e0f627212ff3be2d"},"gmDate":"2018/1/28","offLNm3":"Mott","offFNm3":"Rodney","teamAbbr":"TOR","teamConf":"East","teamLoc":"Home","teamRslt":"Win","teamPTS":123,"teamAST":23,"teamTO":15,"teamSTL":4,"teamBLK":4,"teamPF":23,"teamFGA":92,"teamFGM":46,"team2PA":61,"team2PM":34,"team3PA":31,"team3PM":12,"teamFTA":25,"teamFTM":19,"teamORB":12,"teamDRB":41,"teamPTS1":28,"teamPTS2":31,"teamPTS3":32,"teamPTS4":32,"teamPTS5":0,"teamPTS6":0,"teamPTS7":0,"teamPTS8":0,"opptAbbr":"LAL","opptConf":"West","opptLoc":"Away","opptRslt":"Loss","opptPTS":111,"opptAST":22,"opptTO":13,"opptSTL":9,"opptBLK":4,"opptPF":21,"opptFGA":92,"opptFGM":40,"oppt2PA":66,"oppt2PM":32,"oppt3PA":26,"oppt3PM":8,"opptFTA":33,"opptFTM":23,"opptORB":13,"opptDRB":31,"opptPTS1":21,"opptPTS2":28,"opptPTS3":28,"opptPTS4":34,"opptPTS5":0,"opptPTS6":0,"opptPTS7":0,"opptPTS8":0}
{"_id":{"$oid":"5cb552f6e0f627212ff3be3f"},"gmDate":"2018/1/31","offLNm3":"Wall","offFNm3":"Scott","teamAbbr":"ORL","teamConf":"East","teamLoc":"Home","teamRslt":"Win","teamPTS":127,"teamAST":28,"teamTO":15,"teamSTL":13,"teamBLK":4,"teamPF":23,"teamFGA":81,"teamFGM":44,"team2PA":49,"team2PM":26,"team3PA":32,"team3PM":18,"teamFTA":29,"teamFTM":21,"teamORB":4,"teamDRB":31,"teamPTS1":29,"teamPTS2":29,"teamPTS3":43,"teamPTS4":26,"teamPTS5":0,"teamPTS6":0,"teamPTS7":0,"teamPTS8":0,"opptAbbr":"LAL","opptConf":"West","opptLoc":"Away","opptRslt":"Loss","opptPTS":105,"opptAST":18,"opptTO":17,"opptSTL":7,"opptBLK":1,"opptPF":18,"opptFGA":83,"opptFGM":39,"oppt2PA":63,"oppt2PM":35,"oppt3PA":20,"oppt3PM":4,"opptFTA":30,"opptFTM":23,"opptORB":11,"opptDRB":32,"opptPTS1":25,"opptPTS2":26,"opptPTS3":30,"opptPTS4":24,"opptPTS5":0,"opptPTS6":0,"opptPTS7":0,"opptPTS8":0}
{"_id":{"$oid":"5cb552f6e0f627212ff3be4d"},"gmDate":"2018/2/2","offLNm3":"Callahan","offFNm3":"Mike","teamAbbr":"BKN","teamConf":"East","teamLoc":"Home","teamRslt":"Loss","teamPTS":99,"teamAST":20,"teamTO":12,"teamSTL":7,"teamBLK":8,"teamPF":18,"teamFGA":82,"teamFGM":37,"team2PA":53,"team2PM":28,"team3PA":29,"team3PM":9,"teamFTA":23,"teamFTM":16,"teamORB":5,"teamDRB":33,"teamPTS1":26,"teamPTS2":31,"teamPTS3":28,"teamPTS4":14,"teamPTS5":0,"teamPTS6":0,"teamPTS7":0,"teamPTS8":0,"opptAbbr":"LAL","opptConf":"West","opptLoc":"Away","opptRslt":"Win","opptPTS":102,"opptAST":21,"opptTO":16,"opptSTL":5,"opptBLK":6,"opptPF":18,"opptFGA":92,"opptFGM":39,"oppt2PA":66,"oppt2PM":29,"oppt3PA":26,"oppt3PM":10,"opptFTA":20,"opptFTM":14,"opptORB":18,"opptDRB":38,"opptPTS1":24,"opptPTS2":35,"opptPTS3":26,"opptPTS4":17,"opptPTS5":0,"opptPTS6":0,"opptPTS7":0,"opptPTS8":0}
{"_id":{"$oid":"5cb552f6e0f627212ff3be5d"},"gmDate":"2018/2/4","offLNm3":"Phillips","offFNm3":"Jason","teamAbbr":"OKC","teamConf":"West","teamLoc":"Home","teamRslt":"Loss","teamPTS":104,"teamAST":17,"teamTO":18,"teamSTL":13,"teamBLK":6,"teamPF":18,"teamFGA":89,"teamFGM":40,"team2PA":64,"team2PM":33,"team3PA":25,"team3PM":7,"teamFTA":25,"teamFTM":17,"teamORB":13,"teamDRB":33,"teamPTS1":22,"teamPTS2":27,"teamPTS3":30,"teamPTS4":25,"teamPTS5":0,"teamPTS6":0,"teamPTS7":0,"teamPTS8":0,"opptAbbr":"LAL","opptConf":"West","opptLoc":"Away","opptRslt":"Win","opptPTS":108,"opptAST":24,"opptTO":19,"opptSTL":6,"opptBLK":7,"opptPF":20,"opptFGA":86,"opptFGM":42,"oppt2PA":56,"oppt2PM":29,"oppt3PA":30,"oppt3PM":13,"opptFTA":18,"opptFTM":11,"opptORB":8,"opptDRB":32,"opptPTS1":25,"opptPTS2":26,"opptPTS3":31,"opptPTS4":26,"opptPTS5":0,"opptPTS6":0,"opptPTS7":0,"opptPTS8":0}
{"_id":{"$oid":"5cb552f6e0f627212ff3be71"},"gmDate":"2018/2/6","offLNm3":"Malloy","offFNm3":"Ed","teamAbbr":"LAL","teamConf":"West","teamLoc":"Home","teamRslt":"Win","teamPTS":112,"teamAST":19,"teamTO":14,"teamSTL":7,"teamBLK":7,"teamPF":21,"teamFGA":83,"teamFGM":39,"team2PA":57,"team2PM":28,"team3PA":26,"team3PM":11,"teamFTA":26,"teamFTM":23,"teamORB":12,"teamDRB":44,"teamPTS1":33,"teamPTS2":24,"teamPTS3":31,"teamPTS4":24,"teamPTS5":0,"teamPTS6":0,"teamPTS7":0,"teamPTS8":0,"opptAbbr":"PHO","opptConf":"West","opptLoc":"Away","opptRslt":"Loss","opptPTS":93,"opptAST":24,"opptTO":11,"opptSTL":4,"opptBLK":4,"opptPF":18,"opptFGA":94,"opptFGM":36,"oppt2PA":65,"oppt2PM":28,"oppt3PA":29,"oppt3PM":8,"opptFTA":23,"opptFTM":13,"opptORB":16,"opptDRB":32,"opptPTS1":28,"opptPTS2":29,"opptPTS3":22,"opptPTS4":14,"opptPTS5":0,"opptPTS6":0,"opptPTS7":0,"opptPTS8":0}
{"_id":{"$oid":"5cb552f6e0f627212ff3be7c"},"gmDate":"2018/2/8","offLNm3":"Collins","offFNm3":"Derrick","teamAbbr":"LAL","teamConf":"West","teamLoc":"Home","teamRslt":"Win","teamPTS":106,"teamAST":28,"teamTO":8,"teamSTL":5,"teamBLK":7,"teamPF":19,"teamFGA":96,"teamFGM":42,"team2PA":65,"team2PM":32,"team3PA":31,"team3PM":10,"teamFTA":13,"teamFTM":12,"teamORB":13,"teamDRB":38,"teamPTS1":30,"teamPTS2":22,"teamPTS3":31,"teamPTS4":23,"teamPTS5":0,"teamPTS6":0,"teamPTS7":0,"teamPTS8":0,"opptAbbr":"OKC","opptConf":"West","opptLoc":"Away","opptRslt":"Loss","opptPTS":81,"opptAST":16,"opptTO":14,"opptSTL":6,"opptBLK":4,"opptPF":11,"opptFGA":90,"opptFGM":32,"oppt2PA":56,"oppt2PM":24,"oppt3PA":34,"oppt3PM":8,"opptFTA":19,"opptFTM":9,"opptORB":17,"opptDRB":33,"opptPTS1":27,"opptPTS2":19,"opptPTS3":20,"opptPTS4":15,"opptPTS5":0,"opptPTS6":0,"opptPTS7":0,"opptPTS8":0}
{"_id":{"$oid":"5cb552f6e0f627212ff3be8a"},"gmDate":"2018/2/10","offLNm3":"Brown","offFNm3":"Tony","teamAbbr":"DAL","teamConf":"West","teamLoc":"Home","teamRslt":"Win","teamPTS":130,"teamAST":32,"teamTO":11,"teamSTL":8,"teamBLK":3,"teamPF":21,"teamFGA":89,"teamFGM":48,"team2PA":62,"team2PM":36,"team3PA":27,"team3PM":12,"teamFTA":27,"teamFTM":22,"teamORB":10,"teamDRB":30,"teamPTS1":34,"teamPTS2":31,"teamPTS3":35,"teamPTS4":30,"teamPTS5":0,"teamPTS6":0,"teamPTS7":0,"teamPTS8":0,"opptAbbr":"LAL","opptConf":"West","opptLoc":"Away","opptRslt":"Loss","opptPTS":123,"opptAST":29,"opptTO":17,"opptSTL":7,"opptBLK":0,"opptPF":25,"opptFGA":84,"opptFGM":46,"oppt2PA":50,"oppt2PM":30,"oppt3PA":34,"oppt3PM":16,"opptFTA":22,"opptFTM":15,"opptORB":9,"opptDRB":28,"opptPTS1":36,"opptPTS2":30,"opptPTS3":29,"opptPTS4":28,"opptPTS5":0,"opptPTS6":0,"opptPTS7":0,"opptPTS8":0}
{"_id":{"$oid":"5cb552f6e0f627212ff3beaa"},"gmDate":"2018/2/14","offLNm3":"Smith","offFNm3":"Michael","teamAbbr":"NO","teamConf":"West","teamLoc":"Home","teamRslt":"Win","teamPTS":139,"teamAST":35,"teamTO":12,"teamSTL":13,"teamBLK":7,"teamPF":20,"teamFGA":99,"teamFGM":53,"team2PA":67,"team2PM":39,"team3PA":32,"team3PM":14,"teamFTA":21,"teamFTM":19,"teamORB":12,"teamDRB":36,"teamPTS1":46,"teamPTS2":33,"teamPTS3":24,"teamPTS4":36,"teamPTS5":0,"teamPTS6":0,"teamPTS7":0,"teamPTS8":0,"opptAbbr":"LAL","opptConf":"West","opptLoc":"Away","opptRslt":"Loss","opptPTS":117,"opptAST":26,"opptTO":20,"opptSTL":5,"opptBLK":3,"opptPF":21,"opptFGA":90,"opptFGM":46,"oppt2PA":68,"oppt2PM":36,"oppt3PA":22,"oppt3PM":10,"opptFTA":18,"opptFTM":15,"opptORB":7,"opptDRB":30,"opptPTS1":33,"opptPTS2":33,"opptPTS3":25,"opptPTS4":26,"opptPTS5":0,"opptPTS6":0,"opptPTS7":0,"opptPTS8":0}
{"_id":{"$oid":"5cb552f6e0f627212ff3beae"},"gmDate":"2018/2/15","offLNm3":"Van Duyne","offFNm3":"Justin","teamAbbr":"MIN","teamConf":"West","teamLoc":"Home","teamRslt":"Win","teamPTS":119,"teamAST":23,"teamTO":10,"teamSTL":5,"teamBLK":10,"teamPF":22,"teamFGA":90,"teamFGM":42,"team2PA":66,"team2PM":36,"team3PA":24,"team3PM":6,"teamFTA":31,"teamFTM":29,"teamORB":11,"teamDRB":35,"teamPTS1":35,"teamPTS2":27,"teamPTS3":22,"teamPTS4":35,"teamPTS5":0,"teamPTS6":0,"teamPTS7":0,"teamPTS8":0,"opptAbbr":"LAL","opptConf":"West","opptLoc":"Away","opptRslt":"Loss","opptPTS":111,"opptAST":19,"opptTO":13,"opptSTL":6,"opptBLK":4,"opptPF":26,"opptFGA":94,"opptFGM":43,"oppt2PA":63,"oppt2PM":36,"oppt3PA":31,"oppt3PM":7,"opptFTA":26,"opptFTM":18,"opptORB":11,"opptDRB":35,"opptPTS1":39,"opptPTS2":26,"opptPTS3":26,"opptPTS4":20,"opptPTS5":0,"opptPTS6":0,"opptPTS7":0,"opptPTS8":0}
{"_id":{"$oid":"5cb552f6e0f627212ff3bec0"},"gmDate":"2018/2/23","offLNm3":"Lewis","offFNm3":"Eric","teamAbbr":"LAL","teamConf":"West","teamLoc":"Home","teamRslt":"Win","teamPTS":124,"teamAST":32,"teamTO":16,"teamSTL":8,"teamBLK":6,"teamPF":17,"teamFGA":93,"teamFGM":48,"team2PA":60,"team2PM":35,"team3PA":33,"team3PM":13,"teamFTA":20,"teamFTM":15,"teamORB":13,"teamDRB":49,"teamPTS1":32,"teamPTS2":31,"teamPTS3":32,"teamPTS4":29,"teamPTS5":0,"teamPTS6":0,"teamPTS7":0,"teamPTS8":0,"opptAbbr":"DAL","opptConf":"West","opptLoc":"Away","opptRslt":"Loss","opptPTS":102,"opptAST":25,"opptTO":11,"opptSTL":9,"opptBLK":8,"opptPF":19,"opptFGA":91,"opptFGM":37,"oppt2PA":49,"oppt2PM":18,"oppt3PA":42,"oppt3PM":19,"opptFTA":11,"opptFTM":9,"opptORB":3,"opptDRB":26,"opptPTS1":17,"opptPTS2":24,"opptPTS3":35,"opptPTS4":26,"opptPTS5":0,"opptPTS6":0,"opptPTS7":0,"opptPTS8":0}
{"_id":{"$oid":"5cb552f6e0f627212ff3bec8"},"gmDate":"2018/2/24","offLNm3":"Callahan","offFNm3":"Mike","teamAbbr":"SAC","teamConf":"West","teamLoc":"Home","teamRslt":"Loss","teamPTS":108,"teamAST":28,"teamTO":11,"teamSTL":5,"teamBLK":5,"teamPF":21,"teamFGA":94,"teamFGM":42,"team2PA":69,"team2PM":29,"team3PA":25,"team3PM":13,"teamFTA":17,"teamFTM":11,"teamORB":17,"teamDRB":31,"teamPTS1":29,"teamPTS2":29,"teamPTS3":25,"teamPTS4":25,"teamPTS5":0,"teamPTS6":0,"teamPTS7":0,"teamPTS8":0,"opptAbbr":"LAL","opptConf":"West","opptLoc":"Away","opptRslt":"Win","opptPTS":113,"opptAST":26,"opptTO":12,"opptSTL":5,"opptBLK":6,"opptPF":18,"opptFGA":91,"opptFGM":41,"oppt2PA":53,"oppt2PM":24,"oppt3PA":38,"oppt3PM":17,"opptFTA":20,"opptFTM":14,"opptORB":12,"opptDRB":32,"opptPTS1":25,"opptPTS2":25,"opptPTS3":37,"opptPTS4":26,"opptPTS5":0,"opptPTS6":0,"opptPTS7":0,"opptPTS8":0}
{"_id":{"$oid":"5cb552f6e0f627212ff3becd"},"gmDate":"2018/2/26","offLNm3":"Adams","offFNm3":"Bennie","teamAbbr":"ATL","teamConf":"East","teamLoc":"Home","teamRslt":"Loss","teamPTS":104,"teamAST":21,"teamTO":13,"teamSTL":14,"teamBLK":3,"teamPF":17,"teamFGA":96,"teamFGM":36,"team2PA":60,"team2PM":28,"team3PA":36,"team3PM":8,"teamFTA":34,"teamFTM":24,"teamORB":8,"teamDRB":33,"teamPTS1":22,"teamPTS2":24,"teamPTS3":29,"teamPTS4":29,"teamPTS5":0,"teamPTS6":0,"teamPTS7":0,"teamPTS8":0,"opptAbbr":"LAL","opptConf":"West","opptLoc":"Away","opptRslt":"Win","opptPTS":123,"opptAST":28,"opptTO":23,"opptSTL":8,"opptBLK":6,"opptPF":23,"opptFGA":90,"opptFGM":47,"oppt2PA":57,"oppt2PM":32,"oppt3PA":33,"oppt3PM":15,"opptFTA":19,"opptFTM":14,"opptORB":10,"opptDRB":49,"opptPTS1":28,"opptPTS2":36,"opptPTS3":32,"opptPTS4":27,"opptPTS5":0,"opptPTS6":0,"opptPTS7":0,"opptPTS8":0}
{"_id":{"$oid":"5cb552f6e0f627212ff3bee6"},"gmDate":"2018/3/1","offLNm3":"Brown","offFNm3":"Tony","teamAbbr":"MIA","teamConf":"East","teamLoc":"Home","teamRslt":"Loss","teamPTS":113,"teamAST":23,"teamTO":11,"teamSTL":6,"teamBLK":5,"teamPF":21,"teamFGA":95,"teamFGM":46,"team2PA":64,"team2PM":37,"team3PA":31,"team3PM":9,"teamFTA":16,"teamFTM":12,"teamORB":14,"teamDRB":26,"teamPTS1":36,"teamPTS2":26,"teamPTS3":32,"teamPTS4":19,"teamPTS5":0,"teamPTS6":0,"teamPTS7":0,"teamPTS8":0,"opptAbbr":"LAL","opptConf":"West","opptLoc":"Away","opptRslt":"Win","opptPTS":131,"opptAST":29,"opptTO":14,"opptSTL":9,"opptBLK":5,"opptPF":17,"opptFGA":79,"opptFGM":47,"oppt2PA":50,"oppt2PM":31,"oppt3PA":29,"oppt3PM":16,"opptFTA":26,"opptFTM":21,"opptORB":6,"opptDRB":30,"opptPTS1":33,"opptPTS2":40,"opptPTS3":31,"opptPTS4":27,"opptPTS5":0,"opptPTS6":0,"opptPTS7":0,"opptPTS8":0}
{"_id":{"$oid":"5cb552f6e0f627212ff3bef8"},"gmDate":"2018/3/3","offLNm3":"Sterling","offFNm3":"Jonathan","teamAbbr":"SA","teamConf":"West","teamLoc":"Home","teamRslt":"Loss","teamPTS":112,"teamAST":28,"teamTO":16,"teamSTL":10,"teamBLK":5,"teamPF":19,"teamFGA":98,"teamFGM":44,"team2PA":68,"team2PM":37,"team3PA":30,"team3PM":7,"teamFTA":20,"teamFTM":17,"teamORB":12,"teamDRB":38,"teamPTS1":30,"teamPTS2":30,"teamPTS3":31,"teamPTS4":21,"teamPTS5":0,"teamPTS6":0,"teamPTS7":0,"teamPTS8":0,"opptAbbr":"LAL","opptConf":"West","opptLoc":"Away","opptRslt":"Win","opptPTS":116,"opptAST":26,"opptTO":15,"opptSTL":10,"opptBLK":4,"opptPF":21,"opptFGA":92,"opptFGM":40,"oppt2PA":58,"oppt2PM":25,"oppt3PA":34,"oppt3PM":15,"opptFTA":27,"opptFTM":21,"opptORB":10,"opptDRB":36,"opptPTS1":23,"opptPTS2":30,"opptPTS3":27,"opptPTS4":36,"opptPTS5":0,"opptPTS6":0,"opptPTS7":0,"opptPTS8":0}
{"_id":{"$oid":"5cb552f6e0f627212ff3bf08"},"gmDate":"2018/3/5","offLNm3":"Mott","offFNm3":"Rodney","teamAbbr":"LAL","teamConf":"West","teamLoc":"Home","teamRslt":"Loss","teamPTS":103,"teamAST":20,"teamTO":11,"teamSTL":9,"teamBLK":7,"teamPF":24,"teamFGA":86,"teamFGM":34,"team2PA":49,"team2PM":23,"team3PA":37,"team3PM":11,"teamFTA":31,"teamFTM":24,"teamORB":7,"teamDRB":40,"teamPTS1":24,"teamPTS2":31,"teamPTS3":25,"teamPTS4":23,"teamPTS5":0,"teamPTS6":0,"teamPTS7":0,"teamPTS8":0,"opptAbbr":"POR","opptConf":"West","opptLoc":"Away","opptRslt":"Win","opptPTS":108,"opptAST":19,"opptTO":14,"opptSTL":6,"opptBLK":4,"opptPF":25,"opptFGA":83,"opptFGM":35,"oppt2PA":60,"oppt2PM":25,"oppt3PA":23,"oppt3PM":10,"opptFTA":38,"opptFTM":28,"opptORB":7,"opptDRB":43,"opptPTS1":27,"opptPTS2":31,"opptPTS3":15,"opptPTS4":35,"opptPTS5":0,"opptPTS6":0,"opptPTS7":0,"opptPTS8":0}
{"_id":{"$oid":"5cb552f6e0f627212ff3bf17"},"gmDate":"2018/3/7","offLNm3":"Richardson","offFNm3":"Derek","teamAbbr":"LAL","teamConf":"West","teamLoc":"Home","teamRslt":"Win","teamPTS":108,"teamAST":27,"teamTO":14,"teamSTL":7,"teamBLK":2,"teamPF":16,"teamFGA":88,"teamFGM":43,"team2PA":55,"team2PM":32,"team3PA":33,"team3PM":11,"teamFTA":12,"teamFTM":11,"teamORB":7,"teamDRB":32,"teamPTS1":23,"teamPTS2":33,"teamPTS3":25,"teamPTS4":27,"teamPTS5":0,"teamPTS6":0,"teamPTS7":0,"teamPTS8":0,"opptAbbr":"ORL","opptConf":"East","opptLoc":"Away","opptRslt":"Loss","opptPTS":107,"opptAST":31,"opptTO":16,"opptSTL":5,"opptBLK":4,"opptPF":22,"opptFGA":83,"opptFGM":42,"oppt2PA":55,"oppt2PM":30,"oppt3PA":28,"oppt3PM":12,"opptFTA":19,"opptFTM":11,"opptORB":8,"opptDRB":35,"opptPTS1":32,"opptPTS2":19,"opptPTS3":28,"opptPTS4":28,"opptPTS5":0,"opptPTS6":0,"opptPTS7":0,"opptPTS8":0}
{"_id":{"$oid":"5cb552f6e0f627212ff3bf23"},"gmDate":"2018/3/9","offLNm3":"Kennedy","offFNm3":"Bill","teamAbbr":"DEN","teamConf":"West","teamLoc":"Home","teamRslt":"Win","teamPTS":125,"teamAST":30,"teamTO":12,"teamSTL":10,"teamBLK":6,"teamPF":16,"teamFGA":83,"teamFGM":42,"team2PA":52,"team2PM":27,"team3PA":31,"team3PM":15,"teamFTA":30,"teamFTM":26,"teamORB":7,"teamDRB":29,"teamPTS1":37,"teamPTS2":28,"teamPTS3":29,"teamPTS4":31,"teamPTS5":0,"teamPTS6":0,"teamPTS7":0,"teamPTS8":0,"opptAbbr":"LAL","opptConf":"West","opptLoc":"Away","opptRslt":"Loss","opptPTS":116,"opptAST":25,"opptTO":16,"opptSTL":8,"opptBLK":6,"opptPF":23,"opptFGA":92,"opptFGM":45,"oppt2PA":57,"oppt2PM":31,"oppt3PA":35,"oppt3PM":14,"opptFTA":16,"opptFTM":12,"opptORB":12,"opptDRB":32,"opptPTS1":28,"opptPTS2":34,"opptPTS3":34,"opptPTS4":20,"opptPTS5":0,"opptPTS6":0,"opptPTS7":0,"opptPTS8":0}
{"_id":{"$oid":"5cb552f6e0f627212ff3bf34"},"gmDate":"2018/3/11","offLNm3":"Capers","offFNm3":"James","teamAbbr":"LAL","teamConf":"West","teamLoc":"Home","teamRslt":"Win","teamPTS":127,"teamAST":30,"teamTO":13,"teamSTL":9,"teamBLK":4,"teamPF":19,"teamFGA":96,"teamFGM":48,"team2PA":62,"team2PM":35,"team3PA":34,"team3PM":13,"teamFTA":20,"teamFTM":18,"teamORB":14,"teamDRB":37,"teamPTS1":33,"teamPTS2":32,"teamPTS3":33,"teamPTS4":29,"teamPTS5":0,"teamPTS6":0,"teamPTS7":0,"teamPTS8":0,"opptAbbr":"CLE","opptConf":"East","opptLoc":"Away","opptRslt":"Loss","opptPTS":113,"opptAST":22,"opptTO":12,"opptSTL":4,"opptBLK":5,"opptPF":18,"opptFGA":88,"opptFGM":41,"oppt2PA":57,"oppt2PM":29,"oppt3PA":31,"oppt3PM":12,"opptFTA":23,"opptFTM":19,"opptORB":7,"opptDRB":30,"opptPTS1":29,"opptPTS2":31,"opptPTS3":22,"opptPTS4":31,"opptPTS5":0,"opptPTS6":0,"opptPTS7":0,"opptPTS8":0}
{"_id":{"$oid":"5cb552f6e0f627212ff3bf44"},"gmDate":"2018/3/13","offLNm3":"Washington","offFNm3":"Tom","teamAbbr":"LAL","teamConf":"West","teamLoc":"Home","teamRslt":"Win","teamPTS":112,"teamAST":20,"teamTO":17,"teamSTL":6,"teamBLK":3,"teamPF":23,"teamFGA":90,"teamFGM":40,"team2PA":50,"team2PM":25,"team3PA":40,"team3PM":15,"teamFTA":25,"teamFTM":17,"teamORB":12,"teamDRB":40,"teamPTS1":35,"teamPTS2":13,"teamPTS3":29,"teamPTS4":35,"teamPTS5":0,"teamPTS6":0,"teamPTS7":0,"teamPTS8":0,"opptAbbr":"DEN","opptConf":"West","opptLoc":"Away","opptRslt":"Loss","opptPTS":103,"opptAST":26,"opptTO":20,"opptSTL":12,"opptBLK":4,"opptPF":26,"opptFGA":86,"opptFGM":38,"oppt2PA":46,"oppt2PM":25,"oppt3PA":40,"oppt3PM":13,"opptFTA":19,"opptFTM":14,"opptORB":5,"opptDRB":39,"opptPTS1":22,"opptPTS2":25,"opptPTS3":35,"opptPTS4":21,"opptPTS5":0,"opptPTS6":0,"opptPTS7":0,"opptPTS8":0}
{"_id":{"$oid":"5cb552f6e0f627212ff3bf48"},"gmDate":"2018/3/14","offLNm3":"Boland","offFNm3":"Matt","teamAbbr":"GS","teamConf":"West","teamLoc":"Home","teamRslt":"Win","teamPTS":117,"teamAST":25,"teamTO":22,"teamSTL":8,"teamBLK":6,"teamPF":24,"teamFGA":80,"teamFGM":44,"team2PA":60,"team2PM":38,"team3PA":20,"team3PM":6,"teamFTA":28,"teamFTM":23,"teamORB":11,"teamDRB":39,"teamPTS1":26,"teamPTS2":29,"teamPTS3":34,"teamPTS4":28,"teamPTS5":0,"teamPTS6":0,"teamPTS7":0,"teamPTS8":0,"opptAbbr":"LAL","opptConf":"West","opptLoc":"Away","opptRslt":"Loss","opptPTS":106,"opptAST":25,"opptTO":14,"opptSTL":12,"opptBLK":7,"opptPF":19,"opptFGA":83,"opptFGM":38,"oppt2PA":46,"oppt2PM":26,"oppt3PA":37,"oppt3PM":12,"opptFTA":28,"opptFTM":18,"opptORB":6,"opptDRB":27,"opptPTS1":23,"opptPTS2":32,"opptPTS3":27,"opptPTS4":24,"opptPTS5":0,"opptPTS6":0,"opptPTS7":0,"opptPTS8":0}
{"_id":{"$oid":"5cb552f6e0f627212ff3bf58"},"gmDate":"2018/3/16","offLNm3":"Van Duyne","offFNm3":"Justin","teamAbbr":"LAL","teamConf":"West","teamLoc":"Home","teamRslt":"Loss","teamPTS":91,"teamAST":22,"teamTO":20,"teamSTL":5,"teamBLK":4,"teamPF":17,"teamFGA":76,"teamFGM":32,"team2PA":57,"team2PM":23,"team3PA":19,"team3PM":9,"teamFTA":22,"teamFTM":18,"teamORB":7,"teamDRB":42,"teamPTS1":24,"teamPTS2":26,"teamPTS3":21,"teamPTS4":20,"teamPTS5":0,"teamPTS6":0,"teamPTS7":0,"teamPTS8":0,"opptAbbr":"MIA","opptConf":"East","opptLoc":"Away","opptRslt":"Win","opptPTS":92,"opptAST":23,"opptTO":11,"opptSTL":14,"opptBLK":6,"opptPF":18,"opptFGA":94,"opptFGM":36,"oppt2PA":58,"oppt2PM":26,"oppt3PA":36,"oppt3PM":10,"opptFTA":14,"opptFTM":10,"opptORB":12,"opptDRB":31,"opptPTS1":25,"opptPTS2":25,"opptPTS3":24,"opptPTS4":18,"opptPTS5":0,"opptPTS6":0,"opptPTS7":0,"opptPTS8":0}
{"_id":{"$oid":"5cb552f6e0f627212ff3bf69"},"gmDate":"2018/3/19","offLNm3":"Spooner","offFNm3":"Bill","teamAbbr":"IND","teamConf":"East","teamLoc":"Home","teamRslt":"Win","teamPTS":110,"teamAST":24,"teamTO":7,"teamSTL":9,"teamBLK":8,"teamPF":16,"teamFGA":87,"teamFGM":43,"team2PA":66,"team2PM":37,"team3PA":21,"team3PM":6,"teamFTA":19,"teamFTM":18,"teamORB":9,"teamDRB":35,"teamPTS1":29,"teamPTS2":28,"teamPTS3":35,"teamPTS4":18,"teamPTS5":0,"teamPTS6":0,"teamPTS7":0,"teamPTS8":0,"opptAbbr":"LAL","opptConf":"West","opptLoc":"Away","opptRslt":"Loss","opptPTS":100,"opptAST":20,"opptTO":13,"opptSTL":4,"opptBLK":3,"opptPF":18,"opptFGA":86,"opptFGM":38,"oppt2PA":53,"oppt2PM":30,"oppt3PA":33,"oppt3PM":8,"opptFTA":23,"opptFTM":16,"opptORB":14,"opptDRB":33,"opptPTS1":37,"opptPTS2":22,"opptPTS3":21,"opptPTS4":20,"opptPTS5":0,"opptPTS6":0,"opptPTS7":0,"opptPTS8":0}
{"_id":{"$oid":"5cb552f6e0f627212ff3bf81"},"gmDate":"2018/3/22","offLNm3":"Fraher","offFNm3":"Pat","teamAbbr":"NO","teamConf":"West","teamLoc":"Home","teamRslt":"Win","teamPTS":128,"teamAST":28,"teamTO":8,"teamSTL":13,"teamBLK":4,"teamPF":19,"teamFGA":95,"teamFGM":52,"team2PA":71,"team2PM":46,"team3PA":24,"team3PM":6,"teamFTA":22,"teamFTM":18,"teamORB":7,"teamDRB":34,"teamPTS1":40,"teamPTS2":31,"teamPTS3":26,"teamPTS4":31,"teamPTS5":0,"teamPTS6":0,"teamPTS7":0,"teamPTS8":0,"opptAbbr":"LAL","opptConf":"West","opptLoc":"Away","opptRslt":"Loss","opptPTS":125,"opptAST":19,"opptTO":16,"opptSTL":2,"opptBLK":3,"opptPF":20,"opptFGA":87,"opptFGM":43,"oppt2PA":48,"oppt2PM":26,"oppt3PA":39,"oppt3PM":17,"opptFTA":28,"opptFTM":22,"opptORB":7,"opptDRB":34,"opptPTS1":44,"opptPTS2":29,"opptPTS3":35,"opptPTS4":17,"opptPTS5":0,"opptPTS6":0,"opptPTS7":0,"opptPTS8":0}
{"_id":{"$oid":"5cb552f6e0f627212ff3bf92"},"gmDate":"2018/3/24","offLNm3":"Acosta","offFNm3":"Ray","teamAbbr":"MEM","teamConf":"West","teamLoc":"Home","teamRslt":"Loss","teamPTS":93,"teamAST":20,"teamTO":11,"teamSTL":7,"teamBLK":6,"teamPF":21,"teamFGA":84,"teamFGM":35,"team2PA":55,"team2PM":30,"team3PA":29,"team3PM":5,"teamFTA":22,"teamFTM":18,"teamORB":11,"teamDRB":32,"teamPTS1":28,"teamPTS2":29,"teamPTS3":14,"teamPTS4":22,"teamPTS5":0,"teamPTS6":0,"teamPTS7":0,"teamPTS8":0,"opptAbbr":"LAL","opptConf":"West","opptLoc":"Away","opptRslt":"Win","opptPTS":100,"opptAST":19,"opptTO":12,"opptSTL":7,"opptBLK":2,"opptPF":20,"opptFGA":86,"opptFGM":35,"oppt2PA":48,"oppt2PM":22,"oppt3PA":38,"oppt3PM":13,"opptFTA":25,"opptFTM":17,"opptORB":11,"opptDRB":33,"opptPTS1":17,"opptPTS2":35,"opptPTS3":19,"opptPTS4":29,"opptPTS5":0,"opptPTS6":0,"opptPTS7":0,"opptPTS8":0}
{"_id":{"$oid":"5cb552f6e0f627212ff3bf9e"},"gmDate":"2018/3/26","offLNm3":"Capers","offFNm3":"James","teamAbbr":"DET","teamConf":"East","teamLoc":"Home","teamRslt":"Win","teamPTS":112,"teamAST":21,"teamTO":7,"teamSTL":4,"teamBLK":2,"teamPF":26,"teamFGA":100,"teamFGM":44,"team2PA":67,"team2PM":31,"team3PA":33,"team3PM":13,"teamFTA":15,"teamFTM":11,"teamORB":10,"teamDRB":40,"teamPTS1":26,"teamPTS2":27,"teamPTS3":28,"teamPTS4":31,"teamPTS5":0,"teamPTS6":0,"teamPTS7":0,"teamPTS8":0,"opptAbbr":"LAL","opptConf":"West","opptLoc":"Away","opptRslt":"Loss","opptPTS":106,"opptAST":29,"opptTO":10,"opptSTL":3,"opptBLK":7,"opptPF":20,"opptFGA":85,"opptFGM":40,"oppt2PA":62,"oppt2PM":34,"oppt3PA":23,"oppt3PM":6,"opptFTA":25,"opptFTM":20,"opptORB":6,"opptDRB":41,"opptPTS1":29,"opptPTS2":26,"opptPTS3":21,"opptPTS4":30,"opptPTS5":0,"opptPTS6":0,"opptPTS7":0,"opptPTS8":0}
{"_id":{"$oid":"5cb552f6e0f627212ff3bfb1"},"gmDate":"2018/3/28","offLNm3":"Phillips","offFNm3":"Jason","teamAbbr":"LAL","teamConf":"West","teamLoc":"Home","teamRslt":"Win","teamPTS":103,"teamAST":25,"teamTO":15,"teamSTL":6,"teamBLK":5,"teamPF":16,"teamFGA":77,"teamFGM":36,"team2PA":44,"team2PM":27,"team3PA":33,"team3PM":9,"teamFTA":32,"teamFTM":22,"teamORB":7,"teamDRB":42,"teamPTS1":32,"teamPTS2":23,"teamPTS3":27,"teamPTS4":21,"teamPTS5":0,"teamPTS6":0,"teamPTS7":0,"teamPTS8":0,"opptAbbr":"DAL","opptConf":"West","opptLoc":"Away","opptRslt":"Loss","opptPTS":93,"opptAST":17,"opptTO":11,"opptSTL":10,"opptBLK":1,"opptPF":22,"opptFGA":84,"opptFGM":33,"oppt2PA":40,"oppt2PM":20,"oppt3PA":44,"oppt3PM":13,"opptFTA":19,"opptFTM":14,"opptORB":6,"opptDRB":34,"opptPTS1":34,"opptPTS2":22,"opptPTS3":25,"opptPTS4":12,"opptPTS5":0,"opptPTS6":0,"opptPTS7":0,"opptPTS8":0}
{"_id":{"$oid":"5cb552f6e0f627212ff3bfbe"},"gmDate":"2018/3/30","offLNm3":"Malloy","offFNm3":"Ed","teamAbbr":"LAL","teamConf":"West","teamLoc":"Home","teamRslt":"Loss","teamPTS":122,"teamAST":33,"teamTO":19,"teamSTL":5,"teamBLK":3,"teamPF":23,"teamFGA":94,"teamFGM":48,"team2PA":67,"team2PM":40,"team3PA":27,"team3PM":8,"teamFTA":25,"teamFTM":18,"teamORB":15,"teamDRB":41,"teamPTS1":34,"teamPTS2":23,"teamPTS3":26,"teamPTS4":29,"teamPTS5":10,"teamPTS6":0,"teamPTS7":0,"teamPTS8":0,"opptAbbr":"MIL","opptConf":"East","opptLoc":"Away","opptRslt":"Win","opptPTS":124,"opptAST":24,"opptTO":13,"opptSTL":14,"opptBLK":6,"opptPF":25,"opptFGA":94,"opptFGM":45,"oppt2PA":65,"oppt2PM":34,"oppt3PA":29,"oppt3PM":11,"opptFTA":28,"opptFTM":23,"opptORB":8,"opptDRB":31,"opptPTS1":39,"opptPTS2":29,"opptPTS3":29,"opptPTS4":15,"opptPTS5":12,"opptPTS6":0,"opptPTS7":0,"opptPTS8":0}
{"_id":{"$oid":"5cb552f6e0f627212ff3bfd1"},"gmDate":"2018/4/1","offLNm3":"Richardson","offFNm3":"Derek","teamAbbr":"LAL","teamConf":"West","teamLoc":"Home","teamRslt":"Loss","teamPTS":83,"teamAST":18,"teamTO":15,"teamSTL":5,"teamBLK":6,"teamPF":15,"teamFGA":75,"teamFGM":30,"team2PA":43,"team2PM":23,"team3PA":32,"team3PM":7,"teamFTA":25,"teamFTM":16,"teamORB":10,"teamDRB":37,"teamPTS1":22,"teamPTS2":21,"teamPTS3":21,"teamPTS4":19,"teamPTS5":0,"teamPTS6":0,"teamPTS7":0,"teamPTS8":0,"opptAbbr":"SAC","opptConf":"West","opptLoc":"Away","opptRslt":"Win","opptPTS":84,"opptAST":17,"opptTO":10,"opptSTL":9,"opptBLK":5,"opptPF":20,"opptFGA":92,"opptFGM":35,"oppt2PA":68,"oppt2PM":28,"oppt3PA":24,"oppt3PM":7,"opptFTA":14,"opptFTM":7,"opptORB":13,"opptDRB":34,"opptPTS1":19,"opptPTS2":24,"opptPTS3":17,"opptPTS4":24,"opptPTS5":0,"opptPTS6":0,"opptPTS7":0,"opptPTS8":0}
{"_id":{"$oid":"5cb552f6e0f627212ff3bfdc"},"gmDate":"2018/4/3","offLNm3":"Van Duyne","offFNm3":"Justin","teamAbbr":"UTA","teamConf":"West","teamLoc":"Home","teamRslt":"Win","teamPTS":117,"teamAST":29,"teamTO":14,"teamSTL":10,"teamBLK":5,"teamPF":22,"teamFGA":89,"teamFGM":43,"team2PA":56,"team2PM":29,"team3PA":33,"team3PM":14,"teamFTA":27,"teamFTM":17,"teamORB":14,"teamDRB":33,"teamPTS1":24,"teamPTS2":41,"teamPTS3":30,"teamPTS4":22,"teamPTS5":0,"teamPTS6":0,"teamPTS7":0,"teamPTS8":0,"opptAbbr":"LAL","opptConf":"West","opptLoc":"Away","opptRslt":"Loss","opptPTS":110,"opptAST":23,"opptTO":16,"opptSTL":7,"opptBLK":5,"opptPF":23,"opptFGA":74,"opptFGM":36,"oppt2PA":46,"oppt2PM":22,"oppt3PA":28,"oppt3PM":14,"opptFTA":36,"opptFTM":24,"opptORB":7,"opptDRB":32,"opptPTS1":31,"opptPTS2":29,"opptPTS3":29,"opptPTS4":21,"opptPTS5":0,"opptPTS6":0,"opptPTS7":0,"opptPTS8":0}
{"_id":{"$oid":"5cb552f6e0f627212ff3bfe4"},"gmDate":"2018/4/4","offLNm3":"Stafford","offFNm3":"Derrick","teamAbbr":"LAL","teamConf":"West","teamLoc":"Home","teamRslt":"Win","teamPTS":122,"teamAST":32,"teamTO":14,"teamSTL":4,"teamBLK":4,"teamPF":22,"teamFGA":86,"teamFGM":47,"team2PA":62,"team2PM":34,"team3PA":24,"team3PM":13,"teamFTA":18,"teamFTM":15,"teamORB":4,"teamDRB":40,"teamPTS1":29,"teamPTS2":29,"teamPTS3":23,"teamPTS4":27,"teamPTS5":14,"teamPTS6":0,"teamPTS7":0,"teamPTS8":0,"opptAbbr":"SA","opptConf":"West","opptLoc":"Away","opptRslt":"Loss","opptPTS":112,"opptAST":25,"opptTO":10,"opptSTL":7,"opptBLK":5,"opptPF":20,"opptFGA":97,"opptFGM":42,"oppt2PA":74,"oppt2PM":33,"oppt3PA":23,"oppt3PM":9,"opptFTA":27,"opptFTM":19,"opptORB":15,"opptDRB":31,"opptPTS1":30,"opptPTS2":31,"opptPTS3":26,"opptPTS4":21,"opptPTS5":4,"opptPTS6":0,"opptPTS7":0,"opptPTS8":0}
{"_id":{"$oid":"5cb552f6e0f627212ff3bff4"},"gmDate":"2018/4/6","offLNm3":"Ayotte","offFNm3":"Mark","teamAbbr":"LAL","teamConf":"West","teamLoc":"Home","teamRslt":"Loss","teamPTS":96,"teamAST":16,"teamTO":21,"teamSTL":3,"teamBLK":2,"teamPF":21,"teamFGA":79,"teamFGM":31,"team2PA":55,"team2PM":23,"team3PA":24,"team3PM":8,"teamFTA":32,"teamFTM":26,"teamORB":13,"teamDRB":40,"teamPTS1":26,"teamPTS2":32,"teamPTS3":15,"teamPTS4":23,"teamPTS5":0,"teamPTS6":0,"teamPTS7":0,"teamPTS8":0,"opptAbbr":"MIN","opptConf":"West","opptLoc":"Away","opptRslt":"Win","opptPTS":113,"opptAST":25,"opptTO":5,"opptSTL":14,"opptBLK":8,"opptPF":24,"opptFGA":100,"opptFGM":43,"oppt2PA":74,"oppt2PM":35,"oppt3PA":26,"oppt3PM":8,"opptFTA":26,"opptFTM":19,"opptORB":18,"opptDRB":30,"opptPTS1":30,"opptPTS2":21,"opptPTS3":29,"opptPTS4":33,"opptPTS5":0,"opptPTS6":0,"opptPTS7":0,"opptPTS8":0}
{"_id":{"$oid":"5cb552f6e0f627212ff3bffe"},"gmDate":"2018/4/8","offLNm3":"Boland","offFNm3":"Matt","teamAbbr":"LAL","teamConf":"West","teamLoc":"Home","teamRslt":"Loss","teamPTS":97,"teamAST":20,"teamTO":14,"teamSTL":8,"teamBLK":4,"teamPF":22,"teamFGA":93,"teamFGM":37,"team2PA":68,"team2PM":32,"team3PA":25,"team3PM":5,"teamFTA":22,"teamFTM":18,"teamORB":12,"teamDRB":32,"teamPTS1":21,"teamPTS2":23,"teamPTS3":23,"teamPTS4":30,"teamPTS5":0,"teamPTS6":0,"teamPTS7":0,"teamPTS8":0,"opptAbbr":"UTA","opptConf":"West","opptLoc":"Away","opptRslt":"Win","opptPTS":112,"opptAST":35,"opptTO":18,"opptSTL":8,"opptBLK":4,"opptPF":24,"opptFGA":83,"opptFGM":42,"oppt2PA":47,"oppt2PM":29,"oppt3PA":36,"oppt3PM":13,"opptFTA":22,"opptFTM":15,"opptORB":7,"opptDRB":38,"opptPTS1":30,"opptPTS2":20,"opptPTS3":32,"opptPTS4":30,"opptPTS5":0,"opptPTS6":0,"opptPTS7":0,"opptPTS8":0}
{"_id":{"$oid":"5cb552f6e0f627212ff3c010"},"gmDate":"2018/4/10","offLNm3":"Davis","offFNm3":"Marc","teamAbbr":"LAL","teamConf":"West","teamLoc":"Home","teamRslt":"Loss","teamPTS":99,"teamAST":22,"teamTO":17,"teamSTL":14,"teamBLK":4,"teamPF":19,"teamFGA":90,"teamFGM":38,"team2PA":54,"team2PM":28,"team3PA":36,"team3PM":10,"teamFTA":15,"teamFTM":13,"teamORB":9,"teamDRB":38,"teamPTS1":16,"teamPTS2":32,"teamPTS3":27,"teamPTS4":24,"teamPTS5":0,"teamPTS6":0,"teamPTS7":0,"teamPTS8":0,"opptAbbr":"HOU","opptConf":"West","opptLoc":"Away","opptRslt":"Win","opptPTS":105,"opptAST":19,"opptTO":19,"opptSTL":9,"opptBLK":5,"opptPF":19,"opptFGA":88,"opptFGM":37,"oppt2PA":41,"oppt2PM":21,"oppt3PA":47,"oppt3PM":16,"opptFTA":16,"opptFTM":15,"opptORB":8,"opptDRB":41,"opptPTS1":23,"opptPTS2":33,"opptPTS3":26,"opptPTS4":23,"opptPTS5":0,"opptPTS6":0,"opptPTS7":0,"opptPTS8":0}
{"_id":{"$oid":"5cb552f6e0f627212ff3c01a"},"gmDate":"2018/4/11","offLNm3":"Richardson","offFNm3":"Derek","teamAbbr":"LAC","teamConf":"West","teamLoc":"Home","teamRslt":"Loss","teamPTS":100,"teamAST":27,"teamTO":17,"teamSTL":8,"teamBLK":1,"teamPF":17,"teamFGA":83,"teamFGM":41,"team2PA":65,"team2PM":35,"team3PA":18,"team3PM":6,"teamFTA":28,"teamFTM":12,"teamORB":8,"teamDRB":33,"teamPTS1":32,"teamPTS2":21,"teamPTS3":21,"teamPTS4":26,"teamPTS5":0,"teamPTS6":0,"teamPTS7":0,"teamPTS8":0,"opptAbbr":"LAL","opptConf":"West","opptLoc":"Away","opptRslt":"Win","opptPTS":115,"opptAST":25,"opptTO":17,"opptSTL":8,"opptBLK":6,"opptPF":23,"opptFGA":88,"opptFGM":42,"oppt2PA":49,"oppt2PM":25,"oppt3PA":39,"oppt3PM":17,"opptFTA":16,"opptFTM":14,"opptORB":10,"opptDRB":39,"opptPTS1":39,"opptPTS2":25,"opptPTS3":28,"opptPTS4":23,"opptPTS5":0,"opptPTS6":0,"opptPTS7":0,"opptPTS8":0}
