{"_id":{"$oid":"5cb552f6e0f627212ff3bb53"},"gmDate":"2017/10/18","offLNm3":"Corbin","offFNm3":"Sean","teamAbbr":"MEM","teamConf":"West","teamLoc":"Home","teamRslt":"Win","teamPTS":103,"teamAST":19,"teamTO":12,"teamSTL":9,"teamBLK":8,"teamPF":29,"teamFGA":92,"teamFGM":39,"team2PA":63,"team2PM":30,"team3PA":29,"team3PM":9,"teamFTA":28,"teamFTM":16,"teamORB":15,"teamDRB":30,"teamPTS1":27,"teamPTS2":27,"teamPTS3":25,"teamPTS4":24,"teamPTS5":0,"teamPTS6":0,"teamPTS7":0,"teamPTS8":0,"opptAbbr":"NO","opptConf":"West","opptLoc":"Away","opptRslt":"Loss","opptPTS":91,"opptAST":15,"opptTO":19,"opptSTL":4,"opptBLK":12,"opptPF":31,"opptFGA":79,"opptFGM":30,"oppt2PA":54,"oppt2PM":23,"oppt3PA":25,"oppt3PM":7,"opptFTA":29,"opptFTM":24,"opptORB":16,"opptDRB":35,"opptPTS1":34,"opptPTS2":18,"opptPTS3":18,"opptPTS4":21,"opptPTS5":0,"opptPTS6":0,"opptPTS7":0,"opptPTS8":0}
{"_id":{"$oid":"5cb552f6e0f627212ff3bb6c"},"gmDate":"2017/10/21","offLNm3":"Wall","offFNm3":"Scott","teamAbbr":"MEM","teamConf":"West","teamLoc":"Home","teamRslt":"Win","teamPTS":111,"teamAST":20,"teamTO":14,"teamSTL":8,"teamBLK":4,"teamPF":25,"teamFGA":77,"teamFGM":36,"team2PA":50,"team2PM":26,"team3PA":27,"team3PM":10,"teamFTA":37,"teamFTM":29,"teamORB":6,"teamDRB":34,"teamPTS1":31,"teamPTS2":25,"teamPTS3":32,"teamPTS4":23,"teamPTS5":0,"teamPTS6":0,"teamPTS7":0,"teamPTS8":0,"opptAbbr":"GS","opptConf":"West","opptLoc":"Away","opptRslt":"Loss","opptPTS":101,"opptAST":20,"opptTO":17,"opptSTL":10,"opptBLK":7,"opptPF":28,"opptFGA":84,"opptFGM":33,"oppt2PA":46,"oppt2PM":21,"oppt3PA":38,"oppt3PM":12,"opptFTA":27,"opptFTM":23,"opptORB":12,"opptDRB":34,"opptPTS1":26,"opptPTS2":25,"opptPTS3":20,"opptPTS4":30,"opptPTS5":0,"opptPTS6":0,"opptPTS7":0,"opptPTS8":0}
{"_id":{"$oid":"5cb552f6e0f627212ff3bb78"},"gmDate":"2017/10/23","offLNm3":"Blair","offFNm3":"Curtis","teamAbbr":"HOU","teamConf":"West","teamLoc":"Home","teamRslt":"Loss","teamPTS":90,"teamAST":25,"teamTO":18,"teamSTL":5,"teamBLK":2,"teamPF":31,"teamFGA":77,"teamFGM":32,"team2PA":39,"team2PM":23,"team3PA":38,"team3PM":9,"teamFTA":23,"teamFTM":17,"teamORB":9,"teamDRB":30,"teamPTS1":26,"teamPTS2":31,"teamPTS3":19,"teamPTS4":14,"teamPTS5":0,"teamPTS6":0,"teamPTS7":0,"teamPTS8":0,"opptAbbr":"MEM","opptConf":"West","opptLoc":"Away","opptRslt":"Win","opptPTS":98,"opptAST":16,"opptTO":12,"opptSTL":6,"opptBLK":2,"opptPF":21,"opptFGA":68,"opptFGM":29,"oppt2PA":49,"oppt2PM":23,"oppt3PA":19,"oppt3PM":6,"opptFTA":37,"opptFTM":34,"opptORB":3,"opptDRB":35,"opptPTS1":24,"opptPTS2":26,"opptPTS3":20,"opptPTS4":28,"opptPTS5":0,"opptPTS6":0,"opptPTS7":0,"opptPTS8":0}
{"_id":{"$oid":"5cb552f6e0f627212ff3bb8a"},"gmDate":"2017/10/25","offLNm3":"Fraher","offFNm3":"Pat","teamAbbr":"DAL","teamConf":"West","teamLoc":"Home","teamRslt":"Win","teamPTS":103,"teamAST":20,"teamTO":11,"teamSTL":6,"teamBLK":4,"teamPF":20,"teamFGA":74,"teamFGM":36,"team2PA":48,"team2PM":25,"team3PA":26,"team3PM":11,"teamFTA":29,"teamFTM":20,"teamORB":4,"teamDRB":31,"teamPTS1":32,"teamPTS2":25,"teamPTS3":22,"teamPTS4":24,"teamPTS5":0,"teamPTS6":0,"teamPTS7":0,"teamPTS8":0,"opptAbbr":"MEM","opptConf":"West","opptLoc":"Away","opptRslt":"Loss","opptPTS":94,"opptAST":14,"opptTO":18,"opptSTL":7,"opptBLK":2,"opptPF":22,"opptFGA":72,"opptFGM":33,"oppt2PA":41,"oppt2PM":21,"oppt3PA":31,"oppt3PM":12,"opptFTA":24,"opptFTM":16,"opptORB":6,"opptDRB":30,"opptPTS1":18,"opptPTS2":31,"opptPTS3":23,"opptPTS4":22,"opptPTS5":0,"opptPTS6":0,"opptPTS7":0,"opptPTS8":0}
{"_id":{"$oid":"5cb552f6e0f627212ff3bb8f"},"gmDate":"2017/10/26","offLNm3":"Lewis","offFNm3":"Eric","teamAbbr":"MEM","teamConf":"West","teamLoc":"Home","teamRslt":"Win","teamPTS":96,"teamAST":18,"teamTO":18,"teamSTL":7,"teamBLK":6,"teamPF":23,"teamFGA":73,"teamFGM":30,"team2PA":39,"team2PM":20,"team3PA":34,"team3PM":10,"teamFTA":30,"teamFTM":26,"teamORB":9,"teamDRB":37,"teamPTS1":28,"teamPTS2":26,"teamPTS3":22,"teamPTS4":20,"teamPTS5":0,"teamPTS6":0,"teamPTS7":0,"teamPTS8":0,"opptAbbr":"DAL","opptConf":"West","opptLoc":"Away","opptRslt":"Loss","opptPTS":91,"opptAST":20,"opptTO":14,"opptSTL":10,"opptBLK":3,"opptPF":22,"opptFGA":94,"opptFGM":32,"oppt2PA":60,"oppt2PM":22,"oppt3PA":34,"oppt3PM":10,"opptFTA":20,"opptFTM":17,"opptORB":18,"opptDRB":35,"opptPTS1":14,"opptPTS2":21,"opptPTS3":33,"opptPTS4":23,"opptPTS5":0,"opptPTS6":0,"opptPTS7":0,"opptPTS8":0}
{"_id":{"$oid":"5cb552f6e0f627212ff3bb9c"},"gmDate":"2017/10/28","offLNm3":"Capers","offFNm3":"James","teamAbbr":"MEM","teamConf":"West","teamLoc":"Home","teamRslt":"Win","teamPTS":103,"teamAST":26,"teamTO":9,"teamSTL":10,"teamBLK":6,"teamPF":20,"teamFGA":85,"teamFGM":40,"team2PA":52,"team2PM":26,"team3PA":33,"team3PM":14,"teamFTA":12,"teamFTM":9,"teamORB":6,"teamDRB":36,"teamPTS1":30,"teamPTS2":24,"teamPTS3":27,"teamPTS4":22,"teamPTS5":0,"teamPTS6":0,"teamPTS7":0,"teamPTS8":0,"opptAbbr":"HOU","opptConf":"West","opptLoc":"Away","opptRslt":"Loss","opptPTS":89,"opptAST":18,"opptTO":19,"opptSTL":4,"opptBLK":3,"opptPF":23,"opptFGA":77,"opptFGM":29,"oppt2PA":39,"oppt2PM":15,"oppt3PA":38,"oppt3PM":14,"opptFTA":21,"opptFTM":17,"opptORB":8,"opptDRB":35,"opptPTS1":32,"opptPTS2":17,"opptPTS3":23,"opptPTS4":17,"opptPTS5":0,"opptPTS6":0,"opptPTS7":0,"opptPTS8":0}
{"_id":{"$oid":"5cb552f6e0f627212ff3bbad"},"gmDate":"2017/10/30","offLNm3":"Boland","offFNm3":"Matt","teamAbbr":"MEM","teamConf":"West","teamLoc":"Home","teamRslt":"Loss","teamPTS":99,"teamAST":17,"teamTO":7,"teamSTL":7,"teamBLK":8,"teamPF":22,"teamFGA":93,"teamFGM":32,"team2PA":58,"team2PM":24,"team3PA":35,"team3PM":8,"teamFTA":33,"teamFTM":27,"teamORB":11,"teamDRB":37,"teamPTS1":31,"teamPTS2":26,"teamPTS3":25,"teamPTS4":17,"teamPTS5":0,"teamPTS6":0,"teamPTS7":0,"teamPTS8":0,"opptAbbr":"CHA","opptConf":"East","opptLoc":"Away","opptRslt":"Win","opptPTS":104,"opptAST":15,"opptTO":12,"opptSTL":3,"opptBLK":7,"opptPF":22,"opptFGA":89,"opptFGM":37,"oppt2PA":72,"oppt2PM":30,"oppt3PA":17,"oppt3PM":7,"opptFTA":29,"opptFTM":23,"opptORB":10,"opptDRB":46,"opptPTS1":31,"opptPTS2":20,"opptPTS3":22,"opptPTS4":31,"opptPTS5":0,"opptPTS6":0,"opptPTS7":0,"opptPTS8":0}
{"_id":{"$oid":"5cb552f6e0f627212ff3bbbb"},"gmDate":"2017/11/1","offLNm3":"Callahan","offFNm3":"Mike","teamAbbr":"MEM","teamConf":"West","teamLoc":"Home","teamRslt":"Loss","teamPTS":99,"teamAST":21,"teamTO":15,"teamSTL":12,"teamBLK":3,"teamPF":16,"teamFGA":82,"teamFGM":39,"team2PA":52,"team2PM":29,"team3PA":30,"team3PM":10,"teamFTA":16,"teamFTM":11,"teamORB":5,"teamDRB":26,"teamPTS1":26,"teamPTS2":28,"teamPTS3":21,"teamPTS4":24,"teamPTS5":0,"teamPTS6":0,"teamPTS7":0,"teamPTS8":0,"opptAbbr":"ORL","opptConf":"East","opptLoc":"Away","opptRslt":"Win","opptPTS":101,"opptAST":25,"opptTO":24,"opptSTL":6,"opptBLK":8,"opptPF":22,"opptFGA":75,"opptFGM":38,"oppt2PA":46,"oppt2PM":25,"oppt3PA":29,"oppt3PM":13,"opptFTA":14,"opptFTM":12,"opptORB":6,"opptDRB":32,"opptPTS1":23,"opptPTS2":31,"opptPTS3":27,"opptPTS4":20,"opptPTS5":0,"opptPTS6":0,"opptPTS7":0,"opptPTS8":0}
{"_id":{"$oid":"5cb552f6e0f627212ff3bbd1"},"gmDate":"2017/11/4","offLNm3":"Mauer","offFNm3":"Ken","teamAbbr":"LAC","teamConf":"West","teamLoc":"Home","teamRslt":"Loss","teamPTS":104,"teamAST":18,"teamTO":13,"teamSTL":7,"teamBLK":7,"teamPF":22,"teamFGA":83,"teamFGM":38,"team2PA":57,"team2PM":34,"team3PA":26,"team3PM":4,"teamFTA":31,"teamFTM":24,"teamORB":15,"teamDRB":28,"teamPTS1":25,"teamPTS2":31,"teamPTS3":24,"teamPTS4":24,"teamPTS5":0,"teamPTS6":0,"teamPTS7":0,"teamPTS8":0,"opptAbbr":"MEM","opptConf":"West","opptLoc":"Away","opptRslt":"Win","opptPTS":113,"opptAST":21,"opptTO":12,"opptSTL":8,"opptBLK":7,"opptPF":28,"opptFGA":84,"opptFGM":40,"oppt2PA":53,"oppt2PM":27,"oppt3PA":31,"oppt3PM":13,"opptFTA":24,"opptFTM":20,"opptORB":9,"opptDRB":30,"opptPTS1":27,"opptPTS2":33,"opptPTS3":27,"opptPTS4":26,"opptPTS5":0,"opptPTS6":0,"opptPTS7":0,"opptPTS8":0}
{"_id":{"$oid":"5cb552f6e0f627212ff3bbde"},"gmDate":"2017/11/5","offLNm3":"Sterling","offFNm3":"Jonathan","teamAbbr":"LAL","teamConf":"West","teamLoc":"Home","teamRslt":"Win","teamPTS":107,"teamAST":25,"teamTO":19,"teamSTL":5,"teamBLK":4,"teamPF":16,"teamFGA":85,"teamFGM":40,"team2PA":58,"team2PM":31,"team3PA":27,"team3PM":9,"teamFTA":23,"teamFTM":18,"teamORB":8,"teamDRB":38,"teamPTS1":27,"teamPTS2":35,"teamPTS3":26,"teamPTS4":19,"teamPTS5":0,"teamPTS6":0,"teamPTS7":0,"teamPTS8":0,"opptAbbr":"MEM","opptConf":"West","opptLoc":"Away","opptRslt":"Loss","opptPTS":102,"opptAST":23,"opptTO":12,"opptSTL":6,"opptBLK":7,"opptPF":22,"opptFGA":87,"opptFGM":40,"oppt2PA":50,"oppt2PM":29,"oppt3PA":37,"oppt3PM":11,"opptFTA":14,"opptFTM":11,"opptORB":6,"opptDRB":33,"opptPTS1":24,"opptPTS2":30,"opptPTS3":16,"opptPTS4":32,"opptPTS5":0,"opptPTS6":0,"opptPTS7":0,"opptPTS8":0}
{"_id":{"$oid":"5cb552f6e0f627212ff3bbea"},"gmDate":"2017/11/7","offLNm3":"Fraher","offFNm3":"Pat","teamAbbr":"POR","teamConf":"West","teamLoc":"Home","teamRslt":"Loss","teamPTS":97,"teamAST":11,"teamTO":16,"teamSTL":9,"teamBLK":1,"teamPF":18,"teamFGA":81,"teamFGM":36,"team2PA":62,"team2PM":30,"team3PA":19,"team3PM":6,"teamFTA":20,"teamFTM":19,"teamORB":10,"teamDRB":32,"teamPTS1":21,"teamPTS2":29,"teamPTS3":21,"teamPTS4":26,"teamPTS5":0,"teamPTS6":0,"teamPTS7":0,"teamPTS8":0,"opptAbbr":"MEM","opptConf":"West","opptLoc":"Away","opptRslt":"Win","opptPTS":98,"opptAST":18,"opptTO":15,"opptSTL":8,"opptBLK":10,"opptPF":21,"opptFGA":73,"opptFGM":35,"oppt2PA":54,"oppt2PM":28,"oppt3PA":19,"oppt3PM":7,"opptFTA":25,"opptFTM":21,"opptORB":5,"opptDRB":29,"opptPTS1":23,"opptPTS2":24,"opptPTS3":27,"opptPTS4":24,"opptPTS5":0,"opptPTS6":0,"opptPTS7":0,"opptPTS8":0}
{"_id":{"$oid":"5cb552f6e0f627212ff3bc00"},"gmDate":"2017/11/11","offLNm3":"Washington","offFNm3":"Tom","teamAbbr":"HOU","teamConf":"West","teamLoc":"Home","teamRslt":"Win","teamPTS":111,"teamAST":18,"teamTO":16,"teamSTL":14,"teamBLK":4,"teamPF":19,"teamFGA":83,"teamFGM":37,"team2PA":38,"team2PM":21,"team3PA":45,"team3PM":16,"teamFTA":28,"teamFTM":21,"teamORB":11,"teamDRB":35,"teamPTS1":33,"teamPTS2":29,"teamPTS3":31,"teamPTS4":18,"teamPTS5":0,"teamPTS6":0,"teamPTS7":0,"teamPTS8":0,"opptAbbr":"MEM","opptConf":"West","opptLoc":"Away","opptRslt":"Loss","opptPTS":96,"opptAST":23,"opptTO":20,"opptSTL":9,"opptBLK":5,"opptPF":20,"opptFGA":79,"opptFGM":38,"oppt2PA":59,"oppt2PM":32,"oppt3PA":20,"oppt3PM":6,"opptFTA":18,"opptFTM":14,"opptORB":5,"opptDRB":36,"opptPTS1":22,"opptPTS2":28,"opptPTS3":20,"opptPTS4":26,"opptPTS5":0,"opptPTS6":0,"opptPTS7":0,"opptPTS8":0}
{"_id":{"$oid":"5cb552f6e0f627212ff3bc0f"},"gmDate":"2017/11/13","offLNm3":"Collins","offFNm3":"Derrick","teamAbbr":"MIL","teamConf":"East","teamLoc":"Home","teamRslt":"Win","teamPTS":110,"teamAST":23,"teamTO":10,"teamSTL":6,"teamBLK":5,"teamPF":19,"teamFGA":82,"teamFGM":40,"team2PA":60,"team2PM":28,"team3PA":22,"team3PM":12,"teamFTA":25,"teamFTM":18,"teamORB":10,"teamDRB":26,"teamPTS1":34,"teamPTS2":26,"teamPTS3":24,"teamPTS4":26,"teamPTS5":0,"teamPTS6":0,"teamPTS7":0,"teamPTS8":0,"opptAbbr":"MEM","opptConf":"West","opptLoc":"Away","opptRslt":"Loss","opptPTS":103,"opptAST":21,"opptTO":15,"opptSTL":5,"opptBLK":1,"opptPF":25,"opptFGA":76,"opptFGM":37,"oppt2PA":50,"oppt2PM":26,"oppt3PA":26,"oppt3PM":11,"opptFTA":21,"opptFTM":18,"opptORB":8,"opptDRB":29,"opptPTS1":29,"opptPTS2":36,"opptPTS3":12,"opptPTS4":26,"opptPTS5":0,"opptPTS6":0,"opptPTS7":0,"opptPTS8":0}
{"_id":{"$oid":"5cb552f6e0f627212ff3bc1d"},"gmDate":"2017/11/15","offLNm3":"Sterling","offFNm3":"Jonathan","teamAbbr":"MEM","teamConf":"West","teamLoc":"Home","teamRslt":"Loss","teamPTS":113,"teamAST":29,"teamTO":15,"teamSTL":5,"teamBLK":10,"teamPF":19,"teamFGA":86,"teamFGM":44,"team2PA":54,"team2PM":36,"team3PA":32,"team3PM":8,"teamFTA":22,"teamFTM":17,"teamORB":11,"teamDRB":32,"teamPTS1":25,"teamPTS2":28,"teamPTS3":31,"teamPTS4":29,"teamPTS5":0,"teamPTS6":0,"teamPTS7":0,"teamPTS8":0,"opptAbbr":"IND","opptConf":"East","opptLoc":"Away","opptRslt":"Win","opptPTS":116,"opptAST":29,"opptTO":12,"opptSTL":6,"opptBLK":6,"opptPF":17,"opptFGA":85,"opptFGM":43,"oppt2PA":61,"oppt2PM":31,"oppt3PA":24,"oppt3PM":12,"opptFTA":20,"opptFTM":18,"opptORB":5,"opptDRB":31,"opptPTS1":34,"opptPTS2":33,"opptPTS3":30,"opptPTS4":19,"opptPTS5":0,"opptPTS6":0,"opptPTS7":0,"opptPTS8":0}
{"_id":{"$oid":"5cb552f6e0f627212ff3bc35"},"gmDate":"2017/11/18","offLNm3":"Brown","offFNm3":"Tony","teamAbbr":"MEM","teamConf":"West","teamLoc":"Home","teamRslt":"Loss","teamPTS":83,"teamAST":18,"teamTO":13,"teamSTL":6,"teamBLK":7,"teamPF":18,"teamFGA":86,"teamFGM":31,"team2PA":59,"team2PM":24,"team3PA":27,"team3PM":7,"teamFTA":19,"teamFTM":14,"teamORB":15,"teamDRB":33,"teamPTS1":25,"teamPTS2":25,"teamPTS3":17,"teamPTS4":16,"teamPTS5":0,"teamPTS6":0,"teamPTS7":0,"teamPTS8":0,"opptAbbr":"HOU","opptConf":"West","opptLoc":"Away","opptRslt":"Win","opptPTS":105,"opptAST":21,"opptTO":16,"opptSTL":8,"opptBLK":9,"opptPF":24,"opptFGA":78,"opptFGM":35,"oppt2PA":35,"oppt2PM":17,"oppt3PA":43,"oppt3PM":18,"opptFTA":21,"opptFTM":17,"opptORB":9,"opptDRB":36,"opptPTS1":33,"opptPTS2":26,"opptPTS3":23,"opptPTS4":23,"opptPTS5":0,"opptPTS6":0,"opptPTS7":0,"opptPTS8":0}
{"_id":{"$oid":"5cb552f6e0f627212ff3bc43"},"gmDate":"2017/11/20","offLNm3":"Brothers","offFNm3":"Tony","teamAbbr":"MEM","teamConf":"West","teamLoc":"Home","teamRslt":"Loss","teamPTS":92,"teamAST":23,"teamTO":8,"teamSTL":6,"teamBLK":9,"teamPF":26,"teamFGA":86,"teamFGM":33,"team2PA":56,"team2PM":25,"team3PA":30,"team3PM":8,"teamFTA":23,"teamFTM":18,"teamORB":5,"teamDRB":30,"teamPTS1":24,"teamPTS2":22,"teamPTS3":25,"teamPTS4":21,"teamPTS5":0,"teamPTS6":0,"teamPTS7":0,"teamPTS8":0,"opptAbbr":"POR","opptConf":"West","opptLoc":"Away","opptRslt":"Win","opptPTS":100,"opptAST":11,"opptTO":17,"opptSTL":1,"opptBLK":9,"opptPF":23,"opptFGA":83,"opptFGM":33,"oppt2PA":68,"oppt2PM":27,"oppt3PA":15,"oppt3PM":6,"opptFTA":32,"opptFTM":28,"opptORB":15,"opptDRB":45,"opptPTS1":23,"opptPTS2":32,"opptPTS3":17,"opptPTS4":28,"opptPTS5":0,"opptPTS6":0,"opptPTS7":0,"opptPTS8":0}
{"_id":{"$oid":"5cb552f6e0f627212ff3bc51"},"gmDate":"2017/11/22","offLNm3":"Malloy","offFNm3":"Ed","teamAbbr":"MEM","teamConf":"West","teamLoc":"Home","teamRslt":"Loss","teamPTS":94,"teamAST":25,"teamTO":17,"teamSTL":7,"teamBLK":6,"teamPF":25,"teamFGA":81,"teamFGM":37,"team2PA":52,"team2PM":30,"team3PA":29,"team3PM":7,"teamFTA":14,"teamFTM":13,"teamORB":6,"teamDRB":46,"teamPTS1":27,"teamPTS2":29,"teamPTS3":16,"teamPTS4":22,"teamPTS5":0,"teamPTS6":0,"teamPTS7":0,"teamPTS8":0,"opptAbbr":"DAL","opptConf":"West","opptLoc":"Away","opptRslt":"Win","opptPTS":95,"opptAST":23,"opptTO":8,"opptSTL":9,"opptBLK":2,"opptPF":14,"opptFGA":91,"opptFGM":39,"oppt2PA":63,"oppt2PM":30,"oppt3PA":28,"oppt3PM":9,"opptFTA":16,"opptFTM":8,"opptORB":4,"opptDRB":36,"opptPTS1":12,"opptPTS2":27,"opptPTS3":35,"opptPTS4":21,"opptPTS5":0,"opptPTS6":0,"opptPTS7":0,"opptPTS8":0}
{"_id":{"$oid":"5cb552f6e0f627212ff3bc5e"},"gmDate":"2017/11/24","offLNm3":"Spooner","offFNm3":"Bill","teamAbbr":"DEN","teamConf":"West","teamLoc":"Home","teamRslt":"Win","teamPTS":104,"teamAST":24,"teamTO":21,"teamSTL":9,"teamBLK":4,"teamPF":18,"teamFGA":79,"teamFGM":40,"team2PA":47,"team2PM":31,"team3PA":32,"team3PM":9,"teamFTA":26,"teamFTM":15,"teamORB":15,"teamDRB":35,"teamPTS1":27,"teamPTS2":34,"teamPTS3":15,"teamPTS4":28,"teamPTS5":0,"teamPTS6":0,"teamPTS7":0,"teamPTS8":0,"opptAbbr":"MEM","opptConf":"West","opptLoc":"Away","opptRslt":"Loss","opptPTS":92,"opptAST":28,"opptTO":18,"opptSTL":10,"opptBLK":3,"opptPF":21,"opptFGA":73,"opptFGM":36,"oppt2PA":49,"oppt2PM":27,"oppt3PA":24,"oppt3PM":9,"opptFTA":16,"opptFTM":11,"opptORB":3,"opptDRB":20,"opptPTS1":18,"opptPTS2":27,"opptPTS3":29,"opptPTS4":18,"opptPTS5":0,"opptPTS6":0,"opptPTS7":0,"opptPTS8":0}
{"_id":{"$oid":"5cb552f6e0f627212ff3bc6e"},"gmDate":"2017/11/26","offLNm3":"Boland","offFNm3":"Matt","teamAbbr":"MEM","teamConf":"West","teamLoc":"Home","teamRslt":"Loss","teamPTS":88,"teamAST":15,"teamTO":14,"teamSTL":8,"teamBLK":3,"teamPF":24,"teamFGA":80,"teamFGM":32,"team2PA":55,"team2PM":24,"team3PA":25,"team3PM":8,"teamFTA":18,"teamFTM":16,"teamORB":11,"teamDRB":24,"teamPTS1":22,"teamPTS2":25,"teamPTS3":18,"teamPTS4":23,"teamPTS5":0,"teamPTS6":0,"teamPTS7":0,"teamPTS8":0,"opptAbbr":"BKN","opptConf":"East","opptLoc":"Away","opptRslt":"Win","opptPTS":98,"opptAST":19,"opptTO":19,"opptSTL":7,"opptBLK":7,"opptPF":22,"opptFGA":74,"opptFGM":33,"oppt2PA":45,"oppt2PM":20,"oppt3PA":29,"oppt3PM":13,"opptFTA":23,"opptFTM":19,"opptORB":12,"opptDRB":31,"opptPTS1":19,"opptPTS2":28,"opptPTS3":32,"opptPTS4":19,"opptPTS5":0,"opptPTS6":0,"opptPTS7":0,"opptPTS8":0}
{"_id":{"$oid":"5cb552f6e0f627212ff3bc84"},"gmDate":"2017/11/29","offLNm3":"Capers","offFNm3":"James","teamAbbr":"SA","teamConf":"West","teamLoc":"Home","teamRslt":"Win","teamPTS":104,"teamAST":22,"teamTO":12,"teamSTL":9,"teamBLK":5,"teamPF":17,"teamFGA":75,"teamFGM":38,"team2PA":55,"team2PM":30,"team3PA":20,"team3PM":8,"teamFTA":24,"teamFTM":20,"teamORB":5,"teamDRB":27,"teamPTS1":28,"teamPTS2":30,"teamPTS3":21,"teamPTS4":25,"teamPTS5":0,"teamPTS6":0,"teamPTS7":0,"teamPTS8":0,"opptAbbr":"MEM","opptConf":"West","opptLoc":"Away","opptRslt":"Loss","opptPTS":95,"opptAST":21,"opptTO":17,"opptSTL":4,"opptBLK":1,"opptPF":19,"opptFGA":77,"opptFGM":35,"oppt2PA":55,"oppt2PM":24,"oppt3PA":22,"oppt3PM":11,"opptFTA":16,"opptFTM":14,"opptORB":11,"opptDRB":26,"opptPTS1":21,"opptPTS2":28,"opptPTS3":24,"opptPTS4":22,"opptPTS5":0,"opptPTS6":0,"opptPTS7":0,"opptPTS8":0}
{"_id":{"$oid":"5cb552f6e0f627212ff3bc8f"},"gmDate":"2017/12/1","offLNm3":"Wall","offFNm3":"Scott","teamAbbr":"MEM","teamConf":"West","teamLoc":"Home","teamRslt":"Loss","teamPTS":79,"teamAST":19,"teamTO":16,"teamSTL":8,"teamBLK":7,"teamPF":26,"teamFGA":74,"teamFGM":30,"team2PA":59,"team2PM":25,"team3PA":15,"team3PM":5,"teamFTA":18,"teamFTM":14,"teamORB":8,"teamDRB":30,"teamPTS1":18,"teamPTS2":20,"teamPTS3":21,"teamPTS4":20,"teamPTS5":0,"teamPTS6":0,"teamPTS7":0,"teamPTS8":0,"opptAbbr":"SA","opptConf":"West","opptLoc":"Away","opptRslt":"Win","opptPTS":95,"opptAST":20,"opptTO":15,"opptSTL":8,"opptBLK":5,"opptPF":18,"opptFGA":70,"opptFGM":31,"oppt2PA":43,"oppt2PM":20,"oppt3PA":27,"oppt3PM":11,"opptFTA":32,"opptFTM":22,"opptORB":7,"opptDRB":36,"opptPTS1":24,"opptPTS2":23,"opptPTS3":21,"opptPTS4":27,"opptPTS5":0,"opptPTS6":0,"opptPTS7":0,"opptPTS8":0}
{"_id":{"$oid":"5cb552f6e0f627212ff3bc96"},"gmDate":"2017/12/2","offLNm3":"Stafford","offFNm3":"Derrick","teamAbbr":"CLE","teamConf":"East","teamLoc":"Home","teamRslt":"Win","teamPTS":116,"teamAST":24,"teamTO":11,"teamSTL":8,"teamBLK":7,"teamPF":14,"teamFGA":75,"teamFGM":42,"team2PA":51,"team2PM":31,"team3PA":24,"team3PM":11,"teamFTA":23,"teamFTM":21,"teamORB":1,"teamDRB":30,"teamPTS1":28,"teamPTS2":38,"teamPTS3":27,"teamPTS4":23,"teamPTS5":0,"teamPTS6":0,"teamPTS7":0,"teamPTS8":0,"opptAbbr":"MEM","opptConf":"West","opptLoc":"Away","opptRslt":"Loss","opptPTS":111,"opptAST":31,"opptTO":13,"opptSTL":6,"opptBLK":4,"opptPF":19,"opptFGA":84,"opptFGM":43,"oppt2PA":61,"oppt2PM":30,"oppt3PA":23,"oppt3PM":13,"opptFTA":14,"opptFTM":12,"opptORB":6,"opptDRB":30,"opptPTS1":32,"opptPTS2":20,"opptPTS3":30,"opptPTS4":29,"opptPTS5":0,"opptPTS6":0,"opptPTS7":0,"opptPTS8":0}
{"_id":{"$oid":"5cb552f6e0f627212ff3bca6"},"gmDate":"2017/12/4","offLNm3":"Callahan","offFNm3":"Mike","teamAbbr":"MEM","teamConf":"West","teamLoc":"Home","teamRslt":"Win","teamPTS":95,"teamAST":22,"teamTO":16,"teamSTL":6,"teamBLK":8,"teamPF":22,"teamFGA":72,"teamFGM":34,"team2PA":51,"team2PM":28,"team3PA":21,"team3PM":6,"teamFTA":24,"teamFTM":21,"teamORB":6,"teamDRB":35,"teamPTS1":29,"teamPTS2":27,"teamPTS3":20,"teamPTS4":19,"teamPTS5":0,"teamPTS6":0,"teamPTS7":0,"teamPTS8":0,"opptAbbr":"MIN","opptConf":"West","opptLoc":"Away","opptRslt":"Loss","opptPTS":92,"opptAST":17,"opptTO":9,"opptSTL":9,"opptBLK":2,"opptPF":16,"opptFGA":79,"opptFGM":35,"oppt2PA":62,"oppt2PM":31,"oppt3PA":17,"oppt3PM":4,"opptFTA":19,"opptFTM":18,"opptORB":7,"opptDRB":27,"opptPTS1":26,"opptPTS2":27,"opptPTS3":22,"opptPTS4":17,"opptPTS5":0,"opptPTS6":0,"opptPTS7":0,"opptPTS8":0}
{"_id":{"$oid":"5cb552f6e0f627212ff3bcb2"},"gmDate":"2017/12/6","offLNm3":"Brown","offFNm3":"Tony","teamAbbr":"NY","teamConf":"East","teamLoc":"Home","teamRslt":"Win","teamPTS":99,"teamAST":22,"teamTO":19,"teamSTL":8,"teamBLK":3,"teamPF":21,"teamFGA":67,"teamFGM":35,"team2PA":53,"team2PM":26,"team3PA":14,"team3PM":9,"teamFTA":27,"teamFTM":20,"teamORB":10,"teamDRB":32,"teamPTS1":23,"teamPTS2":26,"teamPTS3":27,"teamPTS4":23,"teamPTS5":0,"teamPTS6":0,"teamPTS7":0,"teamPTS8":0,"opptAbbr":"MEM","opptConf":"West","opptLoc":"Away","opptRslt":"Loss","opptPTS":88,"opptAST":14,"opptTO":15,"opptSTL":8,"opptBLK":5,"opptPF":24,"opptFGA":70,"opptFGM":29,"oppt2PA":42,"oppt2PM":17,"oppt3PA":28,"oppt3PM":12,"opptFTA":22,"opptFTM":18,"opptORB":4,"opptDRB":23,"opptPTS1":32,"opptPTS2":17,"opptPTS3":18,"opptPTS4":21,"opptPTS5":0,"opptPTS6":0,"opptPTS7":0,"opptPTS8":0}
{"_id":{"$oid":"5cb552f6e0f627212ff3bcc0"},"gmDate":"2017/12/8","offLNm3":"Smith","offFNm3":"Michael","teamAbbr":"MEM","teamConf":"West","teamLoc":"Home","teamRslt":"Loss","teamPTS":107,"teamAST":24,"teamTO":17,"teamSTL":8,"teamBLK":3,"teamPF":25,"teamFGA":82,"teamFGM":41,"team2PA":55,"team2PM":32,"team3PA":27,"team3PM":9,"teamFTA":22,"teamFTM":16,"teamORB":11,"teamDRB":24,"teamPTS1":34,"teamPTS2":28,"teamPTS3":31,"teamPTS4":14,"teamPTS5":0,"teamPTS6":0,"teamPTS7":0,"teamPTS8":0,"opptAbbr":"TOR","opptConf":"East","opptLoc":"Away","opptRslt":"Win","opptPTS":116,"opptAST":21,"opptTO":11,"opptSTL":8,"opptBLK":3,"opptPF":23,"opptFGA":78,"opptFGM":37,"oppt2PA":47,"oppt2PM":24,"oppt3PA":31,"oppt3PM":13,"opptFTA":33,"opptFTM":29,"opptORB":10,"opptDRB":26,"opptPTS1":25,"opptPTS2":32,"opptPTS3":35,"opptPTS4":24,"opptPTS5":0,"opptPTS6":0,"opptPTS7":0,"opptPTS8":0}
{"_id":{"$oid":"5cb552f6e0f627212ff3bccb"},"gmDate":"2017/12/9","offLNm3":"Capers","offFNm3":"James","teamAbbr":"MEM","teamConf":"West","teamLoc":"Home","teamRslt":"Loss","teamPTS":101,"teamAST":23,"teamTO":15,"teamSTL":5,"teamBLK":5,"teamPF":30,"teamFGA":88,"teamFGM":39,"team2PA":55,"team2PM":26,"team3PA":33,"team3PM":13,"teamFTA":17,"teamFTM":10,"teamORB":13,"teamDRB":35,"teamPTS1":34,"teamPTS2":23,"teamPTS3":9,"teamPTS4":26,"teamPTS5":9,"teamPTS6":0,"teamPTS7":0,"teamPTS8":0,"opptAbbr":"OKC","opptConf":"West","opptLoc":"Away","opptRslt":"Win","opptPTS":102,"opptAST":18,"opptTO":10,"opptSTL":8,"opptBLK":5,"opptPF":21,"opptFGA":92,"opptFGM":36,"oppt2PA":58,"oppt2PM":24,"oppt3PA":34,"oppt3PM":12,"opptFTA":31,"opptFTM":18,"opptORB":16,"opptDRB":30,"opptPTS1":19,"opptPTS2":27,"opptPTS3":21,"opptPTS4":25,"opptPTS5":10,"opptPTS6":0,"opptPTS7":0,"opptPTS8":0}
{"_id":{"$oid":"5cb552f6e0f627212ff3bcd6"},"gmDate":"2017/12/11","offLNm3":"Davis","offFNm3":"Marc","teamAbbr":"MEM","teamConf":"West","teamLoc":"Home","teamRslt":"Loss","teamPTS":82,"teamAST":17,"teamTO":15,"teamSTL":6,"teamBLK":1,"teamPF":22,"teamFGA":72,"teamFGM":28,"team2PA":45,"team2PM":20,"team3PA":27,"team3PM":8,"teamFTA":27,"teamFTM":18,"teamORB":6,"teamDRB":25,"teamPTS1":23,"teamPTS2":19,"teamPTS3":18,"teamPTS4":22,"teamPTS5":0,"teamPTS6":0,"teamPTS7":0,"teamPTS8":0,"opptAbbr":"MIA","opptConf":"East","opptLoc":"Away","opptRslt":"Win","opptPTS":107,"opptAST":24,"opptTO":14,"opptSTL":8,"opptBLK":8,"opptPF":22,"opptFGA":66,"opptFGM":37,"oppt2PA":39,"oppt2PM":23,"oppt3PA":27,"oppt3PM":14,"opptFTA":24,"opptFTM":19,"opptORB":2,"opptDRB":33,"opptPTS1":21,"opptPTS2":24,"opptPTS3":25,"opptPTS4":37,"opptPTS5":0,"opptPTS6":0,"opptPTS7":0,"opptPTS8":0}
{"_id":{"$oid":"5cb552f6e0f627212ff3bce3"},"gmDate":"2017/12/13","offLNm3":"Garretson","offFNm3":"Ron","teamAbbr":"WAS","teamConf":"East","teamLoc":"Home","teamRslt":"Win","teamPTS":93,"teamAST":21,"teamTO":15,"teamSTL":7,"teamBLK":8,"teamPF":22,"teamFGA":77,"teamFGM":36,"team2PA":55,"team2PM":27,"team3PA":22,"team3PM":9,"teamFTA":24,"teamFTM":12,"teamORB":6,"teamDRB":38,"teamPTS1":22,"teamPTS2":19,"teamPTS3":19,"teamPTS4":33,"teamPTS5":0,"teamPTS6":0,"teamPTS7":0,"teamPTS8":0,"opptAbbr":"MEM","opptConf":"West","opptLoc":"Away","opptRslt":"Loss","opptPTS":87,"opptAST":18,"opptTO":18,"opptSTL":6,"opptBLK":2,"opptPF":23,"opptFGA":81,"opptFGM":31,"oppt2PA":53,"oppt2PM":21,"oppt3PA":28,"oppt3PM":10,"opptFTA":16,"opptFTM":15,"opptORB":10,"opptDRB":37,"opptPTS1":12,"opptPTS2":17,"opptPTS3":28,"opptPTS4":30,"opptPTS5":0,"opptPTS6":0,"opptPTS7":0,"opptPTS8":0}
{"_id":{"$oid":"5cb552f6e0f627212ff3bcf6"},"gmDate":"2017/12/15","offLNm3":"DeRosa","offFNm3":"Joe","teamAbbr":"MEM","teamConf":"West","teamLoc":"Home","teamRslt":"Win","teamPTS":96,"teamAST":21,"teamTO":22,"teamSTL":12,"teamBLK":6,"teamPF":24,"teamFGA":78,"teamFGM":36,"team2PA":53,"team2PM":24,"team3PA":25,"team3PM":12,"teamFTA":17,"teamFTM":12,"teamORB":10,"teamDRB":33,"teamPTS1":17,"teamPTS2":23,"teamPTS3":32,"teamPTS4":24,"teamPTS5":0,"teamPTS6":0,"teamPTS7":0,"teamPTS8":0,"opptAbbr":"ATL","opptConf":"East","opptLoc":"Away","opptRslt":"Loss","opptPTS":94,"opptAST":27,"opptTO":17,"opptSTL":12,"opptBLK":5,"opptPF":19,"opptFGA":77,"opptFGM":34,"oppt2PA":46,"oppt2PM":22,"oppt3PA":31,"oppt3PM":12,"opptFTA":16,"opptFTM":14,"opptORB":7,"opptDRB":28,"opptPTS1":21,"opptPTS2":26,"opptPTS3":26,"opptPTS4":21,"opptPTS5":0,"opptPTS6":0,"opptPTS7":0,"opptPTS8":0}
{"_id":{"$oid":"5cb552f6e0f627212ff3bd01"},"gmDate":"2017/12/16","offLNm3":"Boland","offFNm3":"Matt","teamAbbr":"MEM","teamConf":"West","teamLoc":"Home","teamRslt":"Loss","teamPTS":93,"teamAST":18,"teamTO":14,"teamSTL":8,"teamBLK":3,"teamPF":19,"teamFGA":79,"teamFGM":32,"team2PA":45,"team2PM":18,"team3PA":34,"team3PM":14,"teamFTA":17,"teamFTM":15,"teamORB":10,"teamDRB":28,"teamPTS1":12,"teamPTS2":28,"teamPTS3":33,"teamPTS4":20,"teamPTS5":0,"teamPTS6":0,"teamPTS7":0,"teamPTS8":0,"opptAbbr":"BOS","opptConf":"East","opptLoc":"Away","opptRslt":"Win","opptPTS":102,"opptAST":21,"opptTO":17,"opptSTL":6,"opptBLK":6,"opptPF":19,"opptFGA":80,"opptFGM":39,"oppt2PA":50,"oppt2PM":25,"oppt3PA":30,"oppt3PM":14,"opptFTA":14,"opptFTM":10,"opptORB":14,"opptDRB":28,"opptPTS1":31,"opptPTS2":17,"opptPTS3":23,"opptPTS4":31,"opptPTS5":0,"opptPTS6":0,"opptPTS7":0,"opptPTS8":0}
{"_id":{"$oid":"5cb552f6e0f627212ff3bd1d"},"gmDate":"2017/12/20","offLNm3":"Ayotte","offFNm3":"Mark","teamAbbr":"GS","teamConf":"West","teamLoc":"Home","teamRslt":"Win","teamPTS":97,"teamAST":26,"teamTO":16,"teamSTL":9,"teamBLK":8,"teamPF":19,"teamFGA":74,"teamFGM":34,"team2PA":53,"team2PM":27,"team3PA":21,"team3PM":7,"teamFTA":25,"teamFTM":22,"teamORB":14,"teamDRB":30,"teamPTS1":24,"teamPTS2":32,"teamPTS3":18,"teamPTS4":23,"teamPTS5":0,"teamPTS6":0,"teamPTS7":0,"teamPTS8":0,"opptAbbr":"MEM","opptConf":"West","opptLoc":"Away","opptRslt":"Loss","opptPTS":84,"opptAST":20,"opptTO":17,"opptSTL":10,"opptBLK":6,"opptPF":23,"opptFGA":84,"opptFGM":28,"oppt2PA":53,"oppt2PM":16,"oppt3PA":31,"oppt3PM":12,"opptFTA":19,"opptFTM":16,"opptORB":15,"opptDRB":26,"opptPTS1":28,"opptPTS2":23,"opptPTS3":14,"opptPTS4":19,"opptPTS5":0,"opptPTS6":0,"opptPTS7":0,"opptPTS8":0}
{"_id":{"$oid":"5cb552f6e0f627212ff3bd22"},"gmDate":"2017/12/21","offLNm3":"Brothers","offFNm3":"Tony","teamAbbr":"PHO","teamConf":"West","teamLoc":"Home","teamRslt":"Win","teamPTS":97,"teamAST":21,"teamTO":10,"teamSTL":4,"teamBLK":1,"teamPF":17,"teamFGA":81,"teamFGM":33,"team2PA":55,"team2PM":23,"team3PA":26,"team3PM":10,"teamFTA":27,"teamFTM":21,"teamORB":12,"teamDRB":32,"teamPTS1":26,"teamPTS2":34,"teamPTS3":19,"teamPTS4":18,"teamPTS5":0,"teamPTS6":0,"teamPTS7":0,"teamPTS8":0,"opptAbbr":"MEM","opptConf":"West","opptLoc":"Away","opptRslt":"Loss","opptPTS":95,"opptAST":15,"opptTO":10,"opptSTL":5,"opptBLK":7,"opptPF":22,"opptFGA":90,"opptFGM":39,"oppt2PA":64,"oppt2PM":34,"oppt3PA":26,"oppt3PM":5,"opptFTA":16,"opptFTM":12,"opptORB":15,"opptDRB":35,"opptPTS1":25,"opptPTS2":26,"opptPTS3":30,"opptPTS4":14,"opptPTS5":0,"opptPTS6":0,"opptPTS7":0,"opptPTS8":0}
{"_id":{"$oid":"5cb552f6e0f627212ff3bd33"},"gmDate":"2017/12/23","offLNm3":"Richardson","offFNm3":"Randy","teamAbbr":"MEM","teamConf":"West","teamLoc":"Home","teamRslt":"Win","teamPTS":115,"teamAST":28,"teamTO":10,"teamSTL":5,"teamBLK":5,"teamPF":26,"teamFGA":90,"teamFGM":40,"team2PA":59,"team2PM":27,"team3PA":31,"team3PM":13,"teamFTA":25,"teamFTM":22,"teamORB":15,"teamDRB":32,"teamPTS1":30,"teamPTS2":33,"teamPTS3":27,"teamPTS4":25,"teamPTS5":0,"teamPTS6":0,"teamPTS7":0,"teamPTS8":0,"opptAbbr":"LAC","opptConf":"West","opptLoc":"Away","opptRslt":"Loss","opptPTS":112,"opptAST":14,"opptTO":11,"opptSTL":4,"opptBLK":7,"opptPF":22,"opptFGA":80,"opptFGM":39,"oppt2PA":46,"oppt2PM":26,"oppt3PA":34,"oppt3PM":13,"opptFTA":28,"opptFTM":21,"opptORB":6,"opptDRB":31,"opptPTS1":33,"opptPTS2":26,"opptPTS3":22,"opptPTS4":31,"opptPTS5":0,"opptPTS6":0,"opptPTS7":0,"opptPTS8":0}
{"_id":{"$oid":"5cb552f6e0f627212ff3bd45"},"gmDate":"2017/12/26","offLNm3":"Van Duyne","offFNm3":"Justin","teamAbbr":"PHO","teamConf":"West","teamLoc":"Home","teamRslt":"Win","teamPTS":99,"teamAST":24,"teamTO":21,"teamSTL":5,"teamBLK":5,"teamPF":29,"teamFGA":72,"teamFGM":32,"team2PA":50,"team2PM":24,"team3PA":22,"team3PM":8,"teamFTA":35,"teamFTM":27,"teamORB":6,"teamDRB":35,"teamPTS1":29,"teamPTS2":28,"teamPTS3":19,"teamPTS4":23,"teamPTS5":0,"teamPTS6":0,"teamPTS7":0,"teamPTS8":0,"opptAbbr":"MEM","opptConf":"West","opptLoc":"Away","opptRslt":"Loss","opptPTS":97,"opptAST":12,"opptTO":10,"opptSTL":10,"opptBLK":11,"opptPF":28,"opptFGA":87,"opptFGM":35,"oppt2PA":67,"oppt2PM":32,"oppt3PA":20,"oppt3PM":3,"opptFTA":29,"opptFTM":24,"opptORB":10,"opptDRB":28,"opptPTS1":19,"opptPTS2":34,"opptPTS3":23,"opptPTS4":21,"opptPTS5":0,"opptPTS6":0,"opptPTS7":0,"opptPTS8":0}
{"_id":{"$oid":"5cb552f6e0f627212ff3bd50"},"gmDate":"2017/12/27","offLNm3":"Stafford","offFNm3":"Derrick","teamAbbr":"LAL","teamConf":"West","teamLoc":"Home","teamRslt":"Loss","teamPTS":99,"teamAST":14,"teamTO":12,"teamSTL":5,"teamBLK":4,"teamPF":26,"teamFGA":93,"teamFGM":35,"team2PA":65,"team2PM":27,"team3PA":28,"team3PM":8,"teamFTA":33,"teamFTM":21,"teamORB":22,"teamDRB":27,"teamPTS1":18,"teamPTS2":29,"teamPTS3":29,"teamPTS4":23,"teamPTS5":0,"teamPTS6":0,"teamPTS7":0,"teamPTS8":0,"opptAbbr":"MEM","opptConf":"West","opptLoc":"Away","opptRslt":"Win","opptPTS":109,"opptAST":20,"opptTO":11,"opptSTL":3,"opptBLK":9,"opptPF":20,"opptFGA":71,"opptFGM":35,"oppt2PA":50,"oppt2PM":30,"oppt3PA":21,"oppt3PM":5,"opptFTA":39,"opptFTM":34,"opptORB":5,"opptDRB":32,"opptPTS1":24,"opptPTS2":30,"opptPTS3":22,"opptPTS4":33,"opptPTS5":0,"opptPTS6":0,"opptPTS7":0,"opptPTS8":0}
{"_id":{"$oid":"5cb552f6e0f627212ff3bd64"},"gmDate":"2017/12/30","offLNm3":"Callahan","offFNm3":"Mike","teamAbbr":"GS","teamConf":"West","teamLoc":"Home","teamRslt":"Win","teamPTS":141,"teamAST":37,"teamTO":10,"teamSTL":3,"teamBLK":6,"teamPF":17,"teamFGA":85,"teamFGM":50,"team2PA":52,"team2PM":32,"team3PA":33,"team3PM":18,"teamFTA":25,"teamFTM":23,"teamORB":7,"teamDRB":31,"teamPTS1":40,"teamPTS2":38,"teamPTS3":38,"teamPTS4":25,"teamPTS5":0,"teamPTS6":0,"teamPTS7":0,"teamPTS8":0,"opptAbbr":"MEM","opptConf":"West","opptLoc":"Away","opptRslt":"Loss","opptPTS":128,"opptAST":29,"opptTO":8,"opptSTL":6,"opptBLK":0,"opptPF":22,"opptFGA":94,"opptFGM":49,"oppt2PA":73,"oppt2PM":34,"oppt3PA":21,"oppt3PM":15,"opptFTA":22,"opptFTM":15,"opptORB":13,"opptDRB":25,"opptPTS1":38,"opptPTS2":29,"opptPTS3":31,"opptPTS4":30,"opptPTS5":0,"opptPTS6":0,"opptPTS7":0,"opptPTS8":0}
{"_id":{"$oid":"5cb552f6e0f627212ff3bd6c"},"gmDate":"2017/12/31","offLNm3":"Fraher","offFNm3":"Pat","teamAbbr":"SAC","teamConf":"West","teamLoc":"Home","teamRslt":"Loss","teamPTS":96,"teamAST":20,"teamTO":16,"teamSTL":6,"teamBLK":2,"teamPF":21,"teamFGA":86,"teamFGM":37,"team2PA":62,"team2PM":28,"team3PA":24,"team3PM":9,"teamFTA":25,"teamFTM":13,"teamORB":12,"teamDRB":30,"teamPTS1":22,"teamPTS2":24,"teamPTS3":17,"teamPTS4":33,"teamPTS5":0,"teamPTS6":0,"teamPTS7":0,"teamPTS8":0,"opptAbbr":"MEM","opptConf":"West","opptLoc":"Away","opptRslt":"Win","opptPTS":114,"opptAST":22,"opptTO":16,"opptSTL":11,"opptBLK":8,"opptPF":21,"opptFGA":76,"opptFGM":41,"oppt2PA":46,"oppt2PM":27,"oppt3PA":30,"oppt3PM":14,"opptFTA":24,"opptFTM":18,"opptORB":6,"opptDRB":38,"opptPTS1":36,"opptPTS2":28,"opptPTS3":26,"opptPTS4":24,"opptPTS5":0,"opptPTS6":0,"opptPTS7":0,"opptPTS8":0}
{"_id":{"$oid":"5cb552f6e0f627212ff3bd76"},"gmDate":"2018/1/2","offLNm3":"Lewis","offFNm3":"Eric","teamAbbr":"LAC","teamConf":"West","teamLoc":"Home","teamRslt":"Win","teamPTS":113,"teamAST":23,"teamTO":19,"teamSTL":5,"teamBLK":3,"teamPF":24,"teamFGA":71,"teamFGM":39,"team2PA":48,"team2PM":30,"team3PA":23,"team3PM":9,"teamFTA":31,"teamFTM":26,"teamORB":4,"teamDRB":30,"teamPTS1":34,"teamPTS2":33,"teamPTS3":19,"teamPTS4":27,"teamPTS5":0,"teamPTS6":0,"teamPTS7":0,"teamPTS8":0,"opptAbbr":"MEM","opptConf":"West","opptLoc":"Away","opptRslt":"Loss","opptPTS":105,"opptAST":18,"opptTO":14,"opptSTL":10,"opptBLK":2,"opptPF":29,"opptFGA":79,"opptFGM":38,"oppt2PA":53,"oppt2PM":30,"oppt3PA":26,"oppt3PM":8,"opptFTA":33,"opptFTM":21,"opptORB":10,"opptDRB":28,"opptPTS1":31,"opptPTS2":31,"opptPTS3":22,"opptPTS4":21,"opptPTS5":0,"opptPTS6":0,"opptPTS7":0,"opptPTS8":0}
{"_id":{"$oid":"5cb552f6e0f627212ff3bd8c"},"gmDate":"2018/1/5","offLNm3":"Kennedy","offFNm3":"Bill","teamAbbr":"MEM","teamConf":"West","teamLoc":"Home","teamRslt":"Loss","teamPTS":100,"teamAST":20,"teamTO":16,"teamSTL":6,"teamBLK":9,"teamPF":25,"teamFGA":86,"teamFGM":35,"team2PA":56,"team2PM":25,"team3PA":30,"team3PM":10,"teamFTA":26,"teamFTM":20,"teamORB":11,"teamDRB":35,"teamPTS1":24,"teamPTS2":26,"teamPTS3":22,"teamPTS4":28,"teamPTS5":0,"teamPTS6":0,"teamPTS7":0,"teamPTS8":0,"opptAbbr":"WAS","opptConf":"East","opptLoc":"Away","opptRslt":"Win","opptPTS":102,"opptAST":21,"opptTO":14,"opptSTL":7,"opptBLK":7,"opptPF":23,"opptFGA":84,"opptFGM":33,"oppt2PA":57,"oppt2PM":23,"oppt3PA":27,"oppt3PM":10,"opptFTA":34,"opptFTM":26,"opptORB":12,"opptDRB":36,"opptPTS1":33,"opptPTS2":25,"opptPTS3":29,"opptPTS4":15,"opptPTS5":0,"opptPTS6":0,"opptPTS7":0,"opptPTS8":0}
{"_id":{"$oid":"5cb552f6e0f627212ff3bdae"},"gmDate":"2018/1/10","offLNm3":"Davis","offFNm3":"Marc","teamAbbr":"MEM","teamConf":"West","teamLoc":"Home","teamRslt":"Win","teamPTS":105,"teamAST":21,"teamTO":10,"teamSTL":7,"teamBLK":5,"teamPF":26,"teamFGA":88,"teamFGM":37,"team2PA":69,"team2PM":32,"team3PA":19,"team3PM":5,"teamFTA":32,"teamFTM":26,"teamORB":14,"teamDRB":36,"teamPTS1":29,"teamPTS2":31,"teamPTS3":17,"teamPTS4":28,"teamPTS5":0,"teamPTS6":0,"teamPTS7":0,"teamPTS8":0,"opptAbbr":"NO","opptConf":"West","opptLoc":"Away","opptRslt":"Loss","opptPTS":102,"opptAST":20,"opptTO":12,"opptSTL":5,"opptBLK":7,"opptPF":26,"opptFGA":77,"opptFGM":34,"oppt2PA":42,"oppt2PM":23,"oppt3PA":35,"oppt3PM":11,"opptFTA":34,"opptFTM":23,"opptORB":9,"opptDRB":31,"opptPTS1":38,"opptPTS2":23,"opptPTS3":9,"opptPTS4":32,"opptPTS5":0,"opptPTS6":0,"opptPTS7":0,"opptPTS8":0}
{"_id":{"$oid":"5cb552f6e0f627212ff3bdbe"},"gmDate":"2018/1/12","offLNm3":"Van Duyne","offFNm3":"Justin","teamAbbr":"DEN","teamConf":"West","teamLoc":"Home","teamRslt":"Win","teamPTS":87,"teamAST":15,"teamTO":15,"teamSTL":8,"teamBLK":3,"teamPF":18,"teamFGA":70,"teamFGM":27,"team2PA":48,"team2PM":20,"team3PA":22,"team3PM":7,"teamFTA":32,"teamFTM":26,"teamORB":12,"teamDRB":35,"teamPTS1":16,"teamPTS2":27,"teamPTS3":24,"teamPTS4":20,"teamPTS5":0,"teamPTS6":0,"teamPTS7":0,"teamPTS8":0,"opptAbbr":"MEM","opptConf":"West","opptLoc":"Away","opptRslt":"Loss","opptPTS":78,"opptAST":17,"opptTO":15,"opptSTL":8,"opptBLK":5,"opptPF":28,"opptFGA":77,"opptFGM":30,"oppt2PA":53,"oppt2PM":23,"oppt3PA":24,"oppt3PM":7,"opptFTA":14,"opptFTM":11,"opptORB":8,"opptDRB":28,"opptPTS1":26,"opptPTS2":21,"opptPTS3":13,"opptPTS4":18,"opptPTS5":0,"opptPTS6":0,"opptPTS7":0,"opptPTS8":0}
{"_id":{"$oid":"5cb552f6e0f627212ff3bdd1"},"gmDate":"2018/1/15","offLNm3":"Barnaky","offFNm3":"Brent","teamAbbr":"MEM","teamConf":"West","teamLoc":"Home","teamRslt":"Win","teamPTS":123,"teamAST":24,"teamTO":19,"teamSTL":8,"teamBLK":8,"teamPF":26,"teamFGA":82,"teamFGM":42,"team2PA":60,"team2PM":32,"team3PA":22,"team3PM":10,"teamFTA":34,"teamFTM":29,"teamORB":6,"teamDRB":42,"teamPTS1":34,"teamPTS2":26,"teamPTS3":37,"teamPTS4":26,"teamPTS5":0,"teamPTS6":0,"teamPTS7":0,"teamPTS8":0,"opptAbbr":"LAL","opptConf":"West","opptLoc":"Away","opptRslt":"Loss","opptPTS":114,"opptAST":25,"opptTO":14,"opptSTL":11,"opptBLK":8,"opptPF":23,"opptFGA":96,"opptFGM":38,"oppt2PA":61,"oppt2PM":26,"oppt3PA":35,"oppt3PM":12,"opptFTA":31,"opptFTM":26,"opptORB":12,"opptDRB":32,"opptPTS1":27,"opptPTS2":23,"opptPTS3":27,"opptPTS4":37,"opptPTS5":0,"opptPTS6":0,"opptPTS7":0,"opptPTS8":0}
{"_id":{"$oid":"5cb552f6e0f627212ff3bddf"},"gmDate":"2018/1/17","offLNm3":"DeRosa","offFNm3":"Joe","teamAbbr":"MEM","teamConf":"West","teamLoc":"Home","teamRslt":"Win","teamPTS":105,"teamAST":23,"teamTO":12,"teamSTL":9,"teamBLK":3,"teamPF":19,"teamFGA":91,"teamFGM":41,"team2PA":63,"team2PM":31,"team3PA":28,"team3PM":10,"teamFTA":17,"teamFTM":13,"teamORB":15,"teamDRB":29,"teamPTS1":32,"teamPTS2":29,"teamPTS3":27,"teamPTS4":17,"teamPTS5":0,"teamPTS6":0,"teamPTS7":0,"teamPTS8":0,"opptAbbr":"NY","opptConf":"East","opptLoc":"Away","opptRslt":"Loss","opptPTS":99,"opptAST":22,"opptTO":14,"opptSTL":5,"opptBLK":12,"opptPF":15,"opptFGA":82,"opptFGM":35,"oppt2PA":55,"oppt2PM":28,"oppt3PA":27,"oppt3PM":7,"opptFTA":23,"opptFTM":22,"opptORB":12,"opptDRB":33,"opptPTS1":31,"opptPTS2":22,"opptPTS3":20,"opptPTS4":26,"opptPTS5":0,"opptPTS6":0,"opptPTS7":0,"opptPTS8":0}
{"_id":{"$oid":"5cb552f6e0f627212ff3bdeb"},"gmDate":"2018/1/19","offLNm3":"Richardson","offFNm3":"Leroy","teamAbbr":"MEM","teamConf":"West","teamLoc":"Home","teamRslt":"Win","teamPTS":106,"teamAST":24,"teamTO":13,"teamSTL":12,"teamBLK":5,"teamPF":17,"teamFGA":88,"teamFGM":39,"team2PA":54,"team2PM":29,"team3PA":34,"team3PM":10,"teamFTA":23,"teamFTM":18,"teamORB":14,"teamDRB":35,"teamPTS1":30,"teamPTS2":10,"teamPTS3":27,"teamPTS4":39,"teamPTS5":0,"teamPTS6":0,"teamPTS7":0,"teamPTS8":0,"opptAbbr":"SAC","opptConf":"West","opptLoc":"Away","opptRslt":"Loss","opptPTS":88,"opptAST":18,"opptTO":21,"opptSTL":10,"opptBLK":3,"opptPF":20,"opptFGA":80,"opptFGM":32,"oppt2PA":53,"oppt2PM":21,"oppt3PA":27,"oppt3PM":11,"opptFTA":18,"opptFTM":13,"opptORB":11,"opptDRB":33,"opptPTS1":17,"opptPTS2":23,"opptPTS3":19,"opptPTS4":29,"opptPTS5":0,"opptPTS6":0,"opptPTS7":0,"opptPTS8":0}
{"_id":{"$oid":"5cb552f6e0f627212ff3bdf2"},"gmDate":"2018/1/20","offLNm3":"Capers","offFNm3":"James","teamAbbr":"NO","teamConf":"West","teamLoc":"Home","teamRslt":"Win","teamPTS":111,"teamAST":23,"teamTO":11,"teamSTL":6,"teamBLK":5,"teamPF":15,"teamFGA":78,"teamFGM":39,"team2PA":51,"team2PM":32,"team3PA":27,"team3PM":7,"teamFTA":32,"teamFTM":26,"teamORB":6,"teamDRB":35,"teamPTS1":34,"teamPTS2":25,"teamPTS3":24,"teamPTS4":28,"teamPTS5":0,"teamPTS6":0,"teamPTS7":0,"teamPTS8":0,"opptAbbr":"MEM","opptConf":"West","opptLoc":"Away","opptRslt":"Loss","opptPTS":104,"opptAST":22,"opptTO":14,"opptSTL":2,"opptBLK":1,"opptPF":29,"opptFGA":82,"opptFGM":37,"oppt2PA":47,"oppt2PM":22,"oppt3PA":35,"oppt3PM":15,"opptFTA":16,"opptFTM":15,"opptORB":10,"opptDRB":34,"opptPTS1":18,"opptPTS2":26,"opptPTS3":37,"opptPTS4":23,"opptPTS5":0,"opptPTS6":0,"opptPTS7":0,"opptPTS8":0}
{"_id":{"$oid":"5cb552f6e0f627212ff3bdff"},"gmDate":"2018/1/22","offLNm3":"Collins","offFNm3":"Derrick","teamAbbr":"MEM","teamConf":"West","teamLoc":"Home","teamRslt":"Win","teamPTS":105,"teamAST":14,"teamTO":12,"teamSTL":14,"teamBLK":2,"teamPF":26,"teamFGA":78,"teamFGM":33,"team2PA":52,"team2PM":23,"team3PA":26,"team3PM":10,"teamFTA":35,"teamFTM":29,"teamORB":11,"teamDRB":21,"teamPTS1":19,"teamPTS2":30,"teamPTS3":25,"teamPTS4":31,"teamPTS5":0,"teamPTS6":0,"teamPTS7":0,"teamPTS8":0,"opptAbbr":"PHI","opptConf":"East","opptLoc":"Away","opptRslt":"Loss","opptPTS":101,"opptAST":21,"opptTO":24,"opptSTL":2,"opptBLK":4,"opptPF":28,"opptFGA":71,"opptFGM":32,"oppt2PA":40,"oppt2PM":18,"oppt3PA":31,"oppt3PM":14,"opptFTA":31,"opptFTM":23,"opptORB":16,"opptDRB":32,"opptPTS1":30,"opptPTS2":25,"opptPTS3":28,"opptPTS4":18,"opptPTS5":0,"opptPTS6":0,"opptPTS7":0,"opptPTS8":0}
{"_id":{"$oid":"5cb552f6e0f627212ff3be10"},"gmDate":"2018/1/24","offLNm3":"Wood","offFNm3":"Leon","teamAbbr":"MEM","teamConf":"West","teamLoc":"Home","teamRslt":"Loss","teamPTS":85,"teamAST":19,"teamTO":18,"teamSTL":7,"teamBLK":4,"teamPF":25,"teamFGA":83,"teamFGM":36,"team2PA":65,"team2PM":34,"team3PA":18,"team3PM":2,"teamFTA":14,"teamFTM":11,"teamORB":9,"teamDRB":32,"teamPTS1":21,"teamPTS2":19,"teamPTS3":24,"teamPTS4":21,"teamPTS5":0,"teamPTS6":0,"teamPTS7":0,"teamPTS8":0,"opptAbbr":"SA","opptConf":"West","opptLoc":"Away","opptRslt":"Win","opptPTS":108,"opptAST":29,"opptTO":14,"opptSTL":9,"opptBLK":6,"opptPF":19,"opptFGA":82,"opptFGM":38,"oppt2PA":58,"oppt2PM":28,"oppt3PA":24,"oppt3PM":10,"opptFTA":25,"opptFTM":22,"opptORB":11,"opptDRB":34,"opptPTS1":22,"opptPTS2":29,"opptPTS3":26,"opptPTS4":31,"opptPTS5":0,"opptPTS6":0,"opptPTS7":0,"opptPTS8":0}
{"_id":{"$oid":"5cb552f6e0f627212ff3be1b"},"gmDate":"2018/1/26","offLNm3":"Kennedy","offFNm3":"Bill","teamAbbr":"MEM","teamConf":"West","teamLoc":"Home","teamRslt":"Loss","teamPTS":100,"teamAST":31,"teamTO":20,"teamSTL":1,"teamBLK":9,"teamPF":24,"teamFGA":81,"teamFGM":39,"team2PA":54,"team2PM":31,"team3PA":27,"team3PM":8,"teamFTA":18,"teamFTM":14,"teamORB":8,"teamDRB":35,"teamPTS1":20,"teamPTS2":30,"teamPTS3":26,"teamPTS4":24,"teamPTS5":0,"teamPTS6":0,"teamPTS7":0,"teamPTS8":0,"opptAbbr":"LAC","opptConf":"West","opptLoc":"Away","opptRslt":"Win","opptPTS":109,"opptAST":23,"opptTO":10,"opptSTL":15,"opptBLK":6,"opptPF":20,"opptFGA":80,"opptFGM":39,"oppt2PA":53,"oppt2PM":29,"oppt3PA":27,"oppt3PM":10,"opptFTA":29,"opptFTM":21,"opptORB":3,"opptDRB":33,"opptPTS1":24,"opptPTS2":34,"opptPTS3":25,"opptPTS4":26,"opptPTS5":0,"opptPTS6":0,"opptPTS7":0,"opptPTS8":0}
{"_id":{"$oid":"5cb552f6e0f627212ff3be31"},"gmDate":"2018/1/29","offLNm3":"Callahan","offFNm3":"Mike","teamAbbr":"MEM","teamConf":"West","teamLoc":"Home","teamRslt":"Win","teamPTS":120,"teamAST":29,"teamTO":20,"teamSTL":7,"teamBLK":9,"teamPF":27,"teamFGA":83,"teamFGM":47,"team2PA":61,"team2PM":36,"team3PA":22,"team3PM":11,"teamFTA":18,"teamFTM":15,"teamORB":12,"teamDRB":26,"teamPTS1":22,"teamPTS2":42,"teamPTS3":26,"teamPTS4":30,"teamPTS5":0,"teamPTS6":0,"teamPTS7":0,"teamPTS8":0,"opptAbbr":"PHO","opptConf":"West","opptLoc":"Away","opptRslt":"Loss","opptPTS":109,"opptAST":20,"opptTO":20,"opptSTL":11,"opptBLK":2,"opptPF":20,"opptFGA":82,"opptFGM":38,"oppt2PA":59,"oppt2PM":31,"oppt3PA":23,"oppt3PM":7,"opptFTA":36,"opptFTM":26,"opptORB":15,"opptDRB":22,"opptPTS1":26,"opptPTS2":21,"opptPTS3":27,"opptPTS4":35,"opptPTS5":0,"opptPTS6":0,"opptPTS7":0,"opptPTS8":0}
{"_id":{"$oid":"5cb552f6e0f627212ff3be3e"},"gmDate":"2018/1/31","offLNm3":"DeRosa","offFNm3":"Joe","teamAbbr":"IND","teamConf":"East","teamLoc":"Home","teamRslt":"Win","teamPTS":105,"teamAST":20,"teamTO":14,"teamSTL":16,"teamBLK":4,"teamPF":15,"teamFGA":70,"teamFGM":37,"team2PA":44,"team2PM":27,"team3PA":26,"team3PM":10,"teamFTA":31,"teamFTM":21,"teamORB":8,"teamDRB":25,"teamPTS1":21,"teamPTS2":34,"teamPTS3":29,"teamPTS4":21,"teamPTS5":0,"teamPTS6":0,"teamPTS7":0,"teamPTS8":0,"opptAbbr":"MEM","opptConf":"West","opptLoc":"Away","opptRslt":"Loss","opptPTS":101,"opptAST":20,"opptTO":18,"opptSTL":10,"opptBLK":1,"opptPF":22,"opptFGA":82,"opptFGM":39,"oppt2PA":56,"oppt2PM":27,"oppt3PA":26,"oppt3PM":12,"opptFTA":15,"opptFTM":11,"opptORB":14,"opptDRB":27,"opptPTS1":25,"opptPTS2":28,"opptPTS3":22,"opptPTS4":26,"opptPTS5":0,"opptPTS6":0,"opptPTS7":0,"opptPTS8":0}
{"_id":{"$oid":"5cb552f6e0f627212ff3be46"},"gmDate":"2018/2/1","offLNm3":"Mott","offFNm3":"Rodney","teamAbbr":"DET","teamConf":"East","teamLoc":"Home","teamRslt":"Win","teamPTS":104,"teamAST":20,"teamTO":9,"teamSTL":8,"teamBLK":4,"teamPF":19,"teamFGA":76,"teamFGM":35,"team2PA":51,"team2PM":28,"team3PA":25,"team3PM":7,"teamFTA":37,"teamFTM":27,"teamORB":4,"teamDRB":37,"teamPTS1":27,"teamPTS2":24,"teamPTS3":31,"teamPTS4":22,"teamPTS5":0,"teamPTS6":0,"teamPTS7":0,"teamPTS8":0,"opptAbbr":"MEM","opptConf":"West","opptLoc":"Away","opptRslt":"Loss","opptPTS":102,"opptAST":22,"opptTO":12,"opptSTL":3,"opptBLK":3,"opptPF":24,"opptFGA":96,"opptFGM":40,"oppt2PA":65,"oppt2PM":32,"oppt3PA":31,"oppt3PM":8,"opptFTA":14,"opptFTM":14,"opptORB":10,"opptDRB":39,"opptPTS1":25,"opptPTS2":26,"opptPTS3":25,"opptPTS4":26,"opptPTS5":0,"opptPTS6":0,"opptPTS7":0,"opptPTS8":0}
{"_id":{"$oid":"5cb552f6e0f627212ff3be62"},"gmDate":"2018/2/4","offLNm3":"Smith","offFNm3":"Michael","teamAbbr":"TOR","teamConf":"East","teamLoc":"Home","teamRslt":"Win","teamPTS":101,"teamAST":21,"teamTO":12,"teamSTL":13,"teamBLK":7,"teamPF":20,"teamFGA":89,"teamFGM":41,"team2PA":54,"team2PM":35,"team3PA":35,"team3PM":6,"teamFTA":15,"teamFTM":13,"teamORB":10,"teamDRB":34,"teamPTS1":25,"teamPTS2":31,"teamPTS3":20,"teamPTS4":25,"teamPTS5":0,"teamPTS6":0,"teamPTS7":0,"teamPTS8":0,"opptAbbr":"MEM","opptConf":"West","opptLoc":"Away","opptRslt":"Loss","opptPTS":86,"opptAST":17,"opptTO":19,"opptSTL":7,"opptBLK":6,"opptPF":23,"opptFGA":81,"opptFGM":29,"oppt2PA":56,"oppt2PM":21,"oppt3PA":25,"oppt3PM":8,"opptFTA":23,"opptFTM":20,"opptORB":13,"opptDRB":32,"opptPTS1":24,"opptPTS2":20,"opptPTS3":30,"opptPTS4":12,"opptPTS5":0,"opptPTS6":0,"opptPTS7":0,"opptPTS8":0}
{"_id":{"$oid":"5cb552f6e0f627212ff3be6b"},"gmDate":"2018/2/6","offLNm3":"Corbin","offFNm3":"Sean","teamAbbr":"ATL","teamConf":"East","teamLoc":"Home","teamRslt":"Win","teamPTS":108,"teamAST":29,"teamTO":14,"teamSTL":13,"teamBLK":5,"teamPF":16,"teamFGA":83,"teamFGM":42,"team2PA":58,"team2PM":34,"team3PA":25,"team3PM":8,"teamFTA":21,"teamFTM":16,"teamORB":8,"teamDRB":28,"teamPTS1":22,"teamPTS2":29,"teamPTS3":28,"teamPTS4":29,"teamPTS5":0,"teamPTS6":0,"teamPTS7":0,"teamPTS8":0,"opptAbbr":"MEM","opptConf":"West","opptLoc":"Away","opptRslt":"Loss","opptPTS":82,"opptAST":23,"opptTO":27,"opptSTL":7,"opptBLK":5,"opptPF":24,"opptFGA":79,"opptFGM":34,"oppt2PA":57,"oppt2PM":30,"oppt3PA":22,"oppt3PM":4,"opptFTA":13,"opptFTM":10,"opptORB":9,"opptDRB":28,"opptPTS1":15,"opptPTS2":20,"opptPTS3":19,"opptPTS4":28,"opptPTS5":0,"opptPTS6":0,"opptPTS7":0,"opptPTS8":0}
{"_id":{"$oid":"5cb552f6e0f627212ff3be75"},"gmDate":"2018/2/7","offLNm3":"Davis","offFNm3":"Marc","teamAbbr":"MEM","teamConf":"West","teamLoc":"Home","teamRslt":"Loss","teamPTS":88,"teamAST":18,"teamTO":16,"teamSTL":12,"teamBLK":5,"teamPF":26,"teamFGA":81,"teamFGM":34,"team2PA":58,"team2PM":26,"team3PA":23,"team3PM":8,"teamFTA":16,"teamFTM":12,"teamORB":9,"teamDRB":27,"teamPTS1":16,"teamPTS2":23,"teamPTS3":24,"teamPTS4":25,"teamPTS5":0,"teamPTS6":0,"teamPTS7":0,"teamPTS8":0,"opptAbbr":"UTA","opptConf":"West","opptLoc":"Away","opptRslt":"Win","opptPTS":92,"opptAST":14,"opptTO":20,"opptSTL":6,"opptBLK":4,"opptPF":16,"opptFGA":69,"opptFGM":29,"oppt2PA":47,"oppt2PM":23,"oppt3PA":22,"oppt3PM":6,"opptFTA":33,"opptFTM":28,"opptORB":9,"opptDRB":34,"opptPTS1":21,"opptPTS2":23,"opptPTS3":24,"opptPTS4":24,"opptPTS5":0,"opptPTS6":0,"opptPTS7":0,"opptPTS8":0}
{"_id":{"$oid":"5cb552f6e0f627212ff3be93"},"gmDate":"2018/2/11","offLNm3":"Barnaky","offFNm3":"Brent","teamAbbr":"OKC","teamConf":"West","teamLoc":"Home","teamRslt":"Win","teamPTS":110,"teamAST":21,"teamTO":10,"teamSTL":6,"teamBLK":3,"teamPF":23,"teamFGA":77,"teamFGM":34,"team2PA":40,"team2PM":18,"team3PA":37,"team3PM":16,"teamFTA":40,"teamFTM":26,"teamORB":9,"teamDRB":29,"teamPTS1":35,"teamPTS2":39,"teamPTS3":21,"teamPTS4":15,"teamPTS5":0,"teamPTS6":0,"teamPTS7":0,"teamPTS8":0,"opptAbbr":"MEM","opptConf":"West","opptLoc":"Away","opptRslt":"Loss","opptPTS":92,"opptAST":21,"opptTO":17,"opptSTL":4,"opptBLK":5,"opptPF":32,"opptFGA":82,"opptFGM":32,"oppt2PA":54,"oppt2PM":26,"oppt3PA":28,"oppt3PM":6,"opptFTA":24,"opptFTM":22,"opptORB":12,"opptDRB":35,"opptPTS1":18,"opptPTS2":36,"opptPTS3":26,"opptPTS4":12,"opptPTS5":0,"opptPTS6":0,"opptPTS7":0,"opptPTS8":0}
{"_id":{"$oid":"5cb552f6e0f627212ff3bea8"},"gmDate":"2018/2/14","offLNm3":"Boland","offFNm3":"Matt","teamAbbr":"MEM","teamConf":"West","teamLoc":"Home","teamRslt":"Loss","teamPTS":114,"teamAST":29,"teamTO":12,"teamSTL":6,"teamBLK":2,"teamPF":25,"teamFGA":86,"teamFGM":44,"team2PA":59,"team2PM":30,"team3PA":27,"team3PM":14,"teamFTA":15,"teamFTM":12,"teamORB":6,"teamDRB":35,"teamPTS1":33,"teamPTS2":20,"teamPTS3":31,"teamPTS4":30,"teamPTS5":0,"teamPTS6":0,"teamPTS7":0,"teamPTS8":0,"opptAbbr":"OKC","opptConf":"West","opptLoc":"Away","opptRslt":"Win","opptPTS":121,"opptAST":26,"opptTO":9,"opptSTL":7,"opptBLK":6,"opptPF":19,"opptFGA":81,"opptFGM":40,"oppt2PA":44,"oppt2PM":23,"oppt3PA":37,"oppt3PM":17,"opptFTA":35,"opptFTM":24,"opptORB":8,"opptDRB":30,"opptPTS1":34,"opptPTS2":39,"opptPTS3":19,"opptPTS4":29,"opptPTS5":0,"opptPTS6":0,"opptPTS7":0,"opptPTS8":0}
{"_id":{"$oid":"5cb552f6e0f627212ff3beba"},"gmDate":"2018/2/23","offLNm3":"Brown","offFNm3":"Tony","teamAbbr":"MEM","teamConf":"West","teamLoc":"Home","teamRslt":"Loss","teamPTS":89,"teamAST":22,"teamTO":23,"teamSTL":10,"teamBLK":4,"teamPF":25,"teamFGA":84,"teamFGM":33,"team2PA":60,"team2PM":24,"team3PA":24,"team3PM":9,"teamFTA":18,"teamFTM":14,"teamORB":5,"teamDRB":32,"teamPTS1":27,"teamPTS2":22,"teamPTS3":22,"teamPTS4":18,"teamPTS5":0,"teamPTS6":0,"teamPTS7":0,"teamPTS8":0,"opptAbbr":"CLE","opptConf":"East","opptLoc":"Away","opptRslt":"Win","opptPTS":112,"opptAST":26,"opptTO":18,"opptSTL":13,"opptBLK":9,"opptPF":23,"opptFGA":87,"opptFGM":40,"oppt2PA":58,"oppt2PM":29,"oppt3PA":29,"oppt3PM":11,"opptFTA":22,"opptFTM":21,"opptORB":7,"opptDRB":39,"opptPTS1":20,"opptPTS2":34,"opptPTS3":31,"opptPTS4":27,"opptPTS5":0,"opptPTS6":0,"opptPTS7":0,"opptPTS8":0}
{"_id":{"$oid":"5cb552f6e0f627212ff3bec1"},"gmDate":"2018/2/24","offLNm3":"Wood","offFNm3":"Leon","teamAbbr":"MIA","teamConf":"East","teamLoc":"Home","teamRslt":"Win","teamPTS":115,"teamAST":27,"teamTO":10,"teamSTL":15,"teamBLK":6,"teamPF":17,"teamFGA":89,"teamFGM":41,"team2PA":56,"team2PM":29,"team3PA":33,"team3PM":12,"teamFTA":27,"teamFTM":21,"teamORB":14,"teamDRB":36,"teamPTS1":34,"teamPTS2":26,"teamPTS3":32,"teamPTS4":23,"teamPTS5":0,"teamPTS6":0,"teamPTS7":0,"teamPTS8":0,"opptAbbr":"MEM","opptConf":"West","opptLoc":"Away","opptRslt":"Loss","opptPTS":89,"opptAST":16,"opptTO":19,"opptSTL":7,"opptBLK":3,"opptPF":22,"opptFGA":80,"opptFGM":35,"oppt2PA":69,"oppt2PM":30,"oppt3PA":11,"oppt3PM":5,"opptFTA":17,"opptFTM":14,"opptORB":9,"opptDRB":31,"opptPTS1":31,"opptPTS2":21,"opptPTS3":18,"opptPTS4":19,"opptPTS5":0,"opptPTS6":0,"opptPTS7":0,"opptPTS8":0}
{"_id":{"$oid":"5cb552f6e0f627212ff3bece"},"gmDate":"2018/2/26","offLNm3":"Collins","offFNm3":"Derrick","teamAbbr":"BOS","teamConf":"East","teamLoc":"Home","teamRslt":"Win","teamPTS":109,"teamAST":25,"teamTO":8,"teamSTL":5,"teamBLK":5,"teamPF":23,"teamFGA":86,"teamFGM":39,"team2PA":49,"team2PM":27,"team3PA":37,"team3PM":12,"teamFTA":27,"teamFTM":19,"teamORB":9,"teamDRB":35,"teamPTS1":33,"teamPTS2":34,"teamPTS3":19,"teamPTS4":23,"teamPTS5":0,"teamPTS6":0,"teamPTS7":0,"teamPTS8":0,"opptAbbr":"MEM","opptConf":"West","opptLoc":"Away","opptRslt":"Loss","opptPTS":98,"opptAST":27,"opptTO":10,"opptSTL":4,"opptBLK":2,"opptPF":22,"opptFGA":78,"opptFGM":34,"oppt2PA":55,"oppt2PM":29,"oppt3PA":23,"oppt3PM":5,"opptFTA":32,"opptFTM":25,"opptORB":5,"opptDRB":35,"opptPTS1":24,"opptPTS2":17,"opptPTS3":28,"opptPTS4":29,"opptPTS5":0,"opptPTS6":0,"opptPTS7":0,"opptPTS8":0}
{"_id":{"$oid":"5cb552f6e0f627212ff3bee1"},"gmDate":"2018/2/28","offLNm3":"Capers","offFNm3":"James","teamAbbr":"MEM","teamConf":"West","teamLoc":"Home","teamRslt":"Loss","teamPTS":102,"teamAST":23,"teamTO":20,"teamSTL":8,"teamBLK":8,"teamPF":29,"teamFGA":87,"teamFGM":33,"team2PA":56,"team2PM":20,"team3PA":31,"team3PM":13,"teamFTA":28,"teamFTM":23,"teamORB":11,"teamDRB":37,"teamPTS1":27,"teamPTS2":27,"teamPTS3":18,"teamPTS4":30,"teamPTS5":0,"teamPTS6":0,"teamPTS7":0,"teamPTS8":0,"opptAbbr":"PHO","opptConf":"West","opptLoc":"Away","opptRslt":"Win","opptPTS":110,"opptAST":19,"opptTO":16,"opptSTL":12,"opptBLK":6,"opptPF":28,"opptFGA":83,"opptFGM":38,"oppt2PA":62,"oppt2PM":32,"oppt3PA":21,"oppt3PM":6,"opptFTA":38,"opptFTM":28,"opptORB":8,"opptDRB":39,"opptPTS1":21,"opptPTS2":36,"opptPTS3":25,"opptPTS4":28,"opptPTS5":0,"opptPTS6":0,"opptPTS7":0,"opptPTS8":0}
{"_id":{"$oid":"5cb552f6e0f627212ff3beee"},"gmDate":"2018/3/2","offLNm3":"Brothers","offFNm3":"Tony","teamAbbr":"MEM","teamConf":"West","teamLoc":"Home","teamRslt":"Loss","teamPTS":102,"teamAST":26,"teamTO":20,"teamSTL":14,"teamBLK":3,"teamPF":23,"teamFGA":91,"teamFGM":40,"team2PA":64,"team2PM":30,"team3PA":27,"team3PM":10,"teamFTA":15,"teamFTM":12,"teamORB":17,"teamDRB":23,"teamPTS1":29,"teamPTS2":25,"teamPTS3":16,"teamPTS4":22,"teamPTS5":0,"teamPTS6":0,"teamPTS7":0,"teamPTS8":0,"opptAbbr":"DEN","opptConf":"West","opptLoc":"Away","opptRslt":"Win","opptPTS":108,"opptAST":18,"opptTO":24,"opptSTL":17,"opptBLK":3,"opptPF":22,"opptFGA":73,"opptFGM":40,"oppt2PA":51,"oppt2PM":34,"oppt3PA":22,"oppt3PM":6,"opptFTA":26,"opptFTM":22,"opptORB":6,"opptDRB":31,"opptPTS1":35,"opptPTS2":28,"opptPTS3":28,"opptPTS4":17,"opptPTS5":0,"opptPTS6":0,"opptPTS7":0,"opptPTS8":0}
{"_id":{"$oid":"5cb552f6e0f627212ff3bef4"},"gmDate":"2018/3/3","offLNm3":"Lewis","offFNm3":"Eric","teamAbbr":"ORL","teamConf":"East","teamLoc":"Home","teamRslt":"Win","teamPTS":107,"teamAST":19,"teamTO":14,"teamSTL":4,"teamBLK":9,"teamPF":23,"teamFGA":72,"teamFGM":36,"team2PA":47,"team2PM":28,"team3PA":25,"team3PM":8,"teamFTA":33,"teamFTM":27,"teamORB":5,"teamDRB":39,"teamPTS1":31,"teamPTS2":21,"teamPTS3":25,"teamPTS4":30,"teamPTS5":0,"teamPTS6":0,"teamPTS7":0,"teamPTS8":0,"opptAbbr":"MEM","opptConf":"West","opptLoc":"Away","opptRslt":"Loss","opptPTS":100,"opptAST":24,"opptTO":10,"opptSTL":9,"opptBLK":3,"opptPF":26,"opptFGA":93,"opptFGM":38,"oppt2PA":71,"oppt2PM":32,"oppt3PA":22,"oppt3PM":6,"opptFTA":26,"opptFTM":18,"opptORB":13,"opptDRB":33,"opptPTS1":27,"opptPTS2":25,"opptPTS3":27,"opptPTS4":21,"opptPTS5":0,"opptPTS6":0,"opptPTS7":0,"opptPTS8":0}
{"_id":{"$oid":"5cb552f6e0f627212ff3bf06"},"gmDate":"2018/3/5","offLNm3":"Davis","offFNm3":"Marc","teamAbbr":"SA","teamConf":"West","teamLoc":"Home","teamRslt":"Win","teamPTS":100,"teamAST":18,"teamTO":12,"teamSTL":14,"teamBLK":4,"teamPF":10,"teamFGA":76,"teamFGM":35,"team2PA":54,"team2PM":29,"team3PA":22,"team3PM":6,"teamFTA":31,"teamFTM":24,"teamORB":4,"teamDRB":32,"teamPTS1":21,"teamPTS2":26,"teamPTS3":23,"teamPTS4":30,"teamPTS5":0,"teamPTS6":0,"teamPTS7":0,"teamPTS8":0,"opptAbbr":"MEM","opptConf":"West","opptLoc":"Away","opptRslt":"Loss","opptPTS":98,"opptAST":26,"opptTO":20,"opptSTL":8,"opptBLK":5,"opptPF":22,"opptFGA":80,"opptFGM":42,"oppt2PA":58,"oppt2PM":34,"oppt3PA":22,"oppt3PM":8,"opptFTA":9,"opptFTM":6,"opptORB":6,"opptDRB":36,"opptPTS1":23,"opptPTS2":22,"opptPTS3":27,"opptPTS4":26,"opptPTS5":0,"opptPTS6":0,"opptPTS7":0,"opptPTS8":0}
{"_id":{"$oid":"5cb552f6e0f627212ff3bf12"},"gmDate":"2018/3/7","offLNm3":"Van Duyne","offFNm3":"Justin","teamAbbr":"CHI","teamConf":"East","teamLoc":"Home","teamRslt":"Win","teamPTS":119,"teamAST":25,"teamTO":20,"teamSTL":10,"teamBLK":1,"teamPF":22,"teamFGA":79,"teamFGM":42,"team2PA":50,"team2PM":31,"team3PA":29,"team3PM":11,"teamFTA":32,"teamFTM":24,"teamORB":9,"teamDRB":32,"teamPTS1":30,"teamPTS2":34,"teamPTS3":26,"teamPTS4":29,"teamPTS5":0,"teamPTS6":0,"teamPTS7":0,"teamPTS8":0,"opptAbbr":"MEM","opptConf":"West","opptLoc":"Away","opptRslt":"Loss","opptPTS":110,"opptAST":24,"opptTO":15,"opptSTL":12,"opptBLK":3,"opptPF":26,"opptFGA":82,"opptFGM":40,"oppt2PA":53,"oppt2PM":30,"oppt3PA":29,"oppt3PM":10,"opptFTA":25,"opptFTM":20,"opptORB":9,"opptDRB":24,"opptPTS1":22,"opptPTS2":29,"opptPTS3":24,"opptPTS4":35,"opptPTS5":0,"opptPTS6":0,"opptPTS7":0,"opptPTS8":0}
{"_id":{"$oid":"5cb552f6e0f627212ff3bf20"},"gmDate":"2018/3/9","offLNm3":"Spooner","offFNm3":"Bill","teamAbbr":"MEM","teamConf":"West","teamLoc":"Home","teamRslt":"Loss","teamPTS":78,"teamAST":16,"teamTO":15,"teamSTL":4,"teamBLK":5,"teamPF":22,"teamFGA":83,"teamFGM":31,"team2PA":61,"team2PM":25,"team3PA":22,"team3PM":6,"teamFTA":14,"teamFTM":10,"teamORB":10,"teamDRB":29,"teamPTS1":23,"teamPTS2":15,"teamPTS3":20,"teamPTS4":20,"teamPTS5":0,"teamPTS6":0,"teamPTS7":0,"teamPTS8":0,"opptAbbr":"UTA","opptConf":"West","opptLoc":"Away","opptRslt":"Win","opptPTS":95,"opptAST":26,"opptTO":20,"opptSTL":10,"opptBLK":8,"opptPF":17,"opptFGA":74,"opptFGM":33,"oppt2PA":42,"oppt2PM":20,"oppt3PA":32,"oppt3PM":13,"opptFTA":22,"opptFTM":16,"opptORB":8,"opptDRB":40,"opptPTS1":24,"opptPTS2":26,"opptPTS3":21,"opptPTS4":24,"opptPTS5":0,"opptPTS6":0,"opptPTS7":0,"opptPTS8":0}
{"_id":{"$oid":"5cb552f6e0f627212ff3bf29"},"gmDate":"2018/3/10","offLNm3":"Malloy","offFNm3":"Ed","teamAbbr":"DAL","teamConf":"West","teamLoc":"Home","teamRslt":"Win","teamPTS":114,"teamAST":21,"teamTO":11,"teamSTL":8,"teamBLK":3,"teamPF":18,"teamFGA":77,"teamFGM":37,"team2PA":48,"team2PM":27,"team3PA":29,"team3PM":10,"teamFTA":35,"teamFTM":30,"teamORB":9,"teamDRB":43,"teamPTS1":31,"teamPTS2":25,"teamPTS3":28,"teamPTS4":30,"teamPTS5":0,"teamPTS6":0,"teamPTS7":0,"teamPTS8":0,"opptAbbr":"MEM","opptConf":"West","opptLoc":"Away","opptRslt":"Loss","opptPTS":80,"opptAST":19,"opptTO":14,"opptSTL":4,"opptBLK":4,"opptPF":24,"opptFGA":84,"opptFGM":30,"oppt2PA":66,"oppt2PM":23,"oppt3PA":18,"oppt3PM":7,"opptFTA":17,"opptFTM":13,"opptORB":9,"opptDRB":32,"opptPTS1":13,"opptPTS2":17,"opptPTS3":33,"opptPTS4":17,"opptPTS5":0,"opptPTS6":0,"opptPTS7":0,"opptPTS8":0}
{"_id":{"$oid":"5cb552f6e0f627212ff3bf37"},"gmDate":"2018/3/12","offLNm3":"Wood","offFNm3":"Leon","teamAbbr":"MEM","teamConf":"West","teamLoc":"Home","teamRslt":"Loss","teamPTS":103,"teamAST":27,"teamTO":9,"teamSTL":6,"teamBLK":6,"teamPF":23,"teamFGA":89,"teamFGM":42,"team2PA":62,"team2PM":33,"team3PA":27,"team3PM":9,"teamFTA":19,"teamFTM":10,"teamORB":10,"teamDRB":21,"teamPTS1":24,"teamPTS2":26,"teamPTS3":23,"teamPTS4":30,"teamPTS5":0,"teamPTS6":0,"teamPTS7":0,"teamPTS8":0,"opptAbbr":"MIL","opptConf":"East","opptLoc":"Away","opptRslt":"Win","opptPTS":121,"opptAST":33,"opptTO":19,"opptSTL":6,"opptBLK":5,"opptPF":22,"opptFGA":81,"opptFGM":47,"oppt2PA":56,"oppt2PM":35,"oppt3PA":25,"oppt3PM":12,"opptFTA":22,"opptFTM":15,"opptORB":11,"opptDRB":36,"opptPTS1":32,"opptPTS2":32,"opptPTS3":26,"opptPTS4":31,"opptPTS5":0,"opptPTS6":0,"opptPTS7":0,"opptPTS8":0}
{"_id":{"$oid":"5cb552f6e0f627212ff3bf4d"},"gmDate":"2018/3/15","offLNm3":"Richardson","offFNm3":"Derek","teamAbbr":"MEM","teamConf":"West","teamLoc":"Home","teamRslt":"Loss","teamPTS":110,"teamAST":27,"teamTO":15,"teamSTL":7,"teamBLK":4,"teamPF":22,"teamFGA":87,"teamFGM":38,"team2PA":52,"team2PM":25,"team3PA":35,"team3PM":13,"teamFTA":25,"teamFTM":21,"teamORB":11,"teamDRB":36,"teamPTS1":29,"teamPTS2":23,"teamPTS3":23,"teamPTS4":35,"teamPTS5":0,"teamPTS6":0,"teamPTS7":0,"teamPTS8":0,"opptAbbr":"CHI","opptConf":"East","opptLoc":"Away","opptRslt":"Win","opptPTS":111,"opptAST":23,"opptTO":15,"opptSTL":10,"opptBLK":2,"opptPF":23,"opptFGA":80,"opptFGM":35,"oppt2PA":39,"oppt2PM":20,"oppt3PA":41,"oppt3PM":15,"opptFTA":33,"opptFTM":26,"opptORB":8,"opptDRB":34,"opptPTS1":22,"opptPTS2":30,"opptPTS3":26,"opptPTS4":33,"opptPTS5":0,"opptPTS6":0,"opptPTS7":0,"opptPTS8":0}
{"_id":{"$oid":"5cb552f6e0f627212ff3bf5d"},"gmDate":"2018/3/17","offLNm3":"Blair","offFNm3":"Curtis","teamAbbr":"MEM","teamConf":"West","teamLoc":"Home","teamRslt":"Win","teamPTS":101,"teamAST":21,"teamTO":12,"teamSTL":5,"teamBLK":10,"teamPF":20,"teamFGA":81,"teamFGM":33,"team2PA":49,"team2PM":20,"team3PA":32,"team3PM":13,"teamFTA":28,"teamFTM":22,"teamORB":14,"teamDRB":34,"teamPTS1":34,"teamPTS2":19,"teamPTS3":31,"teamPTS4":17,"teamPTS5":0,"teamPTS6":0,"teamPTS7":0,"teamPTS8":0,"opptAbbr":"DEN","opptConf":"West","opptLoc":"Away","opptRslt":"Loss","opptPTS":94,"opptAST":17,"opptTO":10,"opptSTL":11,"opptBLK":5,"opptPF":25,"opptFGA":87,"opptFGM":32,"oppt2PA":54,"oppt2PM":23,"oppt3PA":33,"oppt3PM":9,"opptFTA":29,"opptFTM":21,"opptORB":17,"opptDRB":31,"opptPTS1":17,"opptPTS2":31,"opptPTS3":27,"opptPTS4":19,"opptPTS5":0,"opptPTS6":0,"opptPTS7":0,"opptPTS8":0}
{"_id":{"$oid":"5cb552f6e0f627212ff3bf6a"},"gmDate":"2018/3/19","offLNm3":"Buchert","offFNm3":"Nick","teamAbbr":"BKN","teamConf":"East","teamLoc":"Home","teamRslt":"Win","teamPTS":118,"teamAST":27,"teamTO":22,"teamSTL":5,"teamBLK":9,"teamPF":22,"teamFGA":72,"teamFGM":36,"team2PA":32,"team2PM":20,"team3PA":40,"team3PM":16,"teamFTA":40,"teamFTM":30,"teamORB":9,"teamDRB":32,"teamPTS1":32,"teamPTS2":33,"teamPTS3":22,"teamPTS4":31,"teamPTS5":0,"teamPTS6":0,"teamPTS7":0,"teamPTS8":0,"opptAbbr":"MEM","opptConf":"West","opptLoc":"Away","opptRslt":"Loss","opptPTS":115,"opptAST":21,"opptTO":17,"opptSTL":11,"opptBLK":3,"opptPF":33,"opptFGA":88,"opptFGM":46,"oppt2PA":65,"oppt2PM":36,"oppt3PA":23,"oppt3PM":10,"opptFTA":20,"opptFTM":13,"opptORB":11,"opptDRB":31,"opptPTS1":31,"opptPTS2":32,"opptPTS3":31,"opptPTS4":21,"opptPTS5":0,"opptPTS6":0,"opptPTS7":0,"opptPTS8":0}
{"_id":{"$oid":"5cb552f6e0f627212ff3bf77"},"gmDate":"2018/3/21","offLNm3":"Brothers","offFNm3":"Tony","teamAbbr":"PHI","teamConf":"East","teamLoc":"Home","teamRslt":"Win","teamPTS":119,"teamAST":32,"teamTO":14,"teamSTL":8,"teamBLK":4,"teamPF":21,"teamFGA":84,"teamFGM":46,"team2PA":53,"team2PM":35,"team3PA":31,"team3PM":11,"teamFTA":20,"teamFTM":16,"teamORB":4,"teamDRB":34,"teamPTS1":26,"teamPTS2":32,"teamPTS3":41,"teamPTS4":20,"teamPTS5":0,"teamPTS6":0,"teamPTS7":0,"teamPTS8":0,"opptAbbr":"MEM","opptConf":"West","opptLoc":"Away","opptRslt":"Loss","opptPTS":105,"opptAST":25,"opptTO":13,"opptSTL":6,"opptBLK":2,"opptPF":20,"opptFGA":99,"opptFGM":40,"oppt2PA":72,"oppt2PM":31,"oppt3PA":27,"oppt3PM":9,"opptFTA":20,"opptFTM":16,"opptORB":15,"opptDRB":32,"opptPTS1":19,"opptPTS2":25,"opptPTS3":25,"opptPTS4":36,"opptPTS5":0,"opptPTS6":0,"opptPTS7":0,"opptPTS8":0}
{"_id":{"$oid":"5cb552f6e0f627212ff3bf7e"},"gmDate":"2018/3/22","offLNm3":"Mauer","offFNm3":"Ken","teamAbbr":"CHA","teamConf":"East","teamLoc":"Home","teamRslt":"Win","teamPTS":140,"teamAST":25,"teamTO":9,"teamSTL":10,"teamBLK":4,"teamPF":17,"teamFGA":92,"teamFGM":49,"team2PA":52,"team2PM":30,"team3PA":40,"team3PM":19,"teamFTA":27,"teamFTM":23,"teamORB":11,"teamDRB":42,"teamPTS1":37,"teamPTS2":38,"teamPTS3":37,"teamPTS4":28,"teamPTS5":0,"teamPTS6":0,"teamPTS7":0,"teamPTS8":0,"opptAbbr":"MEM","opptConf":"West","opptLoc":"Away","opptRslt":"Loss","opptPTS":79,"opptAST":13,"opptTO":19,"opptSTL":4,"opptBLK":7,"opptPF":24,"opptFGA":78,"opptFGM":30,"oppt2PA":60,"oppt2PM":26,"oppt3PA":18,"oppt3PM":4,"opptFTA":21,"opptFTM":15,"opptORB":9,"opptDRB":29,"opptPTS1":14,"opptPTS2":28,"opptPTS3":15,"opptPTS4":22,"opptPTS5":0,"opptPTS6":0,"opptPTS7":0,"opptPTS8":0}
{"_id":{"$oid":"5cb552f6e0f627212ff3bf92"},"gmDate":"2018/3/24","offLNm3":"Acosta","offFNm3":"Ray","teamAbbr":"MEM","teamConf":"West","teamLoc":"Home","teamRslt":"Loss","teamPTS":93,"teamAST":20,"teamTO":11,"teamSTL":7,"teamBLK":6,"teamPF":21,"teamFGA":84,"teamFGM":35,"team2PA":55,"team2PM":30,"team3PA":29,"team3PM":5,"teamFTA":22,"teamFTM":18,"teamORB":11,"teamDRB":32,"teamPTS1":28,"teamPTS2":29,"teamPTS3":14,"teamPTS4":22,"teamPTS5":0,"teamPTS6":0,"teamPTS7":0,"teamPTS8":0,"opptAbbr":"LAL","opptConf":"West","opptLoc":"Away","opptRslt":"Win","opptPTS":100,"opptAST":19,"opptTO":12,"opptSTL":7,"opptBLK":2,"opptPF":20,"opptFGA":86,"opptFGM":35,"oppt2PA":48,"oppt2PM":22,"oppt3PA":38,"oppt3PM":13,"opptFTA":25,"opptFTM":17,"opptORB":11,"opptDRB":33,"opptPTS1":17,"opptPTS2":35,"opptPTS3":19,"opptPTS4":29,"opptPTS5":0,"opptPTS6":0,"opptPTS7":0,"opptPTS8":0}
{"_id":{"$oid":"5cb552f6e0f627212ff3bfa1"},"gmDate":"2018/3/26","offLNm3":"Kennedy","offFNm3":"Bill","teamAbbr":"MIN","teamConf":"West","teamLoc":"Home","teamRslt":"Loss","teamPTS":93,"teamAST":21,"teamTO":16,"teamSTL":7,"teamBLK":6,"teamPF":15,"teamFGA":79,"teamFGM":33,"team2PA":55,"team2PM":25,"team3PA":24,"team3PM":8,"teamFTA":24,"teamFTM":19,"teamORB":7,"teamDRB":30,"teamPTS1":25,"teamPTS2":34,"teamPTS3":23,"teamPTS4":11,"teamPTS5":0,"teamPTS6":0,"teamPTS7":0,"teamPTS8":0,"opptAbbr":"MEM","opptConf":"West","opptLoc":"Away","opptRslt":"Win","opptPTS":101,"opptAST":25,"opptTO":14,"opptSTL":8,"opptBLK":4,"opptPF":23,"opptFGA":84,"opptFGM":40,"oppt2PA":53,"oppt2PM":25,"oppt3PA":31,"oppt3PM":15,"opptFTA":9,"opptFTM":6,"opptORB":7,"opptDRB":28,"opptPTS1":26,"opptPTS2":33,"opptPTS3":19,"opptPTS4":23,"opptPTS5":0,"opptPTS6":0,"opptPTS7":0,"opptPTS8":0}
{"_id":{"$oid":"5cb552f6e0f627212ff3bfad"},"gmDate":"2018/3/28","offLNm3":"Capers","offFNm3":"James","teamAbbr":"MEM","teamConf":"West","teamLoc":"Home","teamRslt":"Win","teamPTS":108,"teamAST":23,"teamTO":15,"teamSTL":7,"teamBLK":2,"teamPF":24,"teamFGA":84,"teamFGM":41,"team2PA":59,"team2PM":28,"team3PA":25,"team3PM":13,"teamFTA":23,"teamFTM":13,"teamORB":11,"teamDRB":35,"teamPTS1":20,"teamPTS2":33,"teamPTS3":23,"teamPTS4":32,"teamPTS5":0,"teamPTS6":0,"teamPTS7":0,"teamPTS8":0,"opptAbbr":"POR","opptConf":"West","opptLoc":"Away","opptRslt":"Loss","opptPTS":103,"opptAST":15,"opptTO":12,"opptSTL":7,"opptBLK":8,"opptPF":20,"opptFGA":79,"opptFGM":38,"oppt2PA":49,"oppt2PM":30,"oppt3PA":30,"oppt3PM":8,"opptFTA":30,"opptFTM":19,"opptORB":8,"opptDRB":30,"opptPTS1":28,"opptPTS2":30,"opptPTS3":23,"opptPTS4":22,"opptPTS5":0,"opptPTS6":0,"opptPTS7":0,"opptPTS8":0}
{"_id":{"$oid":"5cb552f6e0f627212ff3bfbd"},"gmDate":"2018/3/30","offLNm3":"Phillips","offFNm3":"Jason","teamAbbr":"UTA","teamConf":"West","teamLoc":"Home","teamRslt":"Win","teamPTS":107,"teamAST":24,"teamTO":17,"teamSTL":7,"teamBLK":5,"teamPF":19,"teamFGA":74,"teamFGM":40,"team2PA":43,"team2PM":28,"team3PA":31,"team3PM":12,"teamFTA":26,"teamFTM":15,"teamORB":7,"teamDRB":31,"teamPTS1":29,"teamPTS2":23,"teamPTS3":28,"teamPTS4":27,"teamPTS5":0,"teamPTS6":0,"teamPTS7":0,"teamPTS8":0,"opptAbbr":"MEM","opptConf":"West","opptLoc":"Away","opptRslt":"Loss","opptPTS":97,"opptAST":24,"opptTO":15,"opptSTL":8,"opptBLK":4,"opptPF":21,"opptFGA":81,"opptFGM":39,"oppt2PA":58,"oppt2PM":30,"oppt3PA":23,"oppt3PM":9,"opptFTA":15,"opptFTM":10,"opptORB":7,"opptDRB":26,"opptPTS1":14,"opptPTS2":33,"opptPTS3":29,"opptPTS4":21,"opptPTS5":0,"opptPTS6":0,"opptPTS7":0,"opptPTS8":0}
{"_id":{"$oid":"5cb552f6e0f627212ff3bfd0"},"gmDate":"2018/4/1","offLNm3":"Kirkland","offFNm3":"Courtney","teamAbbr":"POR","teamConf":"West","teamLoc":"Home","teamRslt":"Win","teamPTS":113,"teamAST":28,"teamTO":14,"teamSTL":9,"teamBLK":2,"teamPF":15,"teamFGA":84,"teamFGM":39,"team2PA":46,"team2PM":27,"team3PA":38,"team3PM":12,"teamFTA":25,"teamFTM":23,"teamORB":8,"teamDRB":35,"teamPTS1":32,"teamPTS2":23,"teamPTS3":43,"teamPTS4":15,"teamPTS5":0,"teamPTS6":0,"teamPTS7":0,"teamPTS8":0,"opptAbbr":"MEM","opptConf":"West","opptLoc":"Away","opptRslt":"Loss","opptPTS":98,"opptAST":20,"opptTO":17,"opptSTL":7,"opptBLK":5,"opptPF":19,"opptFGA":88,"opptFGM":40,"oppt2PA":67,"oppt2PM":31,"oppt3PA":21,"oppt3PM":9,"opptFTA":12,"opptFTM":9,"opptORB":9,"opptDRB":33,"opptPTS1":24,"opptPTS2":27,"opptPTS3":24,"opptPTS4":23,"opptPTS5":0,"opptPTS6":0,"opptPTS7":0,"opptPTS8":0}
{"_id":{"$oid":"5cb552f6e0f627212ff3bfe3"},"gmDate":"2018/4/4","offLNm3":"Collins","offFNm3":"Derrick","teamAbbr":"NO","teamConf":"West","teamLoc":"Home","teamRslt":"Win","teamPTS":123,"teamAST":32,"teamTO":18,"teamSTL":14,"teamBLK":7,"teamPF":19,"teamFGA":86,"teamFGM":45,"team2PA":50,"team2PM":29,"team3PA":36,"team3PM":16,"teamFTA":19,"teamFTM":17,"teamORB":11,"teamDRB":38,"teamPTS1":32,"teamPTS2":33,"teamPTS3":32,"teamPTS4":26,"teamPTS5":0,"teamPTS6":0,"teamPTS7":0,"teamPTS8":0,"opptAbbr":"MEM","opptConf":"West","opptLoc":"Away","opptRslt":"Loss","opptPTS":95,"opptAST":19,"opptTO":20,"opptSTL":9,"opptBLK":1,"opptPF":19,"opptFGA":93,"opptFGM":37,"oppt2PA":61,"oppt2PM":27,"oppt3PA":32,"oppt3PM":10,"opptFTA":15,"opptFTM":11,"opptORB":11,"opptDRB":26,"opptPTS1":23,"opptPTS2":30,"opptPTS3":20,"opptPTS4":22,"opptPTS5":0,"opptPTS6":0,"opptPTS7":0,"opptPTS8":0}
{"_id":{"$oid":"5cb552f6e0f627212ff3bff1"},"gmDate":"2018/4/6","offLNm3":"DeRosa","offFNm3":"Joe","teamAbbr":"MEM","teamConf":"West","teamLoc":"Home","teamRslt":"Loss","teamPTS":93,"teamAST":20,"teamTO":15,"teamSTL":7,"teamBLK":7,"teamPF":12,"teamFGA":84,"teamFGM":37,"team2PA":60,"team2PM":31,"team3PA":24,"team3PM":6,"teamFTA":18,"teamFTM":13,"teamORB":12,"teamDRB":26,"teamPTS1":22,"teamPTS2":26,"teamPTS3":15,"teamPTS4":30,"teamPTS5":0,"teamPTS6":0,"teamPTS7":0,"teamPTS8":0,"opptAbbr":"SAC","opptConf":"West","opptLoc":"Away","opptRslt":"Win","opptPTS":94,"opptAST":23,"opptTO":16,"opptSTL":8,"opptBLK":5,"opptPF":21,"opptFGA":85,"opptFGM":40,"oppt2PA":61,"oppt2PM":34,"oppt3PA":24,"oppt3PM":6,"opptFTA":12,"opptFTM":8,"opptORB":10,"opptDRB":32,"opptPTS1":25,"opptPTS2":19,"opptPTS3":24,"opptPTS4":26,"opptPTS5":0,"opptPTS6":0,"opptPTS7":0,"opptPTS8":0}
{"_id":{"$oid":"5cb552f6e0f627212ff3bffc"},"gmDate":"2018/4/8","offLNm3":"Stafford","offFNm3":"Derrick","teamAbbr":"MEM","teamConf":"West","teamLoc":"Home","teamRslt":"Win","teamPTS":130,"teamAST":36,"teamTO":14,"teamSTL":11,"teamBLK":4,"teamPF":18,"teamFGA":83,"teamFGM":48,"team2PA":50,"team2PM":32,"team3PA":33,"team3PM":16,"teamFTA":24,"teamFTM":18,"teamORB":8,"teamDRB":35,"teamPTS1":30,"teamPTS2":32,"teamPTS3":34,"teamPTS4":34,"teamPTS5":0,"teamPTS6":0,"teamPTS7":0,"teamPTS8":0,"opptAbbr":"DET","opptConf":"East","opptLoc":"Away","opptRslt":"Loss","opptPTS":117,"opptAST":30,"opptTO":13,"opptSTL":10,"opptBLK":0,"opptPF":18,"opptFGA":93,"opptFGM":38,"oppt2PA":46,"oppt2PM":15,"oppt3PA":47,"oppt3PM":23,"opptFTA":23,"opptFTM":18,"opptORB":14,"opptDRB":24,"opptPTS1":22,"opptPTS2":34,"opptPTS3":28,"opptPTS4":33,"opptPTS5":0,"opptPTS6":0,"opptPTS7":0,"opptPTS8":0}
{"_id":{"$oid":"5cb552f6e0f627212ff3c007"},"gmDate":"2018/4/9","offLNm3":"Capers","offFNm3":"James","teamAbbr":"MIN","teamConf":"West","teamLoc":"Home","teamRslt":"Win","teamPTS":113,"teamAST":27,"teamTO":18,"teamSTL":10,"teamBLK":7,"teamPF":18,"teamFGA":87,"teamFGM":42,"team2PA":65,"team2PM":35,"team3PA":22,"team3PM":7,"teamFTA":26,"teamFTM":22,"teamORB":18,"teamDRB":34,"teamPTS1":20,"teamPTS2":36,"teamPTS3":27,"teamPTS4":30,"teamPTS5":0,"teamPTS6":0,"teamPTS7":0,"teamPTS8":0,"opptAbbr":"MEM","opptConf":"West","opptLoc":"Away","opptRslt":"Loss","opptPTS":94,"opptAST":20,"opptTO":17,"opptSTL":11,"opptBLK":5,"opptPF":20,"opptFGA":85,"opptFGM":35,"oppt2PA":67,"oppt2PM":30,"oppt3PA":18,"oppt3PM":5,"opptFTA":21,"opptFTM":19,"opptORB":10,"opptDRB":25,"opptPTS1":26,"opptPTS2":27,"opptPTS3":22,"opptPTS4":19,"opptPTS5":0,"opptPTS6":0,"opptPTS7":0,"opptPTS8":0}
{"_id":{"$oid":"5cb552f6e0f627212ff3c017"},"gmDate":"2018/4/11","offLNm3":"Spooner","offFNm3":"Bill","teamAbbr":"OKC","teamConf":"West","teamLoc":"Home","teamRslt":"Win","teamPTS":137,"teamAST":32,"teamTO":14,"teamSTL":8,"teamBLK":3,"teamPF":23,"teamFGA":85,"teamFGM":47,"team2PA":42,"team2PM":27,"team3PA":43,"team3PM":20,"teamFTA":32,"teamFTM":23,"teamORB":8,"teamDRB":37,"teamPTS1":38,"teamPTS2":39,"teamPTS3":28,"teamPTS4":32,"teamPTS5":0,"teamPTS6":0,"teamPTS7":0,"teamPTS8":0,"opptAbbr":"MEM","opptConf":"West","opptLoc":"Away","opptRslt":"Loss","opptPTS":123,"opptAST":22,"opptTO":13,"opptSTL":9,"opptBLK":2,"opptPF":22,"opptFGA":91,"opptFGM":44,"oppt2PA":60,"oppt2PM":31,"oppt3PA":31,"oppt3PM":13,"opptFTA":24,"opptFTM":22,"opptORB":10,"opptDRB":32,"opptPTS1":28,"opptPTS2":29,"opptPTS3":39,"opptPTS4":27,"opptPTS5":0,"opptPTS6":0,"opptPTS7":0,"opptPTS8":0}
