{"_id":{"$oid":"5cb552f6e0f627212ff3bb4f"},"gmDate":"2017/10/18","offLNm3":"Malloy","offFNm3":"Ed","teamAbbr":"ORL","teamConf":"East","teamLoc":"Home","teamRslt":"Win","teamPTS":116,"teamAST":22,"teamTO":15,"teamSTL":8,"teamBLK":10,"teamPF":18,"teamFGA":90,"teamFGM":43,"team2PA":69,"team2PM":35,"team3PA":21,"team3PM":8,"teamFTA":29,"teamFTM":22,"teamORB":11,"teamDRB":40,"teamPTS1":32,"teamPTS2":26,"teamPTS3":30,"teamPTS4":28,"teamPTS5":0,"teamPTS6":0,"teamPTS7":0,"teamPTS8":0,"opptAbbr":"MIA","opptConf":"East","opptLoc":"Away","opptRslt":"Loss","opptPTS":109,"opptAST":27,"opptTO":13,"opptSTL":6,"opptBLK":4,"opptPF":20,"opptFGA":102,"opptFGM":44,"oppt2PA":72,"oppt2PM":36,"oppt3PA":30,"oppt3PM":8,"opptFTA":17,"opptFTM":13,"opptORB":11,"opptDRB":33,"opptPTS1":37,"opptPTS2":18,"opptPTS3":23,"opptPTS4":31,"opptPTS5":0,"opptPTS6":0,"opptPTS7":0,"opptPTS8":0}
{"_id":{"$oid":"5cb552f6e0f627212ff3bb6d"},"gmDate":"2017/10/21","offLNm3":"Lewis","offFNm3":"Eric","teamAbbr":"MIA","teamConf":"East","teamLoc":"Home","teamRslt":"Win","teamPTS":112,"teamAST":24,"teamTO":14,"teamSTL":6,"teamBLK":11,"teamPF":19,"teamFGA":87,"teamFGM":45,"team2PA":53,"team2PM":31,"team3PA":34,"team3PM":14,"teamFTA":14,"teamFTM":8,"teamORB":6,"teamDRB":39,"teamPTS1":26,"teamPTS2":37,"teamPTS3":28,"teamPTS4":21,"teamPTS5":0,"teamPTS6":0,"teamPTS7":0,"teamPTS8":0,"opptAbbr":"IND","opptConf":"East","opptLoc":"Away","opptRslt":"Loss","opptPTS":108,"opptAST":18,"opptTO":11,"opptSTL":9,"opptBLK":4,"opptPF":18,"opptFGA":96,"opptFGM":43,"oppt2PA":77,"oppt2PM":36,"oppt3PA":19,"oppt3PM":7,"opptFTA":21,"opptFTM":15,"opptORB":13,"opptDRB":32,"opptPTS1":31,"opptPTS2":19,"opptPTS3":26,"opptPTS4":32,"opptPTS5":0,"opptPTS6":0,"opptPTS7":0,"opptPTS8":0}
{"_id":{"$oid":"5cb552f6e0f627212ff3bb77"},"gmDate":"2017/10/23","offLNm3":"Davis","offFNm3":"Marc","teamAbbr":"MIA","teamConf":"East","teamLoc":"Home","teamRslt":"Win","teamPTS":104,"teamAST":21,"teamTO":19,"teamSTL":12,"teamBLK":6,"teamPF":19,"teamFGA":85,"teamFGM":39,"team2PA":48,"team2PM":25,"team3PA":37,"team3PM":14,"teamFTA":18,"teamFTM":12,"teamORB":10,"teamDRB":31,"teamPTS1":26,"teamPTS2":36,"teamPTS3":15,"teamPTS4":27,"teamPTS5":0,"teamPTS6":0,"teamPTS7":0,"teamPTS8":0,"opptAbbr":"ATL","opptConf":"East","opptLoc":"Away","opptRslt":"Loss","opptPTS":93,"opptAST":14,"opptTO":21,"opptSTL":9,"opptBLK":1,"opptPF":17,"opptFGA":76,"opptFGM":36,"oppt2PA":59,"oppt2PM":29,"oppt3PA":17,"oppt3PM":7,"opptFTA":18,"opptFTM":14,"opptORB":6,"opptDRB":35,"opptPTS1":23,"opptPTS2":21,"opptPTS3":29,"opptPTS4":20,"opptPTS5":0,"opptPTS6":0,"opptPTS7":0,"opptPTS8":0}
{"_id":{"$oid":"5cb552f6e0f627212ff3bb88"},"gmDate":"2017/10/25","offLNm3":"McCutchen","offFNm3":"Monty","teamAbbr":"MIA","teamConf":"East","teamLoc":"Home","teamRslt":"Loss","teamPTS":100,"teamAST":19,"teamTO":9,"teamSTL":6,"teamBLK":2,"teamPF":25,"teamFGA":80,"teamFGM":37,"team2PA":54,"team2PM":28,"team3PA":26,"team3PM":9,"teamFTA":18,"teamFTM":17,"teamORB":4,"teamDRB":28,"teamPTS1":30,"teamPTS2":21,"teamPTS3":22,"teamPTS4":27,"teamPTS5":0,"teamPTS6":0,"teamPTS7":0,"teamPTS8":0,"opptAbbr":"SA","opptConf":"West","opptLoc":"Away","opptRslt":"Win","opptPTS":117,"opptAST":18,"opptTO":15,"opptSTL":6,"opptBLK":3,"opptPF":20,"opptFGA":76,"opptFGM":42,"oppt2PA":59,"oppt2PM":32,"oppt3PA":17,"oppt3PM":10,"opptFTA":30,"opptFTM":23,"opptORB":8,"opptDRB":36,"opptPTS1":30,"opptPTS2":26,"opptPTS3":32,"opptPTS4":29,"opptPTS5":0,"opptPTS6":0,"opptPTS7":0,"opptPTS8":0}
{"_id":{"$oid":"5cb552f6e0f627212ff3bb9d"},"gmDate":"2017/10/28","offLNm3":"Acosta","offFNm3":"Ray","teamAbbr":"MIA","teamConf":"East","teamLoc":"Home","teamRslt":"Loss","teamPTS":90,"teamAST":17,"teamTO":19,"teamSTL":6,"teamBLK":9,"teamPF":23,"teamFGA":79,"teamFGM":34,"team2PA":48,"team2PM":27,"team3PA":31,"team3PM":7,"teamFTA":16,"teamFTM":15,"teamORB":6,"teamDRB":34,"teamPTS1":26,"teamPTS2":19,"teamPTS3":18,"teamPTS4":27,"teamPTS5":0,"teamPTS6":0,"teamPTS7":0,"teamPTS8":0,"opptAbbr":"BOS","opptConf":"East","opptLoc":"Away","opptRslt":"Win","opptPTS":96,"opptAST":15,"opptTO":12,"opptSTL":11,"opptBLK":5,"opptPF":14,"opptFGA":81,"opptFGM":34,"oppt2PA":58,"oppt2PM":28,"oppt3PA":23,"oppt3PM":6,"opptFTA":26,"opptFTM":22,"opptORB":11,"opptDRB":30,"opptPTS1":21,"opptPTS2":26,"opptPTS3":27,"opptPTS4":22,"opptPTS5":0,"opptPTS6":0,"opptPTS7":0,"opptPTS8":0}
{"_id":{"$oid":"5cb552f6e0f627212ff3bba9"},"gmDate":"2017/10/30","offLNm3":"Collins","offFNm3":"Derrick","teamAbbr":"MIA","teamConf":"East","teamLoc":"Home","teamRslt":"Loss","teamPTS":122,"teamAST":17,"teamTO":24,"teamSTL":8,"teamBLK":5,"teamPF":28,"teamFGA":93,"teamFGM":49,"team2PA":66,"team2PM":42,"team3PA":27,"team3PM":7,"teamFTA":25,"teamFTM":17,"teamORB":15,"teamDRB":35,"teamPTS1":32,"teamPTS2":30,"teamPTS3":20,"teamPTS4":28,"teamPTS5":12,"teamPTS6":0,"teamPTS7":0,"teamPTS8":0,"opptAbbr":"MIN","opptConf":"West","opptLoc":"Away","opptRslt":"Win","opptPTS":125,"opptAST":20,"opptTO":16,"opptSTL":16,"opptBLK":4,"opptPF":25,"opptFGA":91,"opptFGM":41,"oppt2PA":68,"oppt2PM":30,"oppt3PA":23,"oppt3PM":11,"opptFTA":35,"opptFTM":32,"opptORB":10,"opptDRB":30,"opptPTS1":23,"opptPTS2":37,"opptPTS3":19,"opptPTS4":31,"opptPTS5":15,"opptPTS6":0,"opptPTS7":0,"opptPTS8":0}
{"_id":{"$oid":"5cb552f6e0f627212ff3bbbc"},"gmDate":"2017/11/1","offLNm3":"Adair","offFNm3":"Brandon","teamAbbr":"MIA","teamConf":"East","teamLoc":"Home","teamRslt":"Win","teamPTS":97,"teamAST":21,"teamTO":11,"teamSTL":8,"teamBLK":0,"teamPF":19,"teamFGA":83,"teamFGM":34,"team2PA":52,"team2PM":22,"team3PA":31,"team3PM":12,"teamFTA":19,"teamFTM":17,"teamORB":3,"teamDRB":45,"teamPTS1":27,"teamPTS2":22,"teamPTS3":18,"teamPTS4":30,"teamPTS5":0,"teamPTS6":0,"teamPTS7":0,"teamPTS8":0,"opptAbbr":"CHI","opptConf":"East","opptLoc":"Away","opptRslt":"Loss","opptPTS":91,"opptAST":20,"opptTO":12,"opptSTL":7,"opptBLK":6,"opptPF":19,"opptFGA":89,"opptFGM":36,"oppt2PA":61,"oppt2PM":29,"oppt3PA":28,"oppt3PM":7,"opptFTA":19,"opptFTM":12,"opptORB":7,"opptDRB":47,"opptPTS1":17,"opptPTS2":30,"opptPTS3":17,"opptPTS4":27,"opptPTS5":0,"opptPTS6":0,"opptPTS7":0,"opptPTS8":0}
{"_id":{"$oid":"5cb552f6e0f627212ff3bbcc"},"gmDate":"2017/11/3","offLNm3":"Sterling","offFNm3":"Jonathan","teamAbbr":"DEN","teamConf":"West","teamLoc":"Home","teamRslt":"Win","teamPTS":95,"teamAST":17,"teamTO":17,"teamSTL":9,"teamBLK":6,"teamPF":16,"teamFGA":80,"teamFGM":36,"team2PA":57,"team2PM":27,"team3PA":23,"team3PM":9,"teamFTA":25,"teamFTM":14,"teamORB":13,"teamDRB":28,"teamPTS1":28,"teamPTS2":23,"teamPTS3":25,"teamPTS4":19,"teamPTS5":0,"teamPTS6":0,"teamPTS7":0,"teamPTS8":0,"opptAbbr":"MIA","opptConf":"East","opptLoc":"Away","opptRslt":"Loss","opptPTS":94,"opptAST":23,"opptTO":23,"opptSTL":9,"opptBLK":6,"opptPF":24,"opptFGA":77,"opptFGM":36,"oppt2PA":39,"oppt2PM":21,"oppt3PA":38,"oppt3PM":15,"opptFTA":11,"opptFTM":7,"opptORB":8,"opptDRB":33,"opptPTS1":37,"opptPTS2":21,"opptPTS3":13,"opptPTS4":23,"opptPTS5":0,"opptPTS6":0,"opptPTS7":0,"opptPTS8":0}
{"_id":{"$oid":"5cb552f6e0f627212ff3bbd5"},"gmDate":"2017/11/5","offLNm3":"Ford","offFNm3":"Tyler","teamAbbr":"LAC","teamConf":"West","teamLoc":"Home","teamRslt":"Loss","teamPTS":101,"teamAST":16,"teamTO":16,"teamSTL":11,"teamBLK":4,"teamPF":22,"teamFGA":87,"teamFGM":34,"team2PA":56,"team2PM":25,"team3PA":31,"team3PM":9,"teamFTA":30,"teamFTM":24,"teamORB":18,"teamDRB":32,"teamPTS1":20,"teamPTS2":29,"teamPTS3":17,"teamPTS4":35,"teamPTS5":0,"teamPTS6":0,"teamPTS7":0,"teamPTS8":0,"opptAbbr":"MIA","opptConf":"East","opptLoc":"Away","opptRslt":"Win","opptPTS":104,"opptAST":23,"opptTO":16,"opptSTL":12,"opptBLK":6,"opptPF":26,"opptFGA":84,"opptFGM":37,"oppt2PA":48,"oppt2PM":23,"oppt3PA":36,"oppt3PM":14,"opptFTA":19,"opptFTM":16,"opptORB":10,"opptDRB":27,"opptPTS1":34,"opptPTS2":28,"opptPTS3":27,"opptPTS4":15,"opptPTS5":0,"opptPTS6":0,"opptPTS7":0,"opptPTS8":0}
{"_id":{"$oid":"5cb552f6e0f627212ff3bbe1"},"gmDate":"2017/11/6","offLNm3":"Ayotte","offFNm3":"Mark","teamAbbr":"GS","teamConf":"West","teamLoc":"Home","teamRslt":"Win","teamPTS":97,"teamAST":20,"teamTO":15,"teamSTL":12,"teamBLK":10,"teamPF":21,"teamFGA":87,"teamFGM":32,"team2PA":55,"team2PM":21,"team3PA":32,"team3PM":11,"teamFTA":24,"teamFTM":22,"teamORB":13,"teamDRB":38,"teamPTS1":22,"teamPTS2":28,"teamPTS3":25,"teamPTS4":22,"teamPTS5":0,"teamPTS6":0,"teamPTS7":0,"teamPTS8":0,"opptAbbr":"MIA","opptConf":"East","opptLoc":"Away","opptRslt":"Loss","opptPTS":80,"opptAST":19,"opptTO":23,"opptSTL":10,"opptBLK":6,"opptPF":20,"opptFGA":83,"opptFGM":30,"oppt2PA":57,"oppt2PM":22,"oppt3PA":26,"oppt3PM":8,"opptFTA":17,"opptFTM":12,"opptORB":7,"opptDRB":37,"opptPTS1":21,"opptPTS2":16,"opptPTS3":20,"opptPTS4":23,"opptPTS5":0,"opptPTS6":0,"opptPTS7":0,"opptPTS8":0}
{"_id":{"$oid":"5cb552f6e0f627212ff3bbef"},"gmDate":"2017/11/8","offLNm3":"Kennedy","offFNm3":"Bill","teamAbbr":"PHO","teamConf":"West","teamLoc":"Home","teamRslt":"Loss","teamPTS":115,"teamAST":20,"teamTO":11,"teamSTL":4,"teamBLK":2,"teamPF":29,"teamFGA":88,"teamFGM":40,"team2PA":59,"team2PM":28,"team3PA":29,"team3PM":12,"teamFTA":30,"teamFTM":23,"teamORB":6,"teamDRB":28,"teamPTS1":27,"teamPTS2":27,"teamPTS3":32,"teamPTS4":29,"teamPTS5":0,"teamPTS6":0,"teamPTS7":0,"teamPTS8":0,"opptAbbr":"MIA","opptConf":"East","opptLoc":"Away","opptRslt":"Win","opptPTS":126,"opptAST":21,"opptTO":15,"opptSTL":5,"opptBLK":4,"opptPF":25,"opptFGA":81,"opptFGM":43,"oppt2PA":51,"oppt2PM":31,"oppt3PA":30,"oppt3PM":12,"opptFTA":35,"opptFTM":28,"opptORB":11,"opptDRB":42,"opptPTS1":36,"opptPTS2":33,"opptPTS3":25,"opptPTS4":32,"opptPTS5":0,"opptPTS6":0,"opptPTS7":0,"opptPTS8":0}
{"_id":{"$oid":"5cb552f6e0f627212ff3bbfc"},"gmDate":"2017/11/10","offLNm3":"Collins","offFNm3":"Derrick","teamAbbr":"UTA","teamConf":"West","teamLoc":"Home","teamRslt":"Loss","teamPTS":74,"teamAST":12,"teamTO":18,"teamSTL":10,"teamBLK":7,"teamPF":20,"teamFGA":74,"teamFGM":25,"team2PA":53,"team2PM":20,"team3PA":21,"team3PM":5,"teamFTA":22,"teamFTM":19,"teamORB":4,"teamDRB":36,"teamPTS1":22,"teamPTS2":27,"teamPTS3":8,"teamPTS4":17,"teamPTS5":0,"teamPTS6":0,"teamPTS7":0,"teamPTS8":0,"opptAbbr":"MIA","opptConf":"East","opptLoc":"Away","opptRslt":"Win","opptPTS":84,"opptAST":10,"opptTO":21,"opptSTL":9,"opptBLK":6,"opptPF":20,"opptFGA":77,"opptFGM":30,"oppt2PA":52,"oppt2PM":20,"oppt3PA":25,"oppt3PM":10,"opptFTA":18,"opptFTM":14,"opptORB":7,"opptDRB":41,"opptPTS1":25,"opptPTS2":12,"opptPTS3":20,"opptPTS4":27,"opptPTS5":0,"opptPTS6":0,"opptPTS7":0,"opptPTS8":0}
{"_id":{"$oid":"5cb552f6e0f627212ff3bc0a"},"gmDate":"2017/11/12","offLNm3":"Ford","offFNm3":"Tyler","teamAbbr":"DET","teamConf":"East","teamLoc":"Home","teamRslt":"Win","teamPTS":112,"teamAST":24,"teamTO":13,"teamSTL":2,"teamBLK":5,"teamPF":17,"teamFGA":87,"teamFGM":42,"team2PA":59,"team2PM":28,"team3PA":28,"team3PM":14,"teamFTA":20,"teamFTM":14,"teamORB":11,"teamDRB":43,"teamPTS1":31,"teamPTS2":24,"teamPTS3":28,"teamPTS4":29,"teamPTS5":0,"teamPTS6":0,"teamPTS7":0,"teamPTS8":0,"opptAbbr":"MIA","opptConf":"East","opptLoc":"Away","opptRslt":"Loss","opptPTS":103,"opptAST":25,"opptTO":9,"opptSTL":8,"opptBLK":5,"opptPF":22,"opptFGA":90,"opptFGM":39,"oppt2PA":53,"oppt2PM":26,"oppt3PA":37,"oppt3PM":13,"opptFTA":16,"opptFTM":12,"opptORB":7,"opptDRB":32,"opptPTS1":29,"opptPTS2":29,"opptPTS3":23,"opptPTS4":22,"opptPTS5":0,"opptPTS6":0,"opptPTS7":0,"opptPTS8":0}
{"_id":{"$oid":"5cb552f6e0f627212ff3bc1a"},"gmDate":"2017/11/15","offLNm3":"Wood","offFNm3":"Leon","teamAbbr":"MIA","teamConf":"East","teamLoc":"Home","teamRslt":"Loss","teamPTS":93,"teamAST":15,"teamTO":17,"teamSTL":3,"teamBLK":3,"teamPF":20,"teamFGA":78,"teamFGM":32,"team2PA":48,"team2PM":19,"team3PA":30,"team3PM":13,"teamFTA":19,"teamFTM":16,"teamORB":12,"teamDRB":30,"teamPTS1":19,"teamPTS2":30,"teamPTS3":25,"teamPTS4":19,"teamPTS5":0,"teamPTS6":0,"teamPTS7":0,"teamPTS8":0,"opptAbbr":"WAS","opptConf":"East","opptLoc":"Away","opptRslt":"Win","opptPTS":102,"opptAST":9,"opptTO":12,"opptSTL":8,"opptBLK":2,"opptPF":19,"opptFGA":78,"opptFGM":32,"oppt2PA":59,"oppt2PM":23,"oppt3PA":19,"oppt3PM":9,"opptFTA":31,"opptFTM":29,"opptORB":11,"opptDRB":29,"opptPTS1":30,"opptPTS2":31,"opptPTS3":10,"opptPTS4":31,"opptPTS5":0,"opptPTS6":0,"opptPTS7":0,"opptPTS8":0}
{"_id":{"$oid":"5cb552f6e0f627212ff3bc27"},"gmDate":"2017/11/17","offLNm3":"Van Duyne","offFNm3":"Justin","teamAbbr":"WAS","teamConf":"East","teamLoc":"Home","teamRslt":"Loss","teamPTS":88,"teamAST":18,"teamTO":12,"teamSTL":4,"teamBLK":4,"teamPF":17,"teamFGA":84,"teamFGM":32,"team2PA":49,"team2PM":22,"team3PA":35,"team3PM":10,"teamFTA":16,"teamFTM":14,"teamORB":7,"teamDRB":39,"teamPTS1":17,"teamPTS2":12,"teamPTS3":28,"teamPTS4":31,"teamPTS5":0,"teamPTS6":0,"teamPTS7":0,"teamPTS8":0,"opptAbbr":"MIA","opptConf":"East","opptLoc":"Away","opptRslt":"Win","opptPTS":91,"opptAST":21,"opptTO":15,"opptSTL":6,"opptBLK":7,"opptPF":19,"opptFGA":83,"opptFGM":34,"oppt2PA":48,"oppt2PM":24,"oppt3PA":35,"oppt3PM":10,"opptFTA":18,"opptFTM":13,"opptORB":10,"opptDRB":42,"opptPTS1":26,"opptPTS2":24,"opptPTS3":16,"opptPTS4":25,"opptPTS5":0,"opptPTS6":0,"opptPTS7":0,"opptPTS8":0}
{"_id":{"$oid":"5cb552f6e0f627212ff3bc38"},"gmDate":"2017/11/19","offLNm3":"Collins","offFNm3":"Derrick","teamAbbr":"MIA","teamConf":"East","teamLoc":"Home","teamRslt":"Loss","teamPTS":95,"teamAST":21,"teamTO":17,"teamSTL":9,"teamBLK":2,"teamPF":11,"teamFGA":83,"teamFGM":35,"team2PA":46,"team2PM":22,"team3PA":37,"team3PM":13,"teamFTA":14,"teamFTM":12,"teamORB":10,"teamDRB":25,"teamPTS1":27,"teamPTS2":28,"teamPTS3":13,"teamPTS4":27,"teamPTS5":0,"teamPTS6":0,"teamPTS7":0,"teamPTS8":0,"opptAbbr":"IND","opptConf":"East","opptLoc":"Away","opptRslt":"Win","opptPTS":120,"opptAST":33,"opptTO":14,"opptSTL":9,"opptBLK":7,"opptPF":14,"opptFGA":85,"opptFGM":51,"oppt2PA":62,"oppt2PM":40,"oppt3PA":23,"oppt3PM":11,"opptFTA":8,"opptFTM":7,"opptORB":9,"opptDRB":33,"opptPTS1":29,"opptPTS2":29,"opptPTS3":32,"opptPTS4":30,"opptPTS5":0,"opptPTS6":0,"opptPTS7":0,"opptPTS8":0}
{"_id":{"$oid":"5cb552f6e0f627212ff3bc4e"},"gmDate":"2017/11/22","offLNm3":"Lewis","offFNm3":"Eric","teamAbbr":"MIA","teamConf":"East","teamLoc":"Home","teamRslt":"Win","teamPTS":104,"teamAST":20,"teamTO":16,"teamSTL":3,"teamBLK":4,"teamPF":22,"teamFGA":81,"teamFGM":40,"team2PA":53,"team2PM":30,"team3PA":28,"team3PM":10,"teamFTA":16,"teamFTM":14,"teamORB":7,"teamDRB":41,"teamPTS1":27,"teamPTS2":27,"teamPTS3":25,"teamPTS4":25,"teamPTS5":0,"teamPTS6":0,"teamPTS7":0,"teamPTS8":0,"opptAbbr":"BOS","opptConf":"East","opptLoc":"Away","opptRslt":"Loss","opptPTS":98,"opptAST":19,"opptTO":11,"opptSTL":11,"opptBLK":4,"opptPF":19,"opptFGA":84,"opptFGM":35,"oppt2PA":58,"oppt2PM":26,"oppt3PA":26,"oppt3PM":9,"opptFTA":27,"opptFTM":19,"opptORB":7,"opptDRB":30,"opptPTS1":16,"opptPTS2":25,"opptPTS3":22,"opptPTS4":35,"opptPTS5":0,"opptPTS6":0,"opptPTS7":0,"opptPTS8":0}
{"_id":{"$oid":"5cb552f6e0f627212ff3bc5c"},"gmDate":"2017/11/24","offLNm3":"Adair","offFNm3":"Brandon","teamAbbr":"MIN","teamConf":"West","teamLoc":"Home","teamRslt":"Loss","teamPTS":97,"teamAST":21,"teamTO":10,"teamSTL":9,"teamBLK":3,"teamPF":16,"teamFGA":84,"teamFGM":37,"team2PA":67,"team2PM":30,"team3PA":17,"team3PM":7,"teamFTA":26,"teamFTM":16,"teamORB":13,"teamDRB":31,"teamPTS1":24,"teamPTS2":24,"teamPTS3":22,"teamPTS4":27,"teamPTS5":0,"teamPTS6":0,"teamPTS7":0,"teamPTS8":0,"opptAbbr":"MIA","opptConf":"East","opptLoc":"Away","opptRslt":"Win","opptPTS":109,"opptAST":29,"opptTO":14,"opptSTL":4,"opptBLK":4,"opptPF":24,"opptFGA":80,"opptFGM":38,"oppt2PA":41,"oppt2PM":19,"oppt3PA":39,"oppt3PM":19,"opptFTA":16,"opptFTM":14,"opptORB":9,"opptDRB":33,"opptPTS1":28,"opptPTS2":30,"opptPTS3":23,"opptPTS4":28,"opptPTS5":0,"opptPTS6":0,"opptPTS7":0,"opptPTS8":0}
{"_id":{"$oid":"5cb552f6e0f627212ff3bc6c"},"gmDate":"2017/11/26","offLNm3":"Zarba","offFNm3":"Zach","teamAbbr":"CHI","teamConf":"East","teamLoc":"Home","teamRslt":"Loss","teamPTS":93,"teamAST":25,"teamTO":15,"teamSTL":10,"teamBLK":2,"teamPF":18,"teamFGA":89,"teamFGM":33,"team2PA":56,"team2PM":19,"team3PA":33,"team3PM":14,"teamFTA":16,"teamFTM":13,"teamORB":7,"teamDRB":40,"teamPTS1":13,"teamPTS2":29,"teamPTS3":19,"teamPTS4":32,"teamPTS5":0,"teamPTS6":0,"teamPTS7":0,"teamPTS8":0,"opptAbbr":"MIA","opptConf":"East","opptLoc":"Away","opptRslt":"Win","opptPTS":100,"opptAST":19,"opptTO":13,"opptSTL":9,"opptBLK":5,"opptPF":14,"opptFGA":75,"opptFGM":34,"oppt2PA":43,"oppt2PM":21,"oppt3PA":32,"oppt3PM":13,"opptFTA":23,"opptFTM":19,"opptORB":1,"opptDRB":44,"opptPTS1":7,"opptPTS2":38,"opptPTS3":19,"opptPTS4":36,"opptPTS5":0,"opptPTS6":0,"opptPTS7":0,"opptPTS8":0}
{"_id":{"$oid":"5cb552f6e0f627212ff3bc77"},"gmDate":"2017/11/28","offLNm3":"Ayotte","offFNm3":"Mark","teamAbbr":"CLE","teamConf":"East","teamLoc":"Home","teamRslt":"Win","teamPTS":108,"teamAST":21,"teamTO":14,"teamSTL":12,"teamBLK":2,"teamPF":17,"teamFGA":81,"teamFGM":40,"team2PA":48,"team2PM":29,"team3PA":33,"team3PM":11,"teamFTA":23,"teamFTM":17,"teamORB":5,"teamDRB":40,"teamPTS1":35,"teamPTS2":40,"teamPTS3":18,"teamPTS4":15,"teamPTS5":0,"teamPTS6":0,"teamPTS7":0,"teamPTS8":0,"opptAbbr":"MIA","opptConf":"East","opptLoc":"Away","opptRslt":"Loss","opptPTS":97,"opptAST":24,"opptTO":15,"opptSTL":7,"opptBLK":5,"opptPF":19,"opptFGA":84,"opptFGM":37,"oppt2PA":53,"oppt2PM":27,"oppt3PA":31,"oppt3PM":10,"opptFTA":20,"opptFTM":13,"opptORB":8,"opptDRB":34,"opptPTS1":24,"opptPTS2":25,"opptPTS3":25,"opptPTS4":23,"opptPTS5":0,"opptPTS6":0,"opptPTS7":0,"opptPTS8":0}
{"_id":{"$oid":"5cb552f6e0f627212ff3bc80"},"gmDate":"2017/11/29","offLNm3":"Mott","offFNm3":"Rodney","teamAbbr":"NY","teamConf":"East","teamLoc":"Home","teamRslt":"Win","teamPTS":115,"teamAST":26,"teamTO":20,"teamSTL":10,"teamBLK":5,"teamPF":20,"teamFGA":73,"teamFGM":44,"team2PA":60,"team2PM":39,"team3PA":13,"team3PM":5,"teamFTA":26,"teamFTM":22,"teamORB":8,"teamDRB":44,"teamPTS1":33,"teamPTS2":32,"teamPTS3":23,"teamPTS4":27,"teamPTS5":0,"teamPTS6":0,"teamPTS7":0,"teamPTS8":0,"opptAbbr":"MIA","opptConf":"East","opptLoc":"Away","opptRslt":"Loss","opptPTS":86,"opptAST":21,"opptTO":15,"opptSTL":13,"opptBLK":4,"opptPF":20,"opptFGA":84,"opptFGM":32,"oppt2PA":46,"oppt2PM":22,"oppt3PA":38,"oppt3PM":10,"opptFTA":20,"opptFTM":12,"opptORB":9,"opptDRB":22,"opptPTS1":22,"opptPTS2":22,"opptPTS3":20,"opptPTS4":22,"opptPTS5":0,"opptPTS6":0,"opptPTS7":0,"opptPTS8":0}
{"_id":{"$oid":"5cb552f6e0f627212ff3bc90"},"gmDate":"2017/12/1","offLNm3":"Smith","offFNm3":"Michael","teamAbbr":"MIA","teamConf":"East","teamLoc":"Home","teamRslt":"Win","teamPTS":105,"teamAST":25,"teamTO":22,"teamSTL":8,"teamBLK":4,"teamPF":24,"teamFGA":80,"teamFGM":39,"team2PA":45,"team2PM":25,"team3PA":35,"team3PM":14,"teamFTA":21,"teamFTM":13,"teamORB":9,"teamDRB":30,"teamPTS1":22,"teamPTS2":28,"teamPTS3":29,"teamPTS4":26,"teamPTS5":0,"teamPTS6":0,"teamPTS7":0,"teamPTS8":0,"opptAbbr":"CHA","opptConf":"East","opptLoc":"Away","opptRslt":"Loss","opptPTS":100,"opptAST":21,"opptTO":22,"opptSTL":9,"opptBLK":5,"opptPF":24,"opptFGA":79,"opptFGM":38,"oppt2PA":59,"oppt2PM":33,"oppt3PA":20,"oppt3PM":5,"opptFTA":21,"opptFTM":19,"opptORB":10,"opptDRB":30,"opptPTS1":30,"opptPTS2":19,"opptPTS3":26,"opptPTS4":25,"opptPTS5":0,"opptPTS6":0,"opptPTS7":0,"opptPTS8":0}
{"_id":{"$oid":"5cb552f6e0f627212ff3bc9c"},"gmDate":"2017/12/3","offLNm3":"Kirkland","offFNm3":"Courtney","teamAbbr":"MIA","teamConf":"East","teamLoc":"Home","teamRslt":"Loss","teamPTS":95,"teamAST":17,"teamTO":12,"teamSTL":5,"teamBLK":4,"teamPF":15,"teamFGA":81,"teamFGM":33,"team2PA":44,"team2PM":19,"team3PA":37,"team3PM":14,"teamFTA":17,"teamFTM":15,"teamORB":5,"teamDRB":23,"teamPTS1":36,"teamPTS2":24,"teamPTS3":17,"teamPTS4":18,"teamPTS5":0,"teamPTS6":0,"teamPTS7":0,"teamPTS8":0,"opptAbbr":"GS","opptConf":"West","opptLoc":"Away","opptRslt":"Win","opptPTS":123,"opptAST":32,"opptTO":10,"opptSTL":4,"opptBLK":4,"opptPF":14,"opptFGA":84,"opptFGM":47,"oppt2PA":54,"oppt2PM":36,"oppt3PA":30,"oppt3PM":11,"opptFTA":24,"opptFTM":18,"opptORB":7,"opptDRB":34,"opptPTS1":33,"opptPTS2":29,"opptPTS3":37,"opptPTS4":24,"opptPTS5":0,"opptPTS6":0,"opptPTS7":0,"opptPTS8":0}
{"_id":{"$oid":"5cb552f6e0f627212ff3bcb6"},"gmDate":"2017/12/6","offLNm3":"Mott","offFNm3":"Rodney","teamAbbr":"SA","teamConf":"West","teamLoc":"Home","teamRslt":"Win","teamPTS":117,"teamAST":30,"teamTO":11,"teamSTL":6,"teamBLK":7,"teamPF":13,"teamFGA":87,"teamFGM":46,"team2PA":62,"team2PM":33,"team3PA":25,"team3PM":13,"teamFTA":14,"teamFTM":12,"teamORB":10,"teamDRB":24,"teamPTS1":27,"teamPTS2":30,"teamPTS3":29,"teamPTS4":31,"teamPTS5":0,"teamPTS6":0,"teamPTS7":0,"teamPTS8":0,"opptAbbr":"MIA","opptConf":"East","opptLoc":"Away","opptRslt":"Loss","opptPTS":105,"opptAST":28,"opptTO":19,"opptSTL":7,"opptBLK":4,"opptPF":16,"opptFGA":72,"opptFGM":39,"oppt2PA":38,"oppt2PM":21,"oppt3PA":34,"oppt3PM":18,"opptFTA":12,"opptFTM":9,"opptORB":6,"opptDRB":23,"opptPTS1":35,"opptPTS2":23,"opptPTS3":24,"opptPTS4":23,"opptPTS5":0,"opptPTS6":0,"opptPTS7":0,"opptPTS8":0}
{"_id":{"$oid":"5cb552f6e0f627212ff3bcc5"},"gmDate":"2017/12/9","offLNm3":"Brown","offFNm3":"Tony","teamAbbr":"BKN","teamConf":"East","teamLoc":"Home","teamRslt":"Loss","teamPTS":89,"teamAST":16,"teamTO":14,"teamSTL":3,"teamBLK":3,"teamPF":17,"teamFGA":81,"teamFGM":33,"team2PA":54,"team2PM":26,"team3PA":27,"team3PM":7,"teamFTA":19,"teamFTM":16,"teamORB":8,"teamDRB":35,"teamPTS1":26,"teamPTS2":27,"teamPTS3":19,"teamPTS4":17,"teamPTS5":0,"teamPTS6":0,"teamPTS7":0,"teamPTS8":0,"opptAbbr":"MIA","opptConf":"East","opptLoc":"Away","opptRslt":"Win","opptPTS":101,"opptAST":15,"opptTO":6,"opptSTL":6,"opptBLK":8,"opptPF":17,"opptFGA":90,"opptFGM":42,"oppt2PA":63,"oppt2PM":34,"oppt3PA":27,"oppt3PM":8,"opptFTA":14,"opptFTM":9,"opptORB":8,"opptDRB":36,"opptPTS1":24,"opptPTS2":26,"opptPTS3":25,"opptPTS4":26,"opptPTS5":0,"opptPTS6":0,"opptPTS7":0,"opptPTS8":0}
{"_id":{"$oid":"5cb552f6e0f627212ff3bcd6"},"gmDate":"2017/12/11","offLNm3":"Davis","offFNm3":"Marc","teamAbbr":"MEM","teamConf":"West","teamLoc":"Home","teamRslt":"Loss","teamPTS":82,"teamAST":17,"teamTO":15,"teamSTL":6,"teamBLK":1,"teamPF":22,"teamFGA":72,"teamFGM":28,"team2PA":45,"team2PM":20,"team3PA":27,"team3PM":8,"teamFTA":27,"teamFTM":18,"teamORB":6,"teamDRB":25,"teamPTS1":23,"teamPTS2":19,"teamPTS3":18,"teamPTS4":22,"teamPTS5":0,"teamPTS6":0,"teamPTS7":0,"teamPTS8":0,"opptAbbr":"MIA","opptConf":"East","opptLoc":"Away","opptRslt":"Win","opptPTS":107,"opptAST":24,"opptTO":14,"opptSTL":8,"opptBLK":8,"opptPF":22,"opptFGA":66,"opptFGM":37,"oppt2PA":39,"oppt2PM":23,"oppt3PA":27,"oppt3PM":14,"opptFTA":24,"opptFTM":19,"opptORB":2,"opptDRB":33,"opptPTS1":21,"opptPTS2":24,"opptPTS3":25,"opptPTS4":37,"opptPTS5":0,"opptPTS6":0,"opptPTS7":0,"opptPTS8":0}
{"_id":{"$oid":"5cb552f6e0f627212ff3bce5"},"gmDate":"2017/12/13","offLNm3":"Stafford","offFNm3":"Derrick","teamAbbr":"MIA","teamConf":"East","teamLoc":"Home","teamRslt":"Loss","teamPTS":95,"teamAST":19,"teamTO":16,"teamSTL":6,"teamBLK":1,"teamPF":21,"teamFGA":72,"teamFGM":34,"team2PA":42,"team2PM":21,"team3PA":30,"team3PM":13,"teamFTA":23,"teamFTM":14,"teamORB":10,"teamDRB":26,"teamPTS1":33,"teamPTS2":27,"teamPTS3":19,"teamPTS4":16,"teamPTS5":0,"teamPTS6":0,"teamPTS7":0,"teamPTS8":0,"opptAbbr":"POR","opptConf":"West","opptLoc":"Away","opptRslt":"Win","opptPTS":102,"opptAST":14,"opptTO":11,"opptSTL":7,"opptBLK":2,"opptPF":21,"opptFGA":72,"opptFGM":36,"oppt2PA":44,"oppt2PM":26,"oppt3PA":28,"oppt3PM":10,"opptFTA":23,"opptFTM":20,"opptORB":5,"opptDRB":28,"opptPTS1":21,"opptPTS2":29,"opptPTS3":20,"opptPTS4":32,"opptPTS5":0,"opptPTS6":0,"opptPTS7":0,"opptPTS8":0}
{"_id":{"$oid":"5cb552f6e0f627212ff3bcef"},"gmDate":"2017/12/15","offLNm3":"Callahan","offFNm3":"Mike","teamAbbr":"CHA","teamConf":"East","teamLoc":"Home","teamRslt":"Loss","teamPTS":98,"teamAST":21,"teamTO":17,"teamSTL":7,"teamBLK":1,"teamPF":14,"teamFGA":83,"teamFGM":34,"team2PA":56,"team2PM":24,"team3PA":27,"team3PM":10,"teamFTA":27,"teamFTM":20,"teamORB":11,"teamDRB":31,"teamPTS1":19,"teamPTS2":28,"teamPTS3":24,"teamPTS4":27,"teamPTS5":0,"teamPTS6":0,"teamPTS7":0,"teamPTS8":0,"opptAbbr":"MIA","opptConf":"East","opptLoc":"Away","opptRslt":"Win","opptPTS":104,"opptAST":25,"opptTO":18,"opptSTL":10,"opptBLK":8,"opptPF":23,"opptFGA":78,"opptFGM":39,"oppt2PA":47,"oppt2PM":28,"oppt3PA":31,"oppt3PM":11,"opptFTA":17,"opptFTM":15,"opptORB":5,"opptDRB":35,"opptPTS1":24,"opptPTS2":29,"opptPTS3":26,"opptPTS4":25,"opptPTS5":0,"opptPTS6":0,"opptPTS7":0,"opptPTS8":0}
{"_id":{"$oid":"5cb552f6e0f627212ff3bcfe"},"gmDate":"2017/12/16","offLNm3":"Brothers","offFNm3":"Tony","teamAbbr":"MIA","teamConf":"East","teamLoc":"Home","teamRslt":"Win","teamPTS":90,"teamAST":22,"teamTO":9,"teamSTL":10,"teamBLK":8,"teamPF":15,"teamFGA":82,"teamFGM":31,"team2PA":47,"team2PM":19,"team3PA":35,"team3PM":12,"teamFTA":21,"teamFTM":16,"teamORB":9,"teamDRB":28,"teamPTS1":24,"teamPTS2":22,"teamPTS3":23,"teamPTS4":21,"teamPTS5":0,"teamPTS6":0,"teamPTS7":0,"teamPTS8":0,"opptAbbr":"LAC","opptConf":"West","opptLoc":"Away","opptRslt":"Loss","opptPTS":85,"opptAST":18,"opptTO":18,"opptSTL":3,"opptBLK":5,"opptPF":22,"opptFGA":80,"opptFGM":35,"oppt2PA":52,"oppt2PM":27,"oppt3PA":28,"oppt3PM":8,"opptFTA":14,"opptFTM":7,"opptORB":12,"opptDRB":34,"opptPTS1":17,"opptPTS2":23,"opptPTS3":25,"opptPTS4":20,"opptPTS5":0,"opptPTS6":0,"opptPTS7":0,"opptPTS8":0}
{"_id":{"$oid":"5cb552f6e0f627212ff3bd08"},"gmDate":"2017/12/18","offLNm3":"Washington","offFNm3":"Tom","teamAbbr":"ATL","teamConf":"East","teamLoc":"Home","teamRslt":"Win","teamPTS":110,"teamAST":25,"teamTO":13,"teamSTL":8,"teamBLK":6,"teamPF":23,"teamFGA":83,"teamFGM":38,"team2PA":61,"team2PM":30,"team3PA":22,"team3PM":8,"teamFTA":31,"teamFTM":26,"teamORB":10,"teamDRB":29,"teamPTS1":29,"teamPTS2":29,"teamPTS3":29,"teamPTS4":23,"teamPTS5":0,"teamPTS6":0,"teamPTS7":0,"teamPTS8":0,"opptAbbr":"MIA","opptConf":"East","opptLoc":"Away","opptRslt":"Loss","opptPTS":104,"opptAST":19,"opptTO":19,"opptSTL":9,"opptBLK":6,"opptPF":28,"opptFGA":79,"opptFGM":36,"oppt2PA":54,"oppt2PM":29,"oppt3PA":25,"oppt3PM":7,"opptFTA":30,"opptFTM":25,"opptORB":8,"opptDRB":34,"opptPTS1":30,"opptPTS2":27,"opptPTS3":19,"opptPTS4":28,"opptPTS5":0,"opptPTS6":0,"opptPTS7":0,"opptPTS8":0}
{"_id":{"$oid":"5cb552f6e0f627212ff3bd15"},"gmDate":"2017/12/20","offLNm3":"Adair","offFNm3":"Brandon","teamAbbr":"BOS","teamConf":"East","teamLoc":"Home","teamRslt":"Loss","teamPTS":89,"teamAST":18,"teamTO":10,"teamSTL":5,"teamBLK":5,"teamPF":22,"teamFGA":80,"teamFGM":30,"team2PA":48,"team2PM":17,"team3PA":32,"team3PM":13,"teamFTA":21,"teamFTM":16,"teamORB":5,"teamDRB":39,"teamPTS1":24,"teamPTS2":20,"teamPTS3":15,"teamPTS4":30,"teamPTS5":0,"teamPTS6":0,"teamPTS7":0,"teamPTS8":0,"opptAbbr":"MIA","opptConf":"East","opptLoc":"Away","opptRslt":"Win","opptPTS":90,"opptAST":23,"opptTO":15,"opptSTL":6,"opptBLK":3,"opptPF":16,"opptFGA":75,"opptFGM":33,"oppt2PA":47,"oppt2PM":23,"oppt3PA":28,"oppt3PM":10,"opptFTA":25,"opptFTM":14,"opptORB":6,"opptDRB":40,"opptPTS1":15,"opptPTS2":21,"opptPTS3":26,"opptPTS4":28,"opptPTS5":0,"opptPTS6":0,"opptPTS7":0,"opptPTS8":0}
{"_id":{"$oid":"5cb552f6e0f627212ff3bd28"},"gmDate":"2017/12/22","offLNm3":"Washington","offFNm3":"C.J.","teamAbbr":"MIA","teamConf":"East","teamLoc":"Home","teamRslt":"Win","teamPTS":113,"teamAST":25,"teamTO":12,"teamSTL":3,"teamBLK":3,"teamPF":15,"teamFGA":72,"teamFGM":46,"team2PA":47,"team2PM":30,"team3PA":25,"team3PM":16,"teamFTA":6,"teamFTM":5,"teamORB":2,"teamDRB":33,"teamPTS1":32,"teamPTS2":21,"teamPTS3":29,"teamPTS4":31,"teamPTS5":0,"teamPTS6":0,"teamPTS7":0,"teamPTS8":0,"opptAbbr":"DAL","opptConf":"West","opptLoc":"Away","opptRslt":"Loss","opptPTS":101,"opptAST":28,"opptTO":8,"opptSTL":5,"opptBLK":2,"opptPF":12,"opptFGA":75,"opptFGM":38,"oppt2PA":40,"oppt2PM":21,"oppt3PA":35,"oppt3PM":17,"opptFTA":11,"opptFTM":8,"opptORB":3,"opptDRB":19,"opptPTS1":23,"opptPTS2":30,"opptPTS3":20,"opptPTS4":28,"opptPTS5":0,"opptPTS6":0,"opptPTS7":0,"opptPTS8":0}
{"_id":{"$oid":"5cb552f6e0f627212ff3bd34"},"gmDate":"2017/12/23","offLNm3":"Boland","offFNm3":"Matt","teamAbbr":"MIA","teamConf":"East","teamLoc":"Home","teamRslt":"Loss","teamPTS":94,"teamAST":18,"teamTO":14,"teamSTL":4,"teamBLK":3,"teamPF":19,"teamFGA":85,"teamFGM":36,"team2PA":53,"team2PM":26,"team3PA":32,"team3PM":10,"teamFTA":15,"teamFTM":12,"teamORB":13,"teamDRB":25,"teamPTS1":28,"teamPTS2":25,"teamPTS3":16,"teamPTS4":25,"teamPTS5":0,"teamPTS6":0,"teamPTS7":0,"teamPTS8":0,"opptAbbr":"NO","opptConf":"West","opptLoc":"Away","opptRslt":"Win","opptPTS":109,"opptAST":27,"opptTO":14,"opptSTL":5,"opptBLK":10,"opptPF":20,"opptFGA":73,"opptFGM":39,"oppt2PA":48,"oppt2PM":24,"oppt3PA":25,"oppt3PM":15,"opptFTA":19,"opptFTM":16,"opptORB":6,"opptDRB":31,"opptPTS1":27,"opptPTS2":29,"opptPTS3":27,"opptPTS4":26,"opptPTS5":0,"opptPTS6":0,"opptPTS7":0,"opptPTS8":0}
{"_id":{"$oid":"5cb552f6e0f627212ff3bd41"},"gmDate":"2017/12/26","offLNm3":"Lewis","offFNm3":"Eric","teamAbbr":"MIA","teamConf":"East","teamLoc":"Home","teamRslt":"Win","teamPTS":107,"teamAST":22,"teamTO":17,"teamSTL":11,"teamBLK":5,"teamPF":20,"teamFGA":91,"teamFGM":41,"team2PA":58,"team2PM":30,"team3PA":33,"team3PM":11,"teamFTA":17,"teamFTM":14,"teamORB":16,"teamDRB":37,"teamPTS1":21,"teamPTS2":22,"teamPTS3":25,"teamPTS4":39,"teamPTS5":0,"teamPTS6":0,"teamPTS7":0,"teamPTS8":0,"opptAbbr":"ORL","opptConf":"East","opptLoc":"Away","opptRslt":"Loss","opptPTS":89,"opptAST":14,"opptTO":17,"opptSTL":8,"opptBLK":5,"opptPF":20,"opptFGA":81,"opptFGM":33,"oppt2PA":61,"oppt2PM":28,"oppt3PA":20,"oppt3PM":5,"opptFTA":22,"opptFTM":18,"opptORB":10,"opptDRB":32,"opptPTS1":18,"opptPTS2":31,"opptPTS3":19,"opptPTS4":21,"opptPTS5":0,"opptPTS6":0,"opptPTS7":0,"opptPTS8":0}
{"_id":{"$oid":"5cb552f6e0f627212ff3bd59"},"gmDate":"2017/12/29","offLNm3":"Orr","offFNm3":"J.T.","teamAbbr":"MIA","teamConf":"East","teamLoc":"Home","teamRslt":"Loss","teamPTS":87,"teamAST":12,"teamTO":11,"teamSTL":9,"teamBLK":3,"teamPF":18,"teamFGA":89,"teamFGM":30,"team2PA":63,"team2PM":27,"team3PA":26,"team3PM":3,"teamFTA":31,"teamFTM":24,"teamORB":12,"teamDRB":31,"teamPTS1":20,"teamPTS2":19,"teamPTS3":21,"teamPTS4":27,"teamPTS5":0,"teamPTS6":0,"teamPTS7":0,"teamPTS8":0,"opptAbbr":"BKN","opptConf":"East","opptLoc":"Away","opptRslt":"Win","opptPTS":111,"opptAST":25,"opptTO":19,"opptSTL":8,"opptBLK":4,"opptPF":23,"opptFGA":79,"opptFGM":39,"oppt2PA":53,"oppt2PM":28,"oppt3PA":26,"oppt3PM":11,"opptFTA":25,"opptFTM":22,"opptORB":8,"opptDRB":46,"opptPTS1":24,"opptPTS2":35,"opptPTS3":36,"opptPTS4":16,"opptPTS5":0,"opptPTS6":0,"opptPTS7":0,"opptPTS8":0}
{"_id":{"$oid":"5cb552f6e0f627212ff3bd61"},"gmDate":"2017/12/30","offLNm3":"Richardson","offFNm3":"Derek","teamAbbr":"ORL","teamConf":"East","teamLoc":"Home","teamRslt":"Loss","teamPTS":111,"teamAST":31,"teamTO":12,"teamSTL":2,"teamBLK":9,"teamPF":20,"teamFGA":81,"teamFGM":44,"team2PA":54,"team2PM":32,"team3PA":27,"team3PM":12,"teamFTA":15,"teamFTM":11,"teamORB":9,"teamDRB":28,"teamPTS1":32,"teamPTS2":34,"teamPTS3":26,"teamPTS4":19,"teamPTS5":0,"teamPTS6":0,"teamPTS7":0,"teamPTS8":0,"opptAbbr":"MIA","opptConf":"East","opptLoc":"Away","opptRslt":"Win","opptPTS":117,"opptAST":24,"opptTO":10,"opptSTL":6,"opptBLK":2,"opptPF":17,"opptFGA":88,"opptFGM":45,"oppt2PA":64,"oppt2PM":33,"oppt3PA":24,"oppt3PM":12,"opptFTA":18,"opptFTM":15,"opptORB":11,"opptDRB":29,"opptPTS1":21,"opptPTS2":29,"opptPTS3":36,"opptPTS4":31,"opptPTS5":0,"opptPTS6":0,"opptPTS7":0,"opptPTS8":0}
{"_id":{"$oid":"5cb552f6e0f627212ff3bd7b"},"gmDate":"2018/1/3","offLNm3":"Brown","offFNm3":"Tony","teamAbbr":"MIA","teamConf":"East","teamLoc":"Home","teamRslt":"Win","teamPTS":111,"teamAST":29,"teamTO":12,"teamSTL":6,"teamBLK":3,"teamPF":16,"teamFGA":84,"teamFGM":43,"team2PA":50,"team2PM":26,"team3PA":34,"team3PM":17,"teamFTA":11,"teamFTM":8,"teamORB":7,"teamDRB":34,"teamPTS1":24,"teamPTS2":32,"teamPTS3":25,"teamPTS4":30,"teamPTS5":0,"teamPTS6":0,"teamPTS7":0,"teamPTS8":0,"opptAbbr":"DET","opptConf":"East","opptLoc":"Away","opptRslt":"Loss","opptPTS":104,"opptAST":21,"opptTO":9,"opptSTL":4,"opptBLK":2,"opptPF":14,"opptFGA":86,"opptFGM":41,"oppt2PA":62,"oppt2PM":32,"oppt3PA":24,"oppt3PM":9,"opptFTA":16,"opptFTM":13,"opptORB":5,"opptDRB":30,"opptPTS1":29,"opptPTS2":23,"opptPTS3":29,"opptPTS4":23,"opptPTS5":0,"opptPTS6":0,"opptPTS7":0,"opptPTS8":0}
{"_id":{"$oid":"5cb552f6e0f627212ff3bd85"},"gmDate":"2018/1/5","offLNm3":"Davis","offFNm3":"Marc","teamAbbr":"MIA","teamConf":"East","teamLoc":"Home","teamRslt":"Win","teamPTS":107,"teamAST":24,"teamTO":15,"teamSTL":10,"teamBLK":5,"teamPF":19,"teamFGA":94,"teamFGM":38,"team2PA":52,"team2PM":26,"team3PA":42,"team3PM":12,"teamFTA":20,"teamFTM":19,"teamORB":15,"teamDRB":29,"teamPTS1":26,"teamPTS2":25,"teamPTS3":24,"teamPTS4":22,"teamPTS5":10,"teamPTS6":0,"teamPTS7":0,"teamPTS8":0,"opptAbbr":"NY","opptConf":"East","opptLoc":"Away","opptRslt":"Loss","opptPTS":103,"opptAST":14,"opptTO":19,"opptSTL":11,"opptBLK":7,"opptPF":26,"opptFGA":80,"opptFGM":39,"oppt2PA":67,"oppt2PM":34,"oppt3PA":13,"oppt3PM":5,"opptFTA":23,"opptFTM":20,"opptORB":8,"opptDRB":31,"opptPTS1":25,"opptPTS2":20,"opptPTS3":26,"opptPTS4":26,"opptPTS5":6,"opptPTS6":0,"opptPTS7":0,"opptPTS8":0}
{"_id":{"$oid":"5cb552f6e0f627212ff3bd97"},"gmDate":"2018/1/7","offLNm3":"DeRosa","offFNm3":"Joe","teamAbbr":"MIA","teamConf":"East","teamLoc":"Home","teamRslt":"Win","teamPTS":103,"teamAST":21,"teamTO":8,"teamSTL":6,"teamBLK":6,"teamPF":16,"teamFGA":83,"teamFGM":40,"team2PA":54,"team2PM":31,"team3PA":29,"team3PM":9,"teamFTA":20,"teamFTM":14,"teamORB":8,"teamDRB":29,"teamPTS1":27,"teamPTS2":22,"teamPTS3":25,"teamPTS4":29,"teamPTS5":0,"teamPTS6":0,"teamPTS7":0,"teamPTS8":0,"opptAbbr":"UTA","opptConf":"West","opptLoc":"Away","opptRslt":"Loss","opptPTS":102,"opptAST":15,"opptTO":11,"opptSTL":6,"opptBLK":5,"opptPF":18,"opptFGA":82,"opptFGM":37,"oppt2PA":50,"oppt2PM":27,"oppt3PA":32,"oppt3PM":10,"opptFTA":20,"opptFTM":18,"opptORB":8,"opptDRB":36,"opptPTS1":22,"opptPTS2":25,"opptPTS3":28,"opptPTS4":27,"opptPTS5":0,"opptPTS6":0,"opptPTS7":0,"opptPTS8":0}
{"_id":{"$oid":"5cb552f6e0f627212ff3bda4"},"gmDate":"2018/1/9","offLNm3":"Brown","offFNm3":"Tony","teamAbbr":"TOR","teamConf":"East","teamLoc":"Home","teamRslt":"Loss","teamPTS":89,"teamAST":15,"teamTO":5,"teamSTL":7,"teamBLK":12,"teamPF":16,"teamFGA":90,"teamFGM":35,"team2PA":69,"team2PM":28,"team3PA":21,"team3PM":7,"teamFTA":15,"teamFTM":12,"teamORB":7,"teamDRB":30,"teamPTS1":21,"teamPTS2":20,"teamPTS3":23,"teamPTS4":25,"teamPTS5":0,"teamPTS6":0,"teamPTS7":0,"teamPTS8":0,"opptAbbr":"MIA","opptConf":"East","opptLoc":"Away","opptRslt":"Win","opptPTS":90,"opptAST":18,"opptTO":14,"opptSTL":2,"opptBLK":14,"opptPF":19,"opptFGA":97,"opptFGM":39,"oppt2PA":75,"oppt2PM":35,"oppt3PA":22,"oppt3PM":4,"opptFTA":10,"opptFTM":8,"opptORB":20,"opptDRB":44,"opptPTS1":22,"opptPTS2":29,"opptPTS3":21,"opptPTS4":18,"opptPTS5":0,"opptPTS6":0,"opptPTS7":0,"opptPTS8":0}
{"_id":{"$oid":"5cb552f6e0f627212ff3bda9"},"gmDate":"2018/1/10","offLNm3":"Stafford","offFNm3":"Derrick","teamAbbr":"IND","teamConf":"East","teamLoc":"Home","teamRslt":"Loss","teamPTS":106,"teamAST":13,"teamTO":14,"teamSTL":7,"teamBLK":3,"teamPF":23,"teamFGA":86,"teamFGM":43,"team2PA":68,"team2PM":42,"team3PA":18,"team3PM":1,"teamFTA":29,"teamFTM":19,"teamORB":11,"teamDRB":33,"teamPTS1":26,"teamPTS2":21,"teamPTS3":31,"teamPTS4":28,"teamPTS5":0,"teamPTS6":0,"teamPTS7":0,"teamPTS8":0,"opptAbbr":"MIA","opptConf":"East","opptLoc":"Away","opptRslt":"Win","opptPTS":114,"opptAST":25,"opptTO":16,"opptSTL":6,"opptBLK":6,"opptPF":25,"opptFGA":81,"opptFGM":43,"oppt2PA":51,"oppt2PM":30,"oppt3PA":30,"oppt3PM":13,"opptFTA":21,"opptFTM":15,"opptORB":6,"opptDRB":31,"opptPTS1":38,"opptPTS2":20,"opptPTS3":26,"opptPTS4":30,"opptPTS5":0,"opptPTS6":0,"opptPTS7":0,"opptPTS8":0}
{"_id":{"$oid":"5cb552f6e0f627212ff3bdc7"},"gmDate":"2018/1/14","offLNm3":"Kennedy","offFNm3":"Bill","teamAbbr":"MIA","teamConf":"East","teamLoc":"Home","teamRslt":"Win","teamPTS":97,"teamAST":23,"teamTO":15,"teamSTL":8,"teamBLK":8,"teamPF":18,"teamFGA":76,"teamFGM":35,"team2PA":47,"team2PM":24,"team3PA":29,"team3PM":11,"teamFTA":20,"teamFTM":16,"teamORB":3,"teamDRB":46,"teamPTS1":21,"teamPTS2":20,"teamPTS3":30,"teamPTS4":26,"teamPTS5":0,"teamPTS6":0,"teamPTS7":0,"teamPTS8":0,"opptAbbr":"MIL","opptConf":"East","opptLoc":"Away","opptRslt":"Loss","opptPTS":79,"opptAST":9,"opptTO":15,"opptSTL":8,"opptBLK":1,"opptPF":23,"opptFGA":79,"opptFGM":25,"oppt2PA":51,"oppt2PM":21,"oppt3PA":28,"oppt3PM":4,"opptFTA":27,"opptFTM":25,"opptORB":8,"opptDRB":32,"opptPTS1":23,"opptPTS2":20,"opptPTS3":16,"opptPTS4":20,"opptPTS5":0,"opptPTS6":0,"opptPTS7":0,"opptPTS8":0}
{"_id":{"$oid":"5cb552f6e0f627212ff3bdd0"},"gmDate":"2018/1/15","offLNm3":"Wall","offFNm3":"Scott","teamAbbr":"CHI","teamConf":"East","teamLoc":"Home","teamRslt":"Win","teamPTS":119,"teamAST":27,"teamTO":10,"teamSTL":6,"teamBLK":2,"teamPF":23,"teamFGA":88,"teamFGM":42,"team2PA":49,"team2PM":26,"team3PA":39,"team3PM":16,"teamFTA":22,"teamFTM":19,"teamORB":7,"teamDRB":38,"teamPTS1":32,"teamPTS2":23,"teamPTS3":29,"teamPTS4":35,"teamPTS5":0,"teamPTS6":0,"teamPTS7":0,"teamPTS8":0,"opptAbbr":"MIA","opptConf":"East","opptLoc":"Away","opptRslt":"Loss","opptPTS":111,"opptAST":35,"opptTO":14,"opptSTL":5,"opptBLK":4,"opptPF":19,"opptFGA":84,"opptFGM":40,"oppt2PA":48,"oppt2PM":28,"oppt3PA":36,"oppt3PM":12,"opptFTA":24,"opptFTM":19,"opptORB":4,"opptDRB":36,"opptPTS1":25,"opptPTS2":23,"opptPTS3":24,"opptPTS4":39,"opptPTS5":0,"opptPTS6":0,"opptPTS7":0,"opptPTS8":0}
{"_id":{"$oid":"5cb552f6e0f627212ff3bde0"},"gmDate":"2018/1/17","offLNm3":"Phillips","offFNm3":"Jason","teamAbbr":"MIL","teamConf":"East","teamLoc":"Home","teamRslt":"Loss","teamPTS":101,"teamAST":23,"teamTO":10,"teamSTL":5,"teamBLK":4,"teamPF":25,"teamFGA":76,"teamFGM":33,"team2PA":48,"team2PM":22,"team3PA":28,"team3PM":11,"teamFTA":32,"teamFTM":24,"teamORB":6,"teamDRB":33,"teamPTS1":25,"teamPTS2":32,"teamPTS3":22,"teamPTS4":22,"teamPTS5":0,"teamPTS6":0,"teamPTS7":0,"teamPTS8":0,"opptAbbr":"MIA","opptConf":"East","opptLoc":"Away","opptRslt":"Win","opptPTS":106,"opptAST":28,"opptTO":14,"opptSTL":4,"opptBLK":7,"opptPF":28,"opptFGA":82,"opptFGM":38,"oppt2PA":58,"oppt2PM":28,"oppt3PA":24,"oppt3PM":10,"opptFTA":27,"opptFTM":20,"opptORB":10,"opptDRB":35,"opptPTS1":30,"opptPTS2":22,"opptPTS3":26,"opptPTS4":28,"opptPTS5":0,"opptPTS6":0,"opptPTS7":0,"opptPTS8":0}
{"_id":{"$oid":"5cb552f6e0f627212ff3bde9"},"gmDate":"2018/1/19","offLNm3":"Richardson","offFNm3":"Derek","teamAbbr":"BKN","teamConf":"East","teamLoc":"Home","teamRslt":"Win","teamPTS":101,"teamAST":20,"teamTO":14,"teamSTL":5,"teamBLK":8,"teamPF":18,"teamFGA":76,"teamFGM":36,"team2PA":44,"team2PM":27,"team3PA":32,"team3PM":9,"teamFTA":26,"teamFTM":20,"teamORB":10,"teamDRB":34,"teamPTS1":21,"teamPTS2":22,"teamPTS3":24,"teamPTS4":34,"teamPTS5":0,"teamPTS6":0,"teamPTS7":0,"teamPTS8":0,"opptAbbr":"MIA","opptConf":"East","opptLoc":"Away","opptRslt":"Loss","opptPTS":95,"opptAST":22,"opptTO":13,"opptSTL":7,"opptBLK":7,"opptPF":22,"opptFGA":84,"opptFGM":35,"oppt2PA":62,"oppt2PM":28,"oppt3PA":22,"oppt3PM":7,"opptFTA":25,"opptFTM":18,"opptORB":12,"opptDRB":31,"opptPTS1":24,"opptPTS2":29,"opptPTS3":16,"opptPTS4":26,"opptPTS5":0,"opptPTS6":0,"opptPTS7":0,"opptPTS8":0}
{"_id":{"$oid":"5cb552f6e0f627212ff3bdf1"},"gmDate":"2018/1/20","offLNm3":"Zielinski","offFNm3":"Gary","teamAbbr":"CHA","teamConf":"East","teamLoc":"Home","teamRslt":"Loss","teamPTS":105,"teamAST":22,"teamTO":8,"teamSTL":9,"teamBLK":8,"teamPF":12,"teamFGA":90,"teamFGM":41,"team2PA":63,"team2PM":34,"team3PA":27,"team3PM":7,"teamFTA":21,"teamFTM":16,"teamORB":8,"teamDRB":35,"teamPTS1":27,"teamPTS2":21,"teamPTS3":35,"teamPTS4":22,"teamPTS5":0,"teamPTS6":0,"teamPTS7":0,"teamPTS8":0,"opptAbbr":"MIA","opptConf":"East","opptLoc":"Away","opptRslt":"Win","opptPTS":106,"opptAST":28,"opptTO":14,"opptSTL":5,"opptBLK":6,"opptPF":17,"opptFGA":87,"opptFGM":43,"oppt2PA":59,"oppt2PM":30,"oppt3PA":28,"oppt3PM":13,"opptFTA":12,"opptFTM":7,"opptORB":8,"opptDRB":39,"opptPTS1":31,"opptPTS2":26,"opptPTS3":16,"opptPTS4":33,"opptPTS5":0,"opptPTS6":0,"opptPTS7":0,"opptPTS8":0}
{"_id":{"$oid":"5cb552f6e0f627212ff3bdfe"},"gmDate":"2018/1/22","offLNm3":"Capers","offFNm3":"James","teamAbbr":"HOU","teamConf":"West","teamLoc":"Home","teamRslt":"Win","teamPTS":99,"teamAST":20,"teamTO":14,"teamSTL":10,"teamBLK":3,"teamPF":15,"teamFGA":81,"teamFGM":36,"team2PA":44,"team2PM":21,"team3PA":37,"team3PM":15,"teamFTA":18,"teamFTM":12,"teamORB":8,"teamDRB":30,"teamPTS1":25,"teamPTS2":21,"teamPTS3":25,"teamPTS4":28,"teamPTS5":0,"teamPTS6":0,"teamPTS7":0,"teamPTS8":0,"opptAbbr":"MIA","opptConf":"East","opptLoc":"Away","opptRslt":"Loss","opptPTS":90,"opptAST":18,"opptTO":18,"opptSTL":7,"opptBLK":4,"opptPF":18,"opptFGA":82,"opptFGM":39,"oppt2PA":52,"oppt2PM":32,"oppt3PA":30,"oppt3PM":7,"opptFTA":9,"opptFTM":5,"opptORB":9,"opptDRB":33,"opptPTS1":33,"opptPTS2":17,"opptPTS3":18,"opptPTS4":22,"opptPTS5":0,"opptPTS6":0,"opptPTS7":0,"opptPTS8":0}
{"_id":{"$oid":"5cb552f6e0f627212ff3be13"},"gmDate":"2018/1/25","offLNm3":"Washington","offFNm3":"Tom","teamAbbr":"MIA","teamConf":"East","teamLoc":"Home","teamRslt":"Loss","teamPTS":88,"teamAST":19,"teamTO":17,"teamSTL":8,"teamBLK":4,"teamPF":19,"teamFGA":82,"teamFGM":31,"team2PA":48,"team2PM":19,"team3PA":34,"team3PM":12,"teamFTA":18,"teamFTM":14,"teamORB":7,"teamDRB":39,"teamPTS1":17,"teamPTS2":30,"teamPTS3":25,"teamPTS4":16,"teamPTS5":0,"teamPTS6":0,"teamPTS7":0,"teamPTS8":0,"opptAbbr":"SAC","opptConf":"West","opptLoc":"Away","opptRslt":"Win","opptPTS":89,"opptAST":17,"opptTO":13,"opptSTL":3,"opptBLK":6,"opptPF":21,"opptFGA":81,"opptFGM":38,"oppt2PA":69,"oppt2PM":33,"oppt3PA":12,"oppt3PM":5,"opptFTA":14,"opptFTM":8,"opptORB":5,"opptDRB":33,"opptPTS1":19,"opptPTS2":28,"opptPTS3":24,"opptPTS4":18,"opptPTS5":0,"opptPTS6":0,"opptPTS7":0,"opptPTS8":0}
{"_id":{"$oid":"5cb552f6e0f627212ff3be24"},"gmDate":"2018/1/27","offLNm3":"Kirkland","offFNm3":"Courtney","teamAbbr":"MIA","teamConf":"East","teamLoc":"Home","teamRslt":"Win","teamPTS":95,"teamAST":25,"teamTO":14,"teamSTL":4,"teamBLK":5,"teamPF":24,"teamFGA":85,"teamFGM":38,"team2PA":59,"team2PM":30,"team3PA":26,"team3PM":8,"teamFTA":18,"teamFTM":11,"teamORB":11,"teamDRB":40,"teamPTS1":22,"teamPTS2":32,"teamPTS3":17,"teamPTS4":24,"teamPTS5":0,"teamPTS6":0,"teamPTS7":0,"teamPTS8":0,"opptAbbr":"CHA","opptConf":"East","opptLoc":"Away","opptRslt":"Loss","opptPTS":91,"opptAST":12,"opptTO":8,"opptSTL":6,"opptBLK":6,"opptPF":15,"opptFGA":84,"opptFGM":29,"oppt2PA":60,"oppt2PM":24,"oppt3PA":24,"oppt3PM":5,"opptFTA":35,"opptFTM":28,"opptORB":12,"opptDRB":34,"opptPTS1":26,"opptPTS2":22,"opptPTS3":30,"opptPTS4":13,"opptPTS5":0,"opptPTS6":0,"opptPTS7":0,"opptPTS8":0}
{"_id":{"$oid":"5cb552f6e0f627212ff3be33"},"gmDate":"2018/1/29","offLNm3":"Stafford","offFNm3":"Derrick","teamAbbr":"DAL","teamConf":"West","teamLoc":"Home","teamRslt":"Loss","teamPTS":88,"teamAST":20,"teamTO":12,"teamSTL":10,"teamBLK":3,"teamPF":22,"teamFGA":86,"teamFGM":33,"team2PA":57,"team2PM":25,"team3PA":29,"team3PM":8,"teamFTA":16,"teamFTM":14,"teamORB":11,"teamDRB":29,"teamPTS1":26,"teamPTS2":20,"teamPTS3":15,"teamPTS4":27,"teamPTS5":0,"teamPTS6":0,"teamPTS7":0,"teamPTS8":0,"opptAbbr":"MIA","opptConf":"East","opptLoc":"Away","opptRslt":"Win","opptPTS":95,"opptAST":23,"opptTO":17,"opptSTL":9,"opptBLK":11,"opptPF":19,"opptFGA":75,"opptFGM":34,"oppt2PA":44,"oppt2PM":22,"oppt3PA":31,"oppt3PM":12,"opptFTA":19,"opptFTM":15,"opptORB":11,"opptDRB":30,"opptPTS1":22,"opptPTS2":29,"opptPTS3":24,"opptPTS4":20,"opptPTS5":0,"opptPTS6":0,"opptPTS7":0,"opptPTS8":0}
{"_id":{"$oid":"5cb552f6e0f627212ff3be42"},"gmDate":"2018/1/31","offLNm3":"Foster","offFNm3":"Scott","teamAbbr":"CLE","teamConf":"East","teamLoc":"Home","teamRslt":"Win","teamPTS":91,"teamAST":18,"teamTO":16,"teamSTL":9,"teamBLK":5,"teamPF":20,"teamFGA":80,"teamFGM":28,"team2PA":54,"team2PM":22,"team3PA":26,"team3PM":6,"teamFTA":38,"teamFTM":29,"teamORB":7,"teamDRB":38,"teamPTS1":27,"teamPTS2":21,"teamPTS3":24,"teamPTS4":19,"teamPTS5":0,"teamPTS6":0,"teamPTS7":0,"teamPTS8":0,"opptAbbr":"MIA","opptConf":"East","opptLoc":"Away","opptRslt":"Loss","opptPTS":89,"opptAST":17,"opptTO":20,"opptSTL":8,"opptBLK":5,"opptPF":25,"opptFGA":83,"opptFGM":36,"oppt2PA":55,"oppt2PM":33,"oppt3PA":28,"oppt3PM":3,"opptFTA":25,"opptFTM":14,"opptORB":6,"opptDRB":46,"opptPTS1":21,"opptPTS2":29,"opptPTS3":22,"opptPTS4":17,"opptPTS5":0,"opptPTS6":0,"opptPTS7":0,"opptPTS8":0}
{"_id":{"$oid":"5cb552f6e0f627212ff3be50"},"gmDate":"2018/2/2","offLNm3":"Collins","offFNm3":"Derrick","teamAbbr":"PHI","teamConf":"East","teamLoc":"Home","teamRslt":"Win","teamPTS":103,"teamAST":28,"teamTO":10,"teamSTL":9,"teamBLK":4,"teamPF":23,"teamFGA":85,"teamFGM":42,"team2PA":61,"team2PM":34,"team3PA":24,"team3PM":8,"teamFTA":15,"teamFTM":11,"teamORB":9,"teamDRB":30,"teamPTS1":24,"teamPTS2":27,"teamPTS3":35,"teamPTS4":17,"teamPTS5":0,"teamPTS6":0,"teamPTS7":0,"teamPTS8":0,"opptAbbr":"MIA","opptConf":"East","opptLoc":"Away","opptRslt":"Loss","opptPTS":97,"opptAST":20,"opptTO":12,"opptSTL":3,"opptBLK":5,"opptPF":16,"opptFGA":87,"opptFGM":34,"oppt2PA":50,"oppt2PM":22,"oppt3PA":37,"oppt3PM":12,"opptFTA":26,"opptFTM":17,"opptORB":16,"opptDRB":33,"opptPTS1":23,"opptPTS2":18,"opptPTS3":19,"opptPTS4":37,"opptPTS5":0,"opptPTS6":0,"opptPTS7":0,"opptPTS8":0}
{"_id":{"$oid":"5cb552f6e0f627212ff3be55"},"gmDate":"2018/2/3","offLNm3":"Taylor","offFNm3":"Dedric","teamAbbr":"DET","teamConf":"East","teamLoc":"Home","teamRslt":"Win","teamPTS":111,"teamAST":23,"teamTO":18,"teamSTL":7,"teamBLK":5,"teamPF":12,"teamFGA":84,"teamFGM":44,"team2PA":58,"team2PM":35,"team3PA":26,"team3PM":9,"teamFTA":17,"teamFTM":14,"teamORB":13,"teamDRB":36,"teamPTS1":27,"teamPTS2":27,"teamPTS3":22,"teamPTS4":35,"teamPTS5":0,"teamPTS6":0,"teamPTS7":0,"teamPTS8":0,"opptAbbr":"MIA","opptConf":"East","opptLoc":"Away","opptRslt":"Loss","opptPTS":107,"opptAST":30,"opptTO":12,"opptSTL":13,"opptBLK":4,"opptPF":14,"opptFGA":91,"opptFGM":44,"oppt2PA":55,"oppt2PM":30,"oppt3PA":36,"oppt3PM":14,"opptFTA":7,"opptFTM":5,"opptORB":7,"opptDRB":26,"opptPTS1":26,"opptPTS2":24,"opptPTS3":27,"opptPTS4":30,"opptPTS5":0,"opptPTS6":0,"opptPTS7":0,"opptPTS8":0}
{"_id":{"$oid":"5cb552f6e0f627212ff3be65"},"gmDate":"2018/2/5","offLNm3":"Zielinski","offFNm3":"Gary","teamAbbr":"MIA","teamConf":"East","teamLoc":"Home","teamRslt":"Loss","teamPTS":109,"teamAST":21,"teamTO":12,"teamSTL":5,"teamBLK":4,"teamPF":19,"teamFGA":93,"teamFGM":40,"team2PA":70,"team2PM":37,"team3PA":23,"team3PM":3,"teamFTA":35,"teamFTM":26,"teamORB":17,"teamDRB":36,"teamPTS1":35,"teamPTS2":25,"teamPTS3":27,"teamPTS4":22,"teamPTS5":0,"teamPTS6":0,"teamPTS7":0,"teamPTS8":0,"opptAbbr":"ORL","opptConf":"East","opptLoc":"Away","opptRslt":"Win","opptPTS":111,"opptAST":25,"opptTO":11,"opptSTL":8,"opptBLK":5,"opptPF":26,"opptFGA":84,"opptFGM":41,"oppt2PA":54,"oppt2PM":28,"oppt3PA":30,"oppt3PM":13,"opptFTA":19,"opptFTM":16,"opptORB":5,"opptDRB":34,"opptPTS1":26,"opptPTS2":33,"opptPTS3":34,"opptPTS4":18,"opptPTS5":0,"opptPTS6":0,"opptPTS7":0,"opptPTS8":0}
{"_id":{"$oid":"5cb552f6e0f627212ff3be73"},"gmDate":"2018/2/7","offLNm3":"Lewis","offFNm3":"Eric","teamAbbr":"MIA","teamConf":"East","teamLoc":"Home","teamRslt":"Loss","teamPTS":101,"teamAST":23,"teamTO":13,"teamSTL":3,"teamBLK":3,"teamPF":17,"teamFGA":88,"teamFGM":39,"team2PA":56,"team2PM":26,"team3PA":32,"team3PM":13,"teamFTA":12,"teamFTM":10,"teamORB":15,"teamDRB":26,"teamPTS1":24,"teamPTS2":33,"teamPTS3":23,"teamPTS4":21,"teamPTS5":0,"teamPTS6":0,"teamPTS7":0,"teamPTS8":0,"opptAbbr":"HOU","opptConf":"West","opptLoc":"Away","opptRslt":"Win","opptPTS":109,"opptAST":16,"opptTO":10,"opptSTL":8,"opptBLK":6,"opptPF":16,"opptFGA":74,"opptFGM":38,"oppt2PA":43,"oppt2PM":26,"oppt3PA":31,"oppt3PM":12,"opptFTA":26,"opptFTM":21,"opptORB":4,"opptDRB":31,"opptPTS1":35,"opptPTS2":26,"opptPTS3":22,"opptPTS4":26,"opptPTS5":0,"opptPTS6":0,"opptPTS7":0,"opptPTS8":0}
{"_id":{"$oid":"5cb552f6e0f627212ff3be83"},"gmDate":"2018/2/9","offLNm3":"Adams","offFNm3":"Bennie","teamAbbr":"MIA","teamConf":"East","teamLoc":"Home","teamRslt":"Win","teamPTS":91,"teamAST":16,"teamTO":16,"teamSTL":7,"teamBLK":7,"teamPF":21,"teamFGA":88,"teamFGM":32,"team2PA":62,"team2PM":22,"team3PA":26,"team3PM":10,"teamFTA":18,"teamFTM":17,"teamORB":13,"teamDRB":38,"teamPTS1":19,"teamPTS2":23,"teamPTS3":30,"teamPTS4":19,"teamPTS5":0,"teamPTS6":0,"teamPTS7":0,"teamPTS8":0,"opptAbbr":"MIL","opptConf":"East","opptLoc":"Away","opptRslt":"Loss","opptPTS":85,"opptAST":18,"opptTO":18,"opptSTL":9,"opptBLK":9,"opptPF":20,"opptFGA":76,"opptFGM":32,"oppt2PA":56,"oppt2PM":26,"oppt3PA":20,"oppt3PM":6,"opptFTA":17,"opptFTM":15,"opptORB":2,"opptDRB":35,"opptPTS1":23,"opptPTS2":23,"opptPTS3":8,"opptPTS4":31,"opptPTS5":0,"opptPTS6":0,"opptPTS7":0,"opptPTS8":0}
{"_id":{"$oid":"5cb552f6e0f627212ff3be9b"},"gmDate":"2018/2/13","offLNm3":"Wall","offFNm3":"Scott","teamAbbr":"TOR","teamConf":"East","teamLoc":"Home","teamRslt":"Win","teamPTS":115,"teamAST":24,"teamTO":8,"teamSTL":7,"teamBLK":3,"teamPF":19,"teamFGA":90,"teamFGM":42,"team2PA":55,"team2PM":29,"team3PA":35,"team3PM":13,"teamFTA":23,"teamFTM":18,"teamORB":7,"teamDRB":33,"teamPTS1":28,"teamPTS2":29,"teamPTS3":41,"teamPTS4":17,"teamPTS5":0,"teamPTS6":0,"teamPTS7":0,"teamPTS8":0,"opptAbbr":"MIA","opptConf":"East","opptLoc":"Away","opptRslt":"Loss","opptPTS":112,"opptAST":24,"opptTO":16,"opptSTL":5,"opptBLK":3,"opptPF":18,"opptFGA":86,"opptFGM":42,"oppt2PA":57,"oppt2PM":30,"oppt3PA":29,"oppt3PM":12,"opptFTA":19,"opptFTM":16,"opptORB":10,"opptDRB":41,"opptPTS1":24,"opptPTS2":31,"opptPTS3":26,"opptPTS4":31,"opptPTS5":0,"opptPTS6":0,"opptPTS7":0,"opptPTS8":0}
{"_id":{"$oid":"5cb552f6e0f627212ff3bea3"},"gmDate":"2018/2/14","offLNm3":"Acosta","offFNm3":"Ray","teamAbbr":"PHI","teamConf":"East","teamLoc":"Home","teamRslt":"Win","teamPTS":104,"teamAST":25,"teamTO":19,"teamSTL":6,"teamBLK":2,"teamPF":23,"teamFGA":92,"teamFGM":39,"team2PA":57,"team2PM":30,"team3PA":35,"team3PM":9,"teamFTA":25,"teamFTM":17,"teamORB":23,"teamDRB":37,"teamPTS1":20,"teamPTS2":19,"teamPTS3":34,"teamPTS4":31,"teamPTS5":0,"teamPTS6":0,"teamPTS7":0,"teamPTS8":0,"opptAbbr":"MIA","opptConf":"East","opptLoc":"Away","opptRslt":"Loss","opptPTS":102,"opptAST":23,"opptTO":11,"opptSTL":9,"opptBLK":5,"opptPF":21,"opptFGA":77,"opptFGM":35,"oppt2PA":50,"oppt2PM":24,"oppt3PA":27,"oppt3PM":11,"opptFTA":29,"opptFTM":21,"opptORB":3,"opptDRB":26,"opptPTS1":29,"opptPTS2":33,"opptPTS3":19,"opptPTS4":21,"opptPTS5":0,"opptPTS6":0,"opptPTS7":0,"opptPTS8":0}
{"_id":{"$oid":"5cb552f6e0f627212ff3bebb"},"gmDate":"2018/2/23","offLNm3":"Zielinski","offFNm3":"Gary","teamAbbr":"NO","teamConf":"West","teamLoc":"Home","teamRslt":"Win","teamPTS":124,"teamAST":27,"teamTO":15,"teamSTL":9,"teamBLK":13,"teamPF":18,"teamFGA":108,"teamFGM":48,"team2PA":77,"team2PM":40,"team3PA":31,"team3PM":8,"teamFTA":24,"teamFTM":20,"teamORB":13,"teamDRB":43,"teamPTS1":22,"teamPTS2":35,"teamPTS3":27,"teamPTS4":24,"teamPTS5":16,"teamPTS6":0,"teamPTS7":0,"teamPTS8":0,"opptAbbr":"MIA","opptConf":"East","opptLoc":"Away","opptRslt":"Loss","opptPTS":123,"opptAST":26,"opptTO":13,"opptSTL":12,"opptBLK":5,"opptPF":23,"opptFGA":108,"opptFGM":50,"oppt2PA":90,"oppt2PM":44,"oppt3PA":18,"oppt3PM":6,"opptFTA":26,"opptFTM":17,"opptORB":13,"opptDRB":45,"opptPTS1":27,"opptPTS2":32,"opptPTS3":30,"opptPTS4":19,"opptPTS5":15,"opptPTS6":0,"opptPTS7":0,"opptPTS8":0}
{"_id":{"$oid":"5cb552f6e0f627212ff3bec1"},"gmDate":"2018/2/24","offLNm3":"Wood","offFNm3":"Leon","teamAbbr":"MIA","teamConf":"East","teamLoc":"Home","teamRslt":"Win","teamPTS":115,"teamAST":27,"teamTO":10,"teamSTL":15,"teamBLK":6,"teamPF":17,"teamFGA":89,"teamFGM":41,"team2PA":56,"team2PM":29,"team3PA":33,"team3PM":12,"teamFTA":27,"teamFTM":21,"teamORB":14,"teamDRB":36,"teamPTS1":34,"teamPTS2":26,"teamPTS3":32,"teamPTS4":23,"teamPTS5":0,"teamPTS6":0,"teamPTS7":0,"teamPTS8":0,"opptAbbr":"MEM","opptConf":"West","opptLoc":"Away","opptRslt":"Loss","opptPTS":89,"opptAST":16,"opptTO":19,"opptSTL":7,"opptBLK":3,"opptPF":22,"opptFGA":80,"opptFGM":35,"oppt2PA":69,"oppt2PM":30,"oppt3PA":11,"oppt3PM":5,"opptFTA":17,"opptFTM":14,"opptORB":9,"opptDRB":31,"opptPTS1":31,"opptPTS2":21,"opptPTS3":18,"opptPTS4":19,"opptPTS5":0,"opptPTS6":0,"opptPTS7":0,"opptPTS8":0}
{"_id":{"$oid":"5cb552f6e0f627212ff3bed9"},"gmDate":"2018/2/27","offLNm3":"Spooner","offFNm3":"Bill","teamAbbr":"MIA","teamConf":"East","teamLoc":"Home","teamRslt":"Win","teamPTS":102,"teamAST":19,"teamTO":17,"teamSTL":12,"teamBLK":9,"teamPF":19,"teamFGA":81,"teamFGM":36,"team2PA":54,"team2PM":27,"team3PA":27,"team3PM":9,"teamFTA":28,"teamFTM":21,"teamORB":11,"teamDRB":26,"teamPTS1":17,"teamPTS2":28,"teamPTS3":28,"teamPTS4":29,"teamPTS5":0,"teamPTS6":0,"teamPTS7":0,"teamPTS8":0,"opptAbbr":"PHI","opptConf":"East","opptLoc":"Away","opptRslt":"Loss","opptPTS":101,"opptAST":25,"opptTO":23,"opptSTL":11,"opptBLK":2,"opptPF":24,"opptFGA":84,"opptFGM":35,"oppt2PA":53,"oppt2PM":23,"oppt3PA":31,"oppt3PM":12,"opptFTA":23,"opptFTM":19,"opptORB":10,"opptDRB":33,"opptPTS1":24,"opptPTS2":24,"opptPTS3":27,"opptPTS4":26,"opptPTS5":0,"opptPTS6":0,"opptPTS7":0,"opptPTS8":0}
{"_id":{"$oid":"5cb552f6e0f627212ff3bee6"},"gmDate":"2018/3/1","offLNm3":"Brown","offFNm3":"Tony","teamAbbr":"MIA","teamConf":"East","teamLoc":"Home","teamRslt":"Loss","teamPTS":113,"teamAST":23,"teamTO":11,"teamSTL":6,"teamBLK":5,"teamPF":21,"teamFGA":95,"teamFGM":46,"team2PA":64,"team2PM":37,"team3PA":31,"team3PM":9,"teamFTA":16,"teamFTM":12,"teamORB":14,"teamDRB":26,"teamPTS1":36,"teamPTS2":26,"teamPTS3":32,"teamPTS4":19,"teamPTS5":0,"teamPTS6":0,"teamPTS7":0,"teamPTS8":0,"opptAbbr":"LAL","opptConf":"West","opptLoc":"Away","opptRslt":"Win","opptPTS":131,"opptAST":29,"opptTO":14,"opptSTL":9,"opptBLK":5,"opptPF":17,"opptFGA":79,"opptFGM":47,"oppt2PA":50,"oppt2PM":31,"oppt3PA":29,"oppt3PM":16,"opptFTA":26,"opptFTM":21,"opptORB":6,"opptDRB":30,"opptPTS1":33,"opptPTS2":40,"opptPTS3":31,"opptPTS4":27,"opptPTS5":0,"opptPTS6":0,"opptPTS7":0,"opptPTS8":0}
{"_id":{"$oid":"5cb552f6e0f627212ff3bef6"},"gmDate":"2018/3/3","offLNm3":"Washington","offFNm3":"Tom","teamAbbr":"MIA","teamConf":"East","teamLoc":"Home","teamRslt":"Win","teamPTS":105,"teamAST":19,"teamTO":15,"teamSTL":11,"teamBLK":5,"teamPF":20,"teamFGA":82,"teamFGM":37,"team2PA":53,"team2PM":25,"team3PA":29,"team3PM":12,"teamFTA":28,"teamFTM":19,"teamORB":15,"teamDRB":30,"teamPTS1":27,"teamPTS2":32,"teamPTS3":15,"teamPTS4":31,"teamPTS5":0,"teamPTS6":0,"teamPTS7":0,"teamPTS8":0,"opptAbbr":"DET","opptConf":"East","opptLoc":"Away","opptRslt":"Loss","opptPTS":96,"opptAST":18,"opptTO":19,"opptSTL":8,"opptBLK":2,"opptPF":23,"opptFGA":89,"opptFGM":37,"oppt2PA":65,"oppt2PM":30,"oppt3PA":24,"oppt3PM":7,"opptFTA":21,"opptFTM":15,"opptORB":17,"opptDRB":29,"opptPTS1":28,"opptPTS2":18,"opptPTS3":24,"opptPTS4":26,"opptPTS5":0,"opptPTS6":0,"opptPTS7":0,"opptPTS8":0}
{"_id":{"$oid":"5cb552f6e0f627212ff3bf04"},"gmDate":"2018/3/5","offLNm3":"Fraher","offFNm3":"Pat","teamAbbr":"MIA","teamConf":"East","teamLoc":"Home","teamRslt":"Win","teamPTS":125,"teamAST":33,"teamTO":10,"teamSTL":12,"teamBLK":6,"teamPF":14,"teamFGA":92,"teamFGM":47,"team2PA":56,"team2PM":35,"team3PA":36,"team3PM":12,"teamFTA":23,"teamFTM":19,"teamORB":16,"teamDRB":35,"teamPTS1":30,"teamPTS2":31,"teamPTS3":32,"teamPTS4":32,"teamPTS5":0,"teamPTS6":0,"teamPTS7":0,"teamPTS8":0,"opptAbbr":"PHO","opptConf":"West","opptLoc":"Away","opptRslt":"Loss","opptPTS":103,"opptAST":21,"opptTO":18,"opptSTL":3,"opptBLK":2,"opptPF":20,"opptFGA":87,"opptFGM":42,"oppt2PA":63,"oppt2PM":32,"oppt3PA":24,"oppt3PM":10,"opptFTA":18,"opptFTM":9,"opptORB":12,"opptDRB":28,"opptPTS1":27,"opptPTS2":21,"opptPTS3":32,"opptPTS4":23,"opptPTS5":0,"opptPTS6":0,"opptPTS7":0,"opptPTS8":0}
{"_id":{"$oid":"5cb552f6e0f627212ff3bf0b"},"gmDate":"2018/3/6","offLNm3":"Acosta","offFNm3":"Ray","teamAbbr":"WAS","teamConf":"East","teamLoc":"Home","teamRslt":"Win","teamPTS":117,"teamAST":25,"teamTO":19,"teamSTL":7,"teamBLK":2,"teamPF":22,"teamFGA":79,"teamFGM":40,"team2PA":55,"team2PM":26,"team3PA":24,"team3PM":14,"teamFTA":27,"teamFTM":23,"teamORB":7,"teamDRB":33,"teamPTS1":31,"teamPTS2":28,"teamPTS3":27,"teamPTS4":19,"teamPTS5":12,"teamPTS6":0,"teamPTS7":0,"teamPTS8":0,"opptAbbr":"MIA","opptConf":"East","opptLoc":"Away","opptRslt":"Loss","opptPTS":113,"opptAST":26,"opptTO":15,"opptSTL":11,"opptBLK":2,"opptPF":24,"opptFGA":93,"opptFGM":42,"oppt2PA":60,"oppt2PM":33,"oppt3PA":33,"oppt3PM":9,"opptFTA":27,"opptFTM":20,"opptORB":13,"opptDRB":28,"opptPTS1":26,"opptPTS2":24,"opptPTS3":30,"opptPTS4":25,"opptPTS5":8,"opptPTS6":0,"opptPTS7":0,"opptPTS8":0}
{"_id":{"$oid":"5cb552f6e0f627212ff3bf19"},"gmDate":"2018/3/8","offLNm3":"Ervin","offFNm3":"Mitchell","teamAbbr":"MIA","teamConf":"East","teamLoc":"Home","teamRslt":"Win","teamPTS":108,"teamAST":26,"teamTO":16,"teamSTL":10,"teamBLK":8,"teamPF":20,"teamFGA":89,"teamFGM":42,"team2PA":63,"team2PM":28,"team3PA":26,"team3PM":14,"teamFTA":18,"teamFTM":10,"teamORB":6,"teamDRB":43,"teamPTS1":29,"teamPTS2":24,"teamPTS3":20,"teamPTS4":35,"teamPTS5":0,"teamPTS6":0,"teamPTS7":0,"teamPTS8":0,"opptAbbr":"PHI","opptConf":"East","opptLoc":"Away","opptRslt":"Loss","opptPTS":99,"opptAST":28,"opptTO":18,"opptSTL":9,"opptBLK":4,"opptPF":20,"opptFGA":86,"opptFGM":34,"oppt2PA":49,"oppt2PM":19,"oppt3PA":37,"oppt3PM":15,"opptFTA":21,"opptFTM":16,"opptORB":9,"opptDRB":37,"opptPTS1":28,"opptPTS2":21,"opptPTS3":25,"opptPTS4":25,"opptPTS5":0,"opptPTS6":0,"opptPTS7":0,"opptPTS8":0}
{"_id":{"$oid":"5cb552f6e0f627212ff3bf28"},"gmDate":"2018/3/10","offLNm3":"Taylor","offFNm3":"Ben","teamAbbr":"MIA","teamConf":"East","teamLoc":"Home","teamRslt":"Win","teamPTS":129,"teamAST":27,"teamTO":10,"teamSTL":9,"teamBLK":5,"teamPF":25,"teamFGA":88,"teamFGM":52,"team2PA":60,"team2PM":42,"team3PA":28,"team3PM":10,"teamFTA":21,"teamFTM":15,"teamORB":5,"teamDRB":37,"teamPTS1":26,"teamPTS2":34,"teamPTS3":43,"teamPTS4":26,"teamPTS5":0,"teamPTS6":0,"teamPTS7":0,"teamPTS8":0,"opptAbbr":"WAS","opptConf":"East","opptLoc":"Away","opptRslt":"Loss","opptPTS":102,"opptAST":22,"opptTO":15,"opptSTL":4,"opptBLK":2,"opptPF":20,"opptFGA":77,"opptFGM":34,"oppt2PA":57,"oppt2PM":27,"oppt3PA":20,"oppt3PM":7,"opptFTA":34,"opptFTM":27,"opptORB":8,"opptDRB":32,"opptPTS1":20,"opptPTS2":28,"opptPTS3":28,"opptPTS4":26,"opptPTS5":0,"opptPTS6":0,"opptPTS7":0,"opptPTS8":0}
{"_id":{"$oid":"5cb552f6e0f627212ff3bf39"},"gmDate":"2018/3/12","offLNm3":"Ayotte","offFNm3":"Mark","teamAbbr":"POR","teamConf":"West","teamLoc":"Home","teamRslt":"Win","teamPTS":115,"teamAST":23,"teamTO":13,"teamSTL":5,"teamBLK":6,"teamPF":15,"teamFGA":83,"teamFGM":38,"team2PA":47,"team2PM":24,"team3PA":36,"team3PM":14,"teamFTA":30,"teamFTM":25,"teamORB":9,"teamDRB":41,"teamPTS1":34,"teamPTS2":25,"teamPTS3":29,"teamPTS4":27,"teamPTS5":0,"teamPTS6":0,"teamPTS7":0,"teamPTS8":0,"opptAbbr":"MIA","opptConf":"East","opptLoc":"Away","opptRslt":"Loss","opptPTS":99,"opptAST":24,"opptTO":11,"opptSTL":6,"opptBLK":4,"opptPF":24,"opptFGA":91,"opptFGM":39,"oppt2PA":60,"oppt2PM":29,"oppt3PA":31,"oppt3PM":10,"opptFTA":16,"opptFTM":11,"opptORB":10,"opptDRB":36,"opptPTS1":25,"opptPTS2":22,"opptPTS3":25,"opptPTS4":27,"opptPTS5":0,"opptPTS6":0,"opptPTS7":0,"opptPTS8":0}
{"_id":{"$oid":"5cb552f6e0f627212ff3bf47"},"gmDate":"2018/3/14","offLNm3":"Brothers","offFNm3":"Tony","teamAbbr":"SAC","teamConf":"West","teamLoc":"Home","teamRslt":"Win","teamPTS":123,"teamAST":23,"teamTO":11,"teamSTL":6,"teamBLK":7,"teamPF":21,"teamFGA":94,"teamFGM":48,"team2PA":70,"team2PM":40,"team3PA":24,"team3PM":8,"teamFTA":25,"teamFTM":19,"teamORB":8,"teamDRB":35,"teamPTS1":24,"teamPTS2":35,"teamPTS3":32,"teamPTS4":20,"teamPTS5":12,"teamPTS6":0,"teamPTS7":0,"teamPTS8":0,"opptAbbr":"MIA","opptConf":"East","opptLoc":"Away","opptRslt":"Loss","opptPTS":119,"opptAST":26,"opptTO":15,"opptSTL":5,"opptBLK":2,"opptPF":23,"opptFGA":99,"opptFGM":41,"oppt2PA":56,"oppt2PM":23,"oppt3PA":43,"oppt3PM":18,"opptFTA":21,"opptFTM":19,"opptORB":15,"opptDRB":38,"opptPTS1":31,"opptPTS2":21,"opptPTS3":27,"opptPTS4":32,"opptPTS5":8,"opptPTS6":0,"opptPTS7":0,"opptPTS8":0}
{"_id":{"$oid":"5cb552f6e0f627212ff3bf58"},"gmDate":"2018/3/16","offLNm3":"Van Duyne","offFNm3":"Justin","teamAbbr":"LAL","teamConf":"West","teamLoc":"Home","teamRslt":"Loss","teamPTS":91,"teamAST":22,"teamTO":20,"teamSTL":5,"teamBLK":4,"teamPF":17,"teamFGA":76,"teamFGM":32,"team2PA":57,"team2PM":23,"team3PA":19,"team3PM":9,"teamFTA":22,"teamFTM":18,"teamORB":7,"teamDRB":42,"teamPTS1":24,"teamPTS2":26,"teamPTS3":21,"teamPTS4":20,"teamPTS5":0,"teamPTS6":0,"teamPTS7":0,"teamPTS8":0,"opptAbbr":"MIA","opptConf":"East","opptLoc":"Away","opptRslt":"Win","opptPTS":92,"opptAST":23,"opptTO":11,"opptSTL":14,"opptBLK":6,"opptPF":18,"opptFGA":94,"opptFGM":36,"oppt2PA":58,"oppt2PM":26,"oppt3PA":36,"oppt3PM":10,"opptFTA":14,"opptFTM":10,"opptORB":12,"opptDRB":31,"opptPTS1":25,"opptPTS2":25,"opptPTS3":24,"opptPTS4":18,"opptPTS5":0,"opptPTS6":0,"opptPTS7":0,"opptPTS8":0}
{"_id":{"$oid":"5cb552f6e0f627212ff3bf6d"},"gmDate":"2018/3/19","offLNm3":"Ayotte","offFNm3":"Mark","teamAbbr":"MIA","teamConf":"East","teamLoc":"Home","teamRslt":"Win","teamPTS":149,"teamAST":36,"teamTO":11,"teamSTL":5,"teamBLK":11,"teamPF":26,"teamFGA":102,"teamFGM":56,"team2PA":66,"team2PM":36,"team3PA":36,"team3PM":20,"teamFTA":27,"teamFTM":17,"teamORB":7,"teamDRB":39,"teamPTS1":36,"teamPTS2":28,"teamPTS3":28,"teamPTS4":26,"teamPTS5":13,"teamPTS6":18,"teamPTS7":0,"teamPTS8":0,"opptAbbr":"DEN","opptConf":"West","opptLoc":"Away","opptRslt":"Loss","opptPTS":141,"opptAST":23,"opptTO":13,"opptSTL":10,"opptBLK":5,"opptPF":25,"opptFGA":100,"opptFGM":46,"oppt2PA":62,"oppt2PM":28,"oppt3PA":38,"oppt3PM":18,"opptFTA":37,"opptFTM":31,"opptORB":11,"opptDRB":35,"opptPTS1":37,"opptPTS2":26,"opptPTS3":28,"opptPTS4":27,"opptPTS5":13,"opptPTS6":10,"opptPTS7":0,"opptPTS8":0}
{"_id":{"$oid":"5cb552f6e0f627212ff3bf79"},"gmDate":"2018/3/21","offLNm3":"Capers","offFNm3":"James","teamAbbr":"MIA","teamConf":"East","teamLoc":"Home","teamRslt":"Win","teamPTS":119,"teamAST":31,"teamTO":8,"teamSTL":9,"teamBLK":2,"teamPF":17,"teamFGA":81,"teamFGM":45,"team2PA":47,"team2PM":30,"team3PA":34,"team3PM":15,"teamFTA":19,"teamFTM":14,"teamORB":5,"teamDRB":27,"teamPTS1":27,"teamPTS2":37,"teamPTS3":25,"teamPTS4":20,"teamPTS5":0,"teamPTS6":0,"teamPTS7":0,"teamPTS8":0,"opptAbbr":"NY","opptConf":"East","opptLoc":"Away","opptRslt":"Loss","opptPTS":98,"opptAST":21,"opptTO":15,"opptSTL":6,"opptBLK":1,"opptPF":16,"opptFGA":89,"opptFGM":39,"oppt2PA":58,"oppt2PM":29,"oppt3PA":31,"oppt3PM":10,"opptFTA":12,"opptFTM":10,"opptORB":13,"opptDRB":27,"opptPTS1":26,"opptPTS2":21,"opptPTS3":30,"opptPTS4":21,"opptPTS5":0,"opptPTS6":0,"opptPTS7":0,"opptPTS8":0}
{"_id":{"$oid":"5cb552f6e0f627212ff3bf8a"},"gmDate":"2018/3/23","offLNm3":"Adams","offFNm3":"Bennie","teamAbbr":"OKC","teamConf":"West","teamLoc":"Home","teamRslt":"Win","teamPTS":105,"teamAST":17,"teamTO":11,"teamSTL":7,"teamBLK":1,"teamPF":23,"teamFGA":84,"teamFGM":36,"team2PA":58,"team2PM":28,"team3PA":26,"team3PM":8,"teamFTA":33,"teamFTM":25,"teamORB":12,"teamDRB":39,"teamPTS1":24,"teamPTS2":20,"teamPTS3":20,"teamPTS4":41,"teamPTS5":0,"teamPTS6":0,"teamPTS7":0,"teamPTS8":0,"opptAbbr":"MIA","opptConf":"East","opptLoc":"Away","opptRslt":"Loss","opptPTS":99,"opptAST":22,"opptTO":12,"opptSTL":4,"opptBLK":1,"opptPF":25,"opptFGA":87,"opptFGM":34,"oppt2PA":57,"oppt2PM":21,"oppt3PA":30,"oppt3PM":13,"opptFTA":20,"opptFTM":18,"opptORB":8,"opptDRB":33,"opptPTS1":18,"opptPTS2":22,"opptPTS3":26,"opptPTS4":33,"opptPTS5":0,"opptPTS6":0,"opptPTS7":0,"opptPTS8":0}
{"_id":{"$oid":"5cb552f6e0f627212ff3bf96"},"gmDate":"2018/3/25","offLNm3":"Lewis","offFNm3":"Eric","teamAbbr":"IND","teamConf":"East","teamLoc":"Home","teamRslt":"Win","teamPTS":113,"teamAST":26,"teamTO":17,"teamSTL":12,"teamBLK":7,"teamPF":17,"teamFGA":90,"teamFGM":44,"team2PA":67,"team2PM":36,"team3PA":23,"team3PM":8,"teamFTA":21,"teamFTM":17,"teamORB":10,"teamDRB":41,"teamPTS1":21,"teamPTS2":31,"teamPTS3":30,"teamPTS4":14,"teamPTS5":17,"teamPTS6":0,"teamPTS7":0,"teamPTS8":0,"opptAbbr":"MIA","opptConf":"East","opptLoc":"Away","opptRslt":"Loss","opptPTS":107,"opptAST":32,"opptTO":17,"opptSTL":10,"opptBLK":3,"opptPF":20,"opptFGA":86,"opptFGM":41,"oppt2PA":51,"oppt2PM":27,"oppt3PA":35,"oppt3PM":14,"opptFTA":14,"opptFTM":11,"opptORB":7,"opptDRB":32,"opptPTS1":30,"opptPTS2":23,"opptPTS3":21,"opptPTS4":22,"opptPTS5":11,"opptPTS6":0,"opptPTS7":0,"opptPTS8":0}
{"_id":{"$oid":"5cb552f6e0f627212ff3bfa6"},"gmDate":"2018/3/27","offLNm3":"Callahan","offFNm3":"Mike","teamAbbr":"MIA","teamConf":"East","teamLoc":"Home","teamRslt":"Win","teamPTS":98,"teamAST":24,"teamTO":16,"teamSTL":10,"teamBLK":9,"teamPF":18,"teamFGA":78,"teamFGM":37,"team2PA":49,"team2PM":28,"team3PA":29,"team3PM":9,"teamFTA":20,"teamFTM":15,"teamORB":9,"teamDRB":35,"teamPTS1":29,"teamPTS2":25,"teamPTS3":21,"teamPTS4":23,"teamPTS5":0,"teamPTS6":0,"teamPTS7":0,"teamPTS8":0,"opptAbbr":"CLE","opptConf":"East","opptLoc":"Away","opptRslt":"Loss","opptPTS":79,"opptAST":15,"opptTO":15,"opptSTL":8,"opptBLK":1,"opptPF":18,"opptFGA":85,"opptFGM":31,"oppt2PA":59,"oppt2PM":27,"oppt3PA":26,"oppt3PM":4,"opptFTA":19,"opptFTM":13,"opptORB":12,"opptDRB":30,"opptPTS1":18,"opptPTS2":16,"opptPTS3":25,"opptPTS4":20,"opptPTS5":0,"opptPTS6":0,"opptPTS7":0,"opptPTS8":0}
{"_id":{"$oid":"5cb552f6e0f627212ff3bfb3"},"gmDate":"2018/3/29","offLNm3":"Acosta","offFNm3":"Ray","teamAbbr":"MIA","teamConf":"East","teamLoc":"Home","teamRslt":"Win","teamPTS":103,"teamAST":20,"teamTO":17,"teamSTL":7,"teamBLK":7,"teamPF":23,"teamFGA":82,"teamFGM":37,"team2PA":55,"team2PM":30,"team3PA":27,"team3PM":7,"teamFTA":24,"teamFTM":22,"teamORB":7,"teamDRB":37,"teamPTS1":29,"teamPTS2":22,"teamPTS3":27,"teamPTS4":25,"teamPTS5":0,"teamPTS6":0,"teamPTS7":0,"teamPTS8":0,"opptAbbr":"CHI","opptConf":"East","opptLoc":"Away","opptRslt":"Loss","opptPTS":92,"opptAST":19,"opptTO":18,"opptSTL":10,"opptBLK":5,"opptPF":19,"opptFGA":90,"opptFGM":33,"oppt2PA":64,"oppt2PM":27,"oppt3PA":26,"oppt3PM":6,"opptFTA":26,"opptFTM":20,"opptORB":14,"opptDRB":36,"opptPTS1":21,"opptPTS2":25,"opptPTS3":22,"opptPTS4":24,"opptPTS5":0,"opptPTS6":0,"opptPTS7":0,"opptPTS8":0}
{"_id":{"$oid":"5cb552f6e0f627212ff3bfc3"},"gmDate":"2018/3/31","offLNm3":"DeRosa","offFNm3":"Joe","teamAbbr":"MIA","teamConf":"East","teamLoc":"Home","teamRslt":"Loss","teamPTS":109,"teamAST":19,"teamTO":18,"teamSTL":6,"teamBLK":7,"teamPF":22,"teamFGA":95,"teamFGM":43,"team2PA":78,"team2PM":36,"team3PA":17,"team3PM":7,"teamFTA":21,"teamFTM":16,"teamORB":10,"teamDRB":41,"teamPTS1":32,"teamPTS2":23,"teamPTS3":21,"teamPTS4":25,"teamPTS5":8,"teamPTS6":0,"teamPTS7":0,"teamPTS8":0,"opptAbbr":"BKN","opptConf":"East","opptLoc":"Away","opptRslt":"Win","opptPTS":110,"opptAST":28,"opptTO":17,"opptSTL":11,"opptBLK":6,"opptPF":24,"opptFGA":91,"opptFGM":39,"oppt2PA":56,"oppt2PM":29,"oppt3PA":35,"oppt3PM":10,"opptFTA":28,"opptFTM":22,"opptORB":7,"opptDRB":40,"opptPTS1":22,"opptPTS2":26,"opptPTS3":32,"opptPTS4":21,"opptPTS5":9,"opptPTS6":0,"opptPTS7":0,"opptPTS8":0}
{"_id":{"$oid":"5cb552f6e0f627212ff3bfd4"},"gmDate":"2018/4/3","offLNm3":"Kennedy","offFNm3":"Bill","teamAbbr":"MIA","teamConf":"East","teamLoc":"Home","teamRslt":"Win","teamPTS":101,"teamAST":22,"teamTO":14,"teamSTL":10,"teamBLK":8,"teamPF":16,"teamFGA":91,"teamFGM":41,"team2PA":58,"team2PM":33,"team3PA":33,"team3PM":8,"teamFTA":13,"teamFTM":11,"teamORB":11,"teamDRB":35,"teamPTS1":30,"teamPTS2":22,"teamPTS3":26,"teamPTS4":23,"teamPTS5":0,"teamPTS6":0,"teamPTS7":0,"teamPTS8":0,"opptAbbr":"ATL","opptConf":"East","opptLoc":"Away","opptRslt":"Loss","opptPTS":98,"opptAST":24,"opptTO":18,"opptSTL":10,"opptBLK":1,"opptPF":15,"opptFGA":88,"opptFGM":37,"oppt2PA":55,"oppt2PM":24,"oppt3PA":33,"oppt3PM":13,"opptFTA":15,"opptFTM":11,"opptORB":12,"opptDRB":37,"opptPTS1":25,"opptPTS2":31,"opptPTS3":22,"opptPTS4":20,"opptPTS5":0,"opptPTS6":0,"opptPTS7":0,"opptPTS8":0}
{"_id":{"$oid":"5cb552f6e0f627212ff3bfe2"},"gmDate":"2018/4/4","offLNm3":"Foster","offFNm3":"Scott","teamAbbr":"ATL","teamConf":"East","teamLoc":"Home","teamRslt":"Loss","teamPTS":86,"teamAST":20,"teamTO":16,"teamSTL":5,"teamBLK":6,"teamPF":16,"teamFGA":90,"teamFGM":33,"team2PA":60,"team2PM":24,"team3PA":30,"team3PM":9,"teamFTA":17,"teamFTM":11,"teamORB":10,"teamDRB":38,"teamPTS1":29,"teamPTS2":18,"teamPTS3":21,"teamPTS4":18,"teamPTS5":0,"teamPTS6":0,"teamPTS7":0,"teamPTS8":0,"opptAbbr":"MIA","opptConf":"East","opptLoc":"Away","opptRslt":"Win","opptPTS":115,"opptAST":23,"opptTO":12,"opptSTL":9,"opptBLK":10,"opptPF":17,"opptFGA":94,"opptFGM":42,"oppt2PA":56,"oppt2PM":25,"oppt3PA":38,"oppt3PM":17,"opptFTA":17,"opptFTM":14,"opptORB":10,"opptDRB":44,"opptPTS1":23,"opptPTS2":30,"opptPTS3":31,"opptPTS4":31,"opptPTS5":0,"opptPTS6":0,"opptPTS7":0,"opptPTS8":0}
{"_id":{"$oid":"5cb552f6e0f627212ff3bff0"},"gmDate":"2018/4/6","offLNm3":"Richardson","offFNm3":"Derek","teamAbbr":"NY","teamConf":"East","teamLoc":"Home","teamRslt":"Win","teamPTS":122,"teamAST":33,"teamTO":12,"teamSTL":7,"teamBLK":5,"teamPF":23,"teamFGA":89,"teamFGM":45,"team2PA":52,"team2PM":27,"team3PA":37,"team3PM":18,"teamFTA":21,"teamFTM":14,"teamORB":9,"teamDRB":42,"teamPTS1":34,"teamPTS2":29,"teamPTS3":33,"teamPTS4":26,"teamPTS5":0,"teamPTS6":0,"teamPTS7":0,"teamPTS8":0,"opptAbbr":"MIA","opptConf":"East","opptLoc":"Away","opptRslt":"Loss","opptPTS":98,"opptAST":20,"opptTO":13,"opptSTL":7,"opptBLK":5,"opptPF":19,"opptFGA":88,"opptFGM":35,"oppt2PA":61,"oppt2PM":28,"oppt3PA":27,"oppt3PM":7,"opptFTA":22,"opptFTM":21,"opptORB":7,"opptDRB":35,"opptPTS1":23,"opptPTS2":27,"opptPTS3":28,"opptPTS4":20,"opptPTS5":0,"opptPTS6":0,"opptPTS7":0,"opptPTS8":0}
{"_id":{"$oid":"5cb552f6e0f627212ff3c004"},"gmDate":"2018/4/9","offLNm3":"Wall","offFNm3":"Scott","teamAbbr":"MIA","teamConf":"East","teamLoc":"Home","teamRslt":"Loss","teamPTS":93,"teamAST":21,"teamTO":15,"teamSTL":6,"teamBLK":4,"teamPF":24,"teamFGA":87,"teamFGM":40,"team2PA":65,"team2PM":35,"team3PA":22,"team3PM":5,"teamFTA":14,"teamFTM":8,"teamORB":8,"teamDRB":35,"teamPTS1":27,"teamPTS2":25,"teamPTS3":29,"teamPTS4":12,"teamPTS5":0,"teamPTS6":0,"teamPTS7":0,"teamPTS8":0,"opptAbbr":"OKC","opptConf":"West","opptLoc":"Away","opptRslt":"Win","opptPTS":115,"opptAST":21,"opptTO":10,"opptSTL":9,"opptBLK":4,"opptPF":15,"opptFGA":81,"opptFGM":35,"oppt2PA":46,"oppt2PM":21,"oppt3PA":35,"oppt3PM":14,"opptFTA":38,"opptFTM":31,"opptORB":7,"opptDRB":36,"opptPTS1":21,"opptPTS2":28,"opptPTS3":27,"opptPTS4":39,"opptPTS5":0,"opptPTS6":0,"opptPTS7":0,"opptPTS8":0}
{"_id":{"$oid":"5cb552f6e0f627212ff3c014"},"gmDate":"2018/4/11","offLNm3":"Malloy","offFNm3":"Ed","teamAbbr":"MIA","teamConf":"East","teamLoc":"Home","teamRslt":"Win","teamPTS":116,"teamAST":26,"teamTO":9,"teamSTL":8,"teamBLK":7,"teamPF":18,"teamFGA":106,"teamFGM":46,"team2PA":80,"team2PM":35,"team3PA":26,"team3PM":11,"teamFTA":20,"teamFTM":13,"teamORB":19,"teamDRB":37,"teamPTS1":27,"teamPTS2":20,"teamPTS3":24,"teamPTS4":34,"teamPTS5":11,"teamPTS6":0,"teamPTS7":0,"teamPTS8":0,"opptAbbr":"TOR","opptConf":"East","opptLoc":"Away","opptRslt":"Loss","opptPTS":109,"opptAST":24,"opptTO":14,"opptSTL":5,"opptBLK":10,"opptPF":24,"opptFGA":92,"opptFGM":42,"oppt2PA":62,"oppt2PM":33,"oppt3PA":30,"oppt3PM":9,"opptFTA":21,"opptFTM":16,"opptORB":9,"opptDRB":38,"opptPTS1":29,"opptPTS2":24,"opptPTS3":25,"opptPTS4":27,"opptPTS5":4,"opptPTS6":0,"opptPTS7":0,"opptPTS8":0}
