{"_id":{"$oid":"5cb552f6e0f627212ff3bb55"},"gmDate":"2017/10/18","offLNm3":"Washington","offFNm3":"Tom","teamAbbr":"BOS","teamConf":"East","teamLoc":"Home","teamRslt":"Loss","teamPTS":100,"teamAST":23,"teamTO":15,"teamSTL":12,"teamBLK":2,"teamPF":27,"teamFGA":91,"teamFGM":39,"team2PA":63,"team2PM":28,"team3PA":28,"team3PM":11,"teamFTA":21,"teamFTM":11,"teamORB":11,"teamDRB":32,"teamPTS1":26,"teamPTS2":27,"teamPTS3":27,"teamPTS4":20,"teamPTS5":0,"teamPTS6":0,"teamPTS7":0,"teamPTS8":0,"opptAbbr":"MIL","opptConf":"East","opptLoc":"Away","opptRslt":"Win","opptPTS":108,"opptAST":19,"opptTO":15,"opptSTL":6,"opptBLK":4,"opptPF":22,"opptFGA":76,"opptFGM":38,"oppt2PA":55,"oppt2PM":31,"oppt3PA":21,"oppt3PM":7,"opptFTA":30,"opptFTM":25,"opptORB":6,"opptDRB":39,"opptPTS1":24,"opptPTS2":34,"opptPTS3":18,"opptPTS4":32,"opptPTS5":0,"opptPTS6":0,"opptPTS7":0,"opptPTS8":0}
{"_id":{"$oid":"5cb552f6e0f627212ff3bb60"},"gmDate":"2017/10/20","offLNm3":"Davis","offFNm3":"Marc","teamAbbr":"MIL","teamConf":"East","teamLoc":"Home","teamRslt":"Loss","teamPTS":97,"teamAST":23,"teamTO":15,"teamSTL":8,"teamBLK":2,"teamPF":17,"teamFGA":82,"teamFGM":38,"team2PA":47,"team2PM":27,"team3PA":35,"team3PM":11,"teamFTA":12,"teamFTM":10,"teamORB":8,"teamDRB":22,"teamPTS1":25,"teamPTS2":24,"teamPTS3":24,"teamPTS4":24,"teamPTS5":0,"teamPTS6":0,"teamPTS7":0,"teamPTS8":0,"opptAbbr":"CLE","opptConf":"East","opptLoc":"Away","opptRslt":"Win","opptPTS":116,"opptAST":25,"opptTO":17,"opptSTL":8,"opptBLK":3,"opptPF":10,"opptFGA":81,"opptFGM":44,"oppt2PA":55,"oppt2PM":33,"oppt3PA":26,"oppt3PM":11,"opptFTA":17,"opptFTM":17,"opptORB":9,"opptDRB":35,"opptPTS1":25,"opptPTS2":30,"opptPTS3":31,"opptPTS4":30,"opptPTS5":0,"opptPTS6":0,"opptPTS7":0,"opptPTS8":0}
{"_id":{"$oid":"5cb552f6e0f627212ff3bb6f"},"gmDate":"2017/10/21","offLNm3":"Zarba","offFNm3":"Zach","teamAbbr":"MIL","teamConf":"East","teamLoc":"Home","teamRslt":"Win","teamPTS":113,"teamAST":22,"teamTO":14,"teamSTL":9,"teamBLK":7,"teamPF":23,"teamFGA":80,"teamFGM":42,"team2PA":62,"team2PM":35,"team3PA":18,"team3PM":7,"teamFTA":30,"teamFTM":22,"teamORB":7,"teamDRB":27,"teamPTS1":24,"teamPTS2":36,"teamPTS3":24,"teamPTS4":29,"teamPTS5":0,"teamPTS6":0,"teamPTS7":0,"teamPTS8":0,"opptAbbr":"POR","opptConf":"West","opptLoc":"Away","opptRslt":"Loss","opptPTS":110,"opptAST":18,"opptTO":16,"opptSTL":10,"opptBLK":6,"opptPF":22,"opptFGA":80,"opptFGM":34,"oppt2PA":53,"oppt2PM":23,"oppt3PA":27,"oppt3PM":11,"opptFTA":35,"opptFTM":31,"opptORB":13,"opptDRB":29,"opptPTS1":26,"opptPTS2":29,"opptPTS3":25,"opptPTS4":30,"opptPTS5":0,"opptPTS6":0,"opptPTS7":0,"opptPTS8":0}
{"_id":{"$oid":"5cb552f6e0f627212ff3bb79"},"gmDate":"2017/10/23","offLNm3":"Capers","offFNm3":"James","teamAbbr":"MIL","teamConf":"East","teamLoc":"Home","teamRslt":"Win","teamPTS":103,"teamAST":24,"teamTO":13,"teamSTL":8,"teamBLK":4,"teamPF":27,"teamFGA":85,"teamFGM":40,"team2PA":59,"team2PM":31,"team3PA":26,"team3PM":9,"teamFTA":16,"teamFTM":14,"teamORB":5,"teamDRB":37,"teamPTS1":18,"teamPTS2":35,"teamPTS3":30,"teamPTS4":20,"teamPTS5":0,"teamPTS6":0,"teamPTS7":0,"teamPTS8":0,"opptAbbr":"CHA","opptConf":"East","opptLoc":"Away","opptRslt":"Loss","opptPTS":94,"opptAST":17,"opptTO":14,"opptSTL":3,"opptBLK":5,"opptPF":21,"opptFGA":78,"opptFGM":33,"oppt2PA":52,"oppt2PM":26,"oppt3PA":26,"oppt3PM":7,"opptFTA":36,"opptFTM":21,"opptORB":10,"opptDRB":38,"opptPTS1":25,"opptPTS2":29,"opptPTS3":23,"opptPTS4":17,"opptPTS5":0,"opptPTS6":0,"opptPTS7":0,"opptPTS8":0}
{"_id":{"$oid":"5cb552f6e0f627212ff3bb90"},"gmDate":"2017/10/26","offLNm3":"Kirkland","offFNm3":"Courtney","teamAbbr":"MIL","teamConf":"East","teamLoc":"Home","teamRslt":"Loss","teamPTS":89,"teamAST":22,"teamTO":18,"teamSTL":6,"teamBLK":3,"teamPF":20,"teamFGA":77,"teamFGM":35,"team2PA":52,"team2PM":24,"team3PA":25,"team3PM":11,"teamFTA":14,"teamFTM":8,"teamORB":2,"teamDRB":35,"teamPTS1":23,"teamPTS2":21,"teamPTS3":25,"teamPTS4":20,"teamPTS5":0,"teamPTS6":0,"teamPTS7":0,"teamPTS8":0,"opptAbbr":"BOS","opptConf":"East","opptLoc":"Away","opptRslt":"Win","opptPTS":96,"opptAST":21,"opptTO":16,"opptSTL":7,"opptBLK":4,"opptPF":14,"opptFGA":78,"opptFGM":33,"oppt2PA":48,"oppt2PM":22,"oppt3PA":30,"oppt3PM":11,"opptFTA":22,"opptFTM":19,"opptORB":6,"opptDRB":39,"opptPTS1":28,"opptPTS2":15,"opptPTS3":29,"opptPTS4":24,"opptPTS5":0,"opptPTS6":0,"opptPTS7":0,"opptPTS8":0}
{"_id":{"$oid":"5cb552f6e0f627212ff3bba2"},"gmDate":"2017/10/29","offLNm3":"Lewis","offFNm3":"Eric","teamAbbr":"ATL","teamConf":"East","teamLoc":"Home","teamRslt":"Loss","teamPTS":106,"teamAST":27,"teamTO":16,"teamSTL":9,"teamBLK":2,"teamPF":21,"teamFGA":77,"teamFGM":36,"team2PA":48,"team2PM":23,"team3PA":29,"team3PM":13,"teamFTA":26,"teamFTM":21,"teamORB":3,"teamDRB":28,"teamPTS1":16,"teamPTS2":32,"teamPTS3":25,"teamPTS4":33,"teamPTS5":0,"teamPTS6":0,"teamPTS7":0,"teamPTS8":0,"opptAbbr":"MIL","opptConf":"East","opptLoc":"Away","opptRslt":"Win","opptPTS":117,"opptAST":30,"opptTO":14,"opptSTL":9,"opptBLK":3,"opptPF":27,"opptFGA":81,"opptFGM":44,"oppt2PA":55,"oppt2PM":31,"oppt3PA":26,"oppt3PM":13,"opptFTA":21,"opptFTM":16,"opptORB":5,"opptDRB":38,"opptPTS1":28,"opptPTS2":33,"opptPTS3":31,"opptPTS4":25,"opptPTS5":0,"opptPTS6":0,"opptPTS7":0,"opptPTS8":0}
{"_id":{"$oid":"5cb552f6e0f627212ff3bbb3"},"gmDate":"2017/10/31","offLNm3":"Davis","offFNm3":"Marc","teamAbbr":"MIL","teamConf":"East","teamLoc":"Home","teamRslt":"Loss","teamPTS":91,"teamAST":24,"teamTO":15,"teamSTL":8,"teamBLK":4,"teamPF":22,"teamFGA":76,"teamFGM":32,"team2PA":46,"team2PM":23,"team3PA":30,"team3PM":9,"teamFTA":22,"teamFTM":18,"teamORB":4,"teamDRB":27,"teamPTS1":23,"teamPTS2":19,"teamPTS3":22,"teamPTS4":27,"teamPTS5":0,"teamPTS6":0,"teamPTS7":0,"teamPTS8":0,"opptAbbr":"OKC","opptConf":"West","opptLoc":"Away","opptRslt":"Win","opptPTS":110,"opptAST":23,"opptTO":16,"opptSTL":6,"opptBLK":3,"opptPF":20,"opptFGA":81,"opptFGM":40,"oppt2PA":53,"oppt2PM":28,"oppt3PA":28,"oppt3PM":12,"opptFTA":21,"opptFTM":18,"opptORB":9,"opptDRB":37,"opptPTS1":31,"opptPTS2":29,"opptPTS3":25,"opptPTS4":25,"opptPTS5":0,"opptPTS6":0,"opptPTS7":0,"opptPTS8":0}
{"_id":{"$oid":"5cb552f6e0f627212ff3bbb5"},"gmDate":"2017/11/1","offLNm3":"Richardson","offFNm3":"Derek","teamAbbr":"CHA","teamConf":"East","teamLoc":"Home","teamRslt":"Win","teamPTS":126,"teamAST":21,"teamTO":11,"teamSTL":5,"teamBLK":3,"teamPF":18,"teamFGA":84,"teamFGM":45,"team2PA":59,"team2PM":31,"team3PA":25,"team3PM":14,"teamFTA":29,"teamFTM":22,"teamORB":7,"teamDRB":34,"teamPTS1":25,"teamPTS2":35,"teamPTS3":28,"teamPTS4":38,"teamPTS5":0,"teamPTS6":0,"teamPTS7":0,"teamPTS8":0,"opptAbbr":"MIL","opptConf":"East","opptLoc":"Away","opptRslt":"Loss","opptPTS":121,"opptAST":29,"opptTO":14,"opptSTL":3,"opptBLK":3,"opptPF":25,"opptFGA":91,"opptFGM":45,"oppt2PA":55,"oppt2PM":26,"oppt3PA":36,"oppt3PM":19,"opptFTA":15,"opptFTM":12,"opptORB":9,"opptDRB":31,"opptPTS1":32,"opptPTS2":25,"opptPTS3":31,"opptPTS4":33,"opptPTS5":0,"opptPTS6":0,"opptPTS7":0,"opptPTS8":0}
{"_id":{"$oid":"5cb552f6e0f627212ff3bbc4"},"gmDate":"2017/11/3","offLNm3":"Collins","offFNm3":"Derrick","teamAbbr":"DET","teamConf":"East","teamLoc":"Home","teamRslt":"Win","teamPTS":105,"teamAST":21,"teamTO":14,"teamSTL":10,"teamBLK":4,"teamPF":11,"teamFGA":78,"teamFGM":37,"team2PA":52,"team2PM":29,"team3PA":26,"team3PM":8,"teamFTA":28,"teamFTM":23,"teamORB":8,"teamDRB":32,"teamPTS1":28,"teamPTS2":31,"teamPTS3":23,"teamPTS4":23,"teamPTS5":0,"teamPTS6":0,"teamPTS7":0,"teamPTS8":0,"opptAbbr":"MIL","opptConf":"East","opptLoc":"Away","opptRslt":"Loss","opptPTS":96,"opptAST":27,"opptTO":14,"opptSTL":6,"opptBLK":6,"opptPF":24,"opptFGA":83,"opptFGM":39,"oppt2PA":58,"oppt2PM":29,"oppt3PA":25,"oppt3PM":10,"opptFTA":9,"opptFTM":8,"opptORB":7,"opptDRB":29,"opptPTS1":26,"opptPTS2":22,"opptPTS3":24,"opptPTS4":24,"opptPTS5":0,"opptPTS6":0,"opptPTS7":0,"opptPTS8":0}
{"_id":{"$oid":"5cb552f6e0f627212ff3bbe2"},"gmDate":"2017/11/7","offLNm3":"Callahan","offFNm3":"Mike","teamAbbr":"CLE","teamConf":"East","teamLoc":"Home","teamRslt":"Win","teamPTS":124,"teamAST":18,"teamTO":13,"teamSTL":7,"teamBLK":4,"teamPF":16,"teamFGA":82,"teamFGM":41,"team2PA":64,"team2PM":32,"team3PA":18,"team3PM":9,"teamFTA":38,"teamFTM":33,"teamORB":12,"teamDRB":27,"teamPTS1":39,"teamPTS2":26,"teamPTS3":29,"teamPTS4":30,"teamPTS5":0,"teamPTS6":0,"teamPTS7":0,"teamPTS8":0,"opptAbbr":"MIL","opptConf":"East","opptLoc":"Away","opptRslt":"Loss","opptPTS":119,"opptAST":29,"opptTO":17,"opptSTL":6,"opptBLK":8,"opptPF":31,"opptFGA":83,"opptFGM":47,"oppt2PA":53,"oppt2PM":34,"oppt3PA":30,"oppt3PM":13,"opptFTA":16,"opptFTM":12,"opptORB":8,"opptDRB":28,"opptPTS1":28,"opptPTS2":39,"opptPTS3":23,"opptPTS4":29,"opptPTS5":0,"opptPTS6":0,"opptPTS7":0,"opptPTS8":0}
{"_id":{"$oid":"5cb552f6e0f627212ff3bbfb"},"gmDate":"2017/11/10","offLNm3":"Brothers","offFNm3":"Tony","teamAbbr":"SA","teamConf":"West","teamLoc":"Home","teamRslt":"Loss","teamPTS":87,"teamAST":23,"teamTO":18,"teamSTL":8,"teamBLK":6,"teamPF":15,"teamFGA":80,"teamFGM":34,"team2PA":51,"team2PM":25,"team3PA":29,"team3PM":9,"teamFTA":11,"teamFTM":10,"teamORB":9,"teamDRB":34,"teamPTS1":27,"teamPTS2":20,"teamPTS3":23,"teamPTS4":17,"teamPTS5":0,"teamPTS6":0,"teamPTS7":0,"teamPTS8":0,"opptAbbr":"MIL","opptConf":"East","opptLoc":"Away","opptRslt":"Win","opptPTS":94,"opptAST":27,"opptTO":14,"opptSTL":10,"opptBLK":7,"opptPF":13,"opptFGA":89,"opptFGM":41,"oppt2PA":71,"oppt2PM":36,"oppt3PA":18,"oppt3PM":5,"opptFTA":14,"opptFTM":7,"opptORB":11,"opptDRB":36,"opptPTS1":25,"opptPTS2":21,"opptPTS3":30,"opptPTS4":18,"opptPTS5":0,"opptPTS6":0,"opptPTS7":0,"opptPTS8":0}
{"_id":{"$oid":"5cb552f6e0f627212ff3bc04"},"gmDate":"2017/11/11","offLNm3":"Acosta","offFNm3":"Ray","teamAbbr":"MIL","teamConf":"East","teamLoc":"Home","teamRslt":"Win","teamPTS":98,"teamAST":16,"teamTO":13,"teamSTL":11,"teamBLK":4,"teamPF":27,"teamFGA":86,"teamFGM":35,"team2PA":63,"team2PM":29,"team3PA":23,"team3PM":6,"teamFTA":26,"teamFTM":22,"teamORB":9,"teamDRB":33,"teamPTS1":24,"teamPTS2":27,"teamPTS3":26,"teamPTS4":21,"teamPTS5":0,"teamPTS6":0,"teamPTS7":0,"teamPTS8":0,"opptAbbr":"LAL","opptConf":"West","opptLoc":"Away","opptRslt":"Loss","opptPTS":90,"opptAST":21,"opptTO":23,"opptSTL":7,"opptBLK":10,"opptPF":22,"opptFGA":74,"opptFGM":31,"oppt2PA":52,"oppt2PM":25,"oppt3PA":22,"oppt3PM":6,"opptFTA":37,"opptFTM":22,"opptORB":8,"opptDRB":41,"opptPTS1":17,"opptPTS2":32,"opptPTS3":18,"opptPTS4":23,"opptPTS5":0,"opptPTS6":0,"opptPTS7":0,"opptPTS8":0}
{"_id":{"$oid":"5cb552f6e0f627212ff3bc0f"},"gmDate":"2017/11/13","offLNm3":"Collins","offFNm3":"Derrick","teamAbbr":"MIL","teamConf":"East","teamLoc":"Home","teamRslt":"Win","teamPTS":110,"teamAST":23,"teamTO":10,"teamSTL":6,"teamBLK":5,"teamPF":19,"teamFGA":82,"teamFGM":40,"team2PA":60,"team2PM":28,"team3PA":22,"team3PM":12,"teamFTA":25,"teamFTM":18,"teamORB":10,"teamDRB":26,"teamPTS1":34,"teamPTS2":26,"teamPTS3":24,"teamPTS4":26,"teamPTS5":0,"teamPTS6":0,"teamPTS7":0,"teamPTS8":0,"opptAbbr":"MEM","opptConf":"West","opptLoc":"Away","opptRslt":"Loss","opptPTS":103,"opptAST":21,"opptTO":15,"opptSTL":5,"opptBLK":1,"opptPF":25,"opptFGA":76,"opptFGM":37,"oppt2PA":50,"oppt2PM":26,"oppt3PA":26,"oppt3PM":11,"opptFTA":21,"opptFTM":18,"opptORB":8,"opptDRB":29,"opptPTS1":29,"opptPTS2":36,"opptPTS3":12,"opptPTS4":26,"opptPTS5":0,"opptPTS6":0,"opptPTS7":0,"opptPTS8":0}
{"_id":{"$oid":"5cb552f6e0f627212ff3bc1e"},"gmDate":"2017/11/15","offLNm3":"Van Duyne","offFNm3":"Justin","teamAbbr":"MIL","teamConf":"East","teamLoc":"Home","teamRslt":"Win","teamPTS":99,"teamAST":24,"teamTO":15,"teamSTL":10,"teamBLK":16,"teamPF":19,"teamFGA":78,"teamFGM":38,"team2PA":56,"team2PM":30,"team3PA":22,"team3PM":8,"teamFTA":20,"teamFTM":15,"teamORB":11,"teamDRB":32,"teamPTS1":26,"teamPTS2":15,"teamPTS3":34,"teamPTS4":24,"teamPTS5":0,"teamPTS6":0,"teamPTS7":0,"teamPTS8":0,"opptAbbr":"DET","opptConf":"East","opptLoc":"Away","opptRslt":"Loss","opptPTS":95,"opptAST":23,"opptTO":18,"opptSTL":7,"opptBLK":3,"opptPF":20,"opptFGA":85,"opptFGM":30,"oppt2PA":48,"oppt2PM":15,"oppt3PA":37,"oppt3PM":15,"opptFTA":23,"opptFTM":20,"opptORB":17,"opptDRB":28,"opptPTS1":23,"opptPTS2":18,"opptPTS3":21,"opptPTS4":33,"opptPTS5":0,"opptPTS6":0,"opptPTS7":0,"opptPTS8":0}
{"_id":{"$oid":"5cb552f6e0f627212ff3bc36"},"gmDate":"2017/11/18","offLNm3":"Boland","offFNm3":"Matt","teamAbbr":"DAL","teamConf":"West","teamLoc":"Home","teamRslt":"Win","teamPTS":111,"teamAST":27,"teamTO":18,"teamSTL":7,"teamBLK":2,"teamPF":26,"teamFGA":79,"teamFGM":38,"team2PA":41,"team2PM":19,"team3PA":38,"team3PM":19,"teamFTA":19,"teamFTM":16,"teamORB":7,"teamDRB":42,"teamPTS1":33,"teamPTS2":23,"teamPTS3":26,"teamPTS4":29,"teamPTS5":0,"teamPTS6":0,"teamPTS7":0,"teamPTS8":0,"opptAbbr":"MIL","opptConf":"East","opptLoc":"Away","opptRslt":"Loss","opptPTS":79,"opptAST":13,"opptTO":13,"opptSTL":8,"opptBLK":5,"opptPF":25,"opptFGA":74,"opptFGM":28,"oppt2PA":49,"oppt2PM":22,"oppt3PA":25,"oppt3PM":6,"opptFTA":31,"opptFTM":17,"opptORB":8,"opptDRB":30,"opptPTS1":24,"opptPTS2":20,"opptPTS3":17,"opptPTS4":18,"opptPTS5":0,"opptPTS6":0,"opptPTS7":0,"opptPTS8":0}
{"_id":{"$oid":"5cb552f6e0f627212ff3bc45"},"gmDate":"2017/11/20","offLNm3":"Smith","offFNm3":"Michael","teamAbbr":"MIL","teamConf":"East","teamLoc":"Home","teamRslt":"Loss","teamPTS":88,"teamAST":17,"teamTO":10,"teamSTL":10,"teamBLK":7,"teamPF":19,"teamFGA":79,"teamFGM":35,"team2PA":57,"team2PM":31,"team3PA":22,"team3PM":4,"teamFTA":19,"teamFTM":14,"teamORB":6,"teamDRB":27,"teamPTS1":19,"teamPTS2":27,"teamPTS3":20,"teamPTS4":22,"teamPTS5":0,"teamPTS6":0,"teamPTS7":0,"teamPTS8":0,"opptAbbr":"WAS","opptConf":"East","opptLoc":"Away","opptRslt":"Win","opptPTS":99,"opptAST":23,"opptTO":18,"opptSTL":4,"opptBLK":1,"opptPF":18,"opptFGA":74,"opptFGM":39,"oppt2PA":50,"oppt2PM":30,"oppt3PA":24,"oppt3PM":9,"opptFTA":17,"opptFTM":12,"opptORB":8,"opptDRB":38,"opptPTS1":27,"opptPTS2":20,"opptPTS3":26,"opptPTS4":26,"opptPTS5":0,"opptPTS6":0,"opptPTS7":0,"opptPTS8":0}
{"_id":{"$oid":"5cb552f6e0f627212ff3bc55"},"gmDate":"2017/11/22","offLNm3":"Mott","offFNm3":"Rodney","teamAbbr":"PHO","teamConf":"West","teamLoc":"Home","teamRslt":"Loss","teamPTS":107,"teamAST":15,"teamTO":29,"teamSTL":7,"teamBLK":9,"teamPF":26,"teamFGA":93,"teamFGM":37,"team2PA":71,"team2PM":30,"team3PA":22,"team3PM":7,"teamFTA":33,"teamFTM":26,"teamORB":22,"teamDRB":38,"teamPTS1":23,"teamPTS2":21,"teamPTS3":31,"teamPTS4":30,"teamPTS5":2,"teamPTS6":0,"teamPTS7":0,"teamPTS8":0,"opptAbbr":"MIL","opptConf":"East","opptLoc":"Away","opptRslt":"Win","opptPTS":113,"opptAST":19,"opptTO":15,"opptSTL":16,"opptBLK":6,"opptPF":30,"opptFGA":97,"opptFGM":42,"oppt2PA":68,"oppt2PM":34,"oppt3PA":29,"oppt3PM":8,"opptFTA":31,"opptFTM":21,"opptORB":13,"opptDRB":29,"opptPTS1":33,"opptPTS2":21,"opptPTS3":30,"opptPTS4":21,"opptPTS5":8,"opptPTS6":0,"opptPTS7":0,"opptPTS8":0}
{"_id":{"$oid":"5cb552f6e0f627212ff3bc6a"},"gmDate":"2017/11/25","offLNm3":"Brothers","offFNm3":"Tony","teamAbbr":"UTA","teamConf":"West","teamLoc":"Home","teamRslt":"Win","teamPTS":121,"teamAST":31,"teamTO":10,"teamSTL":8,"teamBLK":2,"teamPF":19,"teamFGA":81,"teamFGM":46,"team2PA":49,"team2PM":28,"team3PA":32,"team3PM":18,"teamFTA":19,"teamFTM":11,"teamORB":5,"teamDRB":25,"teamPTS1":31,"teamPTS2":33,"teamPTS3":31,"teamPTS4":26,"teamPTS5":0,"teamPTS6":0,"teamPTS7":0,"teamPTS8":0,"opptAbbr":"MIL","opptConf":"East","opptLoc":"Away","opptRslt":"Loss","opptPTS":108,"opptAST":19,"opptTO":17,"opptSTL":5,"opptBLK":6,"opptPF":21,"opptFGA":77,"opptFGM":41,"oppt2PA":56,"oppt2PM":33,"oppt3PA":21,"oppt3PM":8,"opptFTA":23,"opptFTM":18,"opptORB":8,"opptDRB":32,"opptPTS1":30,"opptPTS2":27,"opptPTS3":28,"opptPTS4":23,"opptPTS5":0,"opptPTS6":0,"opptPTS7":0,"opptPTS8":0}
{"_id":{"$oid":"5cb552f6e0f627212ff3bc7a"},"gmDate":"2017/11/28","offLNm3":"Foster","offFNm3":"Scott","teamAbbr":"SAC","teamConf":"West","teamLoc":"Home","teamRslt":"Loss","teamPTS":87,"teamAST":15,"teamTO":18,"teamSTL":5,"teamBLK":2,"teamPF":21,"teamFGA":77,"teamFGM":31,"team2PA":60,"team2PM":26,"team3PA":17,"team3PM":5,"teamFTA":29,"teamFTM":20,"teamORB":9,"teamDRB":31,"teamPTS1":26,"teamPTS2":11,"teamPTS3":22,"teamPTS4":28,"teamPTS5":0,"teamPTS6":0,"teamPTS7":0,"teamPTS8":0,"opptAbbr":"MIL","opptConf":"East","opptLoc":"Away","opptRslt":"Win","opptPTS":112,"opptAST":27,"opptTO":12,"opptSTL":13,"opptBLK":5,"opptPF":22,"opptFGA":71,"opptFGM":42,"oppt2PA":49,"oppt2PM":33,"oppt3PA":22,"oppt3PM":9,"opptFTA":31,"opptFTM":19,"opptORB":1,"opptDRB":37,"opptPTS1":32,"opptPTS2":29,"opptPTS3":31,"opptPTS4":20,"opptPTS5":0,"opptPTS6":0,"opptPTS7":0,"opptPTS8":0}
{"_id":{"$oid":"5cb552f6e0f627212ff3bc89"},"gmDate":"2017/11/30","offLNm3":"Callahan","offFNm3":"Mike","teamAbbr":"POR","teamConf":"West","teamLoc":"Home","teamRslt":"Loss","teamPTS":91,"teamAST":17,"teamTO":19,"teamSTL":5,"teamBLK":3,"teamPF":14,"teamFGA":83,"teamFGM":35,"team2PA":60,"team2PM":29,"team3PA":23,"team3PM":6,"teamFTA":17,"teamFTM":15,"teamORB":10,"teamDRB":40,"teamPTS1":21,"teamPTS2":24,"teamPTS3":21,"teamPTS4":25,"teamPTS5":0,"teamPTS6":0,"teamPTS7":0,"teamPTS8":0,"opptAbbr":"MIL","opptConf":"East","opptLoc":"Away","opptRslt":"Win","opptPTS":103,"opptAST":19,"opptTO":10,"opptSTL":11,"opptBLK":5,"opptPF":20,"opptFGA":87,"opptFGM":42,"oppt2PA":67,"oppt2PM":36,"oppt3PA":20,"oppt3PM":6,"opptFTA":15,"opptFTM":13,"opptORB":5,"opptDRB":30,"opptPTS1":33,"opptPTS2":27,"opptPTS3":27,"opptPTS4":16,"opptPTS5":0,"opptPTS6":0,"opptPTS7":0,"opptPTS8":0}
{"_id":{"$oid":"5cb552f6e0f627212ff3bc98"},"gmDate":"2017/12/2","offLNm3":"Washington","offFNm3":"Tom","teamAbbr":"MIL","teamConf":"East","teamLoc":"Home","teamRslt":"Win","teamPTS":109,"teamAST":20,"teamTO":15,"teamSTL":9,"teamBLK":6,"teamPF":18,"teamFGA":69,"teamFGM":34,"team2PA":50,"team2PM":28,"team3PA":19,"team3PM":6,"teamFTA":42,"teamFTM":35,"teamORB":9,"teamDRB":27,"teamPTS1":33,"teamPTS2":30,"teamPTS3":25,"teamPTS4":21,"teamPTS5":0,"teamPTS6":0,"teamPTS7":0,"teamPTS8":0,"opptAbbr":"SAC","opptConf":"West","opptLoc":"Away","opptRslt":"Loss","opptPTS":104,"opptAST":20,"opptTO":17,"opptSTL":7,"opptBLK":1,"opptPF":28,"opptFGA":77,"opptFGM":37,"oppt2PA":53,"oppt2PM":26,"oppt3PA":24,"oppt3PM":11,"opptFTA":21,"opptFTM":19,"opptORB":6,"opptDRB":27,"opptPTS1":25,"opptPTS2":27,"opptPTS3":24,"opptPTS4":28,"opptPTS5":0,"opptPTS6":0,"opptPTS7":0,"opptPTS8":0}
{"_id":{"$oid":"5cb552f6e0f627212ff3bca4"},"gmDate":"2017/12/4","offLNm3":"Van Duyne","offFNm3":"Justin","teamAbbr":"BOS","teamConf":"East","teamLoc":"Home","teamRslt":"Win","teamPTS":111,"teamAST":25,"teamTO":15,"teamSTL":5,"teamBLK":3,"teamPF":20,"teamFGA":78,"teamFGM":43,"team2PA":56,"team2PM":33,"team3PA":22,"team3PM":10,"teamFTA":19,"teamFTM":15,"teamORB":8,"teamDRB":37,"teamPTS1":34,"teamPTS2":28,"teamPTS3":26,"teamPTS4":23,"teamPTS5":0,"teamPTS6":0,"teamPTS7":0,"teamPTS8":0,"opptAbbr":"MIL","opptConf":"East","opptLoc":"Away","opptRslt":"Loss","opptPTS":100,"opptAST":17,"opptTO":10,"opptSTL":6,"opptBLK":2,"opptPF":17,"opptFGA":78,"opptFGM":35,"oppt2PA":57,"oppt2PM":26,"oppt3PA":21,"oppt3PM":9,"opptFTA":24,"opptFTM":21,"opptORB":3,"opptDRB":25,"opptPTS1":26,"opptPTS2":23,"opptPTS3":32,"opptPTS4":19,"opptPTS5":0,"opptPTS6":0,"opptPTS7":0,"opptPTS8":0}
{"_id":{"$oid":"5cb552f6e0f627212ff3bcb4"},"gmDate":"2017/12/6","offLNm3":"Stafford","offFNm3":"Derrick","teamAbbr":"MIL","teamConf":"East","teamLoc":"Home","teamRslt":"Win","teamPTS":104,"teamAST":22,"teamTO":11,"teamSTL":6,"teamBLK":5,"teamPF":21,"teamFGA":79,"teamFGM":39,"team2PA":57,"team2PM":31,"team3PA":22,"team3PM":8,"teamFTA":26,"teamFTM":18,"teamORB":13,"teamDRB":28,"teamPTS1":30,"teamPTS2":30,"teamPTS3":16,"teamPTS4":28,"teamPTS5":0,"teamPTS6":0,"teamPTS7":0,"teamPTS8":0,"opptAbbr":"DET","opptConf":"East","opptLoc":"Away","opptRslt":"Loss","opptPTS":100,"opptAST":20,"opptTO":11,"opptSTL":5,"opptBLK":0,"opptPF":20,"opptFGA":87,"opptFGM":36,"oppt2PA":57,"oppt2PM":26,"oppt3PA":30,"oppt3PM":10,"opptFTA":27,"opptFTM":18,"opptORB":16,"opptDRB":29,"opptPTS1":27,"opptPTS2":24,"opptPTS3":25,"opptPTS4":24,"opptPTS5":0,"opptPTS6":0,"opptPTS7":0,"opptPTS8":0}
{"_id":{"$oid":"5cb552f6e0f627212ff3bcc1"},"gmDate":"2017/12/8","offLNm3":"Adair","offFNm3":"Brandon","teamAbbr":"MIL","teamConf":"East","teamLoc":"Home","teamRslt":"Win","teamPTS":109,"teamAST":20,"teamTO":10,"teamSTL":10,"teamBLK":6,"teamPF":24,"teamFGA":79,"teamFGM":36,"team2PA":55,"team2PM":28,"team3PA":24,"team3PM":8,"teamFTA":34,"teamFTM":29,"teamORB":7,"teamDRB":33,"teamPTS1":22,"teamPTS2":27,"teamPTS3":28,"teamPTS4":32,"teamPTS5":0,"teamPTS6":0,"teamPTS7":0,"teamPTS8":0,"opptAbbr":"DAL","opptConf":"West","opptLoc":"Away","opptRslt":"Loss","opptPTS":102,"opptAST":18,"opptTO":12,"opptSTL":6,"opptBLK":2,"opptPF":22,"opptFGA":75,"opptFGM":35,"oppt2PA":51,"oppt2PM":25,"oppt3PA":24,"oppt3PM":10,"opptFTA":26,"opptFTM":22,"opptORB":4,"opptDRB":32,"opptPTS1":25,"opptPTS2":29,"opptPTS3":24,"opptPTS4":24,"opptPTS5":0,"opptPTS6":0,"opptPTS7":0,"opptPTS8":0}
{"_id":{"$oid":"5cb552f6e0f627212ff3bcca"},"gmDate":"2017/12/9","offLNm3":"Sterling","offFNm3":"Jonathan","teamAbbr":"MIL","teamConf":"East","teamLoc":"Home","teamRslt":"Win","teamPTS":117,"teamAST":22,"teamTO":11,"teamSTL":8,"teamBLK":6,"teamPF":29,"teamFGA":81,"teamFGM":44,"team2PA":64,"team2PM":37,"team3PA":17,"team3PM":7,"teamFTA":26,"teamFTM":22,"teamORB":8,"teamDRB":33,"teamPTS1":29,"teamPTS2":22,"teamPTS3":32,"teamPTS4":34,"teamPTS5":0,"teamPTS6":0,"teamPTS7":0,"teamPTS8":0,"opptAbbr":"UTA","opptConf":"West","opptLoc":"Away","opptRslt":"Loss","opptPTS":100,"opptAST":20,"opptTO":16,"opptSTL":7,"opptBLK":3,"opptPF":23,"opptFGA":76,"opptFGM":33,"oppt2PA":53,"oppt2PM":25,"oppt3PA":23,"oppt3PM":8,"opptFTA":37,"opptFTM":26,"opptORB":9,"opptDRB":26,"opptPTS1":19,"opptPTS2":23,"opptPTS3":24,"opptPTS4":34,"opptPTS5":0,"opptPTS6":0,"opptPTS7":0,"opptPTS8":0}
{"_id":{"$oid":"5cb552f6e0f627212ff3bce7"},"gmDate":"2017/12/13","offLNm3":"Brothers","offFNm3":"Tony","teamAbbr":"NO","teamConf":"West","teamLoc":"Home","teamRslt":"Win","teamPTS":115,"teamAST":35,"teamTO":21,"teamSTL":5,"teamBLK":8,"teamPF":16,"teamFGA":80,"teamFGM":45,"team2PA":55,"team2PM":32,"team3PA":25,"team3PM":13,"teamFTA":15,"teamFTM":12,"teamORB":9,"teamDRB":32,"teamPTS1":32,"teamPTS2":30,"teamPTS3":25,"teamPTS4":28,"teamPTS5":0,"teamPTS6":0,"teamPTS7":0,"teamPTS8":0,"opptAbbr":"MIL","opptConf":"East","opptLoc":"Away","opptRslt":"Loss","opptPTS":108,"opptAST":23,"opptTO":10,"opptSTL":14,"opptBLK":5,"opptPF":13,"opptFGA":95,"opptFGM":44,"oppt2PA":68,"oppt2PM":36,"oppt3PA":27,"oppt3PM":8,"opptFTA":19,"opptFTM":12,"opptORB":15,"opptDRB":23,"opptPTS1":37,"opptPTS2":26,"opptPTS3":22,"opptPTS4":23,"opptPTS5":0,"opptPTS6":0,"opptPTS7":0,"opptPTS8":0}
{"_id":{"$oid":"5cb552f6e0f627212ff3bcf7"},"gmDate":"2017/12/15","offLNm3":"Ayotte","offFNm3":"Mark","teamAbbr":"MIL","teamConf":"East","teamLoc":"Home","teamRslt":"Loss","teamPTS":109,"teamAST":24,"teamTO":11,"teamSTL":6,"teamBLK":5,"teamPF":24,"teamFGA":83,"teamFGM":40,"team2PA":50,"team2PM":31,"team3PA":33,"team3PM":9,"teamFTA":29,"teamFTM":20,"teamORB":9,"teamDRB":34,"teamPTS1":30,"teamPTS2":28,"teamPTS3":24,"teamPTS4":27,"teamPTS5":0,"teamPTS6":0,"teamPTS7":0,"teamPTS8":0,"opptAbbr":"CHI","opptConf":"East","opptLoc":"Away","opptRslt":"Win","opptPTS":115,"opptAST":24,"opptTO":12,"opptSTL":8,"opptBLK":0,"opptPF":26,"opptFGA":86,"opptFGM":42,"oppt2PA":64,"oppt2PM":34,"oppt3PA":22,"oppt3PM":8,"opptFTA":35,"opptFTM":23,"opptORB":14,"opptDRB":36,"opptPTS1":33,"opptPTS2":26,"opptPTS3":23,"opptPTS4":33,"opptPTS5":0,"opptPTS6":0,"opptPTS7":0,"opptPTS8":0}
{"_id":{"$oid":"5cb552f6e0f627212ff3bcfd"},"gmDate":"2017/12/16","offLNm3":"Ford","offFNm3":"Tyler","teamAbbr":"HOU","teamConf":"West","teamLoc":"Home","teamRslt":"Win","teamPTS":115,"teamAST":16,"teamTO":15,"teamSTL":7,"teamBLK":4,"teamPF":23,"teamFGA":76,"teamFGM":35,"team2PA":41,"team2PM":24,"team3PA":35,"team3PM":11,"teamFTA":42,"teamFTM":34,"teamORB":4,"teamDRB":34,"teamPTS1":28,"teamPTS2":27,"teamPTS3":29,"teamPTS4":31,"teamPTS5":0,"teamPTS6":0,"teamPTS7":0,"teamPTS8":0,"opptAbbr":"MIL","opptConf":"East","opptLoc":"Away","opptRslt":"Loss","opptPTS":111,"opptAST":17,"opptTO":14,"opptSTL":12,"opptBLK":7,"opptPF":34,"opptFGA":82,"opptFGM":38,"oppt2PA":55,"oppt2PM":30,"oppt3PA":27,"oppt3PM":8,"opptFTA":33,"opptFTM":27,"opptORB":8,"opptDRB":32,"opptPTS1":25,"opptPTS2":30,"opptPTS3":24,"opptPTS4":32,"opptPTS5":0,"opptPTS6":0,"opptPTS7":0,"opptPTS8":0}
{"_id":{"$oid":"5cb552f6e0f627212ff3bd12"},"gmDate":"2017/12/19","offLNm3":"Davis","offFNm3":"Marc","teamAbbr":"MIL","teamConf":"East","teamLoc":"Home","teamRslt":"Win","teamPTS":119,"teamAST":27,"teamTO":14,"teamSTL":12,"teamBLK":3,"teamPF":18,"teamFGA":82,"teamFGM":43,"team2PA":53,"team2PM":32,"team3PA":29,"team3PM":11,"teamFTA":27,"teamFTM":22,"teamORB":9,"teamDRB":32,"teamPTS1":30,"teamPTS2":39,"teamPTS3":29,"teamPTS4":21,"teamPTS5":0,"teamPTS6":0,"teamPTS7":0,"teamPTS8":0,"opptAbbr":"CLE","opptConf":"East","opptLoc":"Away","opptRslt":"Loss","opptPTS":116,"opptAST":26,"opptTO":14,"opptSTL":9,"opptBLK":3,"opptPF":20,"opptFGA":80,"opptFGM":40,"oppt2PA":39,"oppt2PM":24,"oppt3PA":41,"oppt3PM":16,"opptFTA":24,"opptFTM":20,"opptORB":7,"opptDRB":30,"opptPTS1":34,"opptPTS2":24,"opptPTS3":25,"opptPTS4":33,"opptPTS5":0,"opptPTS6":0,"opptPTS7":0,"opptPTS8":0}
{"_id":{"$oid":"5cb552f6e0f627212ff3bd29"},"gmDate":"2017/12/22","offLNm3":"Collins","offFNm3":"Derrick","teamAbbr":"MIL","teamConf":"East","teamLoc":"Home","teamRslt":"Win","teamPTS":109,"teamAST":27,"teamTO":8,"teamSTL":7,"teamBLK":5,"teamPF":16,"teamFGA":87,"teamFGM":41,"team2PA":58,"team2PM":33,"team3PA":29,"team3PM":8,"teamFTA":23,"teamFTM":19,"teamORB":6,"teamDRB":37,"teamPTS1":26,"teamPTS2":26,"teamPTS3":31,"teamPTS4":26,"teamPTS5":0,"teamPTS6":0,"teamPTS7":0,"teamPTS8":0,"opptAbbr":"CHA","opptConf":"East","opptLoc":"Away","opptRslt":"Loss","opptPTS":104,"opptAST":21,"opptTO":9,"opptSTL":4,"opptBLK":7,"opptPF":18,"opptFGA":88,"opptFGM":39,"oppt2PA":62,"oppt2PM":27,"oppt3PA":26,"oppt3PM":12,"opptFTA":17,"opptFTM":14,"opptORB":9,"opptDRB":34,"opptPTS1":23,"opptPTS2":36,"opptPTS3":26,"opptPTS4":19,"opptPTS5":0,"opptPTS6":0,"opptPTS7":0,"opptPTS8":0}
{"_id":{"$oid":"5cb552f6e0f627212ff3bd2e"},"gmDate":"2017/12/23","offLNm3":"Lewis","offFNm3":"Eric","teamAbbr":"CHA","teamConf":"East","teamLoc":"Home","teamRslt":"Win","teamPTS":111,"teamAST":22,"teamTO":17,"teamSTL":2,"teamBLK":7,"teamPF":20,"teamFGA":74,"teamFGM":36,"team2PA":53,"team2PM":27,"team3PA":21,"team3PM":9,"teamFTA":40,"teamFTM":30,"teamORB":9,"teamDRB":34,"teamPTS1":24,"teamPTS2":29,"teamPTS3":28,"teamPTS4":30,"teamPTS5":0,"teamPTS6":0,"teamPTS7":0,"teamPTS8":0,"opptAbbr":"MIL","opptConf":"East","opptLoc":"Away","opptRslt":"Loss","opptPTS":106,"opptAST":25,"opptTO":9,"opptSTL":4,"opptBLK":2,"opptPF":32,"opptFGA":87,"opptFGM":42,"oppt2PA":61,"oppt2PM":34,"oppt3PA":26,"oppt3PM":8,"opptFTA":17,"opptFTM":14,"opptORB":7,"opptDRB":28,"opptPTS1":23,"opptPTS2":31,"opptPTS3":31,"opptPTS4":21,"opptPTS5":0,"opptPTS6":0,"opptPTS7":0,"opptPTS8":0}
{"_id":{"$oid":"5cb552f6e0f627212ff3bd42"},"gmDate":"2017/12/26","offLNm3":"Malloy","offFNm3":"Ed","teamAbbr":"MIL","teamConf":"East","teamLoc":"Home","teamRslt":"Loss","teamPTS":106,"teamAST":23,"teamTO":20,"teamSTL":2,"teamBLK":8,"teamPF":21,"teamFGA":83,"teamFGM":39,"team2PA":52,"team2PM":29,"team3PA":31,"team3PM":10,"teamFTA":24,"teamFTM":18,"teamORB":4,"teamDRB":37,"teamPTS1":31,"teamPTS2":22,"teamPTS3":30,"teamPTS4":23,"teamPTS5":0,"teamPTS6":0,"teamPTS7":0,"teamPTS8":0,"opptAbbr":"CHI","opptConf":"East","opptLoc":"Away","opptRslt":"Win","opptPTS":115,"opptAST":26,"opptTO":7,"opptSTL":11,"opptBLK":3,"opptPF":19,"opptFGA":103,"opptFGM":45,"oppt2PA":75,"oppt2PM":35,"oppt3PA":28,"oppt3PM":10,"opptFTA":25,"opptFTM":15,"opptORB":15,"opptDRB":32,"opptPTS1":22,"opptPTS2":34,"opptPTS3":27,"opptPTS4":32,"opptPTS5":0,"opptPTS6":0,"opptPTS7":0,"opptPTS8":0}
{"_id":{"$oid":"5cb552f6e0f627212ff3bd53"},"gmDate":"2017/12/28","offLNm3":"Zarba","offFNm3":"Zach","teamAbbr":"MIL","teamConf":"East","teamLoc":"Home","teamRslt":"Win","teamPTS":102,"teamAST":23,"teamTO":18,"teamSTL":10,"teamBLK":0,"teamPF":18,"teamFGA":75,"teamFGM":41,"team2PA":60,"team2PM":36,"team3PA":15,"team3PM":5,"teamFTA":16,"teamFTM":15,"teamORB":7,"teamDRB":29,"teamPTS1":16,"teamPTS2":30,"teamPTS3":29,"teamPTS4":27,"teamPTS5":0,"teamPTS6":0,"teamPTS7":0,"teamPTS8":0,"opptAbbr":"MIN","opptConf":"West","opptLoc":"Away","opptRslt":"Loss","opptPTS":96,"opptAST":20,"opptTO":19,"opptSTL":9,"opptBLK":3,"opptPF":14,"opptFGA":71,"opptFGM":34,"oppt2PA":43,"oppt2PM":25,"oppt3PA":28,"oppt3PM":9,"opptFTA":26,"opptFTM":19,"opptORB":6,"opptDRB":27,"opptPTS1":26,"opptPTS2":30,"opptPTS3":28,"opptPTS4":12,"opptPTS5":0,"opptPTS6":0,"opptPTS7":0,"opptPTS8":0}
{"_id":{"$oid":"5cb552f6e0f627212ff3bd5b"},"gmDate":"2017/12/29","offLNm3":"Stafford","offFNm3":"Derrick","teamAbbr":"OKC","teamConf":"West","teamLoc":"Home","teamRslt":"Loss","teamPTS":95,"teamAST":16,"teamTO":13,"teamSTL":5,"teamBLK":5,"teamPF":19,"teamFGA":83,"teamFGM":38,"team2PA":58,"team2PM":31,"team3PA":25,"team3PM":7,"teamFTA":20,"teamFTM":12,"teamORB":10,"teamDRB":35,"teamPTS1":18,"teamPTS2":26,"teamPTS3":23,"teamPTS4":28,"teamPTS5":0,"teamPTS6":0,"teamPTS7":0,"teamPTS8":0,"opptAbbr":"MIL","opptConf":"East","opptLoc":"Away","opptRslt":"Win","opptPTS":97,"opptAST":26,"opptTO":9,"opptSTL":9,"opptBLK":7,"opptPF":23,"opptFGA":85,"opptFGM":40,"oppt2PA":56,"oppt2PM":31,"oppt3PA":29,"oppt3PM":9,"opptFTA":17,"opptFTM":8,"opptORB":12,"opptDRB":31,"opptPTS1":38,"opptPTS2":20,"opptPTS3":15,"opptPTS4":24,"opptPTS5":0,"opptPTS6":0,"opptPTS7":0,"opptPTS8":0}
{"_id":{"$oid":"5cb552f6e0f627212ff3bd6f"},"gmDate":"2018/1/1","offLNm3":"Richardson","offFNm3":"Derek","teamAbbr":"TOR","teamConf":"East","teamLoc":"Home","teamRslt":"Win","teamPTS":131,"teamAST":25,"teamTO":13,"teamSTL":8,"teamBLK":8,"teamPF":20,"teamFGA":91,"teamFGM":45,"team2PA":58,"team2PM":31,"team3PA":33,"team3PM":14,"teamFTA":33,"teamFTM":27,"teamORB":6,"teamDRB":34,"teamPTS1":35,"teamPTS2":25,"teamPTS3":28,"teamPTS4":26,"teamPTS5":17,"teamPTS6":0,"teamPTS7":0,"teamPTS8":0,"opptAbbr":"MIL","opptConf":"East","opptLoc":"Away","opptRslt":"Loss","opptPTS":127,"opptAST":27,"opptTO":15,"opptSTL":9,"opptBLK":3,"opptPF":23,"opptFGA":93,"opptFGM":44,"oppt2PA":66,"oppt2PM":31,"oppt3PA":27,"oppt3PM":13,"opptFTA":28,"opptFTM":26,"opptORB":10,"opptDRB":33,"opptPTS1":30,"opptPTS2":26,"opptPTS3":28,"opptPTS4":30,"opptPTS5":13,"opptPTS6":0,"opptPTS7":0,"opptPTS8":0}
{"_id":{"$oid":"5cb552f6e0f627212ff3bd7e"},"gmDate":"2018/1/3","offLNm3":"Van Duyne","offFNm3":"Justin","teamAbbr":"MIL","teamConf":"East","teamLoc":"Home","teamRslt":"Win","teamPTS":122,"teamAST":33,"teamTO":16,"teamSTL":8,"teamBLK":5,"teamPF":23,"teamFGA":75,"teamFGM":44,"team2PA":58,"team2PM":35,"team3PA":17,"team3PM":9,"teamFTA":28,"teamFTM":25,"teamORB":6,"teamDRB":28,"teamPTS1":34,"teamPTS2":28,"teamPTS3":31,"teamPTS4":29,"teamPTS5":0,"teamPTS6":0,"teamPTS7":0,"teamPTS8":0,"opptAbbr":"IND","opptConf":"East","opptLoc":"Away","opptRslt":"Loss","opptPTS":101,"opptAST":24,"opptTO":15,"opptSTL":7,"opptBLK":2,"opptPF":20,"opptFGA":84,"opptFGM":41,"oppt2PA":69,"oppt2PM":38,"oppt3PA":15,"oppt3PM":3,"opptFTA":19,"opptFTM":16,"opptORB":8,"opptDRB":22,"opptPTS1":26,"opptPTS2":26,"opptPTS3":24,"opptPTS4":25,"opptPTS5":0,"opptPTS6":0,"opptPTS7":0,"opptPTS8":0}
{"_id":{"$oid":"5cb552f6e0f627212ff3bd88"},"gmDate":"2018/1/5","offLNm3":"Ayotte","offFNm3":"Mark","teamAbbr":"MIL","teamConf":"East","teamLoc":"Home","teamRslt":"Loss","teamPTS":110,"teamAST":26,"teamTO":11,"teamSTL":4,"teamBLK":4,"teamPF":23,"teamFGA":77,"teamFGM":41,"team2PA":60,"team2PM":34,"team3PA":17,"team3PM":7,"teamFTA":29,"teamFTM":21,"teamORB":5,"teamDRB":23,"teamPTS1":24,"teamPTS2":35,"teamPTS3":19,"teamPTS4":32,"teamPTS5":0,"teamPTS6":0,"teamPTS7":0,"teamPTS8":0,"opptAbbr":"TOR","opptConf":"East","opptLoc":"Away","opptRslt":"Win","opptPTS":129,"opptAST":25,"opptTO":11,"opptSTL":9,"opptBLK":5,"opptPF":22,"opptFGA":86,"opptFGM":48,"oppt2PA":53,"oppt2PM":38,"oppt3PA":33,"oppt3PM":10,"opptFTA":28,"opptFTM":23,"opptORB":12,"opptDRB":31,"opptPTS1":33,"opptPTS2":28,"opptPTS3":43,"opptPTS4":25,"opptPTS5":0,"opptPTS6":0,"opptPTS7":0,"opptPTS8":0}
{"_id":{"$oid":"5cb552f6e0f627212ff3bd94"},"gmDate":"2018/1/6","offLNm3":"Wood","offFNm3":"Leon","teamAbbr":"WAS","teamConf":"East","teamLoc":"Home","teamRslt":"Loss","teamPTS":103,"teamAST":25,"teamTO":14,"teamSTL":6,"teamBLK":6,"teamPF":22,"teamFGA":78,"teamFGM":37,"team2PA":57,"team2PM":29,"team3PA":21,"team3PM":8,"teamFTA":29,"teamFTM":21,"teamORB":4,"teamDRB":30,"teamPTS1":32,"teamPTS2":21,"teamPTS3":32,"teamPTS4":18,"teamPTS5":0,"teamPTS6":0,"teamPTS7":0,"teamPTS8":0,"opptAbbr":"MIL","opptConf":"East","opptLoc":"Away","opptRslt":"Win","opptPTS":110,"opptAST":20,"opptTO":16,"opptSTL":11,"opptBLK":6,"opptPF":26,"opptFGA":80,"opptFGM":39,"oppt2PA":58,"oppt2PM":32,"oppt3PA":22,"oppt3PM":7,"opptFTA":30,"opptFTM":25,"opptORB":10,"opptDRB":35,"opptPTS1":24,"opptPTS2":29,"opptPTS3":29,"opptPTS4":28,"opptPTS5":0,"opptPTS6":0,"opptPTS7":0,"opptPTS8":0}
{"_id":{"$oid":"5cb552f6e0f627212ff3bd9c"},"gmDate":"2018/1/8","offLNm3":"Nansel","offFNm3":"Brett","teamAbbr":"IND","teamConf":"East","teamLoc":"Home","teamRslt":"Win","teamPTS":109,"teamAST":30,"teamTO":16,"teamSTL":9,"teamBLK":5,"teamPF":23,"teamFGA":79,"teamFGM":44,"team2PA":57,"team2PM":37,"team3PA":22,"team3PM":7,"teamFTA":20,"teamFTM":14,"teamORB":8,"teamDRB":32,"teamPTS1":37,"teamPTS2":27,"teamPTS3":24,"teamPTS4":21,"teamPTS5":0,"teamPTS6":0,"teamPTS7":0,"teamPTS8":0,"opptAbbr":"MIL","opptConf":"East","opptLoc":"Away","opptRslt":"Loss","opptPTS":96,"opptAST":18,"opptTO":18,"opptSTL":11,"opptBLK":4,"opptPF":24,"opptFGA":74,"opptFGM":34,"oppt2PA":47,"oppt2PM":27,"oppt3PA":27,"oppt3PM":7,"opptFTA":27,"opptFTM":21,"opptORB":5,"opptDRB":29,"opptPTS1":16,"opptPTS2":22,"opptPTS3":27,"opptPTS4":31,"opptPTS5":0,"opptPTS6":0,"opptPTS7":0,"opptPTS8":0}
{"_id":{"$oid":"5cb552f6e0f627212ff3bdaf"},"gmDate":"2018/1/10","offLNm3":"Callahan","offFNm3":"Mike","teamAbbr":"MIL","teamConf":"East","teamLoc":"Home","teamRslt":"Win","teamPTS":110,"teamAST":20,"teamTO":17,"teamSTL":4,"teamBLK":9,"teamPF":21,"teamFGA":81,"teamFGM":45,"team2PA":62,"team2PM":41,"team3PA":19,"team3PM":4,"teamFTA":25,"teamFTM":16,"teamORB":10,"teamDRB":36,"teamPTS1":30,"teamPTS2":23,"teamPTS3":36,"teamPTS4":21,"teamPTS5":0,"teamPTS6":0,"teamPTS7":0,"teamPTS8":0,"opptAbbr":"ORL","opptConf":"East","opptLoc":"Away","opptRslt":"Loss","opptPTS":103,"opptAST":26,"opptTO":10,"opptSTL":6,"opptBLK":4,"opptPF":21,"opptFGA":90,"opptFGM":39,"oppt2PA":61,"oppt2PM":31,"oppt3PA":29,"oppt3PM":8,"opptFTA":18,"opptFTM":17,"opptORB":8,"opptDRB":26,"opptPTS1":29,"opptPTS2":17,"opptPTS3":23,"opptPTS4":34,"opptPTS5":0,"opptPTS6":0,"opptPTS7":0,"opptPTS8":0}
{"_id":{"$oid":"5cb552f6e0f627212ff3bdbb"},"gmDate":"2018/1/12","offLNm3":"Malloy","offFNm3":"Ed","teamAbbr":"MIL","teamConf":"East","teamLoc":"Home","teamRslt":"Loss","teamPTS":94,"teamAST":21,"teamTO":12,"teamSTL":8,"teamBLK":7,"teamPF":20,"teamFGA":85,"teamFGM":36,"team2PA":57,"team2PM":25,"team3PA":28,"team3PM":11,"teamFTA":12,"teamFTM":11,"teamORB":8,"teamDRB":26,"teamPTS1":27,"teamPTS2":22,"teamPTS3":33,"teamPTS4":12,"teamPTS5":0,"teamPTS6":0,"teamPTS7":0,"teamPTS8":0,"opptAbbr":"GS","opptConf":"West","opptLoc":"Away","opptRslt":"Win","opptPTS":108,"opptAST":28,"opptTO":10,"opptSTL":7,"opptBLK":3,"opptPF":13,"opptFGA":80,"opptFGM":44,"oppt2PA":65,"oppt2PM":39,"oppt3PA":15,"oppt3PM":5,"opptFTA":18,"opptFTM":15,"opptORB":10,"opptDRB":33,"opptPTS1":36,"opptPTS2":27,"opptPTS3":17,"opptPTS4":28,"opptPTS5":0,"opptPTS6":0,"opptPTS7":0,"opptPTS8":0}
{"_id":{"$oid":"5cb552f6e0f627212ff3bdc7"},"gmDate":"2018/1/14","offLNm3":"Kennedy","offFNm3":"Bill","teamAbbr":"MIA","teamConf":"East","teamLoc":"Home","teamRslt":"Win","teamPTS":97,"teamAST":23,"teamTO":15,"teamSTL":8,"teamBLK":8,"teamPF":18,"teamFGA":76,"teamFGM":35,"team2PA":47,"team2PM":24,"team3PA":29,"team3PM":11,"teamFTA":20,"teamFTM":16,"teamORB":3,"teamDRB":46,"teamPTS1":21,"teamPTS2":20,"teamPTS3":30,"teamPTS4":26,"teamPTS5":0,"teamPTS6":0,"teamPTS7":0,"teamPTS8":0,"opptAbbr":"MIL","opptConf":"East","opptLoc":"Away","opptRslt":"Loss","opptPTS":79,"opptAST":9,"opptTO":15,"opptSTL":8,"opptBLK":1,"opptPF":23,"opptFGA":79,"opptFGM":25,"oppt2PA":51,"oppt2PM":21,"oppt3PA":28,"oppt3PM":4,"opptFTA":27,"opptFTM":25,"opptORB":8,"opptDRB":32,"opptPTS1":23,"opptPTS2":20,"opptPTS3":16,"opptPTS4":20,"opptPTS5":0,"opptPTS6":0,"opptPTS7":0,"opptPTS8":0}
{"_id":{"$oid":"5cb552f6e0f627212ff3bdcc"},"gmDate":"2018/1/15","offLNm3":"Davis","offFNm3":"Marc","teamAbbr":"WAS","teamConf":"East","teamLoc":"Home","teamRslt":"Loss","teamPTS":95,"teamAST":19,"teamTO":24,"teamSTL":10,"teamBLK":8,"teamPF":22,"teamFGA":76,"teamFGM":32,"team2PA":55,"team2PM":26,"team3PA":21,"team3PM":6,"teamFTA":31,"teamFTM":25,"teamORB":11,"teamDRB":28,"teamPTS1":30,"teamPTS2":21,"teamPTS3":21,"teamPTS4":23,"teamPTS5":0,"teamPTS6":0,"teamPTS7":0,"teamPTS8":0,"opptAbbr":"MIL","opptConf":"East","opptLoc":"Away","opptRslt":"Win","opptPTS":104,"opptAST":21,"opptTO":19,"opptSTL":14,"opptBLK":6,"opptPF":25,"opptFGA":81,"opptFGM":38,"oppt2PA":65,"oppt2PM":30,"oppt3PA":16,"oppt3PM":8,"opptFTA":29,"opptFTM":20,"opptORB":15,"opptDRB":29,"opptPTS1":28,"opptPTS2":25,"opptPTS3":25,"opptPTS4":26,"opptPTS5":0,"opptPTS6":0,"opptPTS7":0,"opptPTS8":0}
{"_id":{"$oid":"5cb552f6e0f627212ff3bde0"},"gmDate":"2018/1/17","offLNm3":"Phillips","offFNm3":"Jason","teamAbbr":"MIL","teamConf":"East","teamLoc":"Home","teamRslt":"Loss","teamPTS":101,"teamAST":23,"teamTO":10,"teamSTL":5,"teamBLK":4,"teamPF":25,"teamFGA":76,"teamFGM":33,"team2PA":48,"team2PM":22,"team3PA":28,"team3PM":11,"teamFTA":32,"teamFTM":24,"teamORB":6,"teamDRB":33,"teamPTS1":25,"teamPTS2":32,"teamPTS3":22,"teamPTS4":22,"teamPTS5":0,"teamPTS6":0,"teamPTS7":0,"teamPTS8":0,"opptAbbr":"MIA","opptConf":"East","opptLoc":"Away","opptRslt":"Win","opptPTS":106,"opptAST":28,"opptTO":14,"opptSTL":4,"opptBLK":7,"opptPF":28,"opptFGA":82,"opptFGM":38,"oppt2PA":58,"oppt2PM":28,"oppt3PA":24,"oppt3PM":10,"opptFTA":27,"opptFTM":20,"opptORB":10,"opptDRB":35,"opptPTS1":30,"opptPTS2":22,"opptPTS3":26,"opptPTS4":28,"opptPTS5":0,"opptPTS6":0,"opptPTS7":0,"opptPTS8":0}
{"_id":{"$oid":"5cb552f6e0f627212ff3bdf3"},"gmDate":"2018/1/20","offLNm3":"Ayotte","offFNm3":"Mark","teamAbbr":"PHI","teamConf":"East","teamLoc":"Home","teamRslt":"Win","teamPTS":116,"teamAST":32,"teamTO":18,"teamSTL":9,"teamBLK":4,"teamPF":18,"teamFGA":85,"teamFGM":45,"team2PA":60,"team2PM":35,"team3PA":25,"team3PM":10,"teamFTA":19,"teamFTM":16,"teamORB":11,"teamDRB":34,"teamPTS1":37,"teamPTS2":24,"teamPTS3":23,"teamPTS4":32,"teamPTS5":0,"teamPTS6":0,"teamPTS7":0,"teamPTS8":0,"opptAbbr":"MIL","opptConf":"East","opptLoc":"Away","opptRslt":"Loss","opptPTS":94,"opptAST":20,"opptTO":18,"opptSTL":10,"opptBLK":3,"opptPF":20,"opptFGA":82,"opptFGM":33,"oppt2PA":50,"oppt2PM":23,"oppt3PA":32,"oppt3PM":10,"opptFTA":22,"opptFTM":18,"opptORB":8,"opptDRB":27,"opptPTS1":29,"opptPTS2":26,"opptPTS3":25,"opptPTS4":14,"opptPTS5":0,"opptPTS6":0,"opptPTS7":0,"opptPTS8":0}
{"_id":{"$oid":"5cb552f6e0f627212ff3be00"},"gmDate":"2018/1/22","offLNm3":"Richardson","offFNm3":"Derek","teamAbbr":"MIL","teamConf":"East","teamLoc":"Home","teamRslt":"Win","teamPTS":109,"teamAST":20,"teamTO":18,"teamSTL":14,"teamBLK":5,"teamPF":22,"teamFGA":71,"teamFGM":38,"team2PA":54,"team2PM":33,"team3PA":17,"team3PM":5,"teamFTA":37,"teamFTM":28,"teamORB":8,"teamDRB":24,"teamPTS1":30,"teamPTS2":23,"teamPTS3":23,"teamPTS4":33,"teamPTS5":0,"teamPTS6":0,"teamPTS7":0,"teamPTS8":0,"opptAbbr":"PHO","opptConf":"West","opptLoc":"Away","opptRslt":"Loss","opptPTS":105,"opptAST":31,"opptTO":22,"opptSTL":12,"opptBLK":2,"opptPF":26,"opptFGA":79,"opptFGM":39,"oppt2PA":53,"oppt2PM":30,"oppt3PA":26,"oppt3PM":9,"opptFTA":20,"opptFTM":18,"opptORB":9,"opptDRB":25,"opptPTS1":26,"opptPTS2":27,"opptPTS3":26,"opptPTS4":26,"opptPTS5":0,"opptPTS6":0,"opptPTS7":0,"opptPTS8":0}
{"_id":{"$oid":"5cb552f6e0f627212ff3be1c"},"gmDate":"2018/1/26","offLNm3":"Lewis","offFNm3":"Eric","teamAbbr":"MIL","teamConf":"East","teamLoc":"Home","teamRslt":"Win","teamPTS":116,"teamAST":28,"teamTO":10,"teamSTL":9,"teamBLK":6,"teamPF":17,"teamFGA":83,"teamFGM":43,"team2PA":60,"team2PM":31,"team3PA":23,"team3PM":12,"teamFTA":20,"teamFTM":18,"teamORB":3,"teamDRB":41,"teamPTS1":33,"teamPTS2":25,"teamPTS3":23,"teamPTS4":35,"teamPTS5":0,"teamPTS6":0,"teamPTS7":0,"teamPTS8":0,"opptAbbr":"BKN","opptConf":"East","opptLoc":"Away","opptRslt":"Loss","opptPTS":91,"opptAST":18,"opptTO":14,"opptSTL":5,"opptBLK":2,"opptPF":19,"opptFGA":89,"opptFGM":33,"oppt2PA":55,"oppt2PM":25,"oppt3PA":34,"oppt3PM":8,"opptFTA":20,"opptFTM":17,"opptORB":11,"opptDRB":34,"opptPTS1":15,"opptPTS2":20,"opptPTS3":37,"opptPTS4":19,"opptPTS5":0,"opptPTS6":0,"opptPTS7":0,"opptPTS8":0}
{"_id":{"$oid":"5cb552f6e0f627212ff3be28"},"gmDate":"2018/1/28","offLNm3":"Van Duyne","offFNm3":"Justin","teamAbbr":"CHI","teamConf":"East","teamLoc":"Home","teamRslt":"Loss","teamPTS":96,"teamAST":25,"teamTO":16,"teamSTL":8,"teamBLK":2,"teamPF":18,"teamFGA":87,"teamFGM":36,"team2PA":53,"team2PM":24,"team3PA":34,"team3PM":12,"teamFTA":15,"teamFTM":12,"teamORB":10,"teamDRB":31,"teamPTS1":20,"teamPTS2":22,"teamPTS3":30,"teamPTS4":24,"teamPTS5":0,"teamPTS6":0,"teamPTS7":0,"teamPTS8":0,"opptAbbr":"MIL","opptConf":"East","opptLoc":"Away","opptRslt":"Win","opptPTS":110,"opptAST":28,"opptTO":15,"opptSTL":11,"opptBLK":4,"opptPF":16,"opptFGA":77,"opptFGM":41,"oppt2PA":49,"oppt2PM":28,"oppt3PA":28,"oppt3PM":13,"opptFTA":25,"opptFTM":15,"opptORB":7,"opptDRB":36,"opptPTS1":26,"opptPTS2":35,"opptPTS3":25,"opptPTS4":24,"opptPTS5":0,"opptPTS6":0,"opptPTS7":0,"opptPTS8":0}
{"_id":{"$oid":"5cb552f6e0f627212ff3be32"},"gmDate":"2018/1/29","offLNm3":"Brothers","offFNm3":"Tony","teamAbbr":"MIL","teamConf":"East","teamLoc":"Home","teamRslt":"Win","teamPTS":107,"teamAST":26,"teamTO":9,"teamSTL":6,"teamBLK":8,"teamPF":19,"teamFGA":80,"teamFGM":38,"team2PA":52,"team2PM":27,"team3PA":28,"team3PM":11,"teamFTA":22,"teamFTM":20,"teamORB":8,"teamDRB":34,"teamPTS1":28,"teamPTS2":27,"teamPTS3":28,"teamPTS4":24,"teamPTS5":0,"teamPTS6":0,"teamPTS7":0,"teamPTS8":0,"opptAbbr":"PHI","opptConf":"East","opptLoc":"Away","opptRslt":"Loss","opptPTS":95,"opptAST":22,"opptTO":14,"opptSTL":5,"opptBLK":4,"opptPF":17,"opptFGA":82,"opptFGM":36,"oppt2PA":56,"oppt2PM":34,"oppt3PA":26,"oppt3PM":2,"opptFTA":23,"opptFTM":21,"opptORB":10,"opptDRB":33,"opptPTS1":30,"opptPTS2":23,"opptPTS3":22,"opptPTS4":20,"opptPTS5":0,"opptPTS6":0,"opptPTS7":0,"opptPTS8":0}
{"_id":{"$oid":"5cb552f6e0f627212ff3be47"},"gmDate":"2018/2/1","offLNm3":"Sterling","offFNm3":"Jonathan","teamAbbr":"MIN","teamConf":"West","teamLoc":"Home","teamRslt":"Win","teamPTS":108,"teamAST":27,"teamTO":14,"teamSTL":8,"teamBLK":7,"teamPF":15,"teamFGA":78,"teamFGM":42,"team2PA":59,"team2PM":35,"team3PA":19,"team3PM":7,"teamFTA":20,"teamFTM":17,"teamORB":4,"teamDRB":35,"teamPTS1":23,"teamPTS2":37,"teamPTS3":19,"teamPTS4":29,"teamPTS5":0,"teamPTS6":0,"teamPTS7":0,"teamPTS8":0,"opptAbbr":"MIL","opptConf":"East","opptLoc":"Away","opptRslt":"Loss","opptPTS":89,"opptAST":19,"opptTO":15,"opptSTL":6,"opptBLK":1,"opptPF":21,"opptFGA":85,"opptFGM":32,"oppt2PA":56,"oppt2PM":26,"oppt3PA":29,"oppt3PM":6,"opptFTA":25,"opptFTM":19,"opptORB":15,"opptDRB":28,"opptPTS1":17,"opptPTS2":22,"opptPTS3":22,"opptPTS4":28,"opptPTS5":0,"opptPTS6":0,"opptPTS7":0,"opptPTS8":0}
{"_id":{"$oid":"5cb552f6e0f627212ff3be4f"},"gmDate":"2018/2/2","offLNm3":"Corbin","offFNm3":"Sean","teamAbbr":"MIL","teamConf":"East","teamLoc":"Home","teamRslt":"Win","teamPTS":92,"teamAST":18,"teamTO":11,"teamSTL":10,"teamBLK":8,"teamPF":21,"teamFGA":76,"teamFGM":33,"team2PA":52,"team2PM":26,"team3PA":24,"team3PM":7,"teamFTA":26,"teamFTM":19,"teamORB":4,"teamDRB":32,"teamPTS1":28,"teamPTS2":27,"teamPTS3":19,"teamPTS4":18,"teamPTS5":0,"teamPTS6":0,"teamPTS7":0,"teamPTS8":0,"opptAbbr":"NY","opptConf":"East","opptLoc":"Away","opptRslt":"Loss","opptPTS":90,"opptAST":24,"opptTO":20,"opptSTL":7,"opptBLK":4,"opptPF":21,"opptFGA":89,"opptFGM":36,"oppt2PA":64,"oppt2PM":31,"oppt3PA":25,"oppt3PM":5,"opptFTA":17,"opptFTM":13,"opptORB":18,"opptDRB":39,"opptPTS1":29,"opptPTS2":26,"opptPTS3":19,"opptPTS4":16,"opptPTS5":0,"opptPTS6":0,"opptPTS7":0,"opptPTS8":0}
{"_id":{"$oid":"5cb552f6e0f627212ff3be60"},"gmDate":"2018/2/4","offLNm3":"Brown","offFNm3":"Tony","teamAbbr":"BKN","teamConf":"East","teamLoc":"Home","teamRslt":"Loss","teamPTS":94,"teamAST":25,"teamTO":9,"teamSTL":5,"teamBLK":1,"teamPF":19,"teamFGA":90,"teamFGM":37,"team2PA":61,"team2PM":28,"team3PA":29,"team3PM":9,"teamFTA":14,"teamFTM":11,"teamORB":11,"teamDRB":25,"teamPTS1":22,"teamPTS2":19,"teamPTS3":31,"teamPTS4":22,"teamPTS5":0,"teamPTS6":0,"teamPTS7":0,"teamPTS8":0,"opptAbbr":"MIL","opptConf":"East","opptLoc":"Away","opptRslt":"Win","opptPTS":109,"opptAST":19,"opptTO":14,"opptSTL":3,"opptBLK":7,"opptPF":16,"opptFGA":81,"opptFGM":42,"oppt2PA":62,"oppt2PM":34,"oppt3PA":19,"oppt3PM":8,"opptFTA":21,"opptFTM":17,"opptORB":14,"opptDRB":40,"opptPTS1":36,"opptPTS2":26,"opptPTS3":21,"opptPTS4":26,"opptPTS5":0,"opptPTS6":0,"opptPTS7":0,"opptPTS8":0}
{"_id":{"$oid":"5cb552f6e0f627212ff3be6c"},"gmDate":"2018/2/6","offLNm3":"Washington","offFNm3":"Tom","teamAbbr":"NY","teamConf":"East","teamLoc":"Home","teamRslt":"Loss","teamPTS":89,"teamAST":20,"teamTO":20,"teamSTL":5,"teamBLK":6,"teamPF":19,"teamFGA":89,"teamFGM":37,"team2PA":66,"team2PM":32,"team3PA":23,"team3PM":5,"teamFTA":15,"teamFTM":10,"teamORB":11,"teamDRB":36,"teamPTS1":26,"teamPTS2":20,"teamPTS3":17,"teamPTS4":26,"teamPTS5":0,"teamPTS6":0,"teamPTS7":0,"teamPTS8":0,"opptAbbr":"MIL","opptConf":"East","opptLoc":"Away","opptRslt":"Win","opptPTS":103,"opptAST":23,"opptTO":15,"opptSTL":11,"opptBLK":6,"opptPF":17,"opptFGA":82,"opptFGM":37,"oppt2PA":56,"oppt2PM":29,"oppt3PA":26,"oppt3PM":8,"opptFTA":27,"opptFTM":21,"opptORB":8,"opptDRB":35,"opptPTS1":25,"opptPTS2":25,"opptPTS3":26,"opptPTS4":27,"opptPTS5":0,"opptPTS6":0,"opptPTS7":0,"opptPTS8":0}
{"_id":{"$oid":"5cb552f6e0f627212ff3be83"},"gmDate":"2018/2/9","offLNm3":"Adams","offFNm3":"Bennie","teamAbbr":"MIA","teamConf":"East","teamLoc":"Home","teamRslt":"Win","teamPTS":91,"teamAST":16,"teamTO":16,"teamSTL":7,"teamBLK":7,"teamPF":21,"teamFGA":88,"teamFGM":32,"team2PA":62,"team2PM":22,"team3PA":26,"team3PM":10,"teamFTA":18,"teamFTM":17,"teamORB":13,"teamDRB":38,"teamPTS1":19,"teamPTS2":23,"teamPTS3":30,"teamPTS4":19,"teamPTS5":0,"teamPTS6":0,"teamPTS7":0,"teamPTS8":0,"opptAbbr":"MIL","opptConf":"East","opptLoc":"Away","opptRslt":"Loss","opptPTS":85,"opptAST":18,"opptTO":18,"opptSTL":9,"opptBLK":9,"opptPF":20,"opptFGA":76,"opptFGM":32,"oppt2PA":56,"oppt2PM":26,"oppt3PA":20,"oppt3PM":6,"opptFTA":17,"opptFTM":15,"opptORB":2,"opptDRB":35,"opptPTS1":23,"opptPTS2":23,"opptPTS3":8,"opptPTS4":31,"opptPTS5":0,"opptPTS6":0,"opptPTS7":0,"opptPTS8":0}
{"_id":{"$oid":"5cb552f6e0f627212ff3be87"},"gmDate":"2018/2/10","offLNm3":"Acosta","offFNm3":"Ray","teamAbbr":"ORL","teamConf":"East","teamLoc":"Home","teamRslt":"Loss","teamPTS":104,"teamAST":23,"teamTO":12,"teamSTL":7,"teamBLK":3,"teamPF":14,"teamFGA":83,"teamFGM":37,"team2PA":53,"team2PM":29,"team3PA":30,"team3PM":8,"teamFTA":26,"teamFTM":22,"teamORB":10,"teamDRB":31,"teamPTS1":29,"teamPTS2":25,"teamPTS3":20,"teamPTS4":30,"teamPTS5":0,"teamPTS6":0,"teamPTS7":0,"teamPTS8":0,"opptAbbr":"MIL","opptConf":"East","opptLoc":"Away","opptRslt":"Win","opptPTS":111,"opptAST":28,"opptTO":12,"opptSTL":7,"opptBLK":4,"opptPF":16,"opptFGA":82,"opptFGM":43,"oppt2PA":57,"oppt2PM":34,"oppt3PA":25,"oppt3PM":9,"opptFTA":20,"opptFTM":16,"opptORB":8,"opptDRB":33,"opptPTS1":24,"opptPTS2":26,"opptPTS3":28,"opptPTS4":33,"opptPTS5":0,"opptPTS6":0,"opptPTS7":0,"opptPTS8":0}
{"_id":{"$oid":"5cb552f6e0f627212ff3be9c"},"gmDate":"2018/2/13","offLNm3":"Phillips","offFNm3":"Jason","teamAbbr":"MIL","teamConf":"East","teamLoc":"Home","teamRslt":"Win","teamPTS":97,"teamAST":23,"teamTO":10,"teamSTL":6,"teamBLK":10,"teamPF":18,"teamFGA":88,"teamFGM":38,"team2PA":63,"team2PM":30,"team3PA":25,"team3PM":8,"teamFTA":17,"teamFTM":13,"teamORB":14,"teamDRB":34,"teamPTS1":21,"teamPTS2":20,"teamPTS3":33,"teamPTS4":23,"teamPTS5":0,"teamPTS6":0,"teamPTS7":0,"teamPTS8":0,"opptAbbr":"ATL","opptConf":"East","opptLoc":"Away","opptRslt":"Loss","opptPTS":92,"opptAST":21,"opptTO":14,"opptSTL":7,"opptBLK":6,"opptPF":14,"opptFGA":86,"opptFGM":33,"oppt2PA":51,"oppt2PM":21,"oppt3PA":35,"oppt3PM":12,"opptFTA":20,"opptFTM":14,"opptORB":14,"opptDRB":36,"opptPTS1":24,"opptPTS2":19,"opptPTS3":18,"opptPTS4":31,"opptPTS5":0,"opptPTS6":0,"opptPTS7":0,"opptPTS8":0}
{"_id":{"$oid":"5cb552f6e0f627212ff3bead"},"gmDate":"2018/2/15","offLNm3":"Collins","offFNm3":"Derrick","teamAbbr":"MIL","teamConf":"East","teamLoc":"Home","teamRslt":"Loss","teamPTS":123,"teamAST":27,"teamTO":16,"teamSTL":9,"teamBLK":5,"teamPF":20,"teamFGA":92,"teamFGM":49,"team2PA":66,"team2PM":40,"team3PA":26,"team3PM":9,"teamFTA":22,"teamFTM":16,"teamORB":11,"teamDRB":29,"teamPTS1":28,"teamPTS2":34,"teamPTS3":26,"teamPTS4":35,"teamPTS5":0,"teamPTS6":0,"teamPTS7":0,"teamPTS8":0,"opptAbbr":"DEN","opptConf":"West","opptLoc":"Away","opptRslt":"Win","opptPTS":134,"opptAST":37,"opptTO":18,"opptSTL":9,"opptBLK":6,"opptPF":23,"opptFGA":85,"opptFGM":47,"oppt2PA":45,"oppt2PM":23,"oppt3PA":40,"oppt3PM":24,"opptFTA":20,"opptFTM":16,"opptORB":8,"opptDRB":26,"opptPTS1":35,"opptPTS2":39,"opptPTS3":33,"opptPTS4":27,"opptPTS5":0,"opptPTS6":0,"opptPTS7":0,"opptPTS8":0}
{"_id":{"$oid":"5cb552f6e0f627212ff3beb8"},"gmDate":"2018/2/23","offLNm3":"Stafford","offFNm3":"Derrick","teamAbbr":"TOR","teamConf":"East","teamLoc":"Home","teamRslt":"Loss","teamPTS":119,"teamAST":23,"teamTO":12,"teamSTL":7,"teamBLK":8,"teamPF":21,"teamFGA":90,"teamFGM":43,"team2PA":56,"team2PM":34,"team3PA":34,"team3PM":9,"teamFTA":26,"teamFTM":24,"teamORB":5,"teamDRB":32,"teamPTS1":29,"teamPTS2":28,"teamPTS3":31,"teamPTS4":22,"teamPTS5":9,"teamPTS6":0,"teamPTS7":0,"teamPTS8":0,"opptAbbr":"MIL","opptConf":"East","opptLoc":"Away","opptRslt":"Win","opptPTS":122,"opptAST":21,"opptTO":21,"opptSTL":6,"opptBLK":3,"opptPF":24,"opptFGA":90,"opptFGM":43,"oppt2PA":64,"oppt2PM":30,"oppt3PA":26,"oppt3PM":13,"opptFTA":27,"opptFTM":23,"opptORB":13,"opptDRB":38,"opptPTS1":23,"opptPTS2":42,"opptPTS3":31,"opptPTS4":14,"opptPTS5":12,"opptPTS6":0,"opptPTS7":0,"opptPTS8":0}
{"_id":{"$oid":"5cb552f6e0f627212ff3bec9"},"gmDate":"2018/2/25","offLNm3":"Kennedy","offFNm3":"Bill","teamAbbr":"MIL","teamConf":"East","teamLoc":"Home","teamRslt":"Loss","teamPTS":121,"teamAST":21,"teamTO":14,"teamSTL":10,"teamBLK":4,"teamPF":19,"teamFGA":97,"teamFGM":44,"team2PA":72,"team2PM":37,"team3PA":25,"team3PM":7,"teamFTA":29,"teamFTM":26,"teamORB":10,"teamDRB":35,"teamPTS1":32,"teamPTS2":34,"teamPTS3":19,"teamPTS4":29,"teamPTS5":7,"teamPTS6":0,"teamPTS7":0,"teamPTS8":0,"opptAbbr":"NO","opptConf":"West","opptLoc":"Away","opptRslt":"Win","opptPTS":123,"opptAST":22,"opptTO":17,"opptSTL":8,"opptBLK":7,"opptPF":24,"opptFGA":107,"opptFGM":51,"oppt2PA":77,"oppt2PM":41,"oppt3PA":30,"oppt3PM":10,"opptFTA":14,"opptFTM":11,"opptORB":11,"opptDRB":39,"opptPTS1":21,"opptPTS2":28,"opptPTS3":38,"opptPTS4":27,"opptPTS5":9,"opptPTS6":0,"opptPTS7":0,"opptPTS8":0}
{"_id":{"$oid":"5cb552f6e0f627212ff3beda"},"gmDate":"2018/2/27","offLNm3":"Malloy","offFNm3":"Ed","teamAbbr":"MIL","teamConf":"East","teamLoc":"Home","teamRslt":"Loss","teamPTS":104,"teamAST":20,"teamTO":17,"teamSTL":10,"teamBLK":9,"teamPF":20,"teamFGA":77,"teamFGM":35,"team2PA":51,"team2PM":25,"team3PA":26,"team3PM":10,"teamFTA":28,"teamFTM":24,"teamORB":8,"teamDRB":32,"teamPTS1":22,"teamPTS2":28,"teamPTS3":31,"teamPTS4":23,"teamPTS5":0,"teamPTS6":0,"teamPTS7":0,"teamPTS8":0,"opptAbbr":"WAS","opptConf":"East","opptLoc":"Away","opptRslt":"Win","opptPTS":107,"opptAST":30,"opptTO":14,"opptSTL":10,"opptBLK":6,"opptPF":22,"opptFGA":88,"opptFGM":42,"oppt2PA":68,"oppt2PM":35,"oppt3PA":20,"oppt3PM":7,"opptFTA":22,"opptFTM":16,"opptORB":9,"opptDRB":31,"opptPTS1":40,"opptPTS2":24,"opptPTS3":20,"opptPTS4":23,"opptPTS5":0,"opptPTS6":0,"opptPTS7":0,"opptPTS8":0}
{"_id":{"$oid":"5cb552f6e0f627212ff3bedd"},"gmDate":"2018/2/28","offLNm3":"Phillips","offFNm3":"Jason","teamAbbr":"DET","teamConf":"East","teamLoc":"Home","teamRslt":"Win","teamPTS":110,"teamAST":26,"teamTO":11,"teamSTL":9,"teamBLK":0,"teamPF":20,"teamFGA":95,"teamFGM":42,"team2PA":66,"team2PM":33,"team3PA":29,"team3PM":9,"teamFTA":22,"teamFTM":17,"teamORB":22,"teamDRB":35,"teamPTS1":32,"teamPTS2":21,"teamPTS3":32,"teamPTS4":25,"teamPTS5":0,"teamPTS6":0,"teamPTS7":0,"teamPTS8":0,"opptAbbr":"MIL","opptConf":"East","opptLoc":"Away","opptRslt":"Loss","opptPTS":87,"opptAST":16,"opptTO":13,"opptSTL":7,"opptBLK":3,"opptPF":20,"opptFGA":73,"opptFGM":28,"oppt2PA":49,"oppt2PM":20,"oppt3PA":24,"oppt3PM":8,"opptFTA":28,"opptFTM":23,"opptORB":6,"opptDRB":29,"opptPTS1":32,"opptPTS2":12,"opptPTS3":26,"opptPTS4":17,"opptPTS5":0,"opptPTS6":0,"opptPTS7":0,"opptPTS8":0}
{"_id":{"$oid":"5cb552f6e0f627212ff3beef"},"gmDate":"2018/3/2","offLNm3":"Van Duyne","offFNm3":"Justin","teamAbbr":"MIL","teamConf":"East","teamLoc":"Home","teamRslt":"Loss","teamPTS":96,"teamAST":15,"teamTO":14,"teamSTL":8,"teamBLK":13,"teamPF":24,"teamFGA":81,"teamFGM":31,"team2PA":56,"team2PM":22,"team3PA":25,"team3PM":9,"teamFTA":32,"teamFTM":25,"teamORB":14,"teamDRB":29,"teamPTS1":21,"teamPTS2":25,"teamPTS3":21,"teamPTS4":29,"teamPTS5":0,"teamPTS6":0,"teamPTS7":0,"teamPTS8":0,"opptAbbr":"IND","opptConf":"East","opptLoc":"Away","opptRslt":"Win","opptPTS":103,"opptAST":19,"opptTO":15,"opptSTL":11,"opptBLK":4,"opptPF":23,"opptFGA":83,"opptFGM":37,"oppt2PA":67,"oppt2PM":31,"oppt3PA":16,"oppt3PM":6,"opptFTA":30,"opptFTM":23,"opptORB":13,"opptDRB":35,"opptPTS1":18,"opptPTS2":27,"opptPTS3":33,"opptPTS4":25,"opptPTS5":0,"opptPTS6":0,"opptPTS7":0,"opptPTS8":0}
{"_id":{"$oid":"5cb552f6e0f627212ff3beff"},"gmDate":"2018/3/4","offLNm3":"Foster","offFNm3":"Scott","teamAbbr":"MIL","teamConf":"East","teamLoc":"Home","teamRslt":"Win","teamPTS":118,"teamAST":27,"teamTO":15,"teamSTL":15,"teamBLK":4,"teamPF":24,"teamFGA":95,"teamFGM":47,"team2PA":72,"team2PM":37,"team3PA":23,"team3PM":10,"teamFTA":22,"teamFTM":14,"teamORB":16,"teamDRB":22,"teamPTS1":31,"teamPTS2":29,"teamPTS3":33,"teamPTS4":25,"teamPTS5":0,"teamPTS6":0,"teamPTS7":0,"teamPTS8":0,"opptAbbr":"PHI","opptConf":"East","opptLoc":"Away","opptRslt":"Loss","opptPTS":110,"opptAST":26,"opptTO":26,"opptSTL":4,"opptBLK":9,"opptPF":24,"opptFGA":70,"opptFGM":39,"oppt2PA":42,"oppt2PM":25,"oppt3PA":28,"oppt3PM":14,"opptFTA":22,"opptFTM":18,"opptORB":6,"opptDRB":26,"opptPTS1":43,"opptPTS2":29,"opptPTS3":14,"opptPTS4":24,"opptPTS5":0,"opptPTS6":0,"opptPTS7":0,"opptPTS8":0}
{"_id":{"$oid":"5cb552f6e0f627212ff3bf03"},"gmDate":"2018/3/5","offLNm3":"DeRosa","offFNm3":"Joe","teamAbbr":"IND","teamConf":"East","teamLoc":"Home","teamRslt":"Win","teamPTS":92,"teamAST":18,"teamTO":15,"teamSTL":13,"teamBLK":5,"teamPF":15,"teamFGA":77,"teamFGM":33,"team2PA":60,"team2PM":23,"team3PA":17,"team3PM":10,"teamFTA":21,"teamFTM":16,"teamORB":8,"teamDRB":29,"teamPTS1":20,"teamPTS2":24,"teamPTS3":29,"teamPTS4":19,"teamPTS5":0,"teamPTS6":0,"teamPTS7":0,"teamPTS8":0,"opptAbbr":"MIL","opptConf":"East","opptLoc":"Away","opptRslt":"Loss","opptPTS":89,"opptAST":15,"opptTO":18,"opptSTL":8,"opptBLK":7,"opptPF":16,"opptFGA":76,"opptFGM":34,"oppt2PA":53,"oppt2PM":27,"oppt3PA":23,"oppt3PM":7,"opptFTA":16,"opptFTM":14,"opptORB":8,"opptDRB":31,"opptPTS1":17,"opptPTS2":29,"opptPTS3":23,"opptPTS4":20,"opptPTS5":0,"opptPTS6":0,"opptPTS7":0,"opptPTS8":0}
{"_id":{"$oid":"5cb552f6e0f627212ff3bf14"},"gmDate":"2018/3/7","offLNm3":"Stafford","offFNm3":"Derrick","teamAbbr":"MIL","teamConf":"East","teamLoc":"Home","teamRslt":"Loss","teamPTS":99,"teamAST":21,"teamTO":14,"teamSTL":9,"teamBLK":3,"teamPF":22,"teamFGA":83,"teamFGM":38,"team2PA":55,"team2PM":29,"team3PA":28,"team3PM":9,"teamFTA":19,"teamFTM":14,"teamORB":6,"teamDRB":32,"teamPTS1":22,"teamPTS2":24,"teamPTS3":30,"teamPTS4":23,"teamPTS5":0,"teamPTS6":0,"teamPTS7":0,"teamPTS8":0,"opptAbbr":"HOU","opptConf":"West","opptLoc":"Away","opptRslt":"Win","opptPTS":110,"opptAST":22,"opptTO":16,"opptSTL":9,"opptBLK":5,"opptPF":21,"opptFGA":82,"opptFGM":39,"oppt2PA":42,"oppt2PM":25,"oppt3PA":40,"oppt3PM":14,"opptFTA":27,"opptFTM":18,"opptORB":12,"opptDRB":35,"opptPTS1":24,"opptPTS2":34,"opptPTS3":29,"opptPTS4":23,"opptPTS5":0,"opptPTS6":0,"opptPTS7":0,"opptPTS8":0}
{"_id":{"$oid":"5cb552f6e0f627212ff3bf21"},"gmDate":"2018/3/9","offLNm3":"Ayotte","offFNm3":"Mark","teamAbbr":"MIL","teamConf":"East","teamLoc":"Home","teamRslt":"Win","teamPTS":120,"teamAST":29,"teamTO":17,"teamSTL":8,"teamBLK":6,"teamPF":16,"teamFGA":73,"teamFGM":41,"team2PA":55,"team2PM":33,"team3PA":18,"team3PM":8,"teamFTA":39,"teamFTM":30,"teamORB":6,"teamDRB":36,"teamPTS1":26,"teamPTS2":34,"teamPTS3":31,"teamPTS4":29,"teamPTS5":0,"teamPTS6":0,"teamPTS7":0,"teamPTS8":0,"opptAbbr":"NY","opptConf":"East","opptLoc":"Away","opptRslt":"Loss","opptPTS":112,"opptAST":24,"opptTO":11,"opptSTL":6,"opptBLK":5,"opptPF":26,"opptFGA":98,"opptFGM":47,"oppt2PA":70,"oppt2PM":40,"oppt3PA":28,"oppt3PM":7,"opptFTA":14,"opptFTM":11,"opptORB":11,"opptDRB":28,"opptPTS1":22,"opptPTS2":33,"opptPTS3":34,"opptPTS4":23,"opptPTS5":0,"opptPTS6":0,"opptPTS7":0,"opptPTS8":0}
{"_id":{"$oid":"5cb552f6e0f627212ff3bf37"},"gmDate":"2018/3/12","offLNm3":"Wood","offFNm3":"Leon","teamAbbr":"MEM","teamConf":"West","teamLoc":"Home","teamRslt":"Loss","teamPTS":103,"teamAST":27,"teamTO":9,"teamSTL":6,"teamBLK":6,"teamPF":23,"teamFGA":89,"teamFGM":42,"team2PA":62,"team2PM":33,"team3PA":27,"team3PM":9,"teamFTA":19,"teamFTM":10,"teamORB":10,"teamDRB":21,"teamPTS1":24,"teamPTS2":26,"teamPTS3":23,"teamPTS4":30,"teamPTS5":0,"teamPTS6":0,"teamPTS7":0,"teamPTS8":0,"opptAbbr":"MIL","opptConf":"East","opptLoc":"Away","opptRslt":"Win","opptPTS":121,"opptAST":33,"opptTO":19,"opptSTL":6,"opptBLK":5,"opptPF":22,"opptFGA":81,"opptFGM":47,"oppt2PA":56,"oppt2PM":35,"oppt3PA":25,"oppt3PM":12,"opptFTA":22,"opptFTM":15,"opptORB":11,"opptDRB":36,"opptPTS1":32,"opptPTS2":32,"opptPTS3":26,"opptPTS4":31,"opptPTS5":0,"opptPTS6":0,"opptPTS7":0,"opptPTS8":0}
{"_id":{"$oid":"5cb552f6e0f627212ff3bf45"},"gmDate":"2018/3/14","offLNm3":"DeRosa","offFNm3":"Joe","teamAbbr":"ORL","teamConf":"East","teamLoc":"Home","teamRslt":"Win","teamPTS":126,"teamAST":31,"teamTO":18,"teamSTL":10,"teamBLK":4,"teamPF":16,"teamFGA":87,"teamFGM":44,"team2PA":53,"team2PM":26,"team3PA":34,"team3PM":18,"teamFTA":23,"teamFTM":20,"teamORB":9,"teamDRB":33,"teamPTS1":36,"teamPTS2":25,"teamPTS3":30,"teamPTS4":35,"teamPTS5":0,"teamPTS6":0,"teamPTS7":0,"teamPTS8":0,"opptAbbr":"MIL","opptConf":"East","opptLoc":"Away","opptRslt":"Loss","opptPTS":117,"opptAST":28,"opptTO":11,"opptSTL":12,"opptBLK":5,"opptPF":20,"opptFGA":98,"opptFGM":49,"oppt2PA":74,"oppt2PM":39,"oppt3PA":24,"oppt3PM":10,"opptFTA":12,"opptFTM":9,"opptORB":9,"opptDRB":28,"opptPTS1":20,"opptPTS2":32,"opptPTS3":28,"opptPTS4":37,"opptPTS5":0,"opptPTS6":0,"opptPTS7":0,"opptPTS8":0}
{"_id":{"$oid":"5cb552f6e0f627212ff3bf5e"},"gmDate":"2018/3/17","offLNm3":"Lewis","offFNm3":"Eric","teamAbbr":"MIL","teamConf":"East","teamLoc":"Home","teamRslt":"Win","teamPTS":122,"teamAST":31,"teamTO":12,"teamSTL":12,"teamBLK":8,"teamPF":24,"teamFGA":86,"teamFGM":41,"team2PA":61,"team2PM":30,"team3PA":25,"team3PM":11,"teamFTA":32,"teamFTM":29,"teamORB":9,"teamDRB":35,"teamPTS1":26,"teamPTS2":30,"teamPTS3":39,"teamPTS4":27,"teamPTS5":0,"teamPTS6":0,"teamPTS7":0,"teamPTS8":0,"opptAbbr":"ATL","opptConf":"East","opptLoc":"Away","opptRslt":"Loss","opptPTS":117,"opptAST":23,"opptTO":19,"opptSTL":7,"opptBLK":4,"opptPF":25,"opptFGA":85,"opptFGM":39,"oppt2PA":49,"oppt2PM":27,"oppt3PA":36,"oppt3PM":12,"opptFTA":28,"opptFTM":27,"opptORB":8,"opptDRB":36,"opptPTS1":31,"opptPTS2":19,"opptPTS3":37,"opptPTS4":30,"opptPTS5":0,"opptPTS6":0,"opptPTS7":0,"opptPTS8":0}
{"_id":{"$oid":"5cb552f6e0f627212ff3bf67"},"gmDate":"2018/3/19","offLNm3":"Mauer","offFNm3":"Ken","teamAbbr":"CLE","teamConf":"East","teamLoc":"Home","teamRslt":"Win","teamPTS":124,"teamAST":24,"teamTO":15,"teamSTL":4,"teamBLK":6,"teamPF":17,"teamFGA":87,"teamFGM":43,"team2PA":49,"team2PM":28,"team3PA":38,"team3PM":15,"teamFTA":27,"teamFTM":23,"teamORB":12,"teamDRB":30,"teamPTS1":26,"teamPTS2":38,"teamPTS3":29,"teamPTS4":31,"teamPTS5":0,"teamPTS6":0,"teamPTS7":0,"teamPTS8":0,"opptAbbr":"MIL","opptConf":"East","opptLoc":"Away","opptRslt":"Loss","opptPTS":117,"opptAST":26,"opptTO":15,"opptSTL":11,"opptBLK":7,"opptPF":23,"opptFGA":88,"opptFGM":45,"oppt2PA":57,"oppt2PM":37,"oppt3PA":31,"oppt3PM":8,"opptFTA":20,"opptFTM":19,"opptORB":8,"opptDRB":24,"opptPTS1":25,"opptPTS2":32,"opptPTS3":28,"opptPTS4":32,"opptPTS5":0,"opptPTS6":0,"opptPTS7":0,"opptPTS8":0}
{"_id":{"$oid":"5cb552f6e0f627212ff3bf7b"},"gmDate":"2018/3/21","offLNm3":"Wall","offFNm3":"Scott","teamAbbr":"MIL","teamConf":"East","teamLoc":"Home","teamRslt":"Loss","teamPTS":120,"teamAST":33,"teamTO":15,"teamSTL":10,"teamBLK":5,"teamPF":20,"teamFGA":91,"teamFGM":50,"team2PA":65,"team2PM":42,"team3PA":26,"team3PM":8,"teamFTA":17,"teamFTM":12,"teamORB":8,"teamDRB":25,"teamPTS1":24,"teamPTS2":33,"teamPTS3":26,"teamPTS4":37,"teamPTS5":0,"teamPTS6":0,"teamPTS7":0,"teamPTS8":0,"opptAbbr":"LAC","opptConf":"West","opptLoc":"Away","opptRslt":"Win","opptPTS":127,"opptAST":26,"opptTO":21,"opptSTL":12,"opptBLK":3,"opptPF":16,"opptFGA":86,"opptFGM":45,"oppt2PA":56,"oppt2PM":30,"oppt3PA":30,"oppt3PM":15,"opptFTA":29,"opptFTM":22,"opptORB":16,"opptDRB":31,"opptPTS1":38,"opptPTS2":26,"opptPTS3":33,"opptPTS4":30,"opptPTS5":0,"opptPTS6":0,"opptPTS7":0,"opptPTS8":0}
{"_id":{"$oid":"5cb552f6e0f627212ff3bf88"},"gmDate":"2018/3/23","offLNm3":"Callahan","offFNm3":"Mike","teamAbbr":"CHI","teamConf":"East","teamLoc":"Home","teamRslt":"Loss","teamPTS":105,"teamAST":21,"teamTO":15,"teamSTL":3,"teamBLK":2,"teamPF":21,"teamFGA":87,"teamFGM":36,"team2PA":61,"team2PM":24,"team3PA":26,"team3PM":12,"teamFTA":23,"teamFTM":21,"teamORB":17,"teamDRB":34,"teamPTS1":34,"teamPTS2":27,"teamPTS3":21,"teamPTS4":23,"teamPTS5":0,"teamPTS6":0,"teamPTS7":0,"teamPTS8":0,"opptAbbr":"MIL","opptConf":"East","opptLoc":"Away","opptRslt":"Win","opptPTS":118,"opptAST":27,"opptTO":5,"opptSTL":8,"opptBLK":7,"opptPF":20,"opptFGA":87,"opptFGM":43,"oppt2PA":57,"oppt2PM":28,"oppt3PA":30,"oppt3PM":15,"opptFTA":19,"opptFTM":17,"opptORB":7,"opptDRB":29,"opptPTS1":24,"opptPTS2":37,"opptPTS3":29,"opptPTS4":28,"opptPTS5":0,"opptPTS6":0,"opptPTS7":0,"opptPTS8":0}
{"_id":{"$oid":"5cb552f6e0f627212ff3bf95"},"gmDate":"2018/3/25","offLNm3":"Washington","offFNm3":"Tom","teamAbbr":"MIL","teamConf":"East","teamLoc":"Home","teamRslt":"Win","teamPTS":106,"teamAST":27,"teamTO":10,"teamSTL":6,"teamBLK":6,"teamPF":18,"teamFGA":86,"teamFGM":42,"team2PA":59,"team2PM":33,"team3PA":27,"team3PM":9,"teamFTA":18,"teamFTM":13,"teamORB":9,"teamDRB":28,"teamPTS1":27,"teamPTS2":20,"teamPTS3":41,"teamPTS4":18,"teamPTS5":0,"teamPTS6":0,"teamPTS7":0,"teamPTS8":0,"opptAbbr":"SA","opptConf":"West","opptLoc":"Away","opptRslt":"Loss","opptPTS":103,"opptAST":16,"opptTO":12,"opptSTL":4,"opptBLK":2,"opptPF":17,"opptFGA":92,"opptFGM":41,"oppt2PA":75,"oppt2PM":37,"oppt3PA":17,"oppt3PM":4,"opptFTA":21,"opptFTM":17,"opptORB":20,"opptDRB":33,"opptPTS1":15,"opptPTS2":32,"opptPTS3":28,"opptPTS4":28,"opptPTS5":0,"opptPTS6":0,"opptPTS7":0,"opptPTS8":0}
{"_id":{"$oid":"5cb552f6e0f627212ff3bfa9"},"gmDate":"2018/3/27","offLNm3":"Fraher","offFNm3":"Pat","teamAbbr":"LAC","teamConf":"West","teamLoc":"Home","teamRslt":"Win","teamPTS":105,"teamAST":23,"teamTO":15,"teamSTL":8,"teamBLK":4,"teamPF":23,"teamFGA":86,"teamFGM":40,"team2PA":58,"team2PM":25,"team3PA":28,"team3PM":15,"teamFTA":18,"teamFTM":10,"teamORB":8,"teamDRB":33,"teamPTS1":35,"teamPTS2":27,"teamPTS3":16,"teamPTS4":27,"teamPTS5":0,"teamPTS6":0,"teamPTS7":0,"teamPTS8":0,"opptAbbr":"MIL","opptConf":"East","opptLoc":"Away","opptRslt":"Loss","opptPTS":98,"opptAST":24,"opptTO":17,"opptSTL":12,"opptBLK":11,"opptPF":14,"opptFGA":83,"opptFGM":38,"oppt2PA":60,"oppt2PM":32,"oppt3PA":23,"oppt3PM":6,"opptFTA":23,"opptFTM":16,"opptORB":8,"opptDRB":36,"opptPTS1":29,"opptPTS2":27,"opptPTS3":26,"opptPTS4":16,"opptPTS5":0,"opptPTS6":0,"opptPTS7":0,"opptPTS8":0}
{"_id":{"$oid":"5cb552f6e0f627212ff3bfb6"},"gmDate":"2018/3/29","offLNm3":"Kennedy","offFNm3":"Bill","teamAbbr":"GS","teamConf":"West","teamLoc":"Home","teamRslt":"Loss","teamPTS":107,"teamAST":26,"teamTO":19,"teamSTL":10,"teamBLK":7,"teamPF":19,"teamFGA":75,"teamFGM":41,"team2PA":55,"team2PM":31,"team3PA":20,"team3PM":10,"teamFTA":15,"teamFTM":15,"teamORB":2,"teamDRB":29,"teamPTS1":27,"teamPTS2":22,"teamPTS3":23,"teamPTS4":35,"teamPTS5":0,"teamPTS6":0,"teamPTS7":0,"teamPTS8":0,"opptAbbr":"MIL","opptConf":"East","opptLoc":"Away","opptRslt":"Win","opptPTS":116,"opptAST":30,"opptTO":16,"opptSTL":16,"opptBLK":3,"opptPF":17,"opptFGA":87,"opptFGM":48,"oppt2PA":67,"oppt2PM":37,"oppt3PA":20,"oppt3PM":11,"opptFTA":10,"opptFTM":9,"opptORB":7,"opptDRB":29,"opptPTS1":29,"opptPTS2":29,"opptPTS3":34,"opptPTS4":24,"opptPTS5":0,"opptPTS6":0,"opptPTS7":0,"opptPTS8":0}
{"_id":{"$oid":"5cb552f6e0f627212ff3bfbe"},"gmDate":"2018/3/30","offLNm3":"Malloy","offFNm3":"Ed","teamAbbr":"LAL","teamConf":"West","teamLoc":"Home","teamRslt":"Loss","teamPTS":122,"teamAST":33,"teamTO":19,"teamSTL":5,"teamBLK":3,"teamPF":23,"teamFGA":94,"teamFGM":48,"team2PA":67,"team2PM":40,"team3PA":27,"team3PM":8,"teamFTA":25,"teamFTM":18,"teamORB":15,"teamDRB":41,"teamPTS1":34,"teamPTS2":23,"teamPTS3":26,"teamPTS4":29,"teamPTS5":10,"teamPTS6":0,"teamPTS7":0,"teamPTS8":0,"opptAbbr":"MIL","opptConf":"East","opptLoc":"Away","opptRslt":"Win","opptPTS":124,"opptAST":24,"opptTO":13,"opptSTL":14,"opptBLK":6,"opptPF":25,"opptFGA":94,"opptFGM":45,"oppt2PA":65,"oppt2PM":34,"oppt3PA":29,"oppt3PM":11,"opptFTA":28,"opptFTM":23,"opptORB":8,"opptDRB":31,"opptPTS1":39,"opptPTS2":29,"opptPTS3":29,"opptPTS4":15,"opptPTS5":12,"opptPTS6":0,"opptPTS7":0,"opptPTS8":0}
{"_id":{"$oid":"5cb552f6e0f627212ff3bfce"},"gmDate":"2018/4/1","offLNm3":"Adams","offFNm3":"Bennie","teamAbbr":"DEN","teamConf":"West","teamLoc":"Home","teamRslt":"Win","teamPTS":128,"teamAST":27,"teamTO":17,"teamSTL":2,"teamBLK":8,"teamPF":23,"teamFGA":90,"teamFGM":40,"team2PA":54,"team2PM":29,"team3PA":36,"team3PM":11,"teamFTA":46,"teamFTM":37,"teamORB":17,"teamDRB":40,"teamPTS1":22,"teamPTS2":41,"teamPTS3":16,"teamPTS4":32,"teamPTS5":17,"teamPTS6":0,"teamPTS7":0,"teamPTS8":0,"opptAbbr":"MIL","opptConf":"East","opptLoc":"Away","opptRslt":"Loss","opptPTS":125,"opptAST":27,"opptTO":9,"opptSTL":9,"opptBLK":3,"opptPF":37,"opptFGA":100,"opptFGM":45,"oppt2PA":67,"oppt2PM":33,"oppt3PA":33,"oppt3PM":12,"opptFTA":27,"opptFTM":23,"opptORB":11,"opptDRB":34,"opptPTS1":34,"opptPTS2":20,"opptPTS3":38,"opptPTS4":19,"opptPTS5":14,"opptPTS6":0,"opptPTS7":0,"opptPTS8":0}
{"_id":{"$oid":"5cb552f6e0f627212ff3bfd8"},"gmDate":"2018/4/3","offLNm3":"Wood","offFNm3":"Leon","teamAbbr":"MIL","teamConf":"East","teamLoc":"Home","teamRslt":"Win","teamPTS":106,"teamAST":27,"teamTO":15,"teamSTL":6,"teamBLK":5,"teamPF":23,"teamFGA":79,"teamFGM":43,"team2PA":59,"team2PM":38,"team3PA":20,"team3PM":5,"teamFTA":21,"teamFTM":15,"teamORB":9,"teamDRB":32,"teamPTS1":26,"teamPTS2":32,"teamPTS3":21,"teamPTS4":27,"teamPTS5":0,"teamPTS6":0,"teamPTS7":0,"teamPTS8":0,"opptAbbr":"BOS","opptConf":"East","opptLoc":"Away","opptRslt":"Loss","opptPTS":102,"opptAST":19,"opptTO":17,"opptSTL":10,"opptBLK":6,"opptPF":17,"opptFGA":81,"opptFGM":38,"oppt2PA":58,"oppt2PM":31,"oppt3PA":23,"oppt3PM":7,"opptFTA":24,"opptFTM":19,"opptORB":10,"opptDRB":27,"opptPTS1":31,"opptPTS2":25,"opptPTS3":15,"opptPTS4":31,"opptPTS5":0,"opptPTS6":0,"opptPTS7":0,"opptPTS8":0}
{"_id":{"$oid":"5cb552f6e0f627212ff3bfe7"},"gmDate":"2018/4/5","offLNm3":"Acosta","offFNm3":"Ray","teamAbbr":"MIL","teamConf":"East","teamLoc":"Home","teamRslt":"Loss","teamPTS":111,"teamAST":21,"teamTO":8,"teamSTL":12,"teamBLK":2,"teamPF":19,"teamFGA":93,"teamFGM":41,"team2PA":73,"team2PM":36,"team3PA":20,"team3PM":5,"teamFTA":30,"teamFTM":24,"teamORB":12,"teamDRB":29,"teamPTS1":24,"teamPTS2":21,"teamPTS3":36,"teamPTS4":30,"teamPTS5":0,"teamPTS6":0,"teamPTS7":0,"teamPTS8":0,"opptAbbr":"BKN","opptConf":"East","opptLoc":"Away","opptRslt":"Win","opptPTS":119,"opptAST":30,"opptTO":20,"opptSTL":3,"opptBLK":12,"opptPF":21,"opptFGA":75,"opptFGM":41,"oppt2PA":36,"oppt2PM":22,"oppt3PA":39,"oppt3PM":19,"opptFTA":21,"opptFTM":18,"opptORB":4,"opptDRB":37,"opptPTS1":30,"opptPTS2":22,"opptPTS3":31,"opptPTS4":36,"opptPTS5":0,"opptPTS6":0,"opptPTS7":0,"opptPTS8":0}
{"_id":{"$oid":"5cb552f6e0f627212ff3bff6"},"gmDate":"2018/4/7","offLNm3":"Callahan","offFNm3":"Mike","teamAbbr":"NY","teamConf":"East","teamLoc":"Home","teamRslt":"Loss","teamPTS":102,"teamAST":30,"teamTO":11,"teamSTL":3,"teamBLK":7,"teamPF":17,"teamFGA":93,"teamFGM":41,"team2PA":72,"team2PM":32,"team3PA":21,"team3PM":9,"teamFTA":11,"teamFTM":11,"teamORB":12,"teamDRB":31,"teamPTS1":28,"teamPTS2":27,"teamPTS3":22,"teamPTS4":25,"teamPTS5":0,"teamPTS6":0,"teamPTS7":0,"teamPTS8":0,"opptAbbr":"MIL","opptConf":"East","opptLoc":"Away","opptRslt":"Win","opptPTS":115,"opptAST":30,"opptTO":10,"opptSTL":6,"opptBLK":9,"opptPF":13,"opptFGA":93,"opptFGM":45,"oppt2PA":68,"oppt2PM":35,"oppt3PA":25,"oppt3PM":10,"opptFTA":17,"opptFTM":15,"opptORB":12,"opptDRB":36,"opptPTS1":31,"opptPTS2":22,"opptPTS3":27,"opptPTS4":35,"opptPTS5":0,"opptPTS6":0,"opptPTS7":0,"opptPTS8":0}
{"_id":{"$oid":"5cb552f6e0f627212ff3c006"},"gmDate":"2018/4/9","offLNm3":"Sterling","offFNm3":"Jonathan","teamAbbr":"MIL","teamConf":"East","teamLoc":"Home","teamRslt":"Win","teamPTS":102,"teamAST":26,"teamTO":17,"teamSTL":13,"teamBLK":2,"teamPF":18,"teamFGA":91,"teamFGM":39,"team2PA":65,"team2PM":30,"team3PA":26,"team3PM":9,"teamFTA":18,"teamFTM":15,"teamORB":12,"teamDRB":44,"teamPTS1":31,"teamPTS2":14,"teamPTS3":29,"teamPTS4":28,"teamPTS5":0,"teamPTS6":0,"teamPTS7":0,"teamPTS8":0,"opptAbbr":"ORL","opptConf":"East","opptLoc":"Away","opptRslt":"Loss","opptPTS":86,"opptAST":24,"opptTO":20,"opptSTL":8,"opptBLK":4,"opptPF":14,"opptFGA":82,"opptFGM":34,"oppt2PA":58,"oppt2PM":29,"oppt3PA":24,"oppt3PM":5,"opptFTA":20,"opptFTM":13,"opptORB":5,"opptDRB":38,"opptPTS1":21,"opptPTS2":21,"opptPTS3":25,"opptPTS4":19,"opptPTS5":0,"opptPTS6":0,"opptPTS7":0,"opptPTS8":0}
{"_id":{"$oid":"5cb552f6e0f627212ff3c019"},"gmDate":"2018/4/11","offLNm3":"Mauer","offFNm3":"Ken","teamAbbr":"PHI","teamConf":"East","teamLoc":"Home","teamRslt":"Win","teamPTS":130,"teamAST":35,"teamTO":12,"teamSTL":15,"teamBLK":7,"teamPF":17,"teamFGA":105,"teamFGM":52,"team2PA":69,"team2PM":37,"team3PA":36,"team3PM":15,"teamFTA":15,"teamFTM":11,"teamORB":17,"teamDRB":40,"teamPTS1":46,"teamPTS2":34,"teamPTS3":25,"teamPTS4":25,"teamPTS5":0,"teamPTS6":0,"teamPTS7":0,"teamPTS8":0,"opptAbbr":"MIL","opptConf":"East","opptLoc":"Away","opptRslt":"Loss","opptPTS":95,"opptAST":22,"opptTO":20,"opptSTL":6,"opptBLK":5,"opptPF":17,"opptFGA":90,"opptFGM":37,"oppt2PA":65,"oppt2PM":30,"oppt3PA":25,"oppt3PM":7,"opptFTA":16,"opptFTM":14,"opptORB":10,"opptDRB":33,"opptPTS1":18,"opptPTS2":26,"opptPTS3":31,"opptPTS4":20,"opptPTS5":0,"opptPTS6":0,"opptPTS7":0,"opptPTS8":0}
