{"_id":{"$oid":"5cb552e5e0f627212ff3a7a3"},"stDate":"2017/10/17","teamAbbr":"MIL","rank":2,"rankOrd":"2nd","gameWon":0,"gameLost":0,"stk":"-","homeWin":0,"homeLoss":0,"awayWin":0,"awayLoss":0}
{"_id":{"$oid":"5cb552e5e0f627212ff3a7c2"},"stDate":"2017/10/18","teamAbbr":"MIL","rank":1,"rankOrd":"1st","gameWon":1,"gameLost":0,"stk":"W1","homeWin":0,"homeLoss":0,"awayWin":1,"awayLoss":0}
{"_id":{"$oid":"5cb552e5e0f627212ff3a7e1"},"stDate":"2017/10/19","teamAbbr":"MIL","rank":1,"rankOrd":"1st","gameWon":1,"gameLost":0,"stk":"W1","homeWin":0,"homeLoss":0,"awayWin":1,"awayLoss":0}
{"_id":{"$oid":"5cb552e5e0f627212ff3a7f8"},"stDate":"2017/10/20","teamAbbr":"MIL","rank":4,"rankOrd":"4th","gameWon":1,"gameLost":1,"stk":"L1","homeWin":0,"homeLoss":1,"awayWin":1,"awayLoss":0}
{"_id":{"$oid":"5cb552e5e0f627212ff3a81e"},"stDate":"2017/10/21","teamAbbr":"MIL","rank":3,"rankOrd":"3rd","gameWon":2,"gameLost":1,"stk":"W1","homeWin":1,"homeLoss":1,"awayWin":1,"awayLoss":0}
{"_id":{"$oid":"5cb552e5e0f627212ff3a83a"},"stDate":"2017/10/22","teamAbbr":"MIL","rank":3,"rankOrd":"3rd","gameWon":2,"gameLost":1,"stk":"W1","homeWin":1,"homeLoss":1,"awayWin":1,"awayLoss":0}
{"_id":{"$oid":"5cb552e5e0f627212ff3a858"},"stDate":"2017/10/23","teamAbbr":"MIL","rank":2,"rankOrd":"2nd","gameWon":3,"gameLost":1,"stk":"W2","homeWin":2,"homeLoss":1,"awayWin":1,"awayLoss":0}
{"_id":{"$oid":"5cb552e5e0f627212ff3a87b"},"stDate":"2017/10/24","teamAbbr":"MIL","rank":2,"rankOrd":"2nd","gameWon":3,"gameLost":1,"stk":"W2","homeWin":2,"homeLoss":1,"awayWin":1,"awayLoss":0}
{"_id":{"$oid":"5cb552e5e0f627212ff3a895"},"stDate":"2017/10/25","teamAbbr":"MIL","rank":1,"rankOrd":"1st","gameWon":3,"gameLost":1,"stk":"W2","homeWin":2,"homeLoss":1,"awayWin":1,"awayLoss":0}
{"_id":{"$oid":"5cb552e5e0f627212ff3a8b3"},"stDate":"2017/10/26","teamAbbr":"MIL","rank":3,"rankOrd":"3rd","gameWon":3,"gameLost":2,"stk":"L1","homeWin":2,"homeLoss":2,"awayWin":1,"awayLoss":0}
{"_id":{"$oid":"5cb552e5e0f627212ff3a8d1"},"stDate":"2017/10/27","teamAbbr":"MIL","rank":2,"rankOrd":"2nd","gameWon":3,"gameLost":2,"stk":"L1","homeWin":2,"homeLoss":2,"awayWin":1,"awayLoss":0}
{"_id":{"$oid":"5cb552e5e0f627212ff3a8f1"},"stDate":"2017/10/28","teamAbbr":"MIL","rank":4,"rankOrd":"4th","gameWon":3,"gameLost":2,"stk":"L1","homeWin":2,"homeLoss":2,"awayWin":1,"awayLoss":0}
{"_id":{"$oid":"5cb552e5e0f627212ff3a90e"},"stDate":"2017/10/29","teamAbbr":"MIL","rank":2,"rankOrd":"2nd","gameWon":4,"gameLost":2,"stk":"W1","homeWin":2,"homeLoss":2,"awayWin":2,"awayLoss":0}
{"_id":{"$oid":"5cb552e5e0f627212ff3a92b"},"stDate":"2017/10/30","teamAbbr":"MIL","rank":4,"rankOrd":"4th","gameWon":4,"gameLost":2,"stk":"W1","homeWin":2,"homeLoss":2,"awayWin":2,"awayLoss":0}
{"_id":{"$oid":"5cb552e5e0f627212ff3a949"},"stDate":"2017/10/31","teamAbbr":"MIL","rank":6,"rankOrd":"6th","gameWon":4,"gameLost":3,"stk":"L1","homeWin":2,"homeLoss":3,"awayWin":2,"awayLoss":0}
{"_id":{"$oid":"5cb552e5e0f627212ff3a96b"},"stDate":"2017/11/1","teamAbbr":"MIL","rank":8,"rankOrd":"8th","gameWon":4,"gameLost":4,"stk":"L2","homeWin":2,"homeLoss":3,"awayWin":2,"awayLoss":1}
{"_id":{"$oid":"5cb552e5e0f627212ff3a97e"},"stDate":"2017/11/2","teamAbbr":"MIL","rank":8,"rankOrd":"8th","gameWon":4,"gameLost":4,"stk":"L2","homeWin":2,"homeLoss":3,"awayWin":2,"awayLoss":1}
{"_id":{"$oid":"5cb552e5e0f627212ff3a9a4"},"stDate":"2017/11/3","teamAbbr":"MIL","rank":10,"rankOrd":"10th","gameWon":4,"gameLost":5,"stk":"L3","homeWin":2,"homeLoss":3,"awayWin":2,"awayLoss":2}
{"_id":{"$oid":"5cb552e5e0f627212ff3a9bf"},"stDate":"2017/11/4","teamAbbr":"MIL","rank":10,"rankOrd":"10th","gameWon":4,"gameLost":5,"stk":"L3","homeWin":2,"homeLoss":3,"awayWin":2,"awayLoss":2}
{"_id":{"$oid":"5cb552e5e0f627212ff3a9d9"},"stDate":"2017/11/5","teamAbbr":"MIL","rank":10,"rankOrd":"10th","gameWon":4,"gameLost":5,"stk":"L3","homeWin":2,"homeLoss":3,"awayWin":2,"awayLoss":2}
{"_id":{"$oid":"5cb552e5e0f627212ff3a9fd"},"stDate":"2017/11/6","teamAbbr":"MIL","rank":10,"rankOrd":"10th","gameWon":4,"gameLost":5,"stk":"L3","homeWin":2,"homeLoss":3,"awayWin":2,"awayLoss":2}
{"_id":{"$oid":"5cb552e5e0f627212ff3aa1d"},"stDate":"2017/11/7","teamAbbr":"MIL","rank":11,"rankOrd":"11th","gameWon":4,"gameLost":6,"stk":"L4","homeWin":2,"homeLoss":3,"awayWin":2,"awayLoss":3}
{"_id":{"$oid":"5cb552e5e0f627212ff3aa39"},"stDate":"2017/11/8","teamAbbr":"MIL","rank":11,"rankOrd":"11th","gameWon":4,"gameLost":6,"stk":"L4","homeWin":2,"homeLoss":3,"awayWin":2,"awayLoss":3}
{"_id":{"$oid":"5cb552e5e0f627212ff3aa57"},"stDate":"2017/11/9","teamAbbr":"MIL","rank":10,"rankOrd":"10th","gameWon":4,"gameLost":6,"stk":"L4","homeWin":2,"homeLoss":3,"awayWin":2,"awayLoss":3}
{"_id":{"$oid":"5cb552e5e0f627212ff3aa75"},"stDate":"2017/11/10","teamAbbr":"MIL","rank":9,"rankOrd":"9th","gameWon":5,"gameLost":6,"stk":"W1","homeWin":2,"homeLoss":3,"awayWin":3,"awayLoss":3}
{"_id":{"$oid":"5cb552e5e0f627212ff3aa93"},"stDate":"2017/11/11","teamAbbr":"MIL","rank":7,"rankOrd":"7th","gameWon":6,"gameLost":6,"stk":"W2","homeWin":3,"homeLoss":3,"awayWin":3,"awayLoss":3}
{"_id":{"$oid":"5cb552e5e0f627212ff3aab0"},"stDate":"2017/11/12","teamAbbr":"MIL","rank":7,"rankOrd":"7th","gameWon":6,"gameLost":6,"stk":"W2","homeWin":3,"homeLoss":3,"awayWin":3,"awayLoss":3}
{"_id":{"$oid":"5cb552e5e0f627212ff3aacf"},"stDate":"2017/11/13","teamAbbr":"MIL","rank":6,"rankOrd":"6th","gameWon":7,"gameLost":6,"stk":"W3","homeWin":4,"homeLoss":3,"awayWin":3,"awayLoss":3}
{"_id":{"$oid":"5cb552e5e0f627212ff3aaef"},"stDate":"2017/11/14","teamAbbr":"MIL","rank":6,"rankOrd":"6th","gameWon":7,"gameLost":6,"stk":"W3","homeWin":4,"homeLoss":3,"awayWin":3,"awayLoss":3}
{"_id":{"$oid":"5cb552e5e0f627212ff3ab04"},"stDate":"2017/11/15","teamAbbr":"MIL","rank":5,"rankOrd":"5th","gameWon":8,"gameLost":6,"stk":"W4","homeWin":5,"homeLoss":3,"awayWin":3,"awayLoss":3}
{"_id":{"$oid":"5cb552e5e0f627212ff3ab29"},"stDate":"2017/11/16","teamAbbr":"MIL","rank":5,"rankOrd":"5th","gameWon":8,"gameLost":6,"stk":"W4","homeWin":5,"homeLoss":3,"awayWin":3,"awayLoss":3}
{"_id":{"$oid":"5cb552e5e0f627212ff3ab46"},"stDate":"2017/11/17","teamAbbr":"MIL","rank":5,"rankOrd":"5th","gameWon":8,"gameLost":6,"stk":"W4","homeWin":5,"homeLoss":3,"awayWin":3,"awayLoss":3}
{"_id":{"$oid":"5cb552e5e0f627212ff3ab65"},"stDate":"2017/11/18","teamAbbr":"MIL","rank":6,"rankOrd":"6th","gameWon":8,"gameLost":7,"stk":"L1","homeWin":5,"homeLoss":3,"awayWin":3,"awayLoss":4}
{"_id":{"$oid":"5cb552e5e0f627212ff3ab84"},"stDate":"2017/11/19","teamAbbr":"MIL","rank":6,"rankOrd":"6th","gameWon":8,"gameLost":7,"stk":"L1","homeWin":5,"homeLoss":3,"awayWin":3,"awayLoss":4}
{"_id":{"$oid":"5cb552e5e0f627212ff3aba3"},"stDate":"2017/11/20","teamAbbr":"MIL","rank":9,"rankOrd":"9th","gameWon":8,"gameLost":8,"stk":"L2","homeWin":5,"homeLoss":4,"awayWin":3,"awayLoss":4}
{"_id":{"$oid":"5cb552e5e0f627212ff3abc1"},"stDate":"2017/11/21","teamAbbr":"MIL","rank":9,"rankOrd":"9th","gameWon":8,"gameLost":8,"stk":"L2","homeWin":5,"homeLoss":4,"awayWin":3,"awayLoss":4}
{"_id":{"$oid":"5cb552e5e0f627212ff3abdf"},"stDate":"2017/11/22","teamAbbr":"MIL","rank":9,"rankOrd":"9th","gameWon":9,"gameLost":8,"stk":"W1","homeWin":5,"homeLoss":4,"awayWin":4,"awayLoss":4}
{"_id":{"$oid":"5cb552e5e0f627212ff3abfd"},"stDate":"2017/11/24","teamAbbr":"MIL","rank":9,"rankOrd":"9th","gameWon":9,"gameLost":8,"stk":"W1","homeWin":5,"homeLoss":4,"awayWin":4,"awayLoss":4}
{"_id":{"$oid":"5cb552e5e0f627212ff3ac1c"},"stDate":"2017/11/25","teamAbbr":"MIL","rank":9,"rankOrd":"9th","gameWon":9,"gameLost":9,"stk":"L1","homeWin":5,"homeLoss":4,"awayWin":4,"awayLoss":5}
{"_id":{"$oid":"5cb552e5e0f627212ff3ac38"},"stDate":"2017/11/26","teamAbbr":"MIL","rank":10,"rankOrd":"10th","gameWon":9,"gameLost":9,"stk":"L1","homeWin":5,"homeLoss":4,"awayWin":4,"awayLoss":5}
{"_id":{"$oid":"5cb552e5e0f627212ff3ac56"},"stDate":"2017/11/27","teamAbbr":"MIL","rank":9,"rankOrd":"9th","gameWon":9,"gameLost":9,"stk":"L1","homeWin":5,"homeLoss":4,"awayWin":4,"awayLoss":5}
{"_id":{"$oid":"5cb552e5e0f627212ff3ac74"},"stDate":"2017/11/28","teamAbbr":"MIL","rank":8,"rankOrd":"8th","gameWon":10,"gameLost":9,"stk":"W1","homeWin":5,"homeLoss":4,"awayWin":5,"awayLoss":5}
{"_id":{"$oid":"5cb552e5e0f627212ff3aca1"},"stDate":"2017/11/29","teamAbbr":"MIL","rank":7,"rankOrd":"7th","gameWon":10,"gameLost":9,"stk":"W1","homeWin":5,"homeLoss":4,"awayWin":5,"awayLoss":5}
{"_id":{"$oid":"5cb552e5e0f627212ff3acaf"},"stDate":"2017/11/30","teamAbbr":"MIL","rank":6,"rankOrd":"6th","gameWon":11,"gameLost":9,"stk":"W2","homeWin":5,"homeLoss":4,"awayWin":6,"awayLoss":5}
{"_id":{"$oid":"5cb552e5e0f627212ff3acce"},"stDate":"2017/12/1","teamAbbr":"MIL","rank":6,"rankOrd":"6th","gameWon":11,"gameLost":9,"stk":"W2","homeWin":5,"homeLoss":4,"awayWin":6,"awayLoss":5}
{"_id":{"$oid":"5cb552e5e0f627212ff3acf3"},"stDate":"2017/12/2","teamAbbr":"MIL","rank":6,"rankOrd":"6th","gameWon":12,"gameLost":9,"stk":"W3","homeWin":6,"homeLoss":4,"awayWin":6,"awayLoss":5}
{"_id":{"$oid":"5cb552e5e0f627212ff3ad04"},"stDate":"2017/12/3","teamAbbr":"MIL","rank":6,"rankOrd":"6th","gameWon":12,"gameLost":9,"stk":"W3","homeWin":6,"homeLoss":4,"awayWin":6,"awayLoss":5}
{"_id":{"$oid":"5cb552e5e0f627212ff3ad21"},"stDate":"2017/12/4","teamAbbr":"MIL","rank":6,"rankOrd":"6th","gameWon":12,"gameLost":10,"stk":"L1","homeWin":6,"homeLoss":4,"awayWin":6,"awayLoss":6}
{"_id":{"$oid":"5cb552e5e0f627212ff3ad44"},"stDate":"2017/12/5","teamAbbr":"MIL","rank":6,"rankOrd":"6th","gameWon":12,"gameLost":10,"stk":"L1","homeWin":6,"homeLoss":4,"awayWin":6,"awayLoss":6}
{"_id":{"$oid":"5cb552e5e0f627212ff3ad64"},"stDate":"2017/12/6","teamAbbr":"MIL","rank":5,"rankOrd":"5th","gameWon":13,"gameLost":10,"stk":"W1","homeWin":7,"homeLoss":4,"awayWin":6,"awayLoss":6}
{"_id":{"$oid":"5cb552e5e0f627212ff3ad83"},"stDate":"2017/12/7","teamAbbr":"MIL","rank":5,"rankOrd":"5th","gameWon":13,"gameLost":10,"stk":"W1","homeWin":7,"homeLoss":4,"awayWin":6,"awayLoss":6}
{"_id":{"$oid":"5cb552e5e0f627212ff3ad9f"},"stDate":"2017/12/8","teamAbbr":"MIL","rank":4,"rankOrd":"4th","gameWon":14,"gameLost":10,"stk":"W2","homeWin":8,"homeLoss":4,"awayWin":6,"awayLoss":6}
{"_id":{"$oid":"5cb552e5e0f627212ff3adbb"},"stDate":"2017/12/9","teamAbbr":"MIL","rank":4,"rankOrd":"4th","gameWon":15,"gameLost":10,"stk":"W3","homeWin":9,"homeLoss":4,"awayWin":6,"awayLoss":6}
{"_id":{"$oid":"5cb552e5e0f627212ff3add5"},"stDate":"2017/12/10","teamAbbr":"MIL","rank":4,"rankOrd":"4th","gameWon":15,"gameLost":10,"stk":"W3","homeWin":9,"homeLoss":4,"awayWin":6,"awayLoss":6}
{"_id":{"$oid":"5cb552e5e0f627212ff3adfb"},"stDate":"2017/12/11","teamAbbr":"MIL","rank":4,"rankOrd":"4th","gameWon":15,"gameLost":10,"stk":"W3","homeWin":9,"homeLoss":4,"awayWin":6,"awayLoss":6}
{"_id":{"$oid":"5cb552e5e0f627212ff3ae18"},"stDate":"2017/12/12","teamAbbr":"MIL","rank":4,"rankOrd":"4th","gameWon":15,"gameLost":10,"stk":"W3","homeWin":9,"homeLoss":4,"awayWin":6,"awayLoss":6}
{"_id":{"$oid":"5cb552e5e0f627212ff3ae36"},"stDate":"2017/12/13","teamAbbr":"MIL","rank":4,"rankOrd":"4th","gameWon":15,"gameLost":11,"stk":"L1","homeWin":9,"homeLoss":4,"awayWin":6,"awayLoss":7}
{"_id":{"$oid":"5cb552e5e0f627212ff3ae55"},"stDate":"2017/12/14","teamAbbr":"MIL","rank":4,"rankOrd":"4th","gameWon":15,"gameLost":11,"stk":"L1","homeWin":9,"homeLoss":4,"awayWin":6,"awayLoss":7}
{"_id":{"$oid":"5cb552e5e0f627212ff3ae71"},"stDate":"2017/12/15","teamAbbr":"MIL","rank":4,"rankOrd":"4th","gameWon":15,"gameLost":12,"stk":"L2","homeWin":9,"homeLoss":5,"awayWin":6,"awayLoss":7}
{"_id":{"$oid":"5cb552e5e0f627212ff3ae8f"},"stDate":"2017/12/16","teamAbbr":"MIL","rank":8,"rankOrd":"8th","gameWon":15,"gameLost":13,"stk":"L3","homeWin":9,"homeLoss":5,"awayWin":6,"awayLoss":8}
{"_id":{"$oid":"5cb552e5e0f627212ff3aeae"},"stDate":"2017/12/17","teamAbbr":"MIL","rank":7,"rankOrd":"7th","gameWon":15,"gameLost":13,"stk":"L3","homeWin":9,"homeLoss":5,"awayWin":6,"awayLoss":8}
{"_id":{"$oid":"5cb552e5e0f627212ff3aec6"},"stDate":"2017/12/18","teamAbbr":"MIL","rank":6,"rankOrd":"6th","gameWon":15,"gameLost":13,"stk":"L3","homeWin":9,"homeLoss":5,"awayWin":6,"awayLoss":8}
{"_id":{"$oid":"5cb552e5e0f627212ff3aeeb"},"stDate":"2017/12/19","teamAbbr":"MIL","rank":5,"rankOrd":"5th","gameWon":16,"gameLost":13,"stk":"W1","homeWin":10,"homeLoss":5,"awayWin":6,"awayLoss":8}
{"_id":{"$oid":"5cb552e5e0f627212ff3af07"},"stDate":"2017/12/20","teamAbbr":"MIL","rank":5,"rankOrd":"5th","gameWon":16,"gameLost":13,"stk":"W1","homeWin":10,"homeLoss":5,"awayWin":6,"awayLoss":8}
{"_id":{"$oid":"5cb552e5e0f627212ff3af1f"},"stDate":"2017/12/21","teamAbbr":"MIL","rank":5,"rankOrd":"5th","gameWon":16,"gameLost":13,"stk":"W1","homeWin":10,"homeLoss":5,"awayWin":6,"awayLoss":8}
{"_id":{"$oid":"5cb552e5e0f627212ff3af44"},"stDate":"2017/12/22","teamAbbr":"MIL","rank":4,"rankOrd":"4th","gameWon":17,"gameLost":13,"stk":"W2","homeWin":11,"homeLoss":5,"awayWin":6,"awayLoss":8}
{"_id":{"$oid":"5cb552e5e0f627212ff3af62"},"stDate":"2017/12/23","teamAbbr":"MIL","rank":6,"rankOrd":"6th","gameWon":17,"gameLost":14,"stk":"L1","homeWin":11,"homeLoss":5,"awayWin":6,"awayLoss":9}
{"_id":{"$oid":"5cb552e5e0f627212ff3af81"},"stDate":"2017/12/25","teamAbbr":"MIL","rank":7,"rankOrd":"7th","gameWon":17,"gameLost":14,"stk":"L1","homeWin":11,"homeLoss":5,"awayWin":6,"awayLoss":9}
{"_id":{"$oid":"5cb552e5e0f627212ff3af9f"},"stDate":"2017/12/26","teamAbbr":"MIL","rank":7,"rankOrd":"7th","gameWon":17,"gameLost":15,"stk":"L2","homeWin":11,"homeLoss":6,"awayWin":6,"awayLoss":9}
{"_id":{"$oid":"5cb552e5e0f627212ff3afbd"},"stDate":"2017/12/27","teamAbbr":"MIL","rank":7,"rankOrd":"7th","gameWon":17,"gameLost":15,"stk":"L2","homeWin":11,"homeLoss":6,"awayWin":6,"awayLoss":9}
{"_id":{"$oid":"5cb552e5e0f627212ff3afdb"},"stDate":"2017/12/28","teamAbbr":"MIL","rank":5,"rankOrd":"5th","gameWon":18,"gameLost":15,"stk":"W1","homeWin":12,"homeLoss":6,"awayWin":6,"awayLoss":9}
{"_id":{"$oid":"5cb552e5e0f627212ff3b00d"},"stDate":"2017/12/29","teamAbbr":"MIL","rank":4,"rankOrd":"4th","gameWon":19,"gameLost":15,"stk":"W2","homeWin":12,"homeLoss":6,"awayWin":7,"awayLoss":9}
{"_id":{"$oid":"5cb552e5e0f627212ff3b017"},"stDate":"2017/12/30","teamAbbr":"MIL","rank":5,"rankOrd":"5th","gameWon":19,"gameLost":15,"stk":"W2","homeWin":12,"homeLoss":6,"awayWin":7,"awayLoss":9}
{"_id":{"$oid":"5cb552e5e0f627212ff3b035"},"stDate":"2017/12/31","teamAbbr":"MIL","rank":6,"rankOrd":"6th","gameWon":19,"gameLost":15,"stk":"W2","homeWin":12,"homeLoss":6,"awayWin":7,"awayLoss":9}
{"_id":{"$oid":"5cb552e5e0f627212ff3b04d"},"stDate":"2018/1/1","teamAbbr":"MIL","rank":6,"rankOrd":"6th","gameWon":19,"gameLost":16,"stk":"L1","homeWin":12,"homeLoss":6,"awayWin":7,"awayLoss":10}
{"_id":{"$oid":"5cb552e5e0f627212ff3b06b"},"stDate":"2018/1/2","teamAbbr":"MIL","rank":6,"rankOrd":"6th","gameWon":19,"gameLost":16,"stk":"L1","homeWin":12,"homeLoss":6,"awayWin":7,"awayLoss":10}
{"_id":{"$oid":"5cb552e5e0f627212ff3b08f"},"stDate":"2018/1/3","teamAbbr":"MIL","rank":5,"rankOrd":"5th","gameWon":20,"gameLost":16,"stk":"W1","homeWin":13,"homeLoss":6,"awayWin":7,"awayLoss":10}
{"_id":{"$oid":"5cb552e5e0f627212ff3b0ad"},"stDate":"2018/1/4","teamAbbr":"MIL","rank":5,"rankOrd":"5th","gameWon":20,"gameLost":16,"stk":"W1","homeWin":13,"homeLoss":6,"awayWin":7,"awayLoss":10}
{"_id":{"$oid":"5cb552e5e0f627212ff3b0c7"},"stDate":"2018/1/5","teamAbbr":"MIL","rank":6,"rankOrd":"6th","gameWon":20,"gameLost":17,"stk":"L1","homeWin":13,"homeLoss":7,"awayWin":7,"awayLoss":10}
{"_id":{"$oid":"5cb552e5e0f627212ff3b0e9"},"stDate":"2018/1/6","teamAbbr":"MIL","rank":5,"rankOrd":"5th","gameWon":21,"gameLost":17,"stk":"W1","homeWin":13,"homeLoss":7,"awayWin":8,"awayLoss":10}
{"_id":{"$oid":"5cb552e5e0f627212ff3b107"},"stDate":"2018/1/7","teamAbbr":"MIL","rank":6,"rankOrd":"6th","gameWon":21,"gameLost":17,"stk":"W1","homeWin":13,"homeLoss":7,"awayWin":8,"awayLoss":10}
{"_id":{"$oid":"5cb552e5e0f627212ff3b134"},"stDate":"2018/1/8","teamAbbr":"MIL","rank":6,"rankOrd":"6th","gameWon":21,"gameLost":18,"stk":"L1","homeWin":13,"homeLoss":7,"awayWin":8,"awayLoss":11}
{"_id":{"$oid":"5cb552e5e0f627212ff3b144"},"stDate":"2018/1/9","teamAbbr":"MIL","rank":6,"rankOrd":"6th","gameWon":21,"gameLost":18,"stk":"L1","homeWin":13,"homeLoss":7,"awayWin":8,"awayLoss":11}
{"_id":{"$oid":"5cb552e5e0f627212ff3b161"},"stDate":"2018/1/10","teamAbbr":"MIL","rank":6,"rankOrd":"6th","gameWon":22,"gameLost":18,"stk":"W1","homeWin":14,"homeLoss":7,"awayWin":8,"awayLoss":11}
{"_id":{"$oid":"5cb552e5e0f627212ff3b181"},"stDate":"2018/1/11","teamAbbr":"MIL","rank":6,"rankOrd":"6th","gameWon":22,"gameLost":18,"stk":"W1","homeWin":14,"homeLoss":7,"awayWin":8,"awayLoss":11}
{"_id":{"$oid":"5cb552e5e0f627212ff3b197"},"stDate":"2018/1/12","teamAbbr":"MIL","rank":7,"rankOrd":"7th","gameWon":22,"gameLost":19,"stk":"L1","homeWin":14,"homeLoss":8,"awayWin":8,"awayLoss":11}
{"_id":{"$oid":"5cb552e5e0f627212ff3b1bb"},"stDate":"2018/1/13","teamAbbr":"MIL","rank":6,"rankOrd":"6th","gameWon":22,"gameLost":19,"stk":"L1","homeWin":14,"homeLoss":8,"awayWin":8,"awayLoss":11}
{"_id":{"$oid":"5cb552e5e0f627212ff3b1d9"},"stDate":"2018/1/14","teamAbbr":"MIL","rank":8,"rankOrd":"8th","gameWon":22,"gameLost":20,"stk":"L2","homeWin":14,"homeLoss":8,"awayWin":8,"awayLoss":12}
{"_id":{"$oid":"5cb552e5e0f627212ff3b1f7"},"stDate":"2018/1/15","teamAbbr":"MIL","rank":7,"rankOrd":"7th","gameWon":23,"gameLost":20,"stk":"W1","homeWin":14,"homeLoss":8,"awayWin":9,"awayLoss":12}
{"_id":{"$oid":"5cb552e5e0f627212ff3b215"},"stDate":"2018/1/16","teamAbbr":"MIL","rank":7,"rankOrd":"7th","gameWon":23,"gameLost":20,"stk":"W1","homeWin":14,"homeLoss":8,"awayWin":9,"awayLoss":12}
{"_id":{"$oid":"5cb552e5e0f627212ff3b233"},"stDate":"2018/1/17","teamAbbr":"MIL","rank":7,"rankOrd":"7th","gameWon":23,"gameLost":21,"stk":"L1","homeWin":14,"homeLoss":9,"awayWin":9,"awayLoss":12}
{"_id":{"$oid":"5cb552e5e0f627212ff3b251"},"stDate":"2018/1/18","teamAbbr":"MIL","rank":7,"rankOrd":"7th","gameWon":23,"gameLost":21,"stk":"L1","homeWin":14,"homeLoss":9,"awayWin":9,"awayLoss":12}
{"_id":{"$oid":"5cb552e5e0f627212ff3b26d"},"stDate":"2018/1/19","teamAbbr":"MIL","rank":6,"rankOrd":"6th","gameWon":23,"gameLost":21,"stk":"L1","homeWin":14,"homeLoss":9,"awayWin":9,"awayLoss":12}
{"_id":{"$oid":"5cb552e5e0f627212ff3b28d"},"stDate":"2018/1/20","teamAbbr":"MIL","rank":8,"rankOrd":"8th","gameWon":23,"gameLost":22,"stk":"L2","homeWin":14,"homeLoss":9,"awayWin":9,"awayLoss":13}
{"_id":{"$oid":"5cb552e5e0f627212ff3b2ac"},"stDate":"2018/1/21","teamAbbr":"MIL","rank":8,"rankOrd":"8th","gameWon":23,"gameLost":22,"stk":"L2","homeWin":14,"homeLoss":9,"awayWin":9,"awayLoss":13}
{"_id":{"$oid":"5cb552e5e0f627212ff3b2ca"},"stDate":"2018/1/22","teamAbbr":"MIL","rank":7,"rankOrd":"7th","gameWon":24,"gameLost":22,"stk":"W1","homeWin":15,"homeLoss":9,"awayWin":9,"awayLoss":13}
{"_id":{"$oid":"5cb552e5e0f627212ff3b2e7"},"stDate":"2018/1/23","teamAbbr":"MIL","rank":7,"rankOrd":"7th","gameWon":24,"gameLost":22,"stk":"W1","homeWin":15,"homeLoss":9,"awayWin":9,"awayLoss":13}
{"_id":{"$oid":"5cb552e5e0f627212ff3b306"},"stDate":"2018/1/24","teamAbbr":"MIL","rank":7,"rankOrd":"7th","gameWon":24,"gameLost":22,"stk":"W1","homeWin":15,"homeLoss":9,"awayWin":9,"awayLoss":13}
{"_id":{"$oid":"5cb552e5e0f627212ff3b324"},"stDate":"2018/1/25","teamAbbr":"MIL","rank":7,"rankOrd":"7th","gameWon":24,"gameLost":22,"stk":"W1","homeWin":15,"homeLoss":9,"awayWin":9,"awayLoss":13}
{"_id":{"$oid":"5cb552e5e0f627212ff3b341"},"stDate":"2018/1/26","teamAbbr":"MIL","rank":6,"rankOrd":"6th","gameWon":25,"gameLost":22,"stk":"W2","homeWin":16,"homeLoss":9,"awayWin":9,"awayLoss":13}
{"_id":{"$oid":"5cb552e5e0f627212ff3b360"},"stDate":"2018/1/27","teamAbbr":"MIL","rank":7,"rankOrd":"7th","gameWon":25,"gameLost":22,"stk":"W2","homeWin":16,"homeLoss":9,"awayWin":9,"awayLoss":13}
{"_id":{"$oid":"5cb552e5e0f627212ff3b37f"},"stDate":"2018/1/28","teamAbbr":"MIL","rank":6,"rankOrd":"6th","gameWon":26,"gameLost":22,"stk":"W3","homeWin":16,"homeLoss":9,"awayWin":10,"awayLoss":13}
{"_id":{"$oid":"5cb552e5e0f627212ff3b39d"},"stDate":"2018/1/29","teamAbbr":"MIL","rank":5,"rankOrd":"5th","gameWon":27,"gameLost":22,"stk":"W4","homeWin":17,"homeLoss":9,"awayWin":10,"awayLoss":13}
{"_id":{"$oid":"5cb552e5e0f627212ff3b3bb"},"stDate":"2018/1/30","teamAbbr":"MIL","rank":6,"rankOrd":"6th","gameWon":27,"gameLost":22,"stk":"W4","homeWin":17,"homeLoss":9,"awayWin":10,"awayLoss":13}
{"_id":{"$oid":"5cb552e5e0f627212ff3b3eb"},"stDate":"2018/1/31","teamAbbr":"MIL","rank":7,"rankOrd":"7th","gameWon":27,"gameLost":22,"stk":"W4","homeWin":17,"homeLoss":9,"awayWin":10,"awayLoss":13}
{"_id":{"$oid":"5cb552e5e0f627212ff3b3f8"},"stDate":"2018/2/1","teamAbbr":"MIL","rank":7,"rankOrd":"7th","gameWon":27,"gameLost":23,"stk":"L1","homeWin":17,"homeLoss":9,"awayWin":10,"awayLoss":14}
{"_id":{"$oid":"5cb552e5e0f627212ff3b414"},"stDate":"2018/2/2","teamAbbr":"MIL","rank":6,"rankOrd":"6th","gameWon":28,"gameLost":23,"stk":"W1","homeWin":18,"homeLoss":9,"awayWin":10,"awayLoss":14}
{"_id":{"$oid":"5cb552e5e0f627212ff3b432"},"stDate":"2018/2/3","teamAbbr":"MIL","rank":6,"rankOrd":"6th","gameWon":28,"gameLost":23,"stk":"W1","homeWin":18,"homeLoss":9,"awayWin":10,"awayLoss":14}
{"_id":{"$oid":"5cb552e5e0f627212ff3b450"},"stDate":"2018/2/4","teamAbbr":"MIL","rank":5,"rankOrd":"5th","gameWon":29,"gameLost":23,"stk":"W2","homeWin":18,"homeLoss":9,"awayWin":11,"awayLoss":14}
{"_id":{"$oid":"5cb552e5e0f627212ff3b46d"},"stDate":"2018/2/5","teamAbbr":"MIL","rank":5,"rankOrd":"5th","gameWon":29,"gameLost":23,"stk":"W2","homeWin":18,"homeLoss":9,"awayWin":11,"awayLoss":14}
{"_id":{"$oid":"5cb552e5e0f627212ff3b491"},"stDate":"2018/2/6","teamAbbr":"MIL","rank":5,"rankOrd":"5th","gameWon":30,"gameLost":23,"stk":"W3","homeWin":18,"homeLoss":9,"awayWin":12,"awayLoss":14}
{"_id":{"$oid":"5cb552e5e0f627212ff3b4aa"},"stDate":"2018/2/7","teamAbbr":"MIL","rank":5,"rankOrd":"5th","gameWon":30,"gameLost":23,"stk":"W3","homeWin":18,"homeLoss":9,"awayWin":12,"awayLoss":14}
{"_id":{"$oid":"5cb552e5e0f627212ff3b4c8"},"stDate":"2018/2/8","teamAbbr":"MIL","rank":4,"rankOrd":"4th","gameWon":30,"gameLost":23,"stk":"W3","homeWin":18,"homeLoss":9,"awayWin":12,"awayLoss":14}
{"_id":{"$oid":"5cb552e5e0f627212ff3b4e6"},"stDate":"2018/2/9","teamAbbr":"MIL","rank":5,"rankOrd":"5th","gameWon":30,"gameLost":24,"stk":"L1","homeWin":18,"homeLoss":9,"awayWin":12,"awayLoss":15}
{"_id":{"$oid":"5cb552e5e0f627212ff3b504"},"stDate":"2018/2/10","teamAbbr":"MIL","rank":5,"rankOrd":"5th","gameWon":31,"gameLost":24,"stk":"W1","homeWin":18,"homeLoss":9,"awayWin":13,"awayLoss":15}
{"_id":{"$oid":"5cb552e5e0f627212ff3b522"},"stDate":"2018/2/11","teamAbbr":"MIL","rank":5,"rankOrd":"5th","gameWon":31,"gameLost":24,"stk":"W1","homeWin":18,"homeLoss":9,"awayWin":13,"awayLoss":15}
{"_id":{"$oid":"5cb552e5e0f627212ff3b540"},"stDate":"2018/2/12","teamAbbr":"MIL","rank":5,"rankOrd":"5th","gameWon":31,"gameLost":24,"stk":"W1","homeWin":18,"homeLoss":9,"awayWin":13,"awayLoss":15}
{"_id":{"$oid":"5cb552e5e0f627212ff3b55a"},"stDate":"2018/2/13","teamAbbr":"MIL","rank":4,"rankOrd":"4th","gameWon":32,"gameLost":24,"stk":"W2","homeWin":19,"homeLoss":9,"awayWin":13,"awayLoss":15}
{"_id":{"$oid":"5cb552e5e0f627212ff3b57c"},"stDate":"2018/2/14","teamAbbr":"MIL","rank":5,"rankOrd":"5th","gameWon":32,"gameLost":24,"stk":"W2","homeWin":19,"homeLoss":9,"awayWin":13,"awayLoss":15}
{"_id":{"$oid":"5cb552e5e0f627212ff3b59b"},"stDate":"2018/2/15","teamAbbr":"MIL","rank":6,"rankOrd":"6th","gameWon":32,"gameLost":25,"stk":"L1","homeWin":19,"homeLoss":10,"awayWin":13,"awayLoss":15}
{"_id":{"$oid":"5cb552e5e0f627212ff3b5b9"},"stDate":"2018/2/22","teamAbbr":"MIL","rank":6,"rankOrd":"6th","gameWon":32,"gameLost":25,"stk":"L1","homeWin":19,"homeLoss":10,"awayWin":13,"awayLoss":15}
{"_id":{"$oid":"5cb552e5e0f627212ff3b5d5"},"stDate":"2018/2/23","teamAbbr":"MIL","rank":6,"rankOrd":"6th","gameWon":33,"gameLost":25,"stk":"W1","homeWin":19,"homeLoss":10,"awayWin":14,"awayLoss":15}
{"_id":{"$oid":"5cb552e5e0f627212ff3b5f4"},"stDate":"2018/2/24","teamAbbr":"MIL","rank":6,"rankOrd":"6th","gameWon":33,"gameLost":25,"stk":"W1","homeWin":19,"homeLoss":10,"awayWin":14,"awayLoss":15}
{"_id":{"$oid":"5cb552e5e0f627212ff3b612"},"stDate":"2018/2/25","teamAbbr":"MIL","rank":6,"rankOrd":"6th","gameWon":33,"gameLost":26,"stk":"L1","homeWin":19,"homeLoss":11,"awayWin":14,"awayLoss":15}
{"_id":{"$oid":"5cb552e5e0f627212ff3b631"},"stDate":"2018/2/26","teamAbbr":"MIL","rank":6,"rankOrd":"6th","gameWon":33,"gameLost":26,"stk":"L1","homeWin":19,"homeLoss":11,"awayWin":14,"awayLoss":15}
{"_id":{"$oid":"5cb552e5e0f627212ff3b64f"},"stDate":"2018/2/27","teamAbbr":"MIL","rank":6,"rankOrd":"6th","gameWon":33,"gameLost":27,"stk":"L2","homeWin":19,"homeLoss":12,"awayWin":14,"awayLoss":15}
{"_id":{"$oid":"5cb552e5e0f627212ff3b66d"},"stDate":"2018/2/28","teamAbbr":"MIL","rank":6,"rankOrd":"6th","gameWon":33,"gameLost":28,"stk":"L3","homeWin":19,"homeLoss":12,"awayWin":14,"awayLoss":16}
{"_id":{"$oid":"5cb552e5e0f627212ff3b689"},"stDate":"2018/3/1","teamAbbr":"MIL","rank":7,"rankOrd":"7th","gameWon":33,"gameLost":28,"stk":"L3","homeWin":19,"homeLoss":12,"awayWin":14,"awayLoss":16}
{"_id":{"$oid":"5cb552e5e0f627212ff3b6a8"},"stDate":"2018/3/2","teamAbbr":"MIL","rank":7,"rankOrd":"7th","gameWon":33,"gameLost":29,"stk":"L4","homeWin":19,"homeLoss":13,"awayWin":14,"awayLoss":16}
{"_id":{"$oid":"5cb552e5e0f627212ff3b6c6"},"stDate":"2018/3/3","teamAbbr":"MIL","rank":7,"rankOrd":"7th","gameWon":33,"gameLost":29,"stk":"L4","homeWin":19,"homeLoss":13,"awayWin":14,"awayLoss":16}
{"_id":{"$oid":"5cb552e5e0f627212ff3b6e3"},"stDate":"2018/3/4","teamAbbr":"MIL","rank":7,"rankOrd":"7th","gameWon":34,"gameLost":29,"stk":"W1","homeWin":20,"homeLoss":13,"awayWin":14,"awayLoss":16}
{"_id":{"$oid":"5cb552e5e0f627212ff3b712"},"stDate":"2018/3/5","teamAbbr":"MIL","rank":7,"rankOrd":"7th","gameWon":34,"gameLost":30,"stk":"L1","homeWin":20,"homeLoss":13,"awayWin":14,"awayLoss":17}
{"_id":{"$oid":"5cb552e5e0f627212ff3b720"},"stDate":"2018/3/6","teamAbbr":"MIL","rank":7,"rankOrd":"7th","gameWon":34,"gameLost":30,"stk":"L1","homeWin":20,"homeLoss":13,"awayWin":14,"awayLoss":17}
{"_id":{"$oid":"5cb552e5e0f627212ff3b740"},"stDate":"2018/3/7","teamAbbr":"MIL","rank":7,"rankOrd":"7th","gameWon":34,"gameLost":31,"stk":"L2","homeWin":20,"homeLoss":14,"awayWin":14,"awayLoss":17}
{"_id":{"$oid":"5cb552e5e0f627212ff3b75d"},"stDate":"2018/3/8","teamAbbr":"MIL","rank":8,"rankOrd":"8th","gameWon":34,"gameLost":31,"stk":"L2","homeWin":20,"homeLoss":14,"awayWin":14,"awayLoss":17}
{"_id":{"$oid":"5cb552e5e0f627212ff3b77b"},"stDate":"2018/3/9","teamAbbr":"MIL","rank":7,"rankOrd":"7th","gameWon":35,"gameLost":31,"stk":"W1","homeWin":21,"homeLoss":14,"awayWin":14,"awayLoss":17}
{"_id":{"$oid":"5cb552e5e0f627212ff3b798"},"stDate":"2018/3/10","teamAbbr":"MIL","rank":8,"rankOrd":"8th","gameWon":35,"gameLost":31,"stk":"W1","homeWin":21,"homeLoss":14,"awayWin":14,"awayLoss":17}
{"_id":{"$oid":"5cb552e5e0f627212ff3b7b7"},"stDate":"2018/3/11","teamAbbr":"MIL","rank":8,"rankOrd":"8th","gameWon":35,"gameLost":31,"stk":"W1","homeWin":21,"homeLoss":14,"awayWin":14,"awayLoss":17}
{"_id":{"$oid":"5cb552e5e0f627212ff3b7d5"},"stDate":"2018/3/12","teamAbbr":"MIL","rank":7,"rankOrd":"7th","gameWon":36,"gameLost":31,"stk":"W2","homeWin":21,"homeLoss":14,"awayWin":15,"awayLoss":17}
{"_id":{"$oid":"5cb552e5e0f627212ff3b7f3"},"stDate":"2018/3/13","teamAbbr":"MIL","rank":7,"rankOrd":"7th","gameWon":36,"gameLost":31,"stk":"W2","homeWin":21,"homeLoss":14,"awayWin":15,"awayLoss":17}
{"_id":{"$oid":"5cb552e5e0f627212ff3b811"},"stDate":"2018/3/14","teamAbbr":"MIL","rank":7,"rankOrd":"7th","gameWon":36,"gameLost":32,"stk":"L1","homeWin":21,"homeLoss":14,"awayWin":15,"awayLoss":18}
{"_id":{"$oid":"5cb552e5e0f627212ff3b82f"},"stDate":"2018/3/15","teamAbbr":"MIL","rank":7,"rankOrd":"7th","gameWon":36,"gameLost":32,"stk":"L1","homeWin":21,"homeLoss":14,"awayWin":15,"awayLoss":18}
{"_id":{"$oid":"5cb552e5e0f627212ff3b84d"},"stDate":"2018/3/16","teamAbbr":"MIL","rank":7,"rankOrd":"7th","gameWon":36,"gameLost":32,"stk":"L1","homeWin":21,"homeLoss":14,"awayWin":15,"awayLoss":18}
{"_id":{"$oid":"5cb552e5e0f627212ff3b86b"},"stDate":"2018/3/17","teamAbbr":"MIL","rank":7,"rankOrd":"7th","gameWon":37,"gameLost":32,"stk":"W1","homeWin":22,"homeLoss":14,"awayWin":15,"awayLoss":18}
{"_id":{"$oid":"5cb552e5e0f627212ff3b88a"},"stDate":"2018/3/18","teamAbbr":"MIL","rank":7,"rankOrd":"7th","gameWon":37,"gameLost":32,"stk":"W1","homeWin":22,"homeLoss":14,"awayWin":15,"awayLoss":18}
{"_id":{"$oid":"5cb552e5e0f627212ff3b8a8"},"stDate":"2018/3/19","teamAbbr":"MIL","rank":8,"rankOrd":"8th","gameWon":37,"gameLost":33,"stk":"L1","homeWin":22,"homeLoss":14,"awayWin":15,"awayLoss":19}
{"_id":{"$oid":"5cb552e5e0f627212ff3b8c5"},"stDate":"2018/3/20","teamAbbr":"MIL","rank":8,"rankOrd":"8th","gameWon":37,"gameLost":33,"stk":"L1","homeWin":22,"homeLoss":14,"awayWin":15,"awayLoss":19}
{"_id":{"$oid":"5cb552e5e0f627212ff3b8e4"},"stDate":"2018/3/21","teamAbbr":"MIL","rank":8,"rankOrd":"8th","gameWon":37,"gameLost":34,"stk":"L2","homeWin":22,"homeLoss":15,"awayWin":15,"awayLoss":19}
{"_id":{"$oid":"5cb552e5e0f627212ff3b902"},"stDate":"2018/3/22","teamAbbr":"MIL","rank":8,"rankOrd":"8th","gameWon":37,"gameLost":34,"stk":"L2","homeWin":22,"homeLoss":15,"awayWin":15,"awayLoss":19}
{"_id":{"$oid":"5cb552e5e0f627212ff3b933"},"stDate":"2018/3/23","teamAbbr":"MIL","rank":8,"rankOrd":"8th","gameWon":38,"gameLost":34,"stk":"W1","homeWin":22,"homeLoss":15,"awayWin":16,"awayLoss":19}
{"_id":{"$oid":"5cb552e5e0f627212ff3b93d"},"stDate":"2018/3/24","teamAbbr":"MIL","rank":8,"rankOrd":"8th","gameWon":38,"gameLost":34,"stk":"W1","homeWin":22,"homeLoss":15,"awayWin":16,"awayLoss":19}
{"_id":{"$oid":"5cb552e5e0f627212ff3b95b"},"stDate":"2018/3/25","teamAbbr":"MIL","rank":7,"rankOrd":"7th","gameWon":39,"gameLost":34,"stk":"W2","homeWin":23,"homeLoss":15,"awayWin":16,"awayLoss":19}
{"_id":{"$oid":"5cb552e5e0f627212ff3b979"},"stDate":"2018/3/26","teamAbbr":"MIL","rank":7,"rankOrd":"7th","gameWon":39,"gameLost":34,"stk":"W2","homeWin":23,"homeLoss":15,"awayWin":16,"awayLoss":19}
{"_id":{"$oid":"5cb552e5e0f627212ff3b998"},"stDate":"2018/3/27","teamAbbr":"MIL","rank":8,"rankOrd":"8th","gameWon":39,"gameLost":35,"stk":"L1","homeWin":23,"homeLoss":15,"awayWin":16,"awayLoss":20}
{"_id":{"$oid":"5cb552e5e0f627212ff3b9b5"},"stDate":"2018/3/28","teamAbbr":"MIL","rank":8,"rankOrd":"8th","gameWon":39,"gameLost":35,"stk":"L1","homeWin":23,"homeLoss":15,"awayWin":16,"awayLoss":20}
{"_id":{"$oid":"5cb552e5e0f627212ff3b9d3"},"stDate":"2018/3/29","teamAbbr":"MIL","rank":8,"rankOrd":"8th","gameWon":40,"gameLost":35,"stk":"W1","homeWin":23,"homeLoss":15,"awayWin":17,"awayLoss":20}
{"_id":{"$oid":"5cb552e5e0f627212ff3b9f1"},"stDate":"2018/3/30","teamAbbr":"MIL","rank":7,"rankOrd":"7th","gameWon":41,"gameLost":35,"stk":"W2","homeWin":23,"homeLoss":15,"awayWin":18,"awayLoss":20}
{"_id":{"$oid":"5cb552e5e0f627212ff3ba0e"},"stDate":"2018/3/31","teamAbbr":"MIL","rank":7,"rankOrd":"7th","gameWon":41,"gameLost":35,"stk":"W2","homeWin":23,"homeLoss":15,"awayWin":18,"awayLoss":20}
{"_id":{"$oid":"5cb552e5e0f627212ff3ba2d"},"stDate":"2018/4/1","teamAbbr":"MIL","rank":7,"rankOrd":"7th","gameWon":41,"gameLost":36,"stk":"L1","homeWin":23,"homeLoss":15,"awayWin":18,"awayLoss":21}
{"_id":{"$oid":"5cb552e5e0f627212ff3ba4b"},"stDate":"2018/4/3","teamAbbr":"MIL","rank":6,"rankOrd":"6th","gameWon":42,"gameLost":36,"stk":"W1","homeWin":24,"homeLoss":15,"awayWin":18,"awayLoss":21}
{"_id":{"$oid":"5cb552e5e0f627212ff3ba69"},"stDate":"2018/4/4","teamAbbr":"MIL","rank":7,"rankOrd":"7th","gameWon":42,"gameLost":36,"stk":"W1","homeWin":24,"homeLoss":15,"awayWin":18,"awayLoss":21}
{"_id":{"$oid":"5cb552e5e0f627212ff3ba87"},"stDate":"2018/4/5","teamAbbr":"MIL","rank":7,"rankOrd":"7th","gameWon":42,"gameLost":37,"stk":"L1","homeWin":24,"homeLoss":16,"awayWin":18,"awayLoss":21}
{"_id":{"$oid":"5cb552e5e0f627212ff3baa5"},"stDate":"2018/4/6","teamAbbr":"MIL","rank":7,"rankOrd":"7th","gameWon":42,"gameLost":37,"stk":"L1","homeWin":24,"homeLoss":16,"awayWin":18,"awayLoss":21}
{"_id":{"$oid":"5cb552e5e0f627212ff3bac5"},"stDate":"2018/4/7","teamAbbr":"MIL","rank":6,"rankOrd":"6th","gameWon":43,"gameLost":37,"stk":"W1","homeWin":24,"homeLoss":16,"awayWin":19,"awayLoss":21}
{"_id":{"$oid":"5cb552e5e0f627212ff3bae1"},"stDate":"2018/4/8","teamAbbr":"MIL","rank":6,"rankOrd":"6th","gameWon":43,"gameLost":37,"stk":"W1","homeWin":24,"homeLoss":16,"awayWin":19,"awayLoss":21}
{"_id":{"$oid":"5cb552e5e0f627212ff3baff"},"stDate":"2018/4/9","teamAbbr":"MIL","rank":6,"rankOrd":"6th","gameWon":44,"gameLost":37,"stk":"W2","homeWin":25,"homeLoss":16,"awayWin":19,"awayLoss":21}
{"_id":{"$oid":"5cb552e5e0f627212ff3bb1e"},"stDate":"2018/4/10","teamAbbr":"MIL","rank":6,"rankOrd":"6th","gameWon":44,"gameLost":37,"stk":"W2","homeWin":25,"homeLoss":16,"awayWin":19,"awayLoss":21}
{"_id":{"$oid":"5cb552e5e0f627212ff3bb3d"},"stDate":"2018/4/11","teamAbbr":"MIL","rank":6,"rankOrd":"6th","gameWon":44,"gameLost":38,"stk":"L1","homeWin":25,"homeLoss":16,"awayWin":19,"awayLoss":22}
