{"_id":{"$oid":"5cb552f6e0f627212ff3bb59"},"gmDate":"2017/10/18","offLNm3":"Wall","offFNm3":"Scott","teamAbbr":"SA","teamConf":"West","teamLoc":"Home","teamRslt":"Win","teamPTS":107,"teamAST":22,"teamTO":11,"teamSTL":8,"teamBLK":11,"teamPF":18,"teamFGA":89,"teamFGM":41,"team2PA":68,"team2PM":33,"team3PA":21,"team3PM":8,"teamFTA":19,"teamFTM":17,"teamORB":12,"teamDRB":38,"teamPTS1":32,"teamPTS2":21,"teamPTS3":34,"teamPTS4":20,"teamPTS5":0,"teamPTS6":0,"teamPTS7":0,"teamPTS8":0,"opptAbbr":"MIN","opptConf":"West","opptLoc":"Away","opptRslt":"Loss","opptPTS":99,"opptAST":23,"opptTO":13,"opptSTL":7,"opptBLK":4,"opptPF":16,"opptFGA":85,"opptFGM":37,"oppt2PA":66,"oppt2PM":29,"oppt3PA":19,"oppt3PM":8,"opptFTA":23,"opptFTM":17,"opptORB":11,"opptDRB":31,"opptPTS1":25,"opptPTS2":24,"opptPTS3":28,"opptPTS4":22,"opptPTS5":0,"opptPTS6":0,"opptPTS7":0,"opptPTS8":0}
{"_id":{"$oid":"5cb552f6e0f627212ff3bb64"},"gmDate":"2017/10/20","offLNm3":"Richardson","offFNm3":"Leroy","teamAbbr":"MIN","teamConf":"West","teamLoc":"Home","teamRslt":"Win","teamPTS":100,"teamAST":17,"teamTO":16,"teamSTL":11,"teamBLK":2,"teamPF":17,"teamFGA":81,"teamFGM":36,"team2PA":59,"team2PM":29,"team3PA":22,"team3PM":7,"teamFTA":26,"teamFTM":21,"teamORB":10,"teamDRB":34,"teamPTS1":19,"teamPTS2":27,"teamPTS3":24,"teamPTS4":30,"teamPTS5":0,"teamPTS6":0,"teamPTS7":0,"teamPTS8":0,"opptAbbr":"UTA","opptConf":"West","opptLoc":"Away","opptRslt":"Loss","opptPTS":97,"opptAST":23,"opptTO":19,"opptSTL":10,"opptBLK":8,"opptPF":21,"opptFGA":77,"opptFGM":37,"oppt2PA":55,"oppt2PM":28,"oppt3PA":22,"oppt3PM":9,"opptFTA":17,"opptFTM":14,"opptORB":7,"opptDRB":31,"opptPTS1":16,"opptPTS2":26,"opptPTS3":23,"opptPTS4":32,"opptPTS5":0,"opptPTS6":0,"opptPTS7":0,"opptPTS8":0}
{"_id":{"$oid":"5cb552f6e0f627212ff3bb74"},"gmDate":"2017/10/22","offLNm3":"Sterling","offFNm3":"Jonathan","teamAbbr":"OKC","teamConf":"West","teamLoc":"Home","teamRslt":"Loss","teamPTS":113,"teamAST":26,"teamTO":11,"teamSTL":9,"teamBLK":6,"teamPF":22,"teamFGA":96,"teamFGM":46,"team2PA":65,"team2PM":35,"team3PA":31,"team3PM":11,"teamFTA":16,"teamFTM":10,"teamORB":9,"teamDRB":27,"teamPTS1":23,"teamPTS2":31,"teamPTS3":21,"teamPTS4":38,"teamPTS5":0,"teamPTS6":0,"teamPTS7":0,"teamPTS8":0,"opptAbbr":"MIN","opptConf":"West","opptLoc":"Away","opptRslt":"Win","opptPTS":115,"opptAST":25,"opptTO":18,"opptSTL":5,"opptBLK":1,"opptPF":17,"opptFGA":86,"opptFGM":43,"oppt2PA":61,"oppt2PM":33,"oppt3PA":25,"oppt3PM":10,"opptFTA":23,"opptFTM":19,"opptORB":10,"opptDRB":35,"opptPTS1":28,"opptPTS2":33,"opptPTS3":27,"opptPTS4":27,"opptPTS5":0,"opptPTS6":0,"opptPTS7":0,"opptPTS8":0}
{"_id":{"$oid":"5cb552f6e0f627212ff3bb83"},"gmDate":"2017/10/25","offLNm3":"Malloy","offFNm3":"Ed","teamAbbr":"DET","teamConf":"East","teamLoc":"Home","teamRslt":"Win","teamPTS":122,"teamAST":32,"teamTO":15,"teamSTL":7,"teamBLK":3,"teamPF":22,"teamFGA":92,"teamFGM":48,"team2PA":58,"team2PM":33,"team3PA":34,"team3PM":15,"teamFTA":17,"teamFTM":11,"teamORB":12,"teamDRB":35,"teamPTS1":23,"teamPTS2":40,"teamPTS3":28,"teamPTS4":31,"teamPTS5":0,"teamPTS6":0,"teamPTS7":0,"teamPTS8":0,"opptAbbr":"MIN","opptConf":"West","opptLoc":"Away","opptRslt":"Loss","opptPTS":101,"opptAST":19,"opptTO":14,"opptSTL":5,"opptBLK":4,"opptPF":19,"opptFGA":85,"opptFGM":37,"oppt2PA":60,"oppt2PM":28,"oppt3PA":25,"oppt3PM":9,"opptFTA":21,"opptFTM":18,"opptORB":7,"opptDRB":30,"opptPTS1":26,"opptPTS2":18,"opptPTS3":29,"opptPTS4":28,"opptPTS5":0,"opptPTS6":0,"opptPTS7":0,"opptPTS8":0}
{"_id":{"$oid":"5cb552f6e0f627212ff3bb87"},"gmDate":"2017/10/24","offLNm3":"Brothers","offFNm3":"Tony","teamAbbr":"MIN","teamConf":"West","teamLoc":"Home","teamRslt":"Loss","teamPTS":107,"teamAST":27,"teamTO":14,"teamSTL":9,"teamBLK":4,"teamPF":14,"teamFGA":86,"teamFGM":42,"team2PA":62,"team2PM":33,"team3PA":24,"team3PM":9,"teamFTA":22,"teamFTM":14,"teamORB":9,"teamDRB":18,"teamPTS1":20,"teamPTS2":41,"teamPTS3":23,"teamPTS4":23,"teamPTS5":0,"teamPTS6":0,"teamPTS7":0,"teamPTS8":0,"opptAbbr":"IND","opptConf":"East","opptLoc":"Away","opptRslt":"Win","opptPTS":130,"opptAST":31,"opptTO":18,"opptSTL":8,"opptBLK":2,"opptPF":21,"opptFGA":84,"opptFGM":56,"oppt2PA":62,"oppt2PM":46,"oppt3PA":22,"oppt3PM":10,"opptFTA":11,"opptFTM":8,"opptORB":8,"opptDRB":34,"opptPTS1":33,"opptPTS2":28,"opptPTS3":37,"opptPTS4":32,"opptPTS5":0,"opptPTS6":0,"opptPTS7":0,"opptPTS8":0}
{"_id":{"$oid":"5cb552f6e0f627212ff3bb97"},"gmDate":"2017/10/27","offLNm3":"Brown","offFNm3":"Tony","teamAbbr":"MIN","teamConf":"West","teamLoc":"Home","teamRslt":"Win","teamPTS":119,"teamAST":23,"teamTO":16,"teamSTL":5,"teamBLK":7,"teamPF":21,"teamFGA":86,"teamFGM":42,"team2PA":64,"team2PM":34,"team3PA":22,"team3PM":8,"teamFTA":35,"teamFTM":27,"teamORB":17,"teamDRB":27,"teamPTS1":26,"teamPTS2":33,"teamPTS3":31,"teamPTS4":29,"teamPTS5":0,"teamPTS6":0,"teamPTS7":0,"teamPTS8":0,"opptAbbr":"OKC","opptConf":"West","opptLoc":"Away","opptRslt":"Loss","opptPTS":116,"opptAST":19,"opptTO":14,"opptSTL":8,"opptBLK":9,"opptPF":29,"opptFGA":86,"opptFGM":43,"oppt2PA":58,"oppt2PM":35,"oppt3PA":28,"oppt3PM":8,"opptFTA":25,"opptFTM":22,"opptORB":11,"opptDRB":24,"opptPTS1":33,"opptPTS2":26,"opptPTS3":30,"opptPTS4":27,"opptPTS5":0,"opptPTS6":0,"opptPTS7":0,"opptPTS8":0}
{"_id":{"$oid":"5cb552f6e0f627212ff3bba9"},"gmDate":"2017/10/30","offLNm3":"Collins","offFNm3":"Derrick","teamAbbr":"MIA","teamConf":"East","teamLoc":"Home","teamRslt":"Loss","teamPTS":122,"teamAST":17,"teamTO":24,"teamSTL":8,"teamBLK":5,"teamPF":28,"teamFGA":93,"teamFGM":49,"team2PA":66,"team2PM":42,"team3PA":27,"team3PM":7,"teamFTA":25,"teamFTM":17,"teamORB":15,"teamDRB":35,"teamPTS1":32,"teamPTS2":30,"teamPTS3":20,"teamPTS4":28,"teamPTS5":12,"teamPTS6":0,"teamPTS7":0,"teamPTS8":0,"opptAbbr":"MIN","opptConf":"West","opptLoc":"Away","opptRslt":"Win","opptPTS":125,"opptAST":20,"opptTO":16,"opptSTL":16,"opptBLK":4,"opptPF":25,"opptFGA":91,"opptFGM":41,"oppt2PA":68,"oppt2PM":30,"oppt3PA":23,"oppt3PM":11,"opptFTA":35,"opptFTM":32,"opptORB":10,"opptDRB":30,"opptPTS1":23,"opptPTS2":37,"opptPTS3":19,"opptPTS4":31,"opptPTS5":15,"opptPTS6":0,"opptPTS7":0,"opptPTS8":0}
{"_id":{"$oid":"5cb552f6e0f627212ff3bbbd"},"gmDate":"2017/11/1","offLNm3":"Sterling","offFNm3":"Jonathan","teamAbbr":"NO","teamConf":"West","teamLoc":"Home","teamRslt":"Loss","teamPTS":98,"teamAST":27,"teamTO":19,"teamSTL":13,"teamBLK":4,"teamPF":24,"teamFGA":84,"teamFGM":36,"team2PA":53,"team2PM":28,"team3PA":31,"team3PM":8,"teamFTA":21,"teamFTM":18,"teamORB":9,"teamDRB":29,"teamPTS1":28,"teamPTS2":26,"teamPTS3":23,"teamPTS4":21,"teamPTS5":0,"teamPTS6":0,"teamPTS7":0,"teamPTS8":0,"opptAbbr":"MIN","opptConf":"West","opptLoc":"Away","opptRslt":"Win","opptPTS":104,"opptAST":20,"opptTO":22,"opptSTL":13,"opptBLK":3,"opptPF":21,"opptFGA":83,"opptFGM":41,"oppt2PA":61,"oppt2PM":35,"oppt3PA":22,"oppt3PM":6,"opptFTA":24,"opptFTM":16,"opptORB":11,"opptDRB":36,"opptPTS1":31,"opptPTS2":34,"opptPTS3":18,"opptPTS4":21,"opptPTS5":0,"opptPTS6":0,"opptPTS7":0,"opptPTS8":0}
{"_id":{"$oid":"5cb552f6e0f627212ff3bbd3"},"gmDate":"2017/11/4","offLNm3":"Foster","offFNm3":"Scott","teamAbbr":"MIN","teamConf":"West","teamLoc":"Home","teamRslt":"Win","teamPTS":112,"teamAST":33,"teamTO":19,"teamSTL":7,"teamBLK":8,"teamPF":20,"teamFGA":79,"teamFGM":43,"team2PA":55,"team2PM":33,"team3PA":24,"team3PM":10,"teamFTA":20,"teamFTM":16,"teamORB":10,"teamDRB":38,"teamPTS1":27,"teamPTS2":32,"teamPTS3":34,"teamPTS4":19,"teamPTS5":0,"teamPTS6":0,"teamPTS7":0,"teamPTS8":0,"opptAbbr":"DAL","opptConf":"West","opptLoc":"Away","opptRslt":"Loss","opptPTS":99,"opptAST":18,"opptTO":16,"opptSTL":7,"opptBLK":2,"opptPF":19,"opptFGA":86,"opptFGM":40,"oppt2PA":59,"oppt2PM":30,"oppt3PA":27,"oppt3PM":10,"opptFTA":12,"opptFTM":9,"opptORB":7,"opptDRB":24,"opptPTS1":18,"opptPTS2":31,"opptPTS3":20,"opptPTS4":30,"opptPTS5":0,"opptPTS6":0,"opptPTS7":0,"opptPTS8":0}
{"_id":{"$oid":"5cb552f6e0f627212ff3bbdc"},"gmDate":"2017/11/5","offLNm3":"Kennedy","offFNm3":"Bill","teamAbbr":"MIN","teamConf":"West","teamLoc":"Home","teamRslt":"Win","teamPTS":112,"teamAST":20,"teamTO":16,"teamSTL":4,"teamBLK":4,"teamPF":19,"teamFGA":83,"teamFGM":38,"team2PA":59,"team2PM":28,"team3PA":24,"team3PM":10,"teamFTA":30,"teamFTM":26,"teamORB":12,"teamDRB":42,"teamPTS1":28,"teamPTS2":40,"teamPTS3":29,"teamPTS4":15,"teamPTS5":0,"teamPTS6":0,"teamPTS7":0,"teamPTS8":0,"opptAbbr":"CHA","opptConf":"East","opptLoc":"Away","opptRslt":"Loss","opptPTS":94,"opptAST":24,"opptTO":11,"opptSTL":8,"opptBLK":3,"opptPF":24,"opptFGA":87,"opptFGM":37,"oppt2PA":59,"oppt2PM":28,"oppt3PA":28,"oppt3PM":9,"opptFTA":21,"opptFTM":11,"opptORB":8,"opptDRB":30,"opptPTS1":28,"opptPTS2":23,"opptPTS3":28,"opptPTS4":15,"opptPTS5":0,"opptPTS6":0,"opptPTS7":0,"opptPTS8":0}
{"_id":{"$oid":"5cb552f6e0f627212ff3bbf0"},"gmDate":"2017/11/8","offLNm3":"Collins","offFNm3":"Derrick","teamAbbr":"GS","teamConf":"West","teamLoc":"Home","teamRslt":"Win","teamPTS":125,"teamAST":37,"teamTO":19,"teamSTL":10,"teamBLK":9,"teamPF":23,"teamFGA":85,"teamFGM":48,"team2PA":49,"team2PM":33,"team3PA":36,"team3PM":15,"teamFTA":18,"teamFTM":14,"teamORB":3,"teamDRB":42,"teamPTS1":22,"teamPTS2":29,"teamPTS3":44,"teamPTS4":30,"teamPTS5":0,"teamPTS6":0,"teamPTS7":0,"teamPTS8":0,"opptAbbr":"MIN","opptConf":"West","opptLoc":"Away","opptRslt":"Loss","opptPTS":101,"opptAST":21,"opptTO":14,"opptSTL":15,"opptBLK":0,"opptPF":14,"opptFGA":92,"opptFGM":38,"oppt2PA":68,"oppt2PM":33,"oppt3PA":24,"oppt3PM":5,"opptFTA":27,"opptFTM":20,"opptORB":9,"opptDRB":32,"opptPTS1":22,"opptPTS2":28,"opptPTS3":26,"opptPTS4":25,"opptPTS5":0,"opptPTS6":0,"opptPTS7":0,"opptPTS8":0}
{"_id":{"$oid":"5cb552f6e0f627212ff3bc07"},"gmDate":"2017/11/11","offLNm3":"Fraher","offFNm3":"Pat","teamAbbr":"PHO","teamConf":"West","teamLoc":"Home","teamRslt":"Win","teamPTS":118,"teamAST":21,"teamTO":18,"teamSTL":4,"teamBLK":10,"teamPF":25,"teamFGA":86,"teamFGM":46,"team2PA":60,"team2PM":36,"team3PA":26,"team3PM":10,"teamFTA":24,"teamFTM":16,"teamORB":7,"teamDRB":39,"teamPTS1":19,"teamPTS2":37,"teamPTS3":29,"teamPTS4":33,"teamPTS5":0,"teamPTS6":0,"teamPTS7":0,"teamPTS8":0,"opptAbbr":"MIN","opptConf":"West","opptLoc":"Away","opptRslt":"Loss","opptPTS":110,"opptAST":16,"opptTO":11,"opptSTL":12,"opptBLK":4,"opptPF":21,"opptFGA":96,"opptFGM":39,"oppt2PA":76,"oppt2PM":35,"oppt3PA":20,"oppt3PM":4,"opptFTA":35,"opptFTM":28,"opptORB":19,"opptDRB":28,"opptPTS1":28,"opptPTS2":32,"opptPTS3":28,"opptPTS4":22,"opptPTS5":0,"opptPTS6":0,"opptPTS7":0,"opptPTS8":0}
{"_id":{"$oid":"5cb552f6e0f627212ff3bc12"},"gmDate":"2017/11/13","offLNm3":"Richardson","offFNm3":"Randy","teamAbbr":"UTA","teamConf":"West","teamLoc":"Home","teamRslt":"Loss","teamPTS":98,"teamAST":23,"teamTO":15,"teamSTL":8,"teamBLK":4,"teamPF":23,"teamFGA":84,"teamFGM":37,"team2PA":44,"team2PM":23,"team3PA":40,"team3PM":14,"teamFTA":11,"teamFTM":10,"teamORB":8,"teamDRB":23,"teamPTS1":14,"teamPTS2":28,"teamPTS3":23,"teamPTS4":33,"teamPTS5":0,"teamPTS6":0,"teamPTS7":0,"teamPTS8":0,"opptAbbr":"MIN","opptConf":"West","opptLoc":"Away","opptRslt":"Win","opptPTS":109,"opptAST":22,"opptTO":17,"opptSTL":9,"opptBLK":5,"opptPF":13,"opptFGA":71,"opptFGM":37,"oppt2PA":51,"oppt2PM":27,"oppt3PA":20,"oppt3PM":10,"opptFTA":29,"opptFTM":25,"opptORB":5,"opptDRB":35,"opptPTS1":33,"opptPTS2":24,"opptPTS3":31,"opptPTS4":21,"opptPTS5":0,"opptPTS6":0,"opptPTS7":0,"opptPTS8":0}
{"_id":{"$oid":"5cb552f6e0f627212ff3bc1f"},"gmDate":"2017/11/15","offLNm3":"Brown","offFNm3":"Tony","teamAbbr":"MIN","teamConf":"West","teamLoc":"Home","teamRslt":"Win","teamPTS":98,"teamAST":27,"teamTO":7,"teamSTL":9,"teamBLK":4,"teamPF":16,"teamFGA":87,"teamFGM":39,"team2PA":69,"team2PM":30,"team3PA":18,"team3PM":9,"teamFTA":16,"teamFTM":11,"teamORB":11,"teamDRB":30,"teamPTS1":18,"teamPTS2":39,"teamPTS3":18,"teamPTS4":23,"teamPTS5":0,"teamPTS6":0,"teamPTS7":0,"teamPTS8":0,"opptAbbr":"SA","opptConf":"West","opptLoc":"Away","opptRslt":"Loss","opptPTS":86,"opptAST":20,"opptTO":16,"opptSTL":4,"opptBLK":4,"opptPF":18,"opptFGA":79,"opptFGM":33,"oppt2PA":55,"oppt2PM":26,"oppt3PA":24,"oppt3PM":7,"opptFTA":15,"opptFTM":13,"opptORB":13,"opptDRB":32,"opptPTS1":24,"opptPTS2":19,"opptPTS3":22,"opptPTS4":21,"opptPTS5":0,"opptPTS6":0,"opptPTS7":0,"opptPTS8":0}
{"_id":{"$oid":"5cb552f6e0f627212ff3bc2d"},"gmDate":"2017/11/17","offLNm3":"Nansel","offFNm3":"Brett","teamAbbr":"DAL","teamConf":"West","teamLoc":"Home","teamRslt":"Loss","teamPTS":87,"teamAST":18,"teamTO":11,"teamSTL":3,"teamBLK":3,"teamPF":20,"teamFGA":86,"teamFGM":32,"team2PA":48,"team2PM":24,"team3PA":38,"team3PM":8,"teamFTA":17,"teamFTM":15,"teamORB":11,"teamDRB":30,"teamPTS1":29,"teamPTS2":26,"teamPTS3":17,"teamPTS4":15,"teamPTS5":0,"teamPTS6":0,"teamPTS7":0,"teamPTS8":0,"opptAbbr":"MIN","opptConf":"West","opptLoc":"Away","opptRslt":"Win","opptPTS":111,"opptAST":27,"opptTO":10,"opptSTL":7,"opptBLK":0,"opptPF":18,"opptFGA":84,"opptFGM":39,"oppt2PA":54,"oppt2PM":26,"oppt3PA":30,"oppt3PM":13,"opptFTA":23,"opptFTM":20,"opptORB":11,"opptDRB":37,"opptPTS1":24,"opptPTS2":19,"opptPTS3":31,"opptPTS4":37,"opptPTS5":0,"opptPTS6":0,"opptPTS7":0,"opptPTS8":0}
{"_id":{"$oid":"5cb552f6e0f627212ff3bc3b"},"gmDate":"2017/11/19","offLNm3":"Corbin","offFNm3":"Sean","teamAbbr":"MIN","teamConf":"West","teamLoc":"Home","teamRslt":"Loss","teamPTS":97,"teamAST":23,"teamTO":21,"teamSTL":11,"teamBLK":4,"teamPF":20,"teamFGA":78,"teamFGM":40,"team2PA":56,"team2PM":35,"team3PA":22,"team3PM":5,"teamFTA":18,"teamFTM":12,"teamORB":6,"teamDRB":32,"teamPTS1":24,"teamPTS2":29,"teamPTS3":27,"teamPTS4":17,"teamPTS5":0,"teamPTS6":0,"teamPTS7":0,"teamPTS8":0,"opptAbbr":"DET","opptConf":"East","opptLoc":"Away","opptRslt":"Win","opptPTS":100,"opptAST":25,"opptTO":19,"opptSTL":10,"opptBLK":2,"opptPF":21,"opptFGA":83,"opptFGM":39,"oppt2PA":58,"oppt2PM":31,"oppt3PA":25,"oppt3PM":8,"opptFTA":20,"opptFTM":14,"opptORB":11,"opptDRB":26,"opptPTS1":22,"opptPTS2":27,"opptPTS3":22,"opptPTS4":29,"opptPTS5":0,"opptPTS6":0,"opptPTS7":0,"opptPTS8":0}
{"_id":{"$oid":"5cb552f6e0f627212ff3bc3e"},"gmDate":"2017/11/20","offLNm3":"Adams","offFNm3":"Bennie","teamAbbr":"CHA","teamConf":"East","teamLoc":"Home","teamRslt":"Win","teamPTS":118,"teamAST":22,"teamTO":17,"teamSTL":5,"teamBLK":7,"teamPF":18,"teamFGA":85,"teamFGM":42,"team2PA":59,"team2PM":31,"team3PA":26,"team3PM":11,"teamFTA":29,"teamFTM":23,"teamORB":11,"teamDRB":41,"teamPTS1":26,"teamPTS2":29,"teamPTS3":29,"teamPTS4":34,"teamPTS5":0,"teamPTS6":0,"teamPTS7":0,"teamPTS8":0,"opptAbbr":"MIN","opptConf":"West","opptLoc":"Away","opptRslt":"Loss","opptPTS":102,"opptAST":13,"opptTO":11,"opptSTL":8,"opptBLK":6,"opptPF":21,"opptFGA":90,"opptFGM":37,"oppt2PA":63,"oppt2PM":31,"oppt3PA":27,"oppt3PM":6,"opptFTA":26,"opptFTM":22,"opptORB":10,"opptDRB":28,"opptPTS1":24,"opptPTS2":28,"opptPTS3":28,"opptPTS4":22,"opptPTS5":0,"opptPTS6":0,"opptPTS7":0,"opptPTS8":0}
{"_id":{"$oid":"5cb552f6e0f627212ff3bc52"},"gmDate":"2017/11/22","offLNm3":"Washington","offFNm3":"Tom","teamAbbr":"MIN","teamConf":"West","teamLoc":"Home","teamRslt":"Win","teamPTS":124,"teamAST":22,"teamTO":8,"teamSTL":9,"teamBLK":3,"teamPF":17,"teamFGA":87,"teamFGM":40,"team2PA":64,"team2PM":32,"team3PA":23,"team3PM":8,"teamFTA":45,"teamFTM":36,"teamORB":10,"teamDRB":32,"teamPTS1":30,"teamPTS2":35,"teamPTS3":41,"teamPTS4":18,"teamPTS5":0,"teamPTS6":0,"teamPTS7":0,"teamPTS8":0,"opptAbbr":"ORL","opptConf":"East","opptLoc":"Away","opptRslt":"Loss","opptPTS":118,"opptAST":28,"opptTO":15,"opptSTL":4,"opptBLK":4,"opptPF":31,"opptFGA":91,"opptFGM":46,"oppt2PA":54,"oppt2PM":34,"oppt3PA":37,"oppt3PM":12,"opptFTA":22,"opptFTM":14,"opptORB":7,"opptDRB":37,"opptPTS1":35,"opptPTS2":27,"opptPTS3":18,"opptPTS4":38,"opptPTS5":0,"opptPTS6":0,"opptPTS7":0,"opptPTS8":0}
{"_id":{"$oid":"5cb552f6e0f627212ff3bc5c"},"gmDate":"2017/11/24","offLNm3":"Adair","offFNm3":"Brandon","teamAbbr":"MIN","teamConf":"West","teamLoc":"Home","teamRslt":"Loss","teamPTS":97,"teamAST":21,"teamTO":10,"teamSTL":9,"teamBLK":3,"teamPF":16,"teamFGA":84,"teamFGM":37,"team2PA":67,"team2PM":30,"team3PA":17,"team3PM":7,"teamFTA":26,"teamFTM":16,"teamORB":13,"teamDRB":31,"teamPTS1":24,"teamPTS2":24,"teamPTS3":22,"teamPTS4":27,"teamPTS5":0,"teamPTS6":0,"teamPTS7":0,"teamPTS8":0,"opptAbbr":"MIA","opptConf":"East","opptLoc":"Away","opptRslt":"Win","opptPTS":109,"opptAST":29,"opptTO":14,"opptSTL":4,"opptBLK":4,"opptPF":24,"opptFGA":80,"opptFGM":38,"oppt2PA":41,"oppt2PM":19,"oppt3PA":39,"oppt3PM":19,"opptFTA":16,"opptFTM":14,"opptORB":9,"opptDRB":33,"opptPTS1":28,"opptPTS2":30,"opptPTS3":23,"opptPTS4":28,"opptPTS5":0,"opptPTS6":0,"opptPTS7":0,"opptPTS8":0}
{"_id":{"$oid":"5cb552f6e0f627212ff3bc6d"},"gmDate":"2017/11/26","offLNm3":"Callahan","offFNm3":"Mike","teamAbbr":"MIN","teamConf":"West","teamLoc":"Home","teamRslt":"Win","teamPTS":119,"teamAST":24,"teamTO":14,"teamSTL":12,"teamBLK":5,"teamPF":14,"teamFGA":93,"teamFGM":49,"team2PA":72,"team2PM":40,"team3PA":21,"team3PM":9,"teamFTA":17,"teamFTM":12,"teamORB":19,"teamDRB":29,"teamPTS1":33,"teamPTS2":30,"teamPTS3":30,"teamPTS4":26,"teamPTS5":0,"teamPTS6":0,"teamPTS7":0,"teamPTS8":0,"opptAbbr":"PHO","opptConf":"West","opptLoc":"Away","opptRslt":"Loss","opptPTS":108,"opptAST":25,"opptTO":16,"opptSTL":6,"opptBLK":1,"opptPF":20,"opptFGA":85,"opptFGM":43,"oppt2PA":59,"oppt2PM":30,"oppt3PA":26,"oppt3PM":13,"opptFTA":12,"opptFTM":9,"opptORB":11,"opptDRB":26,"opptPTS1":27,"opptPTS2":31,"opptPTS3":22,"opptPTS4":28,"opptPTS5":0,"opptPTS6":0,"opptPTS7":0,"opptPTS8":0}
{"_id":{"$oid":"5cb552f6e0f627212ff3bc79"},"gmDate":"2017/11/28","offLNm3":"Sterling","offFNm3":"Jonathan","teamAbbr":"MIN","teamConf":"West","teamLoc":"Home","teamRslt":"Loss","teamPTS":89,"teamAST":27,"teamTO":10,"teamSTL":3,"teamBLK":1,"teamPF":17,"teamFGA":85,"teamFGM":35,"team2PA":55,"team2PM":25,"team3PA":30,"team3PM":10,"teamFTA":14,"teamFTM":9,"teamORB":13,"teamDRB":36,"teamPTS1":30,"teamPTS2":21,"teamPTS3":20,"teamPTS4":18,"teamPTS5":0,"teamPTS6":0,"teamPTS7":0,"teamPTS8":0,"opptAbbr":"WAS","opptConf":"East","opptLoc":"Away","opptRslt":"Win","opptPTS":92,"opptAST":23,"opptTO":7,"opptSTL":5,"opptBLK":4,"opptPF":16,"opptFGA":83,"opptFGM":36,"oppt2PA":55,"oppt2PM":26,"oppt3PA":28,"oppt3PM":10,"opptFTA":17,"opptFTM":10,"opptORB":9,"opptDRB":35,"opptPTS1":23,"opptPTS2":20,"opptPTS3":25,"opptPTS4":24,"opptPTS5":0,"opptPTS6":0,"opptPTS7":0,"opptPTS8":0}
{"_id":{"$oid":"5cb552f6e0f627212ff3bc82"},"gmDate":"2017/11/29","offLNm3":"Wall","offFNm3":"Scott","teamAbbr":"NO","teamConf":"West","teamLoc":"Home","teamRslt":"Loss","teamPTS":102,"teamAST":27,"teamTO":17,"teamSTL":8,"teamBLK":2,"teamPF":17,"teamFGA":84,"teamFGM":39,"team2PA":49,"team2PM":25,"team3PA":35,"team3PM":14,"teamFTA":11,"teamFTM":10,"teamORB":8,"teamDRB":20,"teamPTS1":29,"teamPTS2":20,"teamPTS3":27,"teamPTS4":26,"teamPTS5":0,"teamPTS6":0,"teamPTS7":0,"teamPTS8":0,"opptAbbr":"MIN","opptConf":"West","opptLoc":"Away","opptRslt":"Win","opptPTS":120,"opptAST":30,"opptTO":18,"opptSTL":10,"opptBLK":1,"opptPF":14,"opptFGA":81,"opptFGM":47,"oppt2PA":58,"oppt2PM":38,"oppt3PA":23,"oppt3PM":9,"opptFTA":19,"opptFTM":17,"opptORB":10,"opptDRB":34,"opptPTS1":28,"opptPTS2":34,"opptPTS3":31,"opptPTS4":27,"opptPTS5":0,"opptPTS6":0,"opptPTS7":0,"opptPTS8":0}
{"_id":{"$oid":"5cb552f6e0f627212ff3bc91"},"gmDate":"2017/12/1","offLNm3":"Kirkland","offFNm3":"Courtney","teamAbbr":"OKC","teamConf":"West","teamLoc":"Home","teamRslt":"Win","teamPTS":111,"teamAST":28,"teamTO":19,"teamSTL":7,"teamBLK":8,"teamPF":24,"teamFGA":79,"teamFGM":41,"team2PA":53,"team2PM":33,"team3PA":26,"team3PM":8,"teamFTA":22,"teamFTM":21,"teamORB":13,"teamDRB":29,"teamPTS1":42,"teamPTS2":22,"teamPTS3":21,"teamPTS4":26,"teamPTS5":0,"teamPTS6":0,"teamPTS7":0,"teamPTS8":0,"opptAbbr":"MIN","opptConf":"West","opptLoc":"Away","opptRslt":"Loss","opptPTS":107,"opptAST":26,"opptTO":17,"opptSTL":7,"opptBLK":5,"opptPF":20,"opptFGA":76,"opptFGM":39,"oppt2PA":52,"oppt2PM":27,"oppt3PA":24,"oppt3PM":12,"opptFTA":21,"opptFTM":17,"opptORB":6,"opptDRB":20,"opptPTS1":33,"opptPTS2":21,"opptPTS3":25,"opptPTS4":28,"opptPTS5":0,"opptPTS6":0,"opptPTS7":0,"opptPTS8":0}
{"_id":{"$oid":"5cb552f6e0f627212ff3bc9d"},"gmDate":"2017/12/3","offLNm3":"Lewis","offFNm3":"Eric","teamAbbr":"MIN","teamConf":"West","teamLoc":"Home","teamRslt":"Win","teamPTS":112,"teamAST":22,"teamTO":7,"teamSTL":9,"teamBLK":1,"teamPF":16,"teamFGA":88,"teamFGM":38,"team2PA":62,"team2PM":30,"team3PA":26,"team3PM":8,"teamFTA":31,"teamFTM":28,"teamORB":14,"teamDRB":28,"teamPTS1":31,"teamPTS2":29,"teamPTS3":18,"teamPTS4":34,"teamPTS5":0,"teamPTS6":0,"teamPTS7":0,"teamPTS8":0,"opptAbbr":"LAC","opptConf":"West","opptLoc":"Away","opptRslt":"Loss","opptPTS":106,"opptAST":21,"opptTO":16,"opptSTL":3,"opptBLK":7,"opptPF":26,"opptFGA":73,"opptFGM":37,"oppt2PA":39,"oppt2PM":22,"oppt3PA":34,"oppt3PM":15,"opptFTA":22,"opptFTM":17,"opptORB":8,"opptDRB":29,"opptPTS1":27,"opptPTS2":28,"opptPTS3":21,"opptPTS4":30,"opptPTS5":0,"opptPTS6":0,"opptPTS7":0,"opptPTS8":0}
{"_id":{"$oid":"5cb552f6e0f627212ff3bca6"},"gmDate":"2017/12/4","offLNm3":"Callahan","offFNm3":"Mike","teamAbbr":"MEM","teamConf":"West","teamLoc":"Home","teamRslt":"Win","teamPTS":95,"teamAST":22,"teamTO":16,"teamSTL":6,"teamBLK":8,"teamPF":22,"teamFGA":72,"teamFGM":34,"team2PA":51,"team2PM":28,"team3PA":21,"team3PM":6,"teamFTA":24,"teamFTM":21,"teamORB":6,"teamDRB":35,"teamPTS1":29,"teamPTS2":27,"teamPTS3":20,"teamPTS4":19,"teamPTS5":0,"teamPTS6":0,"teamPTS7":0,"teamPTS8":0,"opptAbbr":"MIN","opptConf":"West","opptLoc":"Away","opptRslt":"Loss","opptPTS":92,"opptAST":17,"opptTO":9,"opptSTL":9,"opptBLK":2,"opptPF":16,"opptFGA":79,"opptFGM":35,"oppt2PA":62,"oppt2PM":31,"oppt3PA":17,"oppt3PM":4,"opptFTA":19,"opptFTM":18,"opptORB":7,"opptDRB":27,"opptPTS1":26,"opptPTS2":27,"opptPTS3":22,"opptPTS4":17,"opptPTS5":0,"opptPTS6":0,"opptPTS7":0,"opptPTS8":0}
{"_id":{"$oid":"5cb552f6e0f627212ff3bcb7"},"gmDate":"2017/12/6","offLNm3":"Zarba","offFNm3":"Zach","teamAbbr":"LAC","teamConf":"West","teamLoc":"Home","teamRslt":"Loss","teamPTS":107,"teamAST":23,"teamTO":9,"teamSTL":6,"teamBLK":3,"teamPF":17,"teamFGA":99,"teamFGM":44,"team2PA":67,"team2PM":34,"team3PA":32,"team3PM":10,"teamFTA":15,"teamFTM":9,"teamORB":17,"teamDRB":26,"teamPTS1":22,"teamPTS2":27,"teamPTS3":31,"teamPTS4":27,"teamPTS5":0,"teamPTS6":0,"teamPTS7":0,"teamPTS8":0,"opptAbbr":"MIN","opptConf":"West","opptLoc":"Away","opptRslt":"Win","opptPTS":113,"opptAST":29,"opptTO":15,"opptSTL":4,"opptBLK":7,"opptPF":17,"opptFGA":82,"opptFGM":45,"oppt2PA":63,"oppt2PM":38,"oppt3PA":19,"oppt3PM":7,"opptFTA":21,"opptFTM":16,"opptORB":8,"opptDRB":38,"opptPTS1":29,"opptPTS2":33,"opptPTS3":26,"opptPTS4":25,"opptPTS5":0,"opptPTS6":0,"opptPTS7":0,"opptPTS8":0}
{"_id":{"$oid":"5cb552f6e0f627212ff3bcd1"},"gmDate":"2017/12/10","offLNm3":"Collins","offFNm3":"Derrick","teamAbbr":"MIN","teamConf":"West","teamLoc":"Home","teamRslt":"Win","teamPTS":97,"teamAST":19,"teamTO":18,"teamSTL":7,"teamBLK":2,"teamPF":19,"teamFGA":72,"teamFGM":36,"team2PA":53,"team2PM":29,"team3PA":19,"team3PM":7,"teamFTA":23,"teamFTM":18,"teamORB":9,"teamDRB":36,"teamPTS1":23,"teamPTS2":24,"teamPTS3":24,"teamPTS4":26,"teamPTS5":0,"teamPTS6":0,"teamPTS7":0,"teamPTS8":0,"opptAbbr":"DAL","opptConf":"West","opptLoc":"Away","opptRslt":"Loss","opptPTS":92,"opptAST":23,"opptTO":11,"opptSTL":6,"opptBLK":5,"opptPF":22,"opptFGA":81,"opptFGM":37,"oppt2PA":50,"oppt2PM":26,"oppt3PA":31,"oppt3PM":11,"opptFTA":9,"opptFTM":7,"opptORB":6,"opptDRB":27,"opptPTS1":24,"opptPTS2":24,"opptPTS3":21,"opptPTS4":23,"opptPTS5":0,"opptPTS6":0,"opptPTS7":0,"opptPTS8":0}
{"_id":{"$oid":"5cb552f6e0f627212ff3bcde"},"gmDate":"2017/12/12","offLNm3":"Fraher","offFNm3":"Pat","teamAbbr":"MIN","teamConf":"West","teamLoc":"Home","teamRslt":"Loss","teamPTS":112,"teamAST":19,"teamTO":10,"teamSTL":14,"teamBLK":7,"teamPF":21,"teamFGA":108,"teamFGM":44,"team2PA":79,"team2PM":39,"team3PA":29,"team3PM":5,"teamFTA":27,"teamFTM":19,"teamORB":17,"teamDRB":33,"teamPTS1":27,"teamPTS2":24,"teamPTS3":25,"teamPTS4":24,"teamPTS5":12,"teamPTS6":0,"teamPTS7":0,"teamPTS8":0,"opptAbbr":"PHI","opptConf":"East","opptLoc":"Away","opptRslt":"Win","opptPTS":118,"opptAST":32,"opptTO":26,"opptSTL":6,"opptBLK":3,"opptPF":18,"opptFGA":80,"opptFGM":40,"oppt2PA":54,"oppt2PM":29,"oppt3PA":26,"oppt3PM":11,"opptFTA":32,"opptFTM":27,"opptORB":7,"opptDRB":45,"opptPTS1":20,"opptPTS2":28,"opptPTS3":26,"opptPTS4":26,"opptPTS5":18,"opptPTS6":0,"opptPTS7":0,"opptPTS8":0}
{"_id":{"$oid":"5cb552f6e0f627212ff3bced"},"gmDate":"2017/12/14","offLNm3":"McCutchen","offFNm3":"Monty","teamAbbr":"MIN","teamConf":"West","teamLoc":"Home","teamRslt":"Win","teamPTS":119,"teamAST":29,"teamTO":10,"teamSTL":12,"teamBLK":9,"teamPF":19,"teamFGA":82,"teamFGM":46,"team2PA":61,"team2PM":36,"team3PA":21,"team3PM":10,"teamFTA":20,"teamFTM":17,"teamORB":8,"teamDRB":31,"teamPTS1":32,"teamPTS2":32,"teamPTS3":31,"teamPTS4":24,"teamPTS5":0,"teamPTS6":0,"teamPTS7":0,"teamPTS8":0,"opptAbbr":"SAC","opptConf":"West","opptLoc":"Away","opptRslt":"Loss","opptPTS":96,"opptAST":24,"opptTO":14,"opptSTL":4,"opptBLK":2,"opptPF":21,"opptFGA":87,"opptFGM":36,"oppt2PA":54,"oppt2PM":22,"oppt3PA":33,"oppt3PM":14,"opptFTA":12,"opptFTM":10,"opptORB":15,"opptDRB":27,"opptPTS1":22,"opptPTS2":33,"opptPTS3":16,"opptPTS4":25,"opptPTS5":0,"opptPTS6":0,"opptPTS7":0,"opptPTS8":0}
{"_id":{"$oid":"5cb552f6e0f627212ff3bcff"},"gmDate":"2017/12/16","offLNm3":"Ayotte","offFNm3":"Mark","teamAbbr":"MIN","teamConf":"West","teamLoc":"Home","teamRslt":"Loss","teamPTS":106,"teamAST":21,"teamTO":7,"teamSTL":14,"teamBLK":8,"teamPF":19,"teamFGA":95,"teamFGM":40,"team2PA":68,"team2PM":31,"team3PA":27,"team3PM":9,"teamFTA":24,"teamFTM":17,"teamORB":10,"teamDRB":21,"teamPTS1":25,"teamPTS2":25,"teamPTS3":31,"teamPTS4":25,"teamPTS5":0,"teamPTS6":0,"teamPTS7":0,"teamPTS8":0,"opptAbbr":"PHO","opptConf":"West","opptLoc":"Away","opptRslt":"Win","opptPTS":108,"opptAST":22,"opptTO":27,"opptSTL":4,"opptBLK":3,"opptPF":21,"opptFGA":72,"opptFGM":33,"oppt2PA":48,"oppt2PM":22,"oppt3PA":24,"oppt3PM":11,"opptFTA":35,"opptFTM":31,"opptORB":13,"opptDRB":39,"opptPTS1":22,"opptPTS2":20,"opptPTS3":35,"opptPTS4":31,"opptPTS5":0,"opptPTS6":0,"opptPTS7":0,"opptPTS8":0}
{"_id":{"$oid":"5cb552f6e0f627212ff3bd0b"},"gmDate":"2017/12/18","offLNm3":"Foster","offFNm3":"Scott","teamAbbr":"MIN","teamConf":"West","teamLoc":"Home","teamRslt":"Win","teamPTS":108,"teamAST":19,"teamTO":10,"teamSTL":7,"teamBLK":2,"teamPF":14,"teamFGA":91,"teamFGM":42,"team2PA":72,"team2PM":35,"team3PA":19,"team3PM":7,"teamFTA":21,"teamFTM":17,"teamORB":11,"teamDRB":21,"teamPTS1":24,"teamPTS2":27,"teamPTS3":25,"teamPTS4":32,"teamPTS5":0,"teamPTS6":0,"teamPTS7":0,"teamPTS8":0,"opptAbbr":"POR","opptConf":"West","opptLoc":"Away","opptRslt":"Loss","opptPTS":107,"opptAST":26,"opptTO":17,"opptSTL":6,"opptBLK":8,"opptPF":19,"opptFGA":84,"opptFGM":46,"oppt2PA":60,"oppt2PM":36,"oppt3PA":24,"oppt3PM":10,"opptFTA":5,"opptFTM":5,"opptORB":7,"opptDRB":33,"opptPTS1":24,"opptPTS2":30,"opptPTS3":31,"opptPTS4":22,"opptPTS5":0,"opptPTS6":0,"opptPTS7":0,"opptPTS8":0}
{"_id":{"$oid":"5cb552f6e0f627212ff3bd1b"},"gmDate":"2017/12/20","offLNm3":"Malloy","offFNm3":"Ed","teamAbbr":"DEN","teamConf":"West","teamLoc":"Home","teamRslt":"Loss","teamPTS":104,"teamAST":27,"teamTO":22,"teamSTL":6,"teamBLK":5,"teamPF":18,"teamFGA":72,"teamFGM":36,"team2PA":44,"team2PM":23,"team3PA":28,"team3PM":13,"teamFTA":24,"teamFTM":19,"teamORB":8,"teamDRB":34,"teamPTS1":24,"teamPTS2":28,"teamPTS3":32,"teamPTS4":20,"teamPTS5":0,"teamPTS6":0,"teamPTS7":0,"teamPTS8":0,"opptAbbr":"MIN","opptConf":"West","opptLoc":"Away","opptRslt":"Win","opptPTS":112,"opptAST":28,"opptTO":9,"opptSTL":12,"opptBLK":2,"opptPF":20,"opptFGA":87,"opptFGM":43,"oppt2PA":63,"oppt2PM":35,"oppt3PA":24,"oppt3PM":8,"opptFTA":19,"opptFTM":18,"opptORB":8,"opptDRB":29,"opptPTS1":17,"opptPTS2":33,"opptPTS3":30,"opptPTS4":32,"opptPTS5":0,"opptPTS6":0,"opptPTS7":0,"opptPTS8":0}
{"_id":{"$oid":"5cb552f6e0f627212ff3bd37"},"gmDate":"2017/12/23","offLNm3":"Wood","offFNm3":"Leon","teamAbbr":"PHO","teamConf":"West","teamLoc":"Home","teamRslt":"Loss","teamPTS":106,"teamAST":24,"teamTO":13,"teamSTL":5,"teamBLK":4,"teamPF":22,"teamFGA":86,"teamFGM":40,"team2PA":54,"team2PM":29,"team3PA":32,"team3PM":11,"teamFTA":24,"teamFTM":15,"teamORB":9,"teamDRB":27,"teamPTS1":24,"teamPTS2":19,"teamPTS3":37,"teamPTS4":26,"teamPTS5":0,"teamPTS6":0,"teamPTS7":0,"teamPTS8":0,"opptAbbr":"MIN","opptConf":"West","opptLoc":"Away","opptRslt":"Win","opptPTS":115,"opptAST":18,"opptTO":14,"opptSTL":6,"opptBLK":6,"opptPF":21,"opptFGA":84,"opptFGM":42,"oppt2PA":68,"oppt2PM":36,"oppt3PA":16,"oppt3PM":6,"opptFTA":29,"opptFTM":25,"opptORB":13,"opptDRB":34,"opptPTS1":33,"opptPTS2":31,"opptPTS3":22,"opptPTS4":29,"opptPTS5":0,"opptPTS6":0,"opptPTS7":0,"opptPTS8":0}
{"_id":{"$oid":"5cb552f6e0f627212ff3bd3e"},"gmDate":"2017/12/25","offLNm3":"Richardson","offFNm3":"Derek","teamAbbr":"LAL","teamConf":"West","teamLoc":"Home","teamRslt":"Loss","teamPTS":104,"teamAST":21,"teamTO":12,"teamSTL":10,"teamBLK":1,"teamPF":16,"teamFGA":92,"teamFGM":40,"team2PA":62,"team2PM":30,"team3PA":30,"team3PM":10,"teamFTA":20,"teamFTM":14,"teamORB":13,"teamDRB":24,"teamPTS1":20,"teamPTS2":32,"teamPTS3":28,"teamPTS4":24,"teamPTS5":0,"teamPTS6":0,"teamPTS7":0,"teamPTS8":0,"opptAbbr":"MIN","opptConf":"West","opptLoc":"Away","opptRslt":"Win","opptPTS":121,"opptAST":30,"opptTO":15,"opptSTL":9,"opptBLK":4,"opptPF":13,"opptFGA":84,"opptFGM":49,"oppt2PA":52,"oppt2PM":38,"oppt3PA":32,"oppt3PM":11,"opptFTA":14,"opptFTM":12,"opptORB":7,"opptDRB":35,"opptPTS1":29,"opptPTS2":24,"opptPTS3":30,"opptPTS4":38,"opptPTS5":0,"opptPTS6":0,"opptPTS7":0,"opptPTS8":0}
{"_id":{"$oid":"5cb552f6e0f627212ff3bd4b"},"gmDate":"2017/12/27","offLNm3":"Capers","offFNm3":"James","teamAbbr":"MIN","teamConf":"West","teamLoc":"Home","teamRslt":"Win","teamPTS":128,"teamAST":27,"teamTO":6,"teamSTL":4,"teamBLK":7,"teamPF":26,"teamFGA":90,"teamFGM":47,"team2PA":61,"team2PM":35,"team3PA":29,"team3PM":12,"teamFTA":30,"teamFTM":22,"teamORB":7,"teamDRB":35,"teamPTS1":35,"teamPTS2":36,"teamPTS3":17,"teamPTS4":26,"teamPTS5":14,"teamPTS6":0,"teamPTS7":0,"teamPTS8":0,"opptAbbr":"DEN","opptConf":"West","opptLoc":"Away","opptRslt":"Loss","opptPTS":125,"opptAST":26,"opptTO":9,"opptSTL":3,"opptBLK":2,"opptPF":24,"opptFGA":91,"opptFGM":42,"oppt2PA":52,"oppt2PM":27,"oppt3PA":39,"oppt3PM":15,"opptFTA":31,"opptFTM":26,"opptORB":11,"opptDRB":37,"opptPTS1":23,"opptPTS2":35,"opptPTS3":24,"opptPTS4":32,"opptPTS5":11,"opptPTS6":0,"opptPTS7":0,"opptPTS8":0}
{"_id":{"$oid":"5cb552f6e0f627212ff3bd53"},"gmDate":"2017/12/28","offLNm3":"Zarba","offFNm3":"Zach","teamAbbr":"MIL","teamConf":"East","teamLoc":"Home","teamRslt":"Win","teamPTS":102,"teamAST":23,"teamTO":18,"teamSTL":10,"teamBLK":0,"teamPF":18,"teamFGA":75,"teamFGM":41,"team2PA":60,"team2PM":36,"team3PA":15,"team3PM":5,"teamFTA":16,"teamFTM":15,"teamORB":7,"teamDRB":29,"teamPTS1":16,"teamPTS2":30,"teamPTS3":29,"teamPTS4":27,"teamPTS5":0,"teamPTS6":0,"teamPTS7":0,"teamPTS8":0,"opptAbbr":"MIN","opptConf":"West","opptLoc":"Away","opptRslt":"Loss","opptPTS":96,"opptAST":20,"opptTO":19,"opptSTL":9,"opptBLK":3,"opptPF":14,"opptFGA":71,"opptFGM":34,"oppt2PA":43,"oppt2PM":25,"oppt3PA":28,"oppt3PM":9,"opptFTA":26,"opptFTM":19,"opptORB":6,"opptDRB":27,"opptPTS1":26,"opptPTS2":30,"opptPTS3":28,"opptPTS4":12,"opptPTS5":0,"opptPTS6":0,"opptPTS7":0,"opptPTS8":0}
{"_id":{"$oid":"5cb552f6e0f627212ff3bd67"},"gmDate":"2017/12/31","offLNm3":"DeRosa","offFNm3":"Joe","teamAbbr":"IND","teamConf":"East","teamLoc":"Home","teamRslt":"Loss","teamPTS":90,"teamAST":20,"teamTO":17,"teamSTL":3,"teamBLK":5,"teamPF":18,"teamFGA":85,"teamFGM":33,"team2PA":60,"team2PM":23,"team3PA":25,"team3PM":10,"teamFTA":18,"teamFTM":14,"teamORB":13,"teamDRB":30,"teamPTS1":13,"teamPTS2":25,"teamPTS3":20,"teamPTS4":32,"teamPTS5":0,"teamPTS6":0,"teamPTS7":0,"teamPTS8":0,"opptAbbr":"MIN","opptConf":"West","opptLoc":"Away","opptRslt":"Win","opptPTS":107,"opptAST":20,"opptTO":8,"opptSTL":11,"opptBLK":8,"opptPF":20,"opptFGA":86,"opptFGM":41,"oppt2PA":67,"oppt2PM":37,"oppt3PA":19,"oppt3PM":4,"opptFTA":25,"opptFTM":21,"opptORB":13,"opptDRB":31,"opptPTS1":23,"opptPTS2":26,"opptPTS3":38,"opptPTS4":20,"opptPTS5":0,"opptPTS6":0,"opptPTS7":0,"opptPTS8":0}
{"_id":{"$oid":"5cb552f6e0f627212ff3bd71"},"gmDate":"2018/1/1","offLNm3":"Smith","offFNm3":"Michael","teamAbbr":"MIN","teamConf":"West","teamLoc":"Home","teamRslt":"Win","teamPTS":114,"teamAST":26,"teamTO":17,"teamSTL":14,"teamBLK":5,"teamPF":24,"teamFGA":81,"teamFGM":40,"team2PA":61,"team2PM":33,"team3PA":20,"team3PM":7,"teamFTA":30,"teamFTM":27,"teamORB":7,"teamDRB":34,"teamPTS1":30,"teamPTS2":30,"teamPTS3":31,"teamPTS4":23,"teamPTS5":0,"teamPTS6":0,"teamPTS7":0,"teamPTS8":0,"opptAbbr":"LAL","opptConf":"West","opptLoc":"Away","opptRslt":"Loss","opptPTS":96,"opptAST":18,"opptTO":24,"opptSTL":12,"opptBLK":4,"opptPF":25,"opptFGA":76,"opptFGM":34,"oppt2PA":50,"oppt2PM":26,"oppt3PA":26,"oppt3PM":8,"opptFTA":29,"opptFTM":20,"opptORB":9,"opptDRB":28,"opptPTS1":18,"opptPTS2":30,"opptPTS3":28,"opptPTS4":20,"opptPTS5":0,"opptPTS6":0,"opptPTS7":0,"opptPTS8":0}
{"_id":{"$oid":"5cb552f6e0f627212ff3bd7a"},"gmDate":"2018/1/3","offLNm3":"Richardson","offFNm3":"Derek","teamAbbr":"BKN","teamConf":"East","teamLoc":"Home","teamRslt":"Win","teamPTS":98,"teamAST":22,"teamTO":20,"teamSTL":3,"teamBLK":3,"teamPF":23,"teamFGA":72,"teamFGM":37,"team2PA":42,"team2PM":23,"team3PA":30,"team3PM":14,"teamFTA":11,"teamFTM":10,"teamORB":4,"teamDRB":34,"teamPTS1":24,"teamPTS2":24,"teamPTS3":23,"teamPTS4":27,"teamPTS5":0,"teamPTS6":0,"teamPTS7":0,"teamPTS8":0,"opptAbbr":"MIN","opptConf":"West","opptLoc":"Away","opptRslt":"Loss","opptPTS":97,"opptAST":10,"opptTO":8,"opptSTL":9,"opptBLK":4,"opptPF":12,"opptFGA":80,"opptFGM":36,"oppt2PA":69,"oppt2PM":35,"oppt3PA":11,"oppt3PM":1,"opptFTA":30,"opptFTM":24,"opptORB":7,"opptDRB":25,"opptPTS1":22,"opptPTS2":21,"opptPTS3":30,"opptPTS4":24,"opptPTS5":0,"opptPTS6":0,"opptPTS7":0,"opptPTS8":0}
{"_id":{"$oid":"5cb552f6e0f627212ff3bd87"},"gmDate":"2018/1/5","offLNm3":"Ervin","offFNm3":"Mitchell","teamAbbr":"BOS","teamConf":"East","teamLoc":"Home","teamRslt":"Win","teamPTS":91,"teamAST":24,"teamTO":11,"teamSTL":6,"teamBLK":4,"teamPF":22,"teamFGA":94,"teamFGM":38,"team2PA":58,"team2PM":32,"team3PA":36,"team3PM":6,"teamFTA":13,"teamFTM":9,"teamORB":17,"teamDRB":39,"teamPTS1":19,"teamPTS2":22,"teamPTS3":25,"teamPTS4":25,"teamPTS5":0,"teamPTS6":0,"teamPTS7":0,"teamPTS8":0,"opptAbbr":"MIN","opptConf":"West","opptLoc":"Away","opptRslt":"Loss","opptPTS":84,"opptAST":15,"opptTO":12,"opptSTL":6,"opptBLK":5,"opptPF":15,"opptFGA":76,"opptFGM":28,"oppt2PA":53,"oppt2PM":21,"oppt3PA":23,"oppt3PM":7,"opptFTA":28,"opptFTM":21,"opptORB":9,"opptDRB":34,"opptPTS1":19,"opptPTS2":19,"opptPTS3":24,"opptPTS4":22,"opptPTS5":0,"opptPTS6":0,"opptPTS7":0,"opptPTS8":0}
{"_id":{"$oid":"5cb552f6e0f627212ff3bd95"},"gmDate":"2018/1/6","offLNm3":"Adams","offFNm3":"Bennie","teamAbbr":"MIN","teamConf":"West","teamLoc":"Home","teamRslt":"Win","teamPTS":116,"teamAST":26,"teamTO":10,"teamSTL":10,"teamBLK":5,"teamPF":20,"teamFGA":90,"teamFGM":44,"team2PA":72,"team2PM":35,"team3PA":18,"team3PM":9,"teamFTA":21,"teamFTM":19,"teamORB":13,"teamDRB":34,"teamPTS1":36,"teamPTS2":33,"teamPTS3":29,"teamPTS4":18,"teamPTS5":0,"teamPTS6":0,"teamPTS7":0,"teamPTS8":0,"opptAbbr":"NO","opptConf":"West","opptLoc":"Away","opptRslt":"Loss","opptPTS":98,"opptAST":20,"opptTO":16,"opptSTL":5,"opptBLK":6,"opptPF":19,"opptFGA":78,"opptFGM":33,"oppt2PA":49,"oppt2PM":27,"oppt3PA":29,"oppt3PM":6,"opptFTA":28,"opptFTM":26,"opptORB":7,"opptDRB":31,"opptPTS1":24,"opptPTS2":24,"opptPTS3":23,"opptPTS4":27,"opptPTS5":0,"opptPTS6":0,"opptPTS7":0,"opptPTS8":0}
{"_id":{"$oid":"5cb552f6e0f627212ff3bda0"},"gmDate":"2018/1/8","offLNm3":"Washington","offFNm3":"Tom","teamAbbr":"MIN","teamConf":"West","teamLoc":"Home","teamRslt":"Win","teamPTS":127,"teamAST":30,"teamTO":5,"teamSTL":6,"teamBLK":2,"teamPF":17,"teamFGA":100,"teamFGM":52,"team2PA":69,"team2PM":42,"team3PA":31,"team3PM":10,"teamFTA":17,"teamFTM":13,"teamORB":15,"teamDRB":41,"teamPTS1":32,"teamPTS2":37,"teamPTS3":33,"teamPTS4":25,"teamPTS5":0,"teamPTS6":0,"teamPTS7":0,"teamPTS8":0,"opptAbbr":"CLE","opptConf":"East","opptLoc":"Away","opptRslt":"Loss","opptPTS":99,"opptAST":26,"opptTO":14,"opptSTL":0,"opptBLK":4,"opptPF":15,"opptFGA":84,"opptFGM":37,"oppt2PA":46,"oppt2PM":24,"oppt3PA":38,"oppt3PM":13,"opptFTA":16,"opptFTM":12,"opptORB":8,"opptDRB":29,"opptPTS1":18,"opptPTS2":24,"opptPTS3":25,"opptPTS4":32,"opptPTS5":0,"opptPTS6":0,"opptPTS7":0,"opptPTS8":0}
{"_id":{"$oid":"5cb552f6e0f627212ff3bdb0"},"gmDate":"2018/1/10","offLNm3":"Ayotte","offFNm3":"Mark","teamAbbr":"MIN","teamConf":"West","teamLoc":"Home","teamRslt":"Win","teamPTS":104,"teamAST":22,"teamTO":16,"teamSTL":12,"teamBLK":4,"teamPF":22,"teamFGA":80,"teamFGM":39,"team2PA":60,"team2PM":32,"team3PA":20,"team3PM":7,"teamFTA":27,"teamFTM":19,"teamORB":11,"teamDRB":33,"teamPTS1":23,"teamPTS2":24,"teamPTS3":29,"teamPTS4":28,"teamPTS5":0,"teamPTS6":0,"teamPTS7":0,"teamPTS8":0,"opptAbbr":"OKC","opptConf":"West","opptLoc":"Away","opptRslt":"Loss","opptPTS":88,"opptAST":13,"opptTO":20,"opptSTL":9,"opptBLK":2,"opptPF":22,"opptFGA":79,"opptFGM":32,"oppt2PA":54,"oppt2PM":26,"oppt3PA":25,"oppt3PM":6,"opptFTA":24,"opptFTM":18,"opptORB":10,"opptDRB":31,"opptPTS1":23,"opptPTS2":24,"opptPTS3":18,"opptPTS4":23,"opptPTS5":0,"opptPTS6":0,"opptPTS7":0,"opptPTS8":0}
{"_id":{"$oid":"5cb552f6e0f627212ff3bdbc"},"gmDate":"2018/1/12","offLNm3":"Sterling","offFNm3":"Jonathan","teamAbbr":"MIN","teamConf":"West","teamLoc":"Home","teamRslt":"Win","teamPTS":118,"teamAST":33,"teamTO":12,"teamSTL":12,"teamBLK":4,"teamPF":12,"teamFGA":95,"teamFGM":49,"team2PA":68,"team2PM":39,"team3PA":27,"team3PM":10,"teamFTA":16,"teamFTM":10,"teamORB":16,"teamDRB":27,"teamPTS1":24,"teamPTS2":31,"teamPTS3":32,"teamPTS4":31,"teamPTS5":0,"teamPTS6":0,"teamPTS7":0,"teamPTS8":0,"opptAbbr":"NY","opptConf":"East","opptLoc":"Away","opptRslt":"Loss","opptPTS":108,"opptAST":25,"opptTO":16,"opptSTL":6,"opptBLK":6,"opptPF":17,"opptFGA":83,"opptFGM":45,"oppt2PA":59,"oppt2PM":33,"oppt3PA":24,"oppt3PM":12,"opptFTA":9,"opptFTM":6,"opptORB":9,"opptDRB":27,"opptPTS1":27,"opptPTS2":30,"opptPTS3":29,"opptPTS4":22,"opptPTS5":0,"opptPTS6":0,"opptPTS7":0,"opptPTS8":0}
{"_id":{"$oid":"5cb552f6e0f627212ff3bdca"},"gmDate":"2018/1/14","offLNm3":"Capers","offFNm3":"James","teamAbbr":"MIN","teamConf":"West","teamLoc":"Home","teamRslt":"Win","teamPTS":120,"teamAST":21,"teamTO":11,"teamSTL":12,"teamBLK":3,"teamPF":17,"teamFGA":80,"teamFGM":43,"team2PA":61,"team2PM":36,"team3PA":19,"team3PM":7,"teamFTA":33,"teamFTM":27,"teamORB":7,"teamDRB":31,"teamPTS1":31,"teamPTS2":26,"teamPTS3":34,"teamPTS4":29,"teamPTS5":0,"teamPTS6":0,"teamPTS7":0,"teamPTS8":0,"opptAbbr":"POR","opptConf":"West","opptLoc":"Away","opptRslt":"Loss","opptPTS":103,"opptAST":19,"opptTO":18,"opptSTL":6,"opptBLK":3,"opptPF":27,"opptFGA":79,"opptFGM":39,"oppt2PA":54,"oppt2PM":28,"oppt3PA":25,"oppt3PM":11,"opptFTA":17,"opptFTM":14,"opptORB":8,"opptDRB":30,"opptPTS1":33,"opptPTS2":10,"opptPTS3":31,"opptPTS4":29,"opptPTS5":0,"opptPTS6":0,"opptPTS7":0,"opptPTS8":0}
{"_id":{"$oid":"5cb552f6e0f627212ff3bdd6"},"gmDate":"2018/1/16","offLNm3":"Kennedy","offFNm3":"Bill","teamAbbr":"ORL","teamConf":"East","teamLoc":"Home","teamRslt":"Win","teamPTS":108,"teamAST":24,"teamTO":18,"teamSTL":4,"teamBLK":10,"teamPF":15,"teamFGA":90,"teamFGM":40,"team2PA":59,"team2PM":29,"team3PA":31,"team3PM":11,"teamFTA":19,"teamFTM":17,"teamORB":15,"teamDRB":36,"teamPTS1":25,"teamPTS2":22,"teamPTS3":26,"teamPTS4":35,"teamPTS5":0,"teamPTS6":0,"teamPTS7":0,"teamPTS8":0,"opptAbbr":"MIN","opptConf":"West","opptLoc":"Away","opptRslt":"Loss","opptPTS":102,"opptAST":19,"opptTO":8,"opptSTL":10,"opptBLK":9,"opptPF":21,"opptFGA":98,"opptFGM":43,"oppt2PA":82,"oppt2PM":36,"oppt3PA":16,"oppt3PM":7,"opptFTA":10,"opptFTM":9,"opptORB":11,"opptDRB":26,"opptPTS1":25,"opptPTS2":23,"opptPTS3":27,"opptPTS4":27,"opptPTS5":0,"opptPTS6":0,"opptPTS7":0,"opptPTS8":0}
{"_id":{"$oid":"5cb552f6e0f627212ff3bde6"},"gmDate":"2018/1/18","offLNm3":"Zarba","offFNm3":"Zach","teamAbbr":"HOU","teamConf":"West","teamLoc":"Home","teamRslt":"Win","teamPTS":116,"teamAST":24,"teamTO":10,"teamSTL":11,"teamBLK":5,"teamPF":15,"teamFGA":88,"teamFGM":42,"team2PA":49,"team2PM":25,"team3PA":39,"team3PM":17,"teamFTA":17,"teamFTM":15,"teamORB":11,"teamDRB":34,"teamPTS1":26,"teamPTS2":37,"teamPTS3":26,"teamPTS4":27,"teamPTS5":0,"teamPTS6":0,"teamPTS7":0,"teamPTS8":0,"opptAbbr":"MIN","opptConf":"West","opptLoc":"Away","opptRslt":"Loss","opptPTS":98,"opptAST":24,"opptTO":11,"opptSTL":8,"opptBLK":8,"opptPF":16,"opptFGA":81,"opptFGM":38,"oppt2PA":57,"oppt2PM":30,"oppt3PA":24,"oppt3PM":8,"opptFTA":21,"opptFTM":14,"opptORB":8,"opptDRB":32,"opptPTS1":17,"opptPTS2":33,"opptPTS3":20,"opptPTS4":28,"opptPTS5":0,"opptPTS6":0,"opptPTS7":0,"opptPTS8":0}
{"_id":{"$oid":"5cb552f6e0f627212ff3bdf5"},"gmDate":"2018/1/20","offLNm3":"Corbin","offFNm3":"Sean","teamAbbr":"MIN","teamConf":"West","teamLoc":"Home","teamRslt":"Win","teamPTS":115,"teamAST":21,"teamTO":11,"teamSTL":4,"teamBLK":3,"teamPF":20,"teamFGA":81,"teamFGM":38,"team2PA":65,"team2PM":31,"team3PA":16,"team3PM":7,"teamFTA":42,"teamFTM":32,"teamORB":15,"teamDRB":29,"teamPTS1":26,"teamPTS2":28,"teamPTS3":33,"teamPTS4":28,"teamPTS5":0,"teamPTS6":0,"teamPTS7":0,"teamPTS8":0,"opptAbbr":"TOR","opptConf":"East","opptLoc":"Away","opptRslt":"Loss","opptPTS":109,"opptAST":23,"opptTO":15,"opptSTL":7,"opptBLK":7,"opptPF":30,"opptFGA":83,"opptFGM":39,"oppt2PA":50,"oppt2PM":27,"oppt3PA":33,"oppt3PM":12,"opptFTA":21,"opptFTM":19,"opptORB":8,"opptDRB":27,"opptPTS1":28,"opptPTS2":34,"opptPTS3":21,"opptPTS4":26,"opptPTS5":0,"opptPTS6":0,"opptPTS7":0,"opptPTS8":0}
{"_id":{"$oid":"5cb552f6e0f627212ff3be04"},"gmDate":"2018/1/22","offLNm3":"Lewis","offFNm3":"Eric","teamAbbr":"LAC","teamConf":"West","teamLoc":"Home","teamRslt":"Loss","teamPTS":118,"teamAST":31,"teamTO":17,"teamSTL":4,"teamBLK":1,"teamPF":27,"teamFGA":84,"teamFGM":47,"team2PA":57,"team2PM":38,"team3PA":27,"team3PM":9,"teamFTA":22,"teamFTM":15,"teamORB":8,"teamDRB":32,"teamPTS1":26,"teamPTS2":31,"teamPTS3":33,"teamPTS4":28,"teamPTS5":0,"teamPTS6":0,"teamPTS7":0,"teamPTS8":0,"opptAbbr":"MIN","opptConf":"West","opptLoc":"Away","opptRslt":"Win","opptPTS":126,"opptAST":20,"opptTO":15,"opptSTL":5,"opptBLK":4,"opptPF":22,"opptFGA":91,"opptFGM":43,"oppt2PA":69,"oppt2PM":36,"oppt3PA":22,"oppt3PM":7,"opptFTA":39,"opptFTM":33,"opptORB":18,"opptDRB":29,"opptPTS1":30,"opptPTS2":31,"opptPTS3":31,"opptPTS4":34,"opptPTS5":0,"opptPTS6":0,"opptPTS7":0,"opptPTS8":0}
{"_id":{"$oid":"5cb552f6e0f627212ff3be11"},"gmDate":"2018/1/24","offLNm3":"Spooner","offFNm3":"Bill","teamAbbr":"POR","teamConf":"West","teamLoc":"Home","teamRslt":"Win","teamPTS":123,"teamAST":24,"teamTO":11,"teamSTL":4,"teamBLK":1,"teamPF":16,"teamFGA":82,"teamFGM":45,"team2PA":51,"team2PM":28,"team3PA":31,"team3PM":17,"teamFTA":21,"teamFTM":16,"teamORB":6,"teamDRB":31,"teamPTS1":25,"teamPTS2":29,"teamPTS3":43,"teamPTS4":26,"teamPTS5":0,"teamPTS6":0,"teamPTS7":0,"teamPTS8":0,"opptAbbr":"MIN","opptConf":"West","opptLoc":"Away","opptRslt":"Loss","opptPTS":114,"opptAST":20,"opptTO":9,"opptSTL":7,"opptBLK":2,"opptPF":14,"opptFGA":84,"opptFGM":45,"oppt2PA":68,"oppt2PM":39,"oppt3PA":16,"oppt3PM":6,"opptFTA":22,"opptFTM":18,"opptORB":5,"opptDRB":28,"opptPTS1":29,"opptPTS2":25,"opptPTS3":30,"opptPTS4":30,"opptPTS5":0,"opptPTS6":0,"opptPTS7":0,"opptPTS8":0}
{"_id":{"$oid":"5cb552f6e0f627212ff3be16"},"gmDate":"2018/1/25","offLNm3":"Boland","offFNm3":"Matt","teamAbbr":"GS","teamConf":"West","teamLoc":"Home","teamRslt":"Win","teamPTS":126,"teamAST":37,"teamTO":16,"teamSTL":9,"teamBLK":8,"teamPF":17,"teamFGA":89,"teamFGM":48,"team2PA":52,"team2PM":27,"team3PA":37,"team3PM":21,"teamFTA":15,"teamFTM":9,"teamORB":11,"teamDRB":36,"teamPTS1":38,"teamPTS2":36,"teamPTS3":32,"teamPTS4":20,"teamPTS5":0,"teamPTS6":0,"teamPTS7":0,"teamPTS8":0,"opptAbbr":"MIN","opptConf":"West","opptLoc":"Away","opptRslt":"Loss","opptPTS":113,"opptAST":25,"opptTO":10,"opptSTL":9,"opptBLK":3,"opptPF":15,"opptFGA":101,"opptFGM":46,"oppt2PA":81,"oppt2PM":40,"oppt3PA":20,"oppt3PM":6,"opptFTA":18,"opptFTM":15,"opptORB":13,"opptDRB":30,"opptPTS1":29,"opptPTS2":33,"opptPTS3":31,"opptPTS4":20,"opptPTS5":0,"opptPTS6":0,"opptPTS7":0,"opptPTS8":0}
{"_id":{"$oid":"5cb552f6e0f627212ff3be27"},"gmDate":"2018/1/27","offLNm3":"DeRosa","offFNm3":"Joe","teamAbbr":"MIN","teamConf":"West","teamLoc":"Home","teamRslt":"Win","teamPTS":111,"teamAST":20,"teamTO":7,"teamSTL":9,"teamBLK":7,"teamPF":12,"teamFGA":95,"teamFGM":42,"team2PA":74,"team2PM":38,"team3PA":21,"team3PM":4,"teamFTA":26,"teamFTM":23,"teamORB":16,"teamDRB":33,"teamPTS1":30,"teamPTS2":24,"teamPTS3":24,"teamPTS4":33,"teamPTS5":0,"teamPTS6":0,"teamPTS7":0,"teamPTS8":0,"opptAbbr":"BKN","opptConf":"East","opptLoc":"Away","opptRslt":"Loss","opptPTS":97,"opptAST":22,"opptTO":16,"opptSTL":4,"opptBLK":6,"opptPF":19,"opptFGA":82,"opptFGM":38,"oppt2PA":52,"oppt2PM":29,"oppt3PA":30,"oppt3PM":9,"opptFTA":15,"opptFTM":12,"opptORB":11,"opptDRB":31,"opptPTS1":11,"opptPTS2":31,"opptPTS3":23,"opptPTS4":32,"opptPTS5":0,"opptPTS6":0,"opptPTS7":0,"opptPTS8":0}
{"_id":{"$oid":"5cb552f6e0f627212ff3be30"},"gmDate":"2018/1/29","offLNm3":"Ford","offFNm3":"Tyler","teamAbbr":"ATL","teamConf":"East","teamLoc":"Home","teamRslt":"Win","teamPTS":105,"teamAST":27,"teamTO":21,"teamSTL":8,"teamBLK":8,"teamPF":18,"teamFGA":79,"teamFGM":39,"team2PA":45,"team2PM":26,"team3PA":34,"team3PM":13,"teamFTA":16,"teamFTM":14,"teamORB":8,"teamDRB":36,"teamPTS1":27,"teamPTS2":28,"teamPTS3":21,"teamPTS4":29,"teamPTS5":0,"teamPTS6":0,"teamPTS7":0,"teamPTS8":0,"opptAbbr":"MIN","opptConf":"West","opptLoc":"Away","opptRslt":"Loss","opptPTS":100,"opptAST":24,"opptTO":14,"opptSTL":15,"opptBLK":5,"opptPF":18,"opptFGA":83,"opptFGM":39,"oppt2PA":64,"oppt2PM":32,"oppt3PA":19,"oppt3PM":7,"opptFTA":18,"opptFTM":15,"opptORB":7,"opptDRB":28,"opptPTS1":32,"opptPTS2":26,"opptPTS3":21,"opptPTS4":21,"opptPTS5":0,"opptPTS6":0,"opptPTS7":0,"opptPTS8":0}
{"_id":{"$oid":"5cb552f6e0f627212ff3be37"},"gmDate":"2018/1/30","offLNm3":"Phillips","offFNm3":"Jason","teamAbbr":"TOR","teamConf":"East","teamLoc":"Home","teamRslt":"Win","teamPTS":109,"teamAST":28,"teamTO":9,"teamSTL":3,"teamBLK":4,"teamPF":18,"teamFGA":81,"teamFGM":39,"team2PA":52,"team2PM":30,"team3PA":29,"team3PM":9,"teamFTA":26,"teamFTM":22,"teamORB":9,"teamDRB":30,"teamPTS1":19,"teamPTS2":32,"teamPTS3":27,"teamPTS4":31,"teamPTS5":0,"teamPTS6":0,"teamPTS7":0,"teamPTS8":0,"opptAbbr":"MIN","opptConf":"West","opptLoc":"Away","opptRslt":"Loss","opptPTS":104,"opptAST":21,"opptTO":8,"opptSTL":4,"opptBLK":2,"opptPF":19,"opptFGA":85,"opptFGM":42,"oppt2PA":73,"oppt2PM":37,"oppt3PA":12,"oppt3PM":5,"opptFTA":24,"opptFTM":15,"opptORB":10,"opptDRB":30,"opptPTS1":27,"opptPTS2":30,"opptPTS3":23,"opptPTS4":24,"opptPTS5":0,"opptPTS6":0,"opptPTS7":0,"opptPTS8":0}
{"_id":{"$oid":"5cb552f6e0f627212ff3be47"},"gmDate":"2018/2/1","offLNm3":"Sterling","offFNm3":"Jonathan","teamAbbr":"MIN","teamConf":"West","teamLoc":"Home","teamRslt":"Win","teamPTS":108,"teamAST":27,"teamTO":14,"teamSTL":8,"teamBLK":7,"teamPF":15,"teamFGA":78,"teamFGM":42,"team2PA":59,"team2PM":35,"team3PA":19,"team3PM":7,"teamFTA":20,"teamFTM":17,"teamORB":4,"teamDRB":35,"teamPTS1":23,"teamPTS2":37,"teamPTS3":19,"teamPTS4":29,"teamPTS5":0,"teamPTS6":0,"teamPTS7":0,"teamPTS8":0,"opptAbbr":"MIL","opptConf":"East","opptLoc":"Away","opptRslt":"Loss","opptPTS":89,"opptAST":19,"opptTO":15,"opptSTL":6,"opptBLK":1,"opptPF":21,"opptFGA":85,"opptFGM":32,"oppt2PA":56,"oppt2PM":26,"oppt3PA":29,"oppt3PM":6,"opptFTA":25,"opptFTM":19,"opptORB":15,"opptDRB":28,"opptPTS1":17,"opptPTS2":22,"opptPTS3":22,"opptPTS4":28,"opptPTS5":0,"opptPTS6":0,"opptPTS7":0,"opptPTS8":0}
{"_id":{"$oid":"5cb552f6e0f627212ff3be5a"},"gmDate":"2018/2/3","offLNm3":"Wall","offFNm3":"Scott","teamAbbr":"MIN","teamConf":"West","teamLoc":"Home","teamRslt":"Win","teamPTS":118,"teamAST":21,"teamTO":15,"teamSTL":9,"teamBLK":3,"teamPF":13,"teamFGA":95,"teamFGM":48,"team2PA":74,"team2PM":38,"team3PA":21,"team3PM":10,"teamFTA":16,"teamFTM":12,"teamORB":12,"teamDRB":38,"teamPTS1":37,"teamPTS2":29,"teamPTS3":29,"teamPTS4":23,"teamPTS5":0,"teamPTS6":0,"teamPTS7":0,"teamPTS8":0,"opptAbbr":"NO","opptConf":"West","opptLoc":"Away","opptRslt":"Loss","opptPTS":107,"opptAST":23,"opptTO":13,"opptSTL":9,"opptBLK":8,"opptPF":11,"opptFGA":101,"opptFGM":42,"oppt2PA":68,"oppt2PM":34,"oppt3PA":33,"oppt3PM":8,"opptFTA":17,"opptFTM":15,"opptORB":18,"opptDRB":33,"opptPTS1":29,"opptPTS2":24,"opptPTS3":28,"opptPTS4":26,"opptPTS5":0,"opptPTS6":0,"opptPTS7":0,"opptPTS8":0}
{"_id":{"$oid":"5cb552f6e0f627212ff3be74"},"gmDate":"2018/2/7","offLNm3":"Callahan","offFNm3":"Mike","teamAbbr":"CLE","teamConf":"East","teamLoc":"Home","teamRslt":"Win","teamPTS":140,"teamAST":33,"teamTO":16,"teamSTL":5,"teamBLK":1,"teamPF":21,"teamFGA":88,"teamFGM":52,"team2PA":47,"team2PM":31,"team3PA":41,"team3PM":21,"teamFTA":23,"teamFTM":15,"teamORB":7,"teamDRB":34,"teamPTS1":31,"teamPTS2":33,"teamPTS3":37,"teamPTS4":28,"teamPTS5":11,"teamPTS6":0,"teamPTS7":0,"teamPTS8":0,"opptAbbr":"MIN","opptConf":"West","opptLoc":"Away","opptRslt":"Loss","opptPTS":138,"opptAST":33,"opptTO":12,"opptSTL":7,"opptBLK":4,"opptPF":19,"opptFGA":93,"opptFGM":54,"oppt2PA":60,"oppt2PM":35,"oppt3PA":33,"oppt3PM":19,"opptFTA":12,"opptFTM":11,"opptORB":4,"opptDRB":31,"opptPTS1":29,"opptPTS2":37,"opptPTS3":33,"opptPTS4":30,"opptPTS5":9,"opptPTS6":0,"opptPTS7":0,"opptPTS8":0}
{"_id":{"$oid":"5cb552f6e0f627212ff3be81"},"gmDate":"2018/2/9","offLNm3":"Capers","offFNm3":"James","teamAbbr":"CHI","teamConf":"East","teamLoc":"Home","teamRslt":"Win","teamPTS":114,"teamAST":22,"teamTO":11,"teamSTL":5,"teamBLK":4,"teamPF":19,"teamFGA":83,"teamFGM":41,"team2PA":57,"team2PM":32,"team3PA":26,"team3PM":9,"teamFTA":30,"teamFTM":23,"teamORB":5,"teamDRB":34,"teamPTS1":30,"teamPTS2":26,"teamPTS3":33,"teamPTS4":25,"teamPTS5":0,"teamPTS6":0,"teamPTS7":0,"teamPTS8":0,"opptAbbr":"MIN","opptConf":"West","opptLoc":"Away","opptRslt":"Loss","opptPTS":113,"opptAST":19,"opptTO":14,"opptSTL":8,"opptBLK":4,"opptPF":22,"opptFGA":87,"opptFGM":41,"oppt2PA":65,"oppt2PM":33,"oppt3PA":22,"oppt3PM":8,"opptFTA":28,"opptFTM":23,"opptORB":11,"opptDRB":35,"opptPTS1":27,"opptPTS2":40,"opptPTS3":19,"opptPTS4":27,"opptPTS5":0,"opptPTS6":0,"opptPTS7":0,"opptPTS8":0}
{"_id":{"$oid":"5cb552f6e0f627212ff3be92"},"gmDate":"2018/2/11","offLNm3":"DeRosa","offFNm3":"Joe","teamAbbr":"MIN","teamConf":"West","teamLoc":"Home","teamRslt":"Win","teamPTS":111,"teamAST":29,"teamTO":17,"teamSTL":10,"teamBLK":5,"teamPF":17,"teamFGA":74,"teamFGM":37,"team2PA":50,"team2PM":28,"team3PA":24,"team3PM":9,"teamFTA":32,"teamFTM":28,"teamORB":8,"teamDRB":29,"teamPTS1":23,"teamPTS2":33,"teamPTS3":19,"teamPTS4":36,"teamPTS5":0,"teamPTS6":0,"teamPTS7":0,"teamPTS8":0,"opptAbbr":"SAC","opptConf":"West","opptLoc":"Away","opptRslt":"Loss","opptPTS":106,"opptAST":17,"opptTO":19,"opptSTL":12,"opptBLK":2,"opptPF":23,"opptFGA":88,"opptFGM":42,"oppt2PA":63,"oppt2PM":32,"oppt3PA":25,"oppt3PM":10,"opptFTA":17,"opptFTM":12,"opptORB":15,"opptDRB":28,"opptPTS1":29,"opptPTS2":25,"opptPTS3":26,"opptPTS4":26,"opptPTS5":0,"opptPTS6":0,"opptPTS7":0,"opptPTS8":0}
{"_id":{"$oid":"5cb552f6e0f627212ff3be9d"},"gmDate":"2018/2/13","offLNm3":"Collins","offFNm3":"Derrick","teamAbbr":"MIN","teamConf":"West","teamLoc":"Home","teamRslt":"Loss","teamPTS":108,"teamAST":22,"teamTO":9,"teamSTL":3,"teamBLK":4,"teamPF":20,"teamFGA":84,"teamFGM":40,"team2PA":61,"team2PM":34,"team3PA":23,"team3PM":6,"teamFTA":23,"teamFTM":22,"teamORB":9,"teamDRB":31,"teamPTS1":31,"teamPTS2":19,"teamPTS3":30,"teamPTS4":28,"teamPTS5":0,"teamPTS6":0,"teamPTS7":0,"teamPTS8":0,"opptAbbr":"HOU","opptConf":"West","opptLoc":"Away","opptRslt":"Win","opptPTS":126,"opptAST":25,"opptTO":6,"opptSTL":1,"opptBLK":4,"opptPF":23,"opptFGA":83,"opptFGM":41,"oppt2PA":36,"oppt2PM":19,"oppt3PA":47,"oppt3PM":22,"opptFTA":29,"opptFTM":22,"opptORB":9,"opptDRB":28,"opptPTS1":23,"opptPTS2":31,"opptPTS3":30,"opptPTS4":42,"opptPTS5":0,"opptPTS6":0,"opptPTS7":0,"opptPTS8":0}
{"_id":{"$oid":"5cb552f6e0f627212ff3beae"},"gmDate":"2018/2/15","offLNm3":"Van Duyne","offFNm3":"Justin","teamAbbr":"MIN","teamConf":"West","teamLoc":"Home","teamRslt":"Win","teamPTS":119,"teamAST":23,"teamTO":10,"teamSTL":5,"teamBLK":10,"teamPF":22,"teamFGA":90,"teamFGM":42,"team2PA":66,"team2PM":36,"team3PA":24,"team3PM":6,"teamFTA":31,"teamFTM":29,"teamORB":11,"teamDRB":35,"teamPTS1":35,"teamPTS2":27,"teamPTS3":22,"teamPTS4":35,"teamPTS5":0,"teamPTS6":0,"teamPTS7":0,"teamPTS8":0,"opptAbbr":"LAL","opptConf":"West","opptLoc":"Away","opptRslt":"Loss","opptPTS":111,"opptAST":19,"opptTO":13,"opptSTL":6,"opptBLK":4,"opptPF":26,"opptFGA":94,"opptFGM":43,"oppt2PA":63,"oppt2PM":36,"oppt3PA":31,"oppt3PM":7,"opptFTA":26,"opptFTM":18,"opptORB":11,"opptDRB":35,"opptPTS1":39,"opptPTS2":26,"opptPTS3":26,"opptPTS4":20,"opptPTS5":0,"opptPTS6":0,"opptPTS7":0,"opptPTS8":0}
{"_id":{"$oid":"5cb552f6e0f627212ff3beb9"},"gmDate":"2018/2/23","offLNm3":"Collins","offFNm3":"Derrick","teamAbbr":"HOU","teamConf":"West","teamLoc":"Home","teamRslt":"Win","teamPTS":120,"teamAST":24,"teamTO":13,"teamSTL":6,"teamBLK":2,"teamPF":17,"teamFGA":82,"teamFGM":40,"team2PA":44,"team2PM":26,"team3PA":38,"team3PM":14,"teamFTA":30,"teamFTM":26,"teamORB":14,"teamDRB":36,"teamPTS1":26,"teamPTS2":29,"teamPTS3":33,"teamPTS4":32,"teamPTS5":0,"teamPTS6":0,"teamPTS7":0,"teamPTS8":0,"opptAbbr":"MIN","opptConf":"West","opptLoc":"Away","opptRslt":"Loss","opptPTS":102,"opptAST":19,"opptTO":11,"opptSTL":7,"opptBLK":3,"opptPF":22,"opptFGA":94,"opptFGM":40,"oppt2PA":68,"oppt2PM":30,"oppt3PA":26,"oppt3PM":10,"opptFTA":16,"opptFTM":12,"opptORB":16,"opptDRB":26,"opptPTS1":32,"opptPTS2":22,"opptPTS3":21,"opptPTS4":27,"opptPTS5":0,"opptPTS6":0,"opptPTS7":0,"opptPTS8":0}
{"_id":{"$oid":"5cb552f6e0f627212ff3bec4"},"gmDate":"2018/2/24","offLNm3":"Ayotte","offFNm3":"Mark","teamAbbr":"MIN","teamConf":"West","teamLoc":"Home","teamRslt":"Win","teamPTS":122,"teamAST":25,"teamTO":12,"teamSTL":6,"teamBLK":4,"teamPF":15,"teamFGA":94,"teamFGM":46,"team2PA":59,"team2PM":35,"team3PA":35,"team3PM":11,"teamFTA":26,"teamFTM":19,"teamORB":10,"teamDRB":41,"teamPTS1":31,"teamPTS2":29,"teamPTS3":26,"teamPTS4":36,"teamPTS5":0,"teamPTS6":0,"teamPTS7":0,"teamPTS8":0,"opptAbbr":"CHI","opptConf":"East","opptLoc":"Away","opptRslt":"Loss","opptPTS":104,"opptAST":21,"opptTO":15,"opptSTL":5,"opptBLK":9,"opptPF":20,"opptFGA":90,"opptFGM":42,"oppt2PA":67,"oppt2PM":36,"oppt3PA":23,"oppt3PM":6,"opptFTA":20,"opptFTM":14,"opptORB":4,"opptDRB":38,"opptPTS1":24,"opptPTS2":38,"opptPTS3":20,"opptPTS4":22,"opptPTS5":0,"opptPTS6":0,"opptPTS7":0,"opptPTS8":0}
{"_id":{"$oid":"5cb552f6e0f627212ff3bed6"},"gmDate":"2018/2/26","offLNm3":"Wall","offFNm3":"Scott","teamAbbr":"SAC","teamConf":"West","teamLoc":"Home","teamRslt":"Loss","teamPTS":100,"teamAST":22,"teamTO":15,"teamSTL":5,"teamBLK":3,"teamPF":23,"teamFGA":84,"teamFGM":40,"team2PA":62,"team2PM":32,"team3PA":22,"team3PM":8,"teamFTA":13,"teamFTM":12,"teamORB":8,"teamDRB":23,"teamPTS1":29,"teamPTS2":31,"teamPTS3":17,"teamPTS4":23,"teamPTS5":0,"teamPTS6":0,"teamPTS7":0,"teamPTS8":0,"opptAbbr":"MIN","opptConf":"West","opptLoc":"Away","opptRslt":"Win","opptPTS":118,"opptAST":22,"opptTO":12,"opptSTL":11,"opptBLK":4,"opptPF":14,"opptFGA":75,"opptFGM":39,"oppt2PA":59,"oppt2PM":32,"oppt3PA":16,"oppt3PM":7,"opptFTA":36,"opptFTM":33,"opptORB":7,"opptDRB":35,"opptPTS1":29,"opptPTS2":34,"opptPTS3":34,"opptPTS4":21,"opptPTS5":0,"opptPTS6":0,"opptPTS7":0,"opptPTS8":0}
{"_id":{"$oid":"5cb552f6e0f627212ff3bee9"},"gmDate":"2018/3/1","offLNm3":"Stafford","offFNm3":"Derrick","teamAbbr":"POR","teamConf":"West","teamLoc":"Home","teamRslt":"Win","teamPTS":108,"teamAST":17,"teamTO":8,"teamSTL":9,"teamBLK":6,"teamPF":18,"teamFGA":92,"teamFGM":36,"team2PA":62,"team2PM":27,"team3PA":30,"team3PM":9,"teamFTA":35,"teamFTM":27,"teamORB":12,"teamDRB":36,"teamPTS1":19,"teamPTS2":25,"teamPTS3":31,"teamPTS4":33,"teamPTS5":0,"teamPTS6":0,"teamPTS7":0,"teamPTS8":0,"opptAbbr":"MIN","opptConf":"West","opptLoc":"Away","opptRslt":"Loss","opptPTS":99,"opptAST":16,"opptTO":15,"opptSTL":5,"opptBLK":7,"opptPF":24,"opptFGA":85,"opptFGM":38,"oppt2PA":65,"oppt2PM":34,"oppt3PA":20,"oppt3PM":4,"opptFTA":21,"opptFTM":19,"opptORB":9,"opptDRB":40,"opptPTS1":24,"opptPTS2":25,"opptPTS3":29,"opptPTS4":21,"opptPTS5":0,"opptPTS6":0,"opptPTS7":0,"opptPTS8":0}
{"_id":{"$oid":"5cb552f6e0f627212ff3bef3"},"gmDate":"2018/3/2","offLNm3":"Maddox","offFNm3":"Tre","teamAbbr":"UTA","teamConf":"West","teamLoc":"Home","teamRslt":"Win","teamPTS":116,"teamAST":21,"teamTO":19,"teamSTL":7,"teamBLK":5,"teamPF":21,"teamFGA":78,"teamFGM":40,"team2PA":49,"team2PM":31,"team3PA":29,"team3PM":9,"teamFTA":35,"teamFTM":27,"teamORB":11,"teamDRB":34,"teamPTS1":23,"teamPTS2":33,"teamPTS3":29,"teamPTS4":31,"teamPTS5":0,"teamPTS6":0,"teamPTS7":0,"teamPTS8":0,"opptAbbr":"MIN","opptConf":"West","opptLoc":"Away","opptRslt":"Loss","opptPTS":108,"opptAST":14,"opptTO":13,"opptSTL":9,"opptBLK":0,"opptPF":23,"opptFGA":74,"opptFGM":38,"oppt2PA":57,"oppt2PM":29,"oppt3PA":17,"oppt3PM":9,"opptFTA":31,"opptFTM":23,"opptORB":2,"opptDRB":25,"opptPTS1":24,"opptPTS2":21,"opptPTS3":32,"opptPTS4":31,"opptPTS5":0,"opptPTS6":0,"opptPTS7":0,"opptPTS8":0}
{"_id":{"$oid":"5cb552f6e0f627212ff3bf1a"},"gmDate":"2018/3/8","offLNm3":"Foster","offFNm3":"Scott","teamAbbr":"MIN","teamConf":"West","teamLoc":"Home","teamRslt":"Loss","teamPTS":109,"teamAST":24,"teamTO":13,"teamSTL":3,"teamBLK":3,"teamPF":22,"teamFGA":94,"teamFGM":44,"team2PA":63,"team2PM":32,"team3PA":31,"team3PM":12,"teamFTA":13,"teamFTM":9,"teamORB":13,"teamDRB":34,"teamPTS1":28,"teamPTS2":18,"teamPTS3":28,"teamPTS4":35,"teamPTS5":0,"teamPTS6":0,"teamPTS7":0,"teamPTS8":0,"opptAbbr":"BOS","opptConf":"East","opptLoc":"Away","opptRslt":"Win","opptPTS":117,"opptAST":28,"opptTO":11,"opptSTL":7,"opptBLK":2,"opptPF":17,"opptFGA":87,"opptFGM":43,"oppt2PA":55,"oppt2PM":32,"oppt3PA":32,"oppt3PM":11,"opptFTA":27,"opptFTM":20,"opptORB":9,"opptDRB":37,"opptPTS1":35,"opptPTS2":25,"opptPTS3":26,"opptPTS4":31,"opptPTS5":0,"opptPTS6":0,"opptPTS7":0,"opptPTS8":0}
{"_id":{"$oid":"5cb552f6e0f627212ff3bf2e"},"gmDate":"2018/3/11","offLNm3":"Callahan","offFNm3":"Mike","teamAbbr":"MIN","teamConf":"West","teamLoc":"Home","teamRslt":"Win","teamPTS":109,"teamAST":27,"teamTO":10,"teamSTL":7,"teamBLK":3,"teamPF":15,"teamFGA":95,"teamFGM":44,"team2PA":75,"team2PM":38,"team3PA":20,"team3PM":6,"teamFTA":21,"teamFTM":15,"teamORB":13,"teamDRB":37,"teamPTS1":34,"teamPTS2":21,"teamPTS3":29,"teamPTS4":25,"teamPTS5":0,"teamPTS6":0,"teamPTS7":0,"teamPTS8":0,"opptAbbr":"GS","opptConf":"West","opptLoc":"Away","opptRslt":"Loss","opptPTS":103,"opptAST":22,"opptTO":13,"opptSTL":6,"opptBLK":8,"opptPF":17,"opptFGA":91,"opptFGM":37,"oppt2PA":55,"oppt2PM":27,"oppt3PA":36,"oppt3PM":10,"opptFTA":21,"opptFTM":19,"opptORB":12,"opptDRB":38,"opptPTS1":24,"opptPTS2":38,"opptPTS3":22,"opptPTS4":19,"opptPTS5":0,"opptPTS6":0,"opptPTS7":0,"opptPTS8":0}
{"_id":{"$oid":"5cb552f6e0f627212ff3bf3b"},"gmDate":"2018/3/13","offLNm3":"Holtkamp","offFNm3":"Lauren","teamAbbr":"WAS","teamConf":"East","teamLoc":"Home","teamRslt":"Loss","teamPTS":111,"teamAST":26,"teamTO":11,"teamSTL":6,"teamBLK":4,"teamPF":17,"teamFGA":82,"teamFGM":42,"team2PA":62,"team2PM":34,"team3PA":20,"team3PM":8,"teamFTA":25,"teamFTM":19,"teamORB":14,"teamDRB":25,"teamPTS1":26,"teamPTS2":33,"teamPTS3":31,"teamPTS4":21,"teamPTS5":0,"teamPTS6":0,"teamPTS7":0,"teamPTS8":0,"opptAbbr":"MIN","opptConf":"West","opptLoc":"Away","opptRslt":"Win","opptPTS":116,"opptAST":23,"opptTO":10,"opptSTL":10,"opptBLK":7,"opptPF":21,"opptFGA":87,"opptFGM":46,"oppt2PA":66,"oppt2PM":39,"oppt3PA":21,"oppt3PM":7,"opptFTA":19,"opptFTM":17,"opptORB":11,"opptDRB":26,"opptPTS1":25,"opptPTS2":28,"opptPTS3":29,"opptPTS4":34,"opptPTS5":0,"opptPTS6":0,"opptPTS7":0,"opptPTS8":0}
{"_id":{"$oid":"5cb552f6e0f627212ff3bf5f"},"gmDate":"2018/3/17","offLNm3":"Collins","offFNm3":"Derrick","teamAbbr":"SA","teamConf":"West","teamLoc":"Home","teamRslt":"Win","teamPTS":117,"teamAST":32,"teamTO":5,"teamSTL":11,"teamBLK":8,"teamPF":17,"teamFGA":96,"teamFGM":49,"team2PA":70,"team2PM":43,"team3PA":26,"team3PM":6,"teamFTA":14,"teamFTM":13,"teamORB":14,"teamDRB":27,"teamPTS1":23,"teamPTS2":38,"teamPTS3":29,"teamPTS4":27,"teamPTS5":0,"teamPTS6":0,"teamPTS7":0,"teamPTS8":0,"opptAbbr":"MIN","opptConf":"West","opptLoc":"Away","opptRslt":"Loss","opptPTS":101,"opptAST":22,"opptTO":16,"opptSTL":3,"opptBLK":2,"opptPF":16,"opptFGA":81,"opptFGM":39,"oppt2PA":69,"oppt2PM":32,"oppt3PA":12,"oppt3PM":7,"opptFTA":20,"opptFTM":16,"opptORB":10,"opptDRB":24,"opptPTS1":24,"opptPTS2":26,"opptPTS3":31,"opptPTS4":20,"opptPTS5":0,"opptPTS6":0,"opptPTS7":0,"opptPTS8":0}
{"_id":{"$oid":"5cb552f6e0f627212ff3bf66"},"gmDate":"2018/3/18","offLNm3":"Malloy","offFNm3":"Ed","teamAbbr":"MIN","teamConf":"West","teamLoc":"Home","teamRslt":"Loss","teamPTS":120,"teamAST":24,"teamTO":14,"teamSTL":7,"teamBLK":1,"teamPF":26,"teamFGA":86,"teamFGM":45,"team2PA":66,"team2PM":35,"team3PA":20,"team3PM":10,"teamFTA":26,"teamFTM":20,"teamORB":14,"teamDRB":27,"teamPTS1":23,"teamPTS2":33,"teamPTS3":35,"teamPTS4":29,"teamPTS5":0,"teamPTS6":0,"teamPTS7":0,"teamPTS8":0,"opptAbbr":"HOU","opptConf":"West","opptLoc":"Away","opptRslt":"Win","opptPTS":129,"opptAST":28,"opptTO":11,"opptSTL":7,"opptBLK":8,"opptPF":26,"opptFGA":78,"opptFGM":43,"oppt2PA":43,"oppt2PM":27,"oppt3PA":35,"oppt3PM":16,"opptFTA":36,"opptFTM":27,"opptORB":8,"opptDRB":25,"opptPTS1":38,"opptPTS2":39,"opptPTS3":30,"opptPTS4":22,"opptPTS5":0,"opptPTS6":0,"opptPTS7":0,"opptPTS8":0}
{"_id":{"$oid":"5cb552f6e0f627212ff3bf71"},"gmDate":"2018/3/20","offLNm3":"Van Duyne","offFNm3":"Justin","teamAbbr":"MIN","teamConf":"West","teamLoc":"Home","teamRslt":"Win","teamPTS":123,"teamAST":23,"teamTO":11,"teamSTL":5,"teamBLK":6,"teamPF":21,"teamFGA":86,"teamFGM":45,"team2PA":61,"team2PM":35,"team3PA":25,"team3PM":10,"teamFTA":24,"teamFTM":23,"teamORB":7,"teamDRB":34,"teamPTS1":28,"teamPTS2":31,"teamPTS3":36,"teamPTS4":28,"teamPTS5":0,"teamPTS6":0,"teamPTS7":0,"teamPTS8":0,"opptAbbr":"LAC","opptConf":"West","opptLoc":"Away","opptRslt":"Loss","opptPTS":109,"opptAST":21,"opptTO":12,"opptSTL":4,"opptBLK":5,"opptPF":22,"opptFGA":93,"opptFGM":40,"oppt2PA":69,"oppt2PM":32,"oppt3PA":24,"oppt3PM":8,"opptFTA":26,"opptFTM":21,"opptORB":11,"opptDRB":30,"opptPTS1":32,"opptPTS2":26,"opptPTS3":25,"opptPTS4":26,"opptPTS5":0,"opptPTS6":0,"opptPTS7":0,"opptPTS8":0}
{"_id":{"$oid":"5cb552f6e0f627212ff3bf87"},"gmDate":"2018/3/23","offLNm3":"Brothers","offFNm3":"Tony","teamAbbr":"NY","teamConf":"East","teamLoc":"Home","teamRslt":"Loss","teamPTS":104,"teamAST":25,"teamTO":11,"teamSTL":9,"teamBLK":0,"teamPF":27,"teamFGA":92,"teamFGM":40,"team2PA":64,"team2PM":28,"team3PA":28,"team3PM":12,"teamFTA":17,"teamFTM":12,"teamORB":10,"teamDRB":32,"teamPTS1":22,"teamPTS2":26,"teamPTS3":34,"teamPTS4":22,"teamPTS5":0,"teamPTS6":0,"teamPTS7":0,"teamPTS8":0,"opptAbbr":"MIN","opptConf":"West","opptLoc":"Away","opptRslt":"Win","opptPTS":108,"opptAST":23,"opptTO":15,"opptSTL":6,"opptBLK":6,"opptPF":15,"opptFGA":75,"opptFGM":35,"oppt2PA":49,"oppt2PM":25,"oppt3PA":26,"oppt3PM":10,"opptFTA":32,"opptFTM":28,"opptORB":6,"opptDRB":39,"opptPTS1":31,"opptPTS2":26,"opptPTS3":27,"opptPTS4":24,"opptPTS5":0,"opptPTS6":0,"opptPTS7":0,"opptPTS8":0}
{"_id":{"$oid":"5cb552f6e0f627212ff3bf8e"},"gmDate":"2018/3/24","offLNm3":"Tiven","offFNm3":"Josh","teamAbbr":"PHI","teamConf":"East","teamLoc":"Home","teamRslt":"Win","teamPTS":120,"teamAST":33,"teamTO":16,"teamSTL":9,"teamBLK":11,"teamPF":29,"teamFGA":88,"teamFGM":42,"team2PA":51,"team2PM":29,"team3PA":37,"team3PM":13,"teamFTA":36,"teamFTM":23,"teamORB":7,"teamDRB":44,"teamPTS1":32,"teamPTS2":27,"teamPTS3":39,"teamPTS4":22,"teamPTS5":0,"teamPTS6":0,"teamPTS7":0,"teamPTS8":0,"opptAbbr":"MIN","opptConf":"West","opptLoc":"Away","opptRslt":"Loss","opptPTS":108,"opptAST":19,"opptTO":14,"opptSTL":7,"opptBLK":3,"opptPF":27,"opptFGA":97,"opptFGM":37,"oppt2PA":74,"oppt2PM":31,"oppt3PA":23,"oppt3PM":6,"opptFTA":38,"opptFTM":28,"opptORB":13,"opptDRB":40,"opptPTS1":24,"opptPTS2":28,"opptPTS3":19,"opptPTS4":37,"opptPTS5":0,"opptPTS6":0,"opptPTS7":0,"opptPTS8":0}
{"_id":{"$oid":"5cb552f6e0f627212ff3bfa1"},"gmDate":"2018/3/26","offLNm3":"Kennedy","offFNm3":"Bill","teamAbbr":"MIN","teamConf":"West","teamLoc":"Home","teamRslt":"Loss","teamPTS":93,"teamAST":21,"teamTO":16,"teamSTL":7,"teamBLK":6,"teamPF":15,"teamFGA":79,"teamFGM":33,"team2PA":55,"team2PM":25,"team3PA":24,"team3PM":8,"teamFTA":24,"teamFTM":19,"teamORB":7,"teamDRB":30,"teamPTS1":25,"teamPTS2":34,"teamPTS3":23,"teamPTS4":11,"teamPTS5":0,"teamPTS6":0,"teamPTS7":0,"teamPTS8":0,"opptAbbr":"MEM","opptConf":"West","opptLoc":"Away","opptRslt":"Win","opptPTS":101,"opptAST":25,"opptTO":14,"opptSTL":8,"opptBLK":4,"opptPF":23,"opptFGA":84,"opptFGM":40,"oppt2PA":53,"oppt2PM":25,"oppt3PA":31,"oppt3PM":15,"opptFTA":9,"opptFTM":6,"opptORB":7,"opptDRB":28,"opptPTS1":26,"opptPTS2":33,"opptPTS3":19,"opptPTS4":23,"opptPTS5":0,"opptPTS6":0,"opptPTS7":0,"opptPTS8":0}
{"_id":{"$oid":"5cb552f6e0f627212ff3bfae"},"gmDate":"2018/3/28","offLNm3":"Lewis","offFNm3":"Eric","teamAbbr":"MIN","teamConf":"West","teamLoc":"Home","teamRslt":"Win","teamPTS":126,"teamAST":33,"teamTO":13,"teamSTL":9,"teamBLK":1,"teamPF":20,"teamFGA":90,"teamFGM":48,"team2PA":60,"team2PM":35,"team3PA":30,"team3PM":13,"teamFTA":21,"teamFTM":17,"teamORB":7,"teamDRB":30,"teamPTS1":34,"teamPTS2":31,"teamPTS3":33,"teamPTS4":28,"teamPTS5":0,"teamPTS6":0,"teamPTS7":0,"teamPTS8":0,"opptAbbr":"ATL","opptConf":"East","opptLoc":"Away","opptRslt":"Loss","opptPTS":114,"opptAST":26,"opptTO":20,"opptSTL":10,"opptBLK":2,"opptPF":22,"opptFGA":77,"opptFGM":41,"oppt2PA":50,"oppt2PM":28,"oppt3PA":27,"oppt3PM":13,"opptFTA":23,"opptFTM":19,"opptORB":4,"opptDRB":33,"opptPTS1":32,"opptPTS2":25,"opptPTS3":31,"opptPTS4":26,"opptPTS5":0,"opptPTS6":0,"opptPTS7":0,"opptPTS8":0}
{"_id":{"$oid":"5cb552f6e0f627212ff3bfbc"},"gmDate":"2018/3/30","offLNm3":"Ayotte","offFNm3":"Mark","teamAbbr":"DAL","teamConf":"West","teamLoc":"Home","teamRslt":"Loss","teamPTS":92,"teamAST":22,"teamTO":14,"teamSTL":5,"teamBLK":5,"teamPF":17,"teamFGA":85,"teamFGM":38,"team2PA":57,"team2PM":27,"team3PA":28,"team3PM":11,"teamFTA":7,"teamFTM":5,"teamORB":6,"teamDRB":40,"teamPTS1":20,"teamPTS2":26,"teamPTS3":18,"teamPTS4":28,"teamPTS5":0,"teamPTS6":0,"teamPTS7":0,"teamPTS8":0,"opptAbbr":"MIN","opptConf":"West","opptLoc":"Away","opptRslt":"Win","opptPTS":93,"opptAST":14,"opptTO":10,"opptSTL":10,"opptBLK":6,"opptPF":13,"opptFGA":83,"opptFGM":35,"oppt2PA":58,"oppt2PM":27,"oppt3PA":25,"oppt3PM":8,"opptFTA":17,"opptFTM":15,"opptORB":6,"opptDRB":38,"opptPTS1":16,"opptPTS2":28,"opptPTS3":23,"opptPTS4":26,"opptPTS5":0,"opptPTS6":0,"opptPTS7":0,"opptPTS8":0}
{"_id":{"$oid":"5cb552f6e0f627212ff3bfcd"},"gmDate":"2018/4/1","offLNm3":"Washington","offFNm3":"Tom","teamAbbr":"MIN","teamConf":"West","teamLoc":"Home","teamRslt":"Loss","teamPTS":97,"teamAST":19,"teamTO":14,"teamSTL":10,"teamBLK":1,"teamPF":17,"teamFGA":90,"teamFGM":38,"team2PA":66,"team2PM":30,"team3PA":24,"team3PM":8,"teamFTA":14,"teamFTM":13,"teamORB":7,"teamDRB":25,"teamPTS1":26,"teamPTS2":24,"teamPTS3":21,"teamPTS4":26,"teamPTS5":0,"teamPTS6":0,"teamPTS7":0,"teamPTS8":0,"opptAbbr":"UTA","opptConf":"West","opptLoc":"Away","opptRslt":"Win","opptPTS":121,"opptAST":29,"opptTO":17,"opptSTL":8,"opptBLK":7,"opptPF":19,"opptFGA":76,"opptFGM":46,"oppt2PA":48,"oppt2PM":35,"oppt3PA":28,"oppt3PM":11,"opptFTA":25,"opptFTM":18,"opptORB":6,"opptDRB":39,"opptPTS1":28,"opptPTS2":33,"opptPTS3":26,"opptPTS4":34,"opptPTS5":0,"opptPTS6":0,"opptPTS7":0,"opptPTS8":0}
{"_id":{"$oid":"5cb552f6e0f627212ff3bfe9"},"gmDate":"2018/4/5","offLNm3":"Mauer","offFNm3":"Ken","teamAbbr":"DEN","teamConf":"West","teamLoc":"Home","teamRslt":"Win","teamPTS":100,"teamAST":21,"teamTO":11,"teamSTL":3,"teamBLK":7,"teamPF":17,"teamFGA":89,"teamFGM":35,"team2PA":53,"team2PM":24,"team3PA":36,"team3PM":11,"teamFTA":22,"teamFTM":19,"teamORB":13,"teamDRB":34,"teamPTS1":27,"teamPTS2":24,"teamPTS3":28,"teamPTS4":21,"teamPTS5":0,"teamPTS6":0,"teamPTS7":0,"teamPTS8":0,"opptAbbr":"MIN","opptConf":"West","opptLoc":"Away","opptRslt":"Loss","opptPTS":96,"opptAST":22,"opptTO":8,"opptSTL":4,"opptBLK":1,"opptPF":19,"opptFGA":91,"opptFGM":39,"oppt2PA":67,"oppt2PM":33,"oppt3PA":24,"oppt3PM":6,"opptFTA":16,"opptFTM":12,"opptORB":12,"opptDRB":35,"opptPTS1":24,"opptPTS2":30,"opptPTS3":18,"opptPTS4":24,"opptPTS5":0,"opptPTS6":0,"opptPTS7":0,"opptPTS8":0}
{"_id":{"$oid":"5cb552f6e0f627212ff3bff4"},"gmDate":"2018/4/6","offLNm3":"Ayotte","offFNm3":"Mark","teamAbbr":"LAL","teamConf":"West","teamLoc":"Home","teamRslt":"Loss","teamPTS":96,"teamAST":16,"teamTO":21,"teamSTL":3,"teamBLK":2,"teamPF":21,"teamFGA":79,"teamFGM":31,"team2PA":55,"team2PM":23,"team3PA":24,"team3PM":8,"teamFTA":32,"teamFTM":26,"teamORB":13,"teamDRB":40,"teamPTS1":26,"teamPTS2":32,"teamPTS3":15,"teamPTS4":23,"teamPTS5":0,"teamPTS6":0,"teamPTS7":0,"teamPTS8":0,"opptAbbr":"MIN","opptConf":"West","opptLoc":"Away","opptRslt":"Win","opptPTS":113,"opptAST":25,"opptTO":5,"opptSTL":14,"opptBLK":8,"opptPF":24,"opptFGA":100,"opptFGM":43,"oppt2PA":74,"oppt2PM":35,"oppt3PA":26,"oppt3PM":8,"opptFTA":26,"opptFTM":19,"opptORB":18,"opptDRB":30,"opptPTS1":30,"opptPTS2":21,"opptPTS3":29,"opptPTS4":33,"opptPTS5":0,"opptPTS6":0,"opptPTS7":0,"opptPTS8":0}
{"_id":{"$oid":"5cb552f6e0f627212ff3c007"},"gmDate":"2018/4/9","offLNm3":"Capers","offFNm3":"James","teamAbbr":"MIN","teamConf":"West","teamLoc":"Home","teamRslt":"Win","teamPTS":113,"teamAST":27,"teamTO":18,"teamSTL":10,"teamBLK":7,"teamPF":18,"teamFGA":87,"teamFGM":42,"team2PA":65,"team2PM":35,"team3PA":22,"team3PM":7,"teamFTA":26,"teamFTM":22,"teamORB":18,"teamDRB":34,"teamPTS1":20,"teamPTS2":36,"teamPTS3":27,"teamPTS4":30,"teamPTS5":0,"teamPTS6":0,"teamPTS7":0,"teamPTS8":0,"opptAbbr":"MEM","opptConf":"West","opptLoc":"Away","opptRslt":"Loss","opptPTS":94,"opptAST":20,"opptTO":17,"opptSTL":11,"opptBLK":5,"opptPF":20,"opptFGA":85,"opptFGM":35,"oppt2PA":67,"oppt2PM":30,"oppt3PA":18,"oppt3PM":5,"opptFTA":21,"opptFTM":19,"opptORB":10,"opptDRB":25,"opptPTS1":26,"opptPTS2":27,"opptPTS3":22,"opptPTS4":19,"opptPTS5":0,"opptPTS6":0,"opptPTS7":0,"opptPTS8":0}
{"_id":{"$oid":"5cb552f6e0f627212ff3c015"},"gmDate":"2018/4/11","offLNm3":"Boland","offFNm3":"Matt","teamAbbr":"MIN","teamConf":"West","teamLoc":"Home","teamRslt":"Win","teamPTS":112,"teamAST":24,"teamTO":8,"teamSTL":10,"teamBLK":2,"teamPF":19,"teamFGA":89,"teamFGM":42,"team2PA":66,"team2PM":33,"team3PA":23,"team3PM":9,"teamFTA":25,"teamFTM":19,"teamORB":8,"teamDRB":32,"teamPTS1":29,"teamPTS2":33,"teamPTS3":24,"teamPTS4":15,"teamPTS5":11,"teamPTS6":0,"teamPTS7":0,"teamPTS8":0,"opptAbbr":"DEN","opptConf":"West","opptLoc":"Away","opptRslt":"Loss","opptPTS":106,"opptAST":19,"opptTO":15,"opptSTL":4,"opptBLK":4,"opptPF":22,"opptFGA":90,"opptFGM":41,"oppt2PA":58,"oppt2PM":28,"oppt3PA":32,"oppt3PM":13,"opptFTA":18,"opptFTM":11,"opptORB":10,"opptDRB":37,"opptPTS1":26,"opptPTS2":28,"opptPTS3":27,"opptPTS4":20,"opptPTS5":5,"opptPTS6":0,"opptPTS7":0,"opptPTS8":0}
