{"_id":{"$oid":"5cb552e5e0f627212ff3a7a6"},"stDate":"2017/10/17","teamAbbr":"MIN","rank":2,"rankOrd":"2nd","gameWon":0,"gameLost":0,"stk":"-","homeWin":0,"homeLoss":0,"awayWin":0,"awayLoss":0}
{"_id":{"$oid":"5cb552e5e0f627212ff3a7c3"},"stDate":"2017/10/18","teamAbbr":"MIN","rank":9,"rankOrd":"9th","gameWon":0,"gameLost":1,"stk":"L1","homeWin":0,"homeLoss":0,"awayWin":0,"awayLoss":1}
{"_id":{"$oid":"5cb552e5e0f627212ff3a7e2"},"stDate":"2017/10/19","teamAbbr":"MIN","rank":8,"rankOrd":"8th","gameWon":0,"gameLost":1,"stk":"L1","homeWin":0,"homeLoss":0,"awayWin":0,"awayLoss":1}
{"_id":{"$oid":"5cb552e5e0f627212ff3a800"},"stDate":"2017/10/20","teamAbbr":"MIN","rank":7,"rankOrd":"7th","gameWon":1,"gameLost":1,"stk":"W1","homeWin":1,"homeLoss":0,"awayWin":0,"awayLoss":1}
{"_id":{"$oid":"5cb552e5e0f627212ff3a81f"},"stDate":"2017/10/21","teamAbbr":"MIN","rank":7,"rankOrd":"7th","gameWon":1,"gameLost":1,"stk":"W1","homeWin":1,"homeLoss":0,"awayWin":0,"awayLoss":1}
{"_id":{"$oid":"5cb552e5e0f627212ff3a83b"},"stDate":"2017/10/22","teamAbbr":"MIN","rank":5,"rankOrd":"5th","gameWon":2,"gameLost":1,"stk":"W2","homeWin":1,"homeLoss":0,"awayWin":1,"awayLoss":1}
{"_id":{"$oid":"5cb552e5e0f627212ff3a859"},"stDate":"2017/10/23","teamAbbr":"MIN","rank":5,"rankOrd":"5th","gameWon":2,"gameLost":1,"stk":"W2","homeWin":1,"homeLoss":0,"awayWin":1,"awayLoss":1}
{"_id":{"$oid":"5cb552e5e0f627212ff3a882"},"stDate":"2017/10/24","teamAbbr":"MIN","rank":6,"rankOrd":"6th","gameWon":2,"gameLost":2,"stk":"L1","homeWin":1,"homeLoss":1,"awayWin":1,"awayLoss":1}
{"_id":{"$oid":"5cb552e5e0f627212ff3a896"},"stDate":"2017/10/25","teamAbbr":"MIN","rank":9,"rankOrd":"9th","gameWon":2,"gameLost":3,"stk":"L2","homeWin":1,"homeLoss":1,"awayWin":1,"awayLoss":2}
{"_id":{"$oid":"5cb552e5e0f627212ff3a8b4"},"stDate":"2017/10/26","teamAbbr":"MIN","rank":9,"rankOrd":"9th","gameWon":2,"gameLost":3,"stk":"L2","homeWin":1,"homeLoss":1,"awayWin":1,"awayLoss":2}
{"_id":{"$oid":"5cb552e5e0f627212ff3a8d3"},"stDate":"2017/10/27","teamAbbr":"MIN","rank":7,"rankOrd":"7th","gameWon":3,"gameLost":3,"stk":"W1","homeWin":2,"homeLoss":1,"awayWin":1,"awayLoss":2}
{"_id":{"$oid":"5cb552e5e0f627212ff3a8ef"},"stDate":"2017/10/28","teamAbbr":"MIN","rank":7,"rankOrd":"7th","gameWon":3,"gameLost":3,"stk":"W1","homeWin":2,"homeLoss":1,"awayWin":1,"awayLoss":2}
{"_id":{"$oid":"5cb552e5e0f627212ff3a90d"},"stDate":"2017/10/29","teamAbbr":"MIN","rank":7,"rankOrd":"7th","gameWon":3,"gameLost":3,"stk":"W1","homeWin":2,"homeLoss":1,"awayWin":1,"awayLoss":2}
{"_id":{"$oid":"5cb552e5e0f627212ff3a92d"},"stDate":"2017/10/30","teamAbbr":"MIN","rank":5,"rankOrd":"5th","gameWon":4,"gameLost":3,"stk":"W2","homeWin":2,"homeLoss":1,"awayWin":2,"awayLoss":2}
{"_id":{"$oid":"5cb552e5e0f627212ff3a94c"},"stDate":"2017/10/31","teamAbbr":"MIN","rank":5,"rankOrd":"5th","gameWon":4,"gameLost":3,"stk":"W2","homeWin":2,"homeLoss":1,"awayWin":2,"awayLoss":2}
{"_id":{"$oid":"5cb552e5e0f627212ff3a967"},"stDate":"2017/11/1","teamAbbr":"MIN","rank":3,"rankOrd":"3rd","gameWon":5,"gameLost":3,"stk":"W3","homeWin":2,"homeLoss":1,"awayWin":3,"awayLoss":2}
{"_id":{"$oid":"5cb552e5e0f627212ff3a97f"},"stDate":"2017/11/2","teamAbbr":"MIN","rank":4,"rankOrd":"4th","gameWon":5,"gameLost":3,"stk":"W3","homeWin":2,"homeLoss":1,"awayWin":3,"awayLoss":2}
{"_id":{"$oid":"5cb552e5e0f627212ff3a9a2"},"stDate":"2017/11/3","teamAbbr":"MIN","rank":4,"rankOrd":"4th","gameWon":5,"gameLost":3,"stk":"W3","homeWin":2,"homeLoss":1,"awayWin":3,"awayLoss":2}
{"_id":{"$oid":"5cb552e5e0f627212ff3a9c1"},"stDate":"2017/11/4","teamAbbr":"MIN","rank":3,"rankOrd":"3rd","gameWon":6,"gameLost":3,"stk":"W4","homeWin":3,"homeLoss":1,"awayWin":3,"awayLoss":2}
{"_id":{"$oid":"5cb552e5e0f627212ff3a9da"},"stDate":"2017/11/5","teamAbbr":"MIN","rank":2,"rankOrd":"2nd","gameWon":7,"gameLost":3,"stk":"W5","homeWin":4,"homeLoss":1,"awayWin":3,"awayLoss":2}
{"_id":{"$oid":"5cb552e5e0f627212ff3a9fe"},"stDate":"2017/11/6","teamAbbr":"MIN","rank":3,"rankOrd":"3rd","gameWon":7,"gameLost":3,"stk":"W5","homeWin":4,"homeLoss":1,"awayWin":3,"awayLoss":2}
{"_id":{"$oid":"5cb552e5e0f627212ff3aa1b"},"stDate":"2017/11/7","teamAbbr":"MIN","rank":3,"rankOrd":"3rd","gameWon":7,"gameLost":3,"stk":"W5","homeWin":4,"homeLoss":1,"awayWin":3,"awayLoss":2}
{"_id":{"$oid":"5cb552e5e0f627212ff3aa3a"},"stDate":"2017/11/8","teamAbbr":"MIN","rank":3,"rankOrd":"3rd","gameWon":7,"gameLost":4,"stk":"L1","homeWin":4,"homeLoss":1,"awayWin":3,"awayLoss":3}
{"_id":{"$oid":"5cb552e5e0f627212ff3aa59"},"stDate":"2017/11/9","teamAbbr":"MIN","rank":3,"rankOrd":"3rd","gameWon":7,"gameLost":4,"stk":"L1","homeWin":4,"homeLoss":1,"awayWin":3,"awayLoss":3}
{"_id":{"$oid":"5cb552e5e0f627212ff3aa76"},"stDate":"2017/11/10","teamAbbr":"MIN","rank":3,"rankOrd":"3rd","gameWon":7,"gameLost":4,"stk":"L1","homeWin":4,"homeLoss":1,"awayWin":3,"awayLoss":3}
{"_id":{"$oid":"5cb552e5e0f627212ff3aa94"},"stDate":"2017/11/11","teamAbbr":"MIN","rank":5,"rankOrd":"5th","gameWon":7,"gameLost":5,"stk":"L2","homeWin":4,"homeLoss":1,"awayWin":3,"awayLoss":4}
{"_id":{"$oid":"5cb552e5e0f627212ff3aab1"},"stDate":"2017/11/12","teamAbbr":"MIN","rank":5,"rankOrd":"5th","gameWon":7,"gameLost":5,"stk":"L2","homeWin":4,"homeLoss":1,"awayWin":3,"awayLoss":4}
{"_id":{"$oid":"5cb552e5e0f627212ff3aad0"},"stDate":"2017/11/13","teamAbbr":"MIN","rank":3,"rankOrd":"3rd","gameWon":8,"gameLost":5,"stk":"W1","homeWin":4,"homeLoss":1,"awayWin":4,"awayLoss":4}
{"_id":{"$oid":"5cb552e5e0f627212ff3aaed"},"stDate":"2017/11/14","teamAbbr":"MIN","rank":4,"rankOrd":"4th","gameWon":8,"gameLost":5,"stk":"W1","homeWin":4,"homeLoss":1,"awayWin":4,"awayLoss":4}
{"_id":{"$oid":"5cb552e5e0f627212ff3ab05"},"stDate":"2017/11/15","teamAbbr":"MIN","rank":3,"rankOrd":"3rd","gameWon":9,"gameLost":5,"stk":"W2","homeWin":5,"homeLoss":1,"awayWin":4,"awayLoss":4}
{"_id":{"$oid":"5cb552e5e0f627212ff3ab2a"},"stDate":"2017/11/16","teamAbbr":"MIN","rank":3,"rankOrd":"3rd","gameWon":9,"gameLost":5,"stk":"W2","homeWin":5,"homeLoss":1,"awayWin":4,"awayLoss":4}
{"_id":{"$oid":"5cb552e5e0f627212ff3ab48"},"stDate":"2017/11/17","teamAbbr":"MIN","rank":3,"rankOrd":"3rd","gameWon":10,"gameLost":5,"stk":"W3","homeWin":5,"homeLoss":1,"awayWin":5,"awayLoss":4}
{"_id":{"$oid":"5cb552e5e0f627212ff3ab66"},"stDate":"2017/11/18","teamAbbr":"MIN","rank":3,"rankOrd":"3rd","gameWon":10,"gameLost":5,"stk":"W3","homeWin":5,"homeLoss":1,"awayWin":5,"awayLoss":4}
{"_id":{"$oid":"5cb552e5e0f627212ff3ab82"},"stDate":"2017/11/19","teamAbbr":"MIN","rank":3,"rankOrd":"3rd","gameWon":10,"gameLost":6,"stk":"L1","homeWin":5,"homeLoss":2,"awayWin":5,"awayLoss":4}
{"_id":{"$oid":"5cb552e5e0f627212ff3aba2"},"stDate":"2017/11/20","teamAbbr":"MIN","rank":4,"rankOrd":"4th","gameWon":10,"gameLost":7,"stk":"L2","homeWin":5,"homeLoss":2,"awayWin":5,"awayLoss":5}
{"_id":{"$oid":"5cb552e5e0f627212ff3abc0"},"stDate":"2017/11/21","teamAbbr":"MIN","rank":4,"rankOrd":"4th","gameWon":10,"gameLost":7,"stk":"L2","homeWin":5,"homeLoss":2,"awayWin":5,"awayLoss":5}
{"_id":{"$oid":"5cb552e5e0f627212ff3abde"},"stDate":"2017/11/22","teamAbbr":"MIN","rank":3,"rankOrd":"3rd","gameWon":11,"gameLost":7,"stk":"W1","homeWin":6,"homeLoss":2,"awayWin":5,"awayLoss":5}
{"_id":{"$oid":"5cb552e5e0f627212ff3abfc"},"stDate":"2017/11/24","teamAbbr":"MIN","rank":4,"rankOrd":"4th","gameWon":11,"gameLost":8,"stk":"L1","homeWin":6,"homeLoss":3,"awayWin":5,"awayLoss":5}
{"_id":{"$oid":"5cb552e5e0f627212ff3ac1a"},"stDate":"2017/11/25","teamAbbr":"MIN","rank":5,"rankOrd":"5th","gameWon":11,"gameLost":8,"stk":"L1","homeWin":6,"homeLoss":3,"awayWin":5,"awayLoss":5}
{"_id":{"$oid":"5cb552e5e0f627212ff3ac39"},"stDate":"2017/11/26","teamAbbr":"MIN","rank":4,"rankOrd":"4th","gameWon":12,"gameLost":8,"stk":"W1","homeWin":7,"homeLoss":3,"awayWin":5,"awayLoss":5}
{"_id":{"$oid":"5cb552e5e0f627212ff3ac57"},"stDate":"2017/11/27","teamAbbr":"MIN","rank":5,"rankOrd":"5th","gameWon":12,"gameLost":8,"stk":"W1","homeWin":7,"homeLoss":3,"awayWin":5,"awayLoss":5}
{"_id":{"$oid":"5cb552e5e0f627212ff3ac75"},"stDate":"2017/11/28","teamAbbr":"MIN","rank":5,"rankOrd":"5th","gameWon":12,"gameLost":9,"stk":"L1","homeWin":7,"homeLoss":4,"awayWin":5,"awayLoss":5}
{"_id":{"$oid":"5cb552e5e0f627212ff3aca2"},"stDate":"2017/11/29","teamAbbr":"MIN","rank":5,"rankOrd":"5th","gameWon":13,"gameLost":9,"stk":"W1","homeWin":7,"homeLoss":4,"awayWin":6,"awayLoss":5}
{"_id":{"$oid":"5cb552e5e0f627212ff3acb1"},"stDate":"2017/11/30","teamAbbr":"MIN","rank":4,"rankOrd":"4th","gameWon":13,"gameLost":9,"stk":"W1","homeWin":7,"homeLoss":4,"awayWin":6,"awayLoss":5}
{"_id":{"$oid":"5cb552e5e0f627212ff3accf"},"stDate":"2017/12/1","teamAbbr":"MIN","rank":5,"rankOrd":"5th","gameWon":13,"gameLost":10,"stk":"L1","homeWin":7,"homeLoss":4,"awayWin":6,"awayLoss":6}
{"_id":{"$oid":"5cb552e5e0f627212ff3acf4"},"stDate":"2017/12/2","teamAbbr":"MIN","rank":5,"rankOrd":"5th","gameWon":13,"gameLost":10,"stk":"L1","homeWin":7,"homeLoss":4,"awayWin":6,"awayLoss":6}
{"_id":{"$oid":"5cb552e5e0f627212ff3ad05"},"stDate":"2017/12/3","teamAbbr":"MIN","rank":4,"rankOrd":"4th","gameWon":14,"gameLost":10,"stk":"W1","homeWin":8,"homeLoss":4,"awayWin":6,"awayLoss":6}
{"_id":{"$oid":"5cb552e5e0f627212ff3ad22"},"stDate":"2017/12/4","teamAbbr":"MIN","rank":4,"rankOrd":"4th","gameWon":14,"gameLost":11,"stk":"L1","homeWin":8,"homeLoss":4,"awayWin":6,"awayLoss":7}
{"_id":{"$oid":"5cb552e5e0f627212ff3ad47"},"stDate":"2017/12/5","teamAbbr":"MIN","rank":4,"rankOrd":"4th","gameWon":14,"gameLost":11,"stk":"L1","homeWin":8,"homeLoss":4,"awayWin":6,"awayLoss":7}
{"_id":{"$oid":"5cb552e5e0f627212ff3ad65"},"stDate":"2017/12/6","teamAbbr":"MIN","rank":4,"rankOrd":"4th","gameWon":15,"gameLost":11,"stk":"W1","homeWin":8,"homeLoss":4,"awayWin":7,"awayLoss":7}
{"_id":{"$oid":"5cb552e5e0f627212ff3ad82"},"stDate":"2017/12/7","teamAbbr":"MIN","rank":4,"rankOrd":"4th","gameWon":15,"gameLost":11,"stk":"W1","homeWin":8,"homeLoss":4,"awayWin":7,"awayLoss":7}
{"_id":{"$oid":"5cb552e5e0f627212ff3ada1"},"stDate":"2017/12/8","teamAbbr":"MIN","rank":4,"rankOrd":"4th","gameWon":15,"gameLost":11,"stk":"W1","homeWin":8,"homeLoss":4,"awayWin":7,"awayLoss":7}
{"_id":{"$oid":"5cb552e5e0f627212ff3adbc"},"stDate":"2017/12/9","teamAbbr":"MIN","rank":4,"rankOrd":"4th","gameWon":15,"gameLost":11,"stk":"W1","homeWin":8,"homeLoss":4,"awayWin":7,"awayLoss":7}
{"_id":{"$oid":"5cb552e5e0f627212ff3add6"},"stDate":"2017/12/10","teamAbbr":"MIN","rank":4,"rankOrd":"4th","gameWon":16,"gameLost":11,"stk":"W2","homeWin":9,"homeLoss":4,"awayWin":7,"awayLoss":7}
{"_id":{"$oid":"5cb552e5e0f627212ff3adfa"},"stDate":"2017/12/11","teamAbbr":"MIN","rank":4,"rankOrd":"4th","gameWon":16,"gameLost":11,"stk":"W2","homeWin":9,"homeLoss":4,"awayWin":7,"awayLoss":7}
{"_id":{"$oid":"5cb552e5e0f627212ff3ae19"},"stDate":"2017/12/12","teamAbbr":"MIN","rank":4,"rankOrd":"4th","gameWon":16,"gameLost":12,"stk":"L1","homeWin":9,"homeLoss":5,"awayWin":7,"awayLoss":7}
{"_id":{"$oid":"5cb552e5e0f627212ff3ae37"},"stDate":"2017/12/13","teamAbbr":"MIN","rank":4,"rankOrd":"4th","gameWon":16,"gameLost":12,"stk":"L1","homeWin":9,"homeLoss":5,"awayWin":7,"awayLoss":7}
{"_id":{"$oid":"5cb552e5e0f627212ff3ae54"},"stDate":"2017/12/14","teamAbbr":"MIN","rank":4,"rankOrd":"4th","gameWon":17,"gameLost":12,"stk":"W1","homeWin":10,"homeLoss":5,"awayWin":7,"awayLoss":7}
{"_id":{"$oid":"5cb552e5e0f627212ff3ae73"},"stDate":"2017/12/15","teamAbbr":"MIN","rank":4,"rankOrd":"4th","gameWon":17,"gameLost":12,"stk":"W1","homeWin":10,"homeLoss":5,"awayWin":7,"awayLoss":7}
{"_id":{"$oid":"5cb552e5e0f627212ff3ae91"},"stDate":"2017/12/16","teamAbbr":"MIN","rank":4,"rankOrd":"4th","gameWon":17,"gameLost":13,"stk":"L1","homeWin":10,"homeLoss":6,"awayWin":7,"awayLoss":7}
{"_id":{"$oid":"5cb552e5e0f627212ff3aeaf"},"stDate":"2017/12/17","teamAbbr":"MIN","rank":4,"rankOrd":"4th","gameWon":17,"gameLost":13,"stk":"L1","homeWin":10,"homeLoss":6,"awayWin":7,"awayLoss":7}
{"_id":{"$oid":"5cb552e5e0f627212ff3aec7"},"stDate":"2017/12/18","teamAbbr":"MIN","rank":4,"rankOrd":"4th","gameWon":18,"gameLost":13,"stk":"W1","homeWin":11,"homeLoss":6,"awayWin":7,"awayLoss":7}
{"_id":{"$oid":"5cb552e5e0f627212ff3aeea"},"stDate":"2017/12/19","teamAbbr":"MIN","rank":4,"rankOrd":"4th","gameWon":18,"gameLost":13,"stk":"W1","homeWin":11,"homeLoss":6,"awayWin":7,"awayLoss":7}
{"_id":{"$oid":"5cb552e5e0f627212ff3af09"},"stDate":"2017/12/20","teamAbbr":"MIN","rank":4,"rankOrd":"4th","gameWon":19,"gameLost":13,"stk":"W2","homeWin":11,"homeLoss":6,"awayWin":8,"awayLoss":7}
{"_id":{"$oid":"5cb552e5e0f627212ff3af21"},"stDate":"2017/12/21","teamAbbr":"MIN","rank":4,"rankOrd":"4th","gameWon":19,"gameLost":13,"stk":"W2","homeWin":11,"homeLoss":6,"awayWin":8,"awayLoss":7}
{"_id":{"$oid":"5cb552e5e0f627212ff3af45"},"stDate":"2017/12/22","teamAbbr":"MIN","rank":4,"rankOrd":"4th","gameWon":19,"gameLost":13,"stk":"W2","homeWin":11,"homeLoss":6,"awayWin":8,"awayLoss":7}
{"_id":{"$oid":"5cb552e5e0f627212ff3af64"},"stDate":"2017/12/23","teamAbbr":"MIN","rank":4,"rankOrd":"4th","gameWon":20,"gameLost":13,"stk":"W3","homeWin":11,"homeLoss":6,"awayWin":9,"awayLoss":7}
{"_id":{"$oid":"5cb552e5e0f627212ff3af82"},"stDate":"2017/12/25","teamAbbr":"MIN","rank":4,"rankOrd":"4th","gameWon":21,"gameLost":13,"stk":"W4","homeWin":11,"homeLoss":6,"awayWin":10,"awayLoss":7}
{"_id":{"$oid":"5cb552e5e0f627212ff3afa0"},"stDate":"2017/12/26","teamAbbr":"MIN","rank":4,"rankOrd":"4th","gameWon":21,"gameLost":13,"stk":"W4","homeWin":11,"homeLoss":6,"awayWin":10,"awayLoss":7}
{"_id":{"$oid":"5cb552e5e0f627212ff3afbe"},"stDate":"2017/12/27","teamAbbr":"MIN","rank":4,"rankOrd":"4th","gameWon":22,"gameLost":13,"stk":"W5","homeWin":12,"homeLoss":6,"awayWin":10,"awayLoss":7}
{"_id":{"$oid":"5cb552e5e0f627212ff3afdc"},"stDate":"2017/12/28","teamAbbr":"MIN","rank":4,"rankOrd":"4th","gameWon":22,"gameLost":14,"stk":"L1","homeWin":12,"homeLoss":6,"awayWin":10,"awayLoss":8}
{"_id":{"$oid":"5cb552e5e0f627212ff3b013"},"stDate":"2017/12/29","teamAbbr":"MIN","rank":4,"rankOrd":"4th","gameWon":22,"gameLost":14,"stk":"L1","homeWin":12,"homeLoss":6,"awayWin":10,"awayLoss":8}
{"_id":{"$oid":"5cb552e5e0f627212ff3b018"},"stDate":"2017/12/30","teamAbbr":"MIN","rank":4,"rankOrd":"4th","gameWon":22,"gameLost":14,"stk":"L1","homeWin":12,"homeLoss":6,"awayWin":10,"awayLoss":8}
{"_id":{"$oid":"5cb552e5e0f627212ff3b036"},"stDate":"2017/12/31","teamAbbr":"MIN","rank":4,"rankOrd":"4th","gameWon":23,"gameLost":14,"stk":"W1","homeWin":12,"homeLoss":6,"awayWin":11,"awayLoss":8}
{"_id":{"$oid":"5cb552e5e0f627212ff3b04e"},"stDate":"2018/1/1","teamAbbr":"MIN","rank":4,"rankOrd":"4th","gameWon":24,"gameLost":14,"stk":"W2","homeWin":13,"homeLoss":6,"awayWin":11,"awayLoss":8}
{"_id":{"$oid":"5cb552e5e0f627212ff3b06c"},"stDate":"2018/1/2","teamAbbr":"MIN","rank":4,"rankOrd":"4th","gameWon":24,"gameLost":14,"stk":"W2","homeWin":13,"homeLoss":6,"awayWin":11,"awayLoss":8}
{"_id":{"$oid":"5cb552e5e0f627212ff3b090"},"stDate":"2018/1/3","teamAbbr":"MIN","rank":4,"rankOrd":"4th","gameWon":24,"gameLost":15,"stk":"L1","homeWin":13,"homeLoss":6,"awayWin":11,"awayLoss":9}
{"_id":{"$oid":"5cb552e5e0f627212ff3b0ae"},"stDate":"2018/1/4","teamAbbr":"MIN","rank":4,"rankOrd":"4th","gameWon":24,"gameLost":15,"stk":"L1","homeWin":13,"homeLoss":6,"awayWin":11,"awayLoss":9}
{"_id":{"$oid":"5cb552e5e0f627212ff3b0c9"},"stDate":"2018/1/5","teamAbbr":"MIN","rank":4,"rankOrd":"4th","gameWon":24,"gameLost":16,"stk":"L2","homeWin":13,"homeLoss":6,"awayWin":11,"awayLoss":10}
{"_id":{"$oid":"5cb552e5e0f627212ff3b0ec"},"stDate":"2018/1/6","teamAbbr":"MIN","rank":4,"rankOrd":"4th","gameWon":25,"gameLost":16,"stk":"W1","homeWin":14,"homeLoss":6,"awayWin":11,"awayLoss":10}
{"_id":{"$oid":"5cb552e5e0f627212ff3b108"},"stDate":"2018/1/7","teamAbbr":"MIN","rank":4,"rankOrd":"4th","gameWon":25,"gameLost":16,"stk":"W1","homeWin":14,"homeLoss":6,"awayWin":11,"awayLoss":10}
{"_id":{"$oid":"5cb552e5e0f627212ff3b132"},"stDate":"2018/1/8","teamAbbr":"MIN","rank":4,"rankOrd":"4th","gameWon":26,"gameLost":16,"stk":"W2","homeWin":15,"homeLoss":6,"awayWin":11,"awayLoss":10}
{"_id":{"$oid":"5cb552e5e0f627212ff3b143"},"stDate":"2018/1/9","teamAbbr":"MIN","rank":4,"rankOrd":"4th","gameWon":26,"gameLost":16,"stk":"W2","homeWin":15,"homeLoss":6,"awayWin":11,"awayLoss":10}
{"_id":{"$oid":"5cb552e5e0f627212ff3b162"},"stDate":"2018/1/10","teamAbbr":"MIN","rank":4,"rankOrd":"4th","gameWon":27,"gameLost":16,"stk":"W3","homeWin":16,"homeLoss":6,"awayWin":11,"awayLoss":10}
{"_id":{"$oid":"5cb552e5e0f627212ff3b17f"},"stDate":"2018/1/11","teamAbbr":"MIN","rank":4,"rankOrd":"4th","gameWon":27,"gameLost":16,"stk":"W3","homeWin":16,"homeLoss":6,"awayWin":11,"awayLoss":10}
{"_id":{"$oid":"5cb552e5e0f627212ff3b198"},"stDate":"2018/1/12","teamAbbr":"MIN","rank":4,"rankOrd":"4th","gameWon":28,"gameLost":16,"stk":"W4","homeWin":17,"homeLoss":6,"awayWin":11,"awayLoss":10}
{"_id":{"$oid":"5cb552e5e0f627212ff3b1bd"},"stDate":"2018/1/13","teamAbbr":"MIN","rank":4,"rankOrd":"4th","gameWon":28,"gameLost":16,"stk":"W4","homeWin":17,"homeLoss":6,"awayWin":11,"awayLoss":10}
{"_id":{"$oid":"5cb552e5e0f627212ff3b1da"},"stDate":"2018/1/14","teamAbbr":"MIN","rank":4,"rankOrd":"4th","gameWon":29,"gameLost":16,"stk":"W5","homeWin":18,"homeLoss":6,"awayWin":11,"awayLoss":10}
{"_id":{"$oid":"5cb552e5e0f627212ff3b1f8"},"stDate":"2018/1/15","teamAbbr":"MIN","rank":3,"rankOrd":"3rd","gameWon":29,"gameLost":16,"stk":"W5","homeWin":18,"homeLoss":6,"awayWin":11,"awayLoss":10}
{"_id":{"$oid":"5cb552e5e0f627212ff3b217"},"stDate":"2018/1/16","teamAbbr":"MIN","rank":4,"rankOrd":"4th","gameWon":29,"gameLost":17,"stk":"L1","homeWin":18,"homeLoss":6,"awayWin":11,"awayLoss":11}
{"_id":{"$oid":"5cb552e5e0f627212ff3b234"},"stDate":"2018/1/17","teamAbbr":"MIN","rank":4,"rankOrd":"4th","gameWon":29,"gameLost":17,"stk":"L1","homeWin":18,"homeLoss":6,"awayWin":11,"awayLoss":11}
{"_id":{"$oid":"5cb552e5e0f627212ff3b252"},"stDate":"2018/1/18","teamAbbr":"MIN","rank":4,"rankOrd":"4th","gameWon":29,"gameLost":18,"stk":"L2","homeWin":18,"homeLoss":6,"awayWin":11,"awayLoss":12}
{"_id":{"$oid":"5cb552e5e0f627212ff3b26f"},"stDate":"2018/1/19","teamAbbr":"MIN","rank":4,"rankOrd":"4th","gameWon":29,"gameLost":18,"stk":"L2","homeWin":18,"homeLoss":6,"awayWin":11,"awayLoss":12}
{"_id":{"$oid":"5cb552e5e0f627212ff3b28e"},"stDate":"2018/1/20","teamAbbr":"MIN","rank":4,"rankOrd":"4th","gameWon":30,"gameLost":18,"stk":"W1","homeWin":19,"homeLoss":6,"awayWin":11,"awayLoss":12}
{"_id":{"$oid":"5cb552e5e0f627212ff3b2ab"},"stDate":"2018/1/21","teamAbbr":"MIN","rank":3,"rankOrd":"3rd","gameWon":30,"gameLost":18,"stk":"W1","homeWin":19,"homeLoss":6,"awayWin":11,"awayLoss":12}
{"_id":{"$oid":"5cb552e5e0f627212ff3b2c9"},"stDate":"2018/1/22","teamAbbr":"MIN","rank":3,"rankOrd":"3rd","gameWon":31,"gameLost":18,"stk":"W2","homeWin":19,"homeLoss":6,"awayWin":12,"awayLoss":12}
{"_id":{"$oid":"5cb552e5e0f627212ff3b2e8"},"stDate":"2018/1/23","teamAbbr":"MIN","rank":3,"rankOrd":"3rd","gameWon":31,"gameLost":18,"stk":"W2","homeWin":19,"homeLoss":6,"awayWin":12,"awayLoss":12}
{"_id":{"$oid":"5cb552e5e0f627212ff3b305"},"stDate":"2018/1/24","teamAbbr":"MIN","rank":4,"rankOrd":"4th","gameWon":31,"gameLost":19,"stk":"L1","homeWin":19,"homeLoss":6,"awayWin":12,"awayLoss":13}
{"_id":{"$oid":"5cb552e5e0f627212ff3b323"},"stDate":"2018/1/25","teamAbbr":"MIN","rank":4,"rankOrd":"4th","gameWon":31,"gameLost":20,"stk":"L2","homeWin":19,"homeLoss":6,"awayWin":12,"awayLoss":14}
{"_id":{"$oid":"5cb552e5e0f627212ff3b342"},"stDate":"2018/1/26","teamAbbr":"MIN","rank":4,"rankOrd":"4th","gameWon":31,"gameLost":20,"stk":"L2","homeWin":19,"homeLoss":6,"awayWin":12,"awayLoss":14}
{"_id":{"$oid":"5cb552e5e0f627212ff3b362"},"stDate":"2018/1/27","teamAbbr":"MIN","rank":4,"rankOrd":"4th","gameWon":32,"gameLost":20,"stk":"W1","homeWin":20,"homeLoss":6,"awayWin":12,"awayLoss":14}
{"_id":{"$oid":"5cb552e5e0f627212ff3b37e"},"stDate":"2018/1/28","teamAbbr":"MIN","rank":4,"rankOrd":"4th","gameWon":32,"gameLost":20,"stk":"W1","homeWin":20,"homeLoss":6,"awayWin":12,"awayLoss":14}
{"_id":{"$oid":"5cb552e5e0f627212ff3b39c"},"stDate":"2018/1/29","teamAbbr":"MIN","rank":4,"rankOrd":"4th","gameWon":32,"gameLost":21,"stk":"L1","homeWin":20,"homeLoss":6,"awayWin":12,"awayLoss":15}
{"_id":{"$oid":"5cb552e5e0f627212ff3b3ba"},"stDate":"2018/1/30","teamAbbr":"MIN","rank":4,"rankOrd":"4th","gameWon":32,"gameLost":22,"stk":"L2","homeWin":20,"homeLoss":6,"awayWin":12,"awayLoss":16}
{"_id":{"$oid":"5cb552e5e0f627212ff3b3db"},"stDate":"2018/1/31","teamAbbr":"MIN","rank":4,"rankOrd":"4th","gameWon":32,"gameLost":22,"stk":"L2","homeWin":20,"homeLoss":6,"awayWin":12,"awayLoss":16}
{"_id":{"$oid":"5cb552e5e0f627212ff3b3f5"},"stDate":"2018/2/1","teamAbbr":"MIN","rank":4,"rankOrd":"4th","gameWon":33,"gameLost":22,"stk":"W1","homeWin":21,"homeLoss":6,"awayWin":12,"awayLoss":16}
{"_id":{"$oid":"5cb552e5e0f627212ff3b415"},"stDate":"2018/2/2","teamAbbr":"MIN","rank":4,"rankOrd":"4th","gameWon":33,"gameLost":22,"stk":"W1","homeWin":21,"homeLoss":6,"awayWin":12,"awayLoss":16}
{"_id":{"$oid":"5cb552e5e0f627212ff3b433"},"stDate":"2018/2/3","teamAbbr":"MIN","rank":4,"rankOrd":"4th","gameWon":34,"gameLost":22,"stk":"W2","homeWin":22,"homeLoss":6,"awayWin":12,"awayLoss":16}
{"_id":{"$oid":"5cb552e5e0f627212ff3b451"},"stDate":"2018/2/4","teamAbbr":"MIN","rank":4,"rankOrd":"4th","gameWon":34,"gameLost":22,"stk":"W2","homeWin":22,"homeLoss":6,"awayWin":12,"awayLoss":16}
{"_id":{"$oid":"5cb552e5e0f627212ff3b46f"},"stDate":"2018/2/5","teamAbbr":"MIN","rank":4,"rankOrd":"4th","gameWon":34,"gameLost":22,"stk":"W2","homeWin":22,"homeLoss":6,"awayWin":12,"awayLoss":16}
{"_id":{"$oid":"5cb552e5e0f627212ff3b48f"},"stDate":"2018/2/6","teamAbbr":"MIN","rank":4,"rankOrd":"4th","gameWon":34,"gameLost":22,"stk":"W2","homeWin":22,"homeLoss":6,"awayWin":12,"awayLoss":16}
{"_id":{"$oid":"5cb552e5e0f627212ff3b4ab"},"stDate":"2018/2/7","teamAbbr":"MIN","rank":4,"rankOrd":"4th","gameWon":34,"gameLost":23,"stk":"L1","homeWin":22,"homeLoss":6,"awayWin":12,"awayLoss":17}
{"_id":{"$oid":"5cb552e5e0f627212ff3b4cc"},"stDate":"2018/2/8","teamAbbr":"MIN","rank":4,"rankOrd":"4th","gameWon":34,"gameLost":23,"stk":"L1","homeWin":22,"homeLoss":6,"awayWin":12,"awayLoss":17}
{"_id":{"$oid":"5cb552e5e0f627212ff3b4e8"},"stDate":"2018/2/9","teamAbbr":"MIN","rank":4,"rankOrd":"4th","gameWon":34,"gameLost":24,"stk":"L2","homeWin":22,"homeLoss":6,"awayWin":12,"awayLoss":18}
{"_id":{"$oid":"5cb552e5e0f627212ff3b505"},"stDate":"2018/2/10","teamAbbr":"MIN","rank":4,"rankOrd":"4th","gameWon":34,"gameLost":24,"stk":"L2","homeWin":22,"homeLoss":6,"awayWin":12,"awayLoss":18}
{"_id":{"$oid":"5cb552e5e0f627212ff3b523"},"stDate":"2018/2/11","teamAbbr":"MIN","rank":4,"rankOrd":"4th","gameWon":35,"gameLost":24,"stk":"W1","homeWin":23,"homeLoss":6,"awayWin":12,"awayLoss":18}
{"_id":{"$oid":"5cb552e5e0f627212ff3b541"},"stDate":"2018/2/12","teamAbbr":"MIN","rank":4,"rankOrd":"4th","gameWon":35,"gameLost":24,"stk":"W1","homeWin":23,"homeLoss":6,"awayWin":12,"awayLoss":18}
{"_id":{"$oid":"5cb552e5e0f627212ff3b559"},"stDate":"2018/2/13","teamAbbr":"MIN","rank":4,"rankOrd":"4th","gameWon":35,"gameLost":25,"stk":"L1","homeWin":23,"homeLoss":7,"awayWin":12,"awayLoss":18}
{"_id":{"$oid":"5cb552e5e0f627212ff3b57d"},"stDate":"2018/2/14","teamAbbr":"MIN","rank":4,"rankOrd":"4th","gameWon":35,"gameLost":25,"stk":"L1","homeWin":23,"homeLoss":7,"awayWin":12,"awayLoss":18}
{"_id":{"$oid":"5cb552e5e0f627212ff3b59a"},"stDate":"2018/2/15","teamAbbr":"MIN","rank":3,"rankOrd":"3rd","gameWon":36,"gameLost":25,"stk":"W1","homeWin":24,"homeLoss":7,"awayWin":12,"awayLoss":18}
{"_id":{"$oid":"5cb552e5e0f627212ff3b5b8"},"stDate":"2018/2/22","teamAbbr":"MIN","rank":3,"rankOrd":"3rd","gameWon":36,"gameLost":25,"stk":"W1","homeWin":24,"homeLoss":7,"awayWin":12,"awayLoss":18}
{"_id":{"$oid":"5cb552e5e0f627212ff3b5d8"},"stDate":"2018/2/23","teamAbbr":"MIN","rank":3,"rankOrd":"3rd","gameWon":36,"gameLost":26,"stk":"L1","homeWin":24,"homeLoss":7,"awayWin":12,"awayLoss":19}
{"_id":{"$oid":"5cb552e5e0f627212ff3b5f5"},"stDate":"2018/2/24","teamAbbr":"MIN","rank":3,"rankOrd":"3rd","gameWon":37,"gameLost":26,"stk":"W1","homeWin":25,"homeLoss":7,"awayWin":12,"awayLoss":19}
{"_id":{"$oid":"5cb552e5e0f627212ff3b613"},"stDate":"2018/2/25","teamAbbr":"MIN","rank":3,"rankOrd":"3rd","gameWon":37,"gameLost":26,"stk":"W1","homeWin":25,"homeLoss":7,"awayWin":12,"awayLoss":19}
{"_id":{"$oid":"5cb552e5e0f627212ff3b62f"},"stDate":"2018/2/26","teamAbbr":"MIN","rank":3,"rankOrd":"3rd","gameWon":38,"gameLost":26,"stk":"W2","homeWin":25,"homeLoss":7,"awayWin":13,"awayLoss":19}
{"_id":{"$oid":"5cb552e5e0f627212ff3b64e"},"stDate":"2018/2/27","teamAbbr":"MIN","rank":3,"rankOrd":"3rd","gameWon":38,"gameLost":26,"stk":"W2","homeWin":25,"homeLoss":7,"awayWin":13,"awayLoss":19}
{"_id":{"$oid":"5cb552e5e0f627212ff3b66c"},"stDate":"2018/2/28","teamAbbr":"MIN","rank":3,"rankOrd":"3rd","gameWon":38,"gameLost":26,"stk":"W2","homeWin":25,"homeLoss":7,"awayWin":13,"awayLoss":19}
{"_id":{"$oid":"5cb552e5e0f627212ff3b68c"},"stDate":"2018/3/1","teamAbbr":"MIN","rank":3,"rankOrd":"3rd","gameWon":38,"gameLost":27,"stk":"L1","homeWin":25,"homeLoss":7,"awayWin":13,"awayLoss":20}
{"_id":{"$oid":"5cb552e5e0f627212ff3b6a9"},"stDate":"2018/3/2","teamAbbr":"MIN","rank":3,"rankOrd":"3rd","gameWon":38,"gameLost":28,"stk":"L2","homeWin":25,"homeLoss":7,"awayWin":13,"awayLoss":21}
{"_id":{"$oid":"5cb552e5e0f627212ff3b6c7"},"stDate":"2018/3/3","teamAbbr":"MIN","rank":4,"rankOrd":"4th","gameWon":38,"gameLost":28,"stk":"L2","homeWin":25,"homeLoss":7,"awayWin":13,"awayLoss":21}
{"_id":{"$oid":"5cb552e5e0f627212ff3b6e5"},"stDate":"2018/3/4","teamAbbr":"MIN","rank":4,"rankOrd":"4th","gameWon":38,"gameLost":28,"stk":"L2","homeWin":25,"homeLoss":7,"awayWin":13,"awayLoss":21}
{"_id":{"$oid":"5cb552e5e0f627212ff3b715"},"stDate":"2018/3/5","teamAbbr":"MIN","rank":4,"rankOrd":"4th","gameWon":38,"gameLost":28,"stk":"L2","homeWin":25,"homeLoss":7,"awayWin":13,"awayLoss":21}
{"_id":{"$oid":"5cb552e5e0f627212ff3b721"},"stDate":"2018/3/6","teamAbbr":"MIN","rank":5,"rankOrd":"5th","gameWon":38,"gameLost":28,"stk":"L2","homeWin":25,"homeLoss":7,"awayWin":13,"awayLoss":21}
{"_id":{"$oid":"5cb552e5e0f627212ff3b73f"},"stDate":"2018/3/7","teamAbbr":"MIN","rank":5,"rankOrd":"5th","gameWon":38,"gameLost":28,"stk":"L2","homeWin":25,"homeLoss":7,"awayWin":13,"awayLoss":21}
{"_id":{"$oid":"5cb552e5e0f627212ff3b75e"},"stDate":"2018/3/8","teamAbbr":"MIN","rank":5,"rankOrd":"5th","gameWon":38,"gameLost":29,"stk":"L3","homeWin":25,"homeLoss":8,"awayWin":13,"awayLoss":21}
{"_id":{"$oid":"5cb552e5e0f627212ff3b77c"},"stDate":"2018/3/9","teamAbbr":"MIN","rank":5,"rankOrd":"5th","gameWon":38,"gameLost":29,"stk":"L3","homeWin":25,"homeLoss":8,"awayWin":13,"awayLoss":21}
{"_id":{"$oid":"5cb552e5e0f627212ff3b79a"},"stDate":"2018/3/10","teamAbbr":"MIN","rank":6,"rankOrd":"6th","gameWon":38,"gameLost":29,"stk":"L3","homeWin":25,"homeLoss":8,"awayWin":13,"awayLoss":21}
{"_id":{"$oid":"5cb552e5e0f627212ff3b7b8"},"stDate":"2018/3/11","teamAbbr":"MIN","rank":4,"rankOrd":"4th","gameWon":39,"gameLost":29,"stk":"W1","homeWin":26,"homeLoss":8,"awayWin":13,"awayLoss":21}
{"_id":{"$oid":"5cb552e5e0f627212ff3b7d4"},"stDate":"2018/3/12","teamAbbr":"MIN","rank":5,"rankOrd":"5th","gameWon":39,"gameLost":29,"stk":"W1","homeWin":26,"homeLoss":8,"awayWin":13,"awayLoss":21}
{"_id":{"$oid":"5cb552e5e0f627212ff3b7f4"},"stDate":"2018/3/13","teamAbbr":"MIN","rank":5,"rankOrd":"5th","gameWon":40,"gameLost":29,"stk":"W2","homeWin":26,"homeLoss":8,"awayWin":14,"awayLoss":21}
{"_id":{"$oid":"5cb552e5e0f627212ff3b812"},"stDate":"2018/3/14","teamAbbr":"MIN","rank":5,"rankOrd":"5th","gameWon":40,"gameLost":29,"stk":"W2","homeWin":26,"homeLoss":8,"awayWin":14,"awayLoss":21}
{"_id":{"$oid":"5cb552e5e0f627212ff3b830"},"stDate":"2018/3/15","teamAbbr":"MIN","rank":5,"rankOrd":"5th","gameWon":40,"gameLost":29,"stk":"W2","homeWin":26,"homeLoss":8,"awayWin":14,"awayLoss":21}
{"_id":{"$oid":"5cb552e5e0f627212ff3b84f"},"stDate":"2018/3/16","teamAbbr":"MIN","rank":5,"rankOrd":"5th","gameWon":40,"gameLost":29,"stk":"W2","homeWin":26,"homeLoss":8,"awayWin":14,"awayLoss":21}
{"_id":{"$oid":"5cb552e5e0f627212ff3b86c"},"stDate":"2018/3/17","teamAbbr":"MIN","rank":5,"rankOrd":"5th","gameWon":40,"gameLost":30,"stk":"L1","homeWin":26,"homeLoss":8,"awayWin":14,"awayLoss":22}
{"_id":{"$oid":"5cb552e5e0f627212ff3b889"},"stDate":"2018/3/18","teamAbbr":"MIN","rank":8,"rankOrd":"8th","gameWon":40,"gameLost":31,"stk":"L2","homeWin":26,"homeLoss":9,"awayWin":14,"awayLoss":22}
{"_id":{"$oid":"5cb552e5e0f627212ff3b8a7"},"stDate":"2018/3/19","teamAbbr":"MIN","rank":8,"rankOrd":"8th","gameWon":40,"gameLost":31,"stk":"L2","homeWin":26,"homeLoss":9,"awayWin":14,"awayLoss":22}
{"_id":{"$oid":"5cb552e5e0f627212ff3b8c6"},"stDate":"2018/3/20","teamAbbr":"MIN","rank":7,"rankOrd":"7th","gameWon":41,"gameLost":31,"stk":"W1","homeWin":27,"homeLoss":9,"awayWin":14,"awayLoss":22}
{"_id":{"$oid":"5cb552e5e0f627212ff3b8e3"},"stDate":"2018/3/21","teamAbbr":"MIN","rank":7,"rankOrd":"7th","gameWon":41,"gameLost":31,"stk":"W1","homeWin":27,"homeLoss":9,"awayWin":14,"awayLoss":22}
{"_id":{"$oid":"5cb552e5e0f627212ff3b901"},"stDate":"2018/3/22","teamAbbr":"MIN","rank":7,"rankOrd":"7th","gameWon":41,"gameLost":31,"stk":"W1","homeWin":27,"homeLoss":9,"awayWin":14,"awayLoss":22}
{"_id":{"$oid":"5cb552e5e0f627212ff3b927"},"stDate":"2018/3/23","teamAbbr":"MIN","rank":7,"rankOrd":"7th","gameWon":42,"gameLost":31,"stk":"W2","homeWin":27,"homeLoss":9,"awayWin":15,"awayLoss":22}
{"_id":{"$oid":"5cb552e5e0f627212ff3b93e"},"stDate":"2018/3/24","teamAbbr":"MIN","rank":7,"rankOrd":"7th","gameWon":42,"gameLost":32,"stk":"L1","homeWin":27,"homeLoss":9,"awayWin":15,"awayLoss":23}
{"_id":{"$oid":"5cb552e5e0f627212ff3b95c"},"stDate":"2018/3/25","teamAbbr":"MIN","rank":7,"rankOrd":"7th","gameWon":42,"gameLost":32,"stk":"L1","homeWin":27,"homeLoss":9,"awayWin":15,"awayLoss":23}
{"_id":{"$oid":"5cb552e5e0f627212ff3b97a"},"stDate":"2018/3/26","teamAbbr":"MIN","rank":8,"rankOrd":"8th","gameWon":42,"gameLost":33,"stk":"L2","homeWin":27,"homeLoss":10,"awayWin":15,"awayLoss":23}
{"_id":{"$oid":"5cb552e5e0f627212ff3b997"},"stDate":"2018/3/27","teamAbbr":"MIN","rank":8,"rankOrd":"8th","gameWon":42,"gameLost":33,"stk":"L2","homeWin":27,"homeLoss":10,"awayWin":15,"awayLoss":23}
{"_id":{"$oid":"5cb552e5e0f627212ff3b9b7"},"stDate":"2018/3/28","teamAbbr":"MIN","rank":7,"rankOrd":"7th","gameWon":43,"gameLost":33,"stk":"W1","homeWin":28,"homeLoss":10,"awayWin":15,"awayLoss":23}
{"_id":{"$oid":"5cb552e5e0f627212ff3b9d4"},"stDate":"2018/3/29","teamAbbr":"MIN","rank":7,"rankOrd":"7th","gameWon":43,"gameLost":33,"stk":"W1","homeWin":28,"homeLoss":10,"awayWin":15,"awayLoss":23}
{"_id":{"$oid":"5cb552e5e0f627212ff3b9f2"},"stDate":"2018/3/30","teamAbbr":"MIN","rank":5,"rankOrd":"5th","gameWon":44,"gameLost":33,"stk":"W2","homeWin":28,"homeLoss":10,"awayWin":16,"awayLoss":23}
{"_id":{"$oid":"5cb552e5e0f627212ff3ba0f"},"stDate":"2018/3/31","teamAbbr":"MIN","rank":5,"rankOrd":"5th","gameWon":44,"gameLost":33,"stk":"W2","homeWin":28,"homeLoss":10,"awayWin":16,"awayLoss":23}
{"_id":{"$oid":"5cb552e5e0f627212ff3ba30"},"stDate":"2018/4/1","teamAbbr":"MIN","rank":7,"rankOrd":"7th","gameWon":44,"gameLost":34,"stk":"L1","homeWin":28,"homeLoss":11,"awayWin":16,"awayLoss":23}
{"_id":{"$oid":"5cb552e5e0f627212ff3ba4c"},"stDate":"2018/4/3","teamAbbr":"MIN","rank":7,"rankOrd":"7th","gameWon":44,"gameLost":34,"stk":"L1","homeWin":28,"homeLoss":11,"awayWin":16,"awayLoss":23}
{"_id":{"$oid":"5cb552e5e0f627212ff3ba6a"},"stDate":"2018/4/4","teamAbbr":"MIN","rank":7,"rankOrd":"7th","gameWon":44,"gameLost":34,"stk":"L1","homeWin":28,"homeLoss":11,"awayWin":16,"awayLoss":23}
{"_id":{"$oid":"5cb552e5e0f627212ff3ba88"},"stDate":"2018/4/5","teamAbbr":"MIN","rank":8,"rankOrd":"8th","gameWon":44,"gameLost":35,"stk":"L2","homeWin":28,"homeLoss":11,"awayWin":16,"awayLoss":24}
{"_id":{"$oid":"5cb552e5e0f627212ff3baa6"},"stDate":"2018/4/6","teamAbbr":"MIN","rank":8,"rankOrd":"8th","gameWon":45,"gameLost":35,"stk":"W1","homeWin":28,"homeLoss":11,"awayWin":17,"awayLoss":24}
{"_id":{"$oid":"5cb552e5e0f627212ff3bac3"},"stDate":"2018/4/7","teamAbbr":"MIN","rank":8,"rankOrd":"8th","gameWon":45,"gameLost":35,"stk":"W1","homeWin":28,"homeLoss":11,"awayWin":17,"awayLoss":24}
{"_id":{"$oid":"5cb552e5e0f627212ff3bae2"},"stDate":"2018/4/8","teamAbbr":"MIN","rank":8,"rankOrd":"8th","gameWon":45,"gameLost":35,"stk":"W1","homeWin":28,"homeLoss":11,"awayWin":17,"awayLoss":24}
{"_id":{"$oid":"5cb552e5e0f627212ff3bb00"},"stDate":"2018/4/9","teamAbbr":"MIN","rank":8,"rankOrd":"8th","gameWon":46,"gameLost":35,"stk":"W2","homeWin":29,"homeLoss":11,"awayWin":17,"awayLoss":24}
{"_id":{"$oid":"5cb552e5e0f627212ff3bb1d"},"stDate":"2018/4/10","teamAbbr":"MIN","rank":8,"rankOrd":"8th","gameWon":46,"gameLost":35,"stk":"W2","homeWin":29,"homeLoss":11,"awayWin":17,"awayLoss":24}
{"_id":{"$oid":"5cb552e5e0f627212ff3bb3c"},"stDate":"2018/4/11","teamAbbr":"MIN","rank":7,"rankOrd":"7th","gameWon":47,"gameLost":35,"stk":"W3","homeWin":30,"homeLoss":11,"awayWin":17,"awayLoss":24}
