{"_id":{"$oid":"5cb552f6e0f627212ff3bb53"},"gmDate":"2017/10/18","offLNm3":"Corbin","offFNm3":"Sean","teamAbbr":"MEM","teamConf":"West","teamLoc":"Home","teamRslt":"Win","teamPTS":103,"teamAST":19,"teamTO":12,"teamSTL":9,"teamBLK":8,"teamPF":29,"teamFGA":92,"teamFGM":39,"team2PA":63,"team2PM":30,"team3PA":29,"team3PM":9,"teamFTA":28,"teamFTM":16,"teamORB":15,"teamDRB":30,"teamPTS1":27,"teamPTS2":27,"teamPTS3":25,"teamPTS4":24,"teamPTS5":0,"teamPTS6":0,"teamPTS7":0,"teamPTS8":0,"opptAbbr":"NO","opptConf":"West","opptLoc":"Away","opptRslt":"Loss","opptPTS":91,"opptAST":15,"opptTO":19,"opptSTL":4,"opptBLK":12,"opptPF":31,"opptFGA":79,"opptFGM":30,"oppt2PA":54,"oppt2PM":23,"oppt3PA":25,"oppt3PM":7,"opptFTA":29,"opptFTM":24,"opptORB":16,"opptDRB":35,"opptPTS1":34,"opptPTS2":18,"opptPTS3":18,"opptPTS4":21,"opptPTS5":0,"opptPTS6":0,"opptPTS7":0,"opptPTS8":0}
{"_id":{"$oid":"5cb552f6e0f627212ff3bb66"},"gmDate":"2017/10/20","offLNm3":"Malloy","offFNm3":"Ed","teamAbbr":"NO","teamConf":"West","teamLoc":"Home","teamRslt":"Loss","teamPTS":120,"teamAST":28,"teamTO":17,"teamSTL":8,"teamBLK":2,"teamPF":19,"teamFGA":98,"teamFGM":45,"team2PA":62,"team2PM":29,"team3PA":36,"team3PM":16,"teamFTA":22,"teamFTM":14,"teamORB":16,"teamDRB":34,"teamPTS1":39,"teamPTS2":25,"teamPTS3":26,"teamPTS4":8,"teamPTS5":0,"teamPTS6":0,"teamPTS7":0,"teamPTS8":0,"opptAbbr":"GS","opptConf":"West","opptLoc":"Away","opptRslt":"Win","opptPTS":128,"opptAST":31,"opptTO":18,"opptSTL":5,"opptBLK":8,"opptPF":23,"opptFGA":91,"opptFGM":47,"oppt2PA":51,"oppt2PM":29,"oppt3PA":40,"oppt3PM":18,"opptFTA":20,"opptFTM":16,"opptORB":10,"opptDRB":39,"opptPTS1":26,"opptPTS2":35,"opptPTS3":37,"opptPTS4":11,"opptPTS5":0,"opptPTS6":0,"opptPTS7":0,"opptPTS8":0}
{"_id":{"$oid":"5cb552f6e0f627212ff3bb75"},"gmDate":"2017/10/22","offLNm3":"Mott","offFNm3":"Rodney","teamAbbr":"LAL","teamConf":"West","teamLoc":"Home","teamRslt":"Loss","teamPTS":112,"teamAST":27,"teamTO":17,"teamSTL":7,"teamBLK":6,"teamPF":24,"teamFGA":90,"teamFGM":44,"team2PA":63,"team2PM":35,"team3PA":27,"team3PM":9,"teamFTA":20,"teamFTM":15,"teamORB":9,"teamDRB":29,"teamPTS1":22,"teamPTS2":33,"teamPTS3":28,"teamPTS4":29,"teamPTS5":0,"teamPTS6":0,"teamPTS7":0,"teamPTS8":0,"opptAbbr":"NO","opptConf":"West","opptLoc":"Away","opptRslt":"Win","opptPTS":119,"opptAST":26,"opptTO":18,"opptSTL":14,"opptBLK":5,"opptPF":20,"opptFGA":83,"opptFGM":47,"oppt2PA":51,"oppt2PM":37,"oppt3PA":32,"oppt3PM":10,"opptFTA":21,"opptFTM":15,"opptORB":6,"opptDRB":36,"opptPTS1":34,"opptPTS2":34,"opptPTS3":26,"opptPTS4":25,"opptPTS5":0,"opptPTS6":0,"opptPTS7":0,"opptPTS8":0}
{"_id":{"$oid":"5cb552f6e0f627212ff3bb80"},"gmDate":"2017/10/24","offLNm3":"Ayotte","offFNm3":"Mark","teamAbbr":"POR","teamConf":"West","teamLoc":"Home","teamRslt":"Win","teamPTS":103,"teamAST":17,"teamTO":19,"teamSTL":7,"teamBLK":7,"teamPF":22,"teamFGA":88,"teamFGM":33,"team2PA":59,"team2PM":23,"team3PA":29,"team3PM":10,"teamFTA":33,"teamFTM":27,"teamORB":18,"teamDRB":45,"teamPTS1":29,"teamPTS2":18,"teamPTS3":24,"teamPTS4":32,"teamPTS5":0,"teamPTS6":0,"teamPTS7":0,"teamPTS8":0,"opptAbbr":"NO","opptConf":"West","opptLoc":"Away","opptRslt":"Loss","opptPTS":93,"opptAST":17,"opptTO":17,"opptSTL":5,"opptBLK":7,"opptPF":26,"opptFGA":76,"opptFGM":30,"oppt2PA":46,"oppt2PM":21,"oppt3PA":30,"oppt3PM":9,"opptFTA":32,"opptFTM":24,"opptORB":4,"opptDRB":38,"opptPTS1":19,"opptPTS2":29,"opptPTS3":25,"opptPTS4":20,"opptPTS5":0,"opptPTS6":0,"opptPTS7":0,"opptPTS8":0}
{"_id":{"$oid":"5cb552f6e0f627212ff3bb92"},"gmDate":"2017/10/26","offLNm3":"Corbin","offFNm3":"Sean","teamAbbr":"SAC","teamConf":"West","teamLoc":"Home","teamRslt":"Loss","teamPTS":106,"teamAST":25,"teamTO":13,"teamSTL":8,"teamBLK":5,"teamPF":17,"teamFGA":81,"teamFGM":38,"team2PA":61,"team2PM":31,"team3PA":20,"team3PM":7,"teamFTA":25,"teamFTM":23,"teamORB":5,"teamDRB":29,"teamPTS1":40,"teamPTS2":30,"teamPTS3":17,"teamPTS4":19,"teamPTS5":0,"teamPTS6":0,"teamPTS7":0,"teamPTS8":0,"opptAbbr":"NO","opptConf":"West","opptLoc":"Away","opptRslt":"Win","opptPTS":114,"opptAST":22,"opptTO":15,"opptSTL":5,"opptBLK":3,"opptPF":24,"opptFGA":86,"opptFGM":42,"oppt2PA":54,"oppt2PM":29,"oppt3PA":32,"oppt3PM":13,"opptFTA":23,"opptFTM":17,"opptORB":10,"opptDRB":37,"opptPTS1":27,"opptPTS2":29,"opptPTS3":32,"opptPTS4":26,"opptPTS5":0,"opptPTS6":0,"opptPTS7":0,"opptPTS8":0}
{"_id":{"$oid":"5cb552f6e0f627212ff3bb9b"},"gmDate":"2017/10/28","offLNm3":"Smith","offFNm3":"Michael","teamAbbr":"NO","teamConf":"West","teamLoc":"Home","teamRslt":"Win","teamPTS":123,"teamAST":33,"teamTO":11,"teamSTL":9,"teamBLK":4,"teamPF":20,"teamFGA":92,"teamFGM":49,"team2PA":61,"team2PM":36,"team3PA":31,"team3PM":13,"teamFTA":16,"teamFTM":12,"teamORB":8,"teamDRB":37,"teamPTS1":35,"teamPTS2":30,"teamPTS3":24,"teamPTS4":34,"teamPTS5":0,"teamPTS6":0,"teamPTS7":0,"teamPTS8":0,"opptAbbr":"CLE","opptConf":"East","opptLoc":"Away","opptRslt":"Loss","opptPTS":101,"opptAST":19,"opptTO":17,"opptSTL":8,"opptBLK":2,"opptPF":19,"opptFGA":78,"opptFGM":36,"oppt2PA":46,"oppt2PM":24,"oppt3PA":32,"oppt3PM":12,"opptFTA":23,"opptFTM":17,"opptORB":5,"opptDRB":32,"opptPTS1":22,"opptPTS2":30,"opptPTS3":31,"opptPTS4":18,"opptPTS5":0,"opptPTS6":0,"opptPTS7":0,"opptPTS8":0}
{"_id":{"$oid":"5cb552f6e0f627212ff3bbae"},"gmDate":"2017/10/30","offLNm3":"Ayotte","offFNm3":"Mark","teamAbbr":"NO","teamConf":"West","teamLoc":"Home","teamRslt":"Loss","teamPTS":99,"teamAST":30,"teamTO":20,"teamSTL":9,"teamBLK":5,"teamPF":22,"teamFGA":85,"teamFGM":39,"team2PA":57,"team2PM":32,"team3PA":28,"team3PM":7,"teamFTA":18,"teamFTM":14,"teamORB":9,"teamDRB":34,"teamPTS1":24,"teamPTS2":40,"teamPTS3":20,"teamPTS4":15,"teamPTS5":0,"teamPTS6":0,"teamPTS7":0,"teamPTS8":0,"opptAbbr":"ORL","opptConf":"East","opptLoc":"Away","opptRslt":"Win","opptPTS":115,"opptAST":27,"opptTO":17,"opptSTL":10,"opptBLK":1,"opptPF":19,"opptFGA":85,"opptFGM":43,"oppt2PA":51,"oppt2PM":27,"oppt3PA":34,"oppt3PM":16,"opptFTA":18,"opptFTM":13,"opptORB":6,"opptDRB":37,"opptPTS1":33,"opptPTS2":27,"opptPTS3":27,"opptPTS4":28,"opptPTS5":0,"opptPTS6":0,"opptPTS7":0,"opptPTS8":0}
{"_id":{"$oid":"5cb552f6e0f627212ff3bbbd"},"gmDate":"2017/11/1","offLNm3":"Sterling","offFNm3":"Jonathan","teamAbbr":"NO","teamConf":"West","teamLoc":"Home","teamRslt":"Loss","teamPTS":98,"teamAST":27,"teamTO":19,"teamSTL":13,"teamBLK":4,"teamPF":24,"teamFGA":84,"teamFGM":36,"team2PA":53,"team2PM":28,"team3PA":31,"team3PM":8,"teamFTA":21,"teamFTM":18,"teamORB":9,"teamDRB":29,"teamPTS1":28,"teamPTS2":26,"teamPTS3":23,"teamPTS4":21,"teamPTS5":0,"teamPTS6":0,"teamPTS7":0,"teamPTS8":0,"opptAbbr":"MIN","opptConf":"West","opptLoc":"Away","opptRslt":"Win","opptPTS":104,"opptAST":20,"opptTO":22,"opptSTL":13,"opptBLK":3,"opptPF":21,"opptFGA":83,"opptFGM":41,"oppt2PA":61,"oppt2PM":35,"oppt3PA":22,"oppt3PM":6,"opptFTA":24,"opptFTM":16,"opptORB":11,"opptDRB":36,"opptPTS1":31,"opptPTS2":34,"opptPTS3":18,"opptPTS4":21,"opptPTS5":0,"opptPTS6":0,"opptPTS7":0,"opptPTS8":0}
{"_id":{"$oid":"5cb552f6e0f627212ff3bbca"},"gmDate":"2017/11/3","offLNm3":"Van Duyne","offFNm3":"Justin","teamAbbr":"DAL","teamConf":"West","teamLoc":"Home","teamRslt":"Loss","teamPTS":94,"teamAST":19,"teamTO":15,"teamSTL":4,"teamBLK":7,"teamPF":24,"teamFGA":88,"teamFGM":34,"team2PA":54,"team2PM":25,"team3PA":34,"team3PM":9,"teamFTA":22,"teamFTM":17,"teamORB":9,"teamDRB":38,"teamPTS1":25,"teamPTS2":21,"teamPTS3":17,"teamPTS4":31,"teamPTS5":0,"teamPTS6":0,"teamPTS7":0,"teamPTS8":0,"opptAbbr":"NO","opptConf":"West","opptLoc":"Away","opptRslt":"Win","opptPTS":99,"opptAST":23,"opptTO":14,"opptSTL":9,"opptBLK":4,"opptPF":22,"opptFGA":89,"opptFGM":36,"oppt2PA":60,"oppt2PM":29,"oppt3PA":29,"oppt3PM":7,"opptFTA":26,"opptFTM":20,"opptORB":9,"opptDRB":44,"opptPTS1":28,"opptPTS2":27,"opptPTS3":20,"opptPTS4":24,"opptPTS5":0,"opptPTS6":0,"opptPTS7":0,"opptPTS8":0}
{"_id":{"$oid":"5cb552f6e0f627212ff3bbd2"},"gmDate":"2017/11/4","offLNm3":"Richardson","offFNm3":"Randy","teamAbbr":"CHI","teamConf":"East","teamLoc":"Home","teamRslt":"Loss","teamPTS":90,"teamAST":23,"teamTO":19,"teamSTL":10,"teamBLK":5,"teamPF":19,"teamFGA":99,"teamFGM":35,"team2PA":57,"team2PM":24,"team3PA":42,"team3PM":11,"teamFTA":12,"teamFTM":9,"teamORB":16,"teamDRB":42,"teamPTS1":19,"teamPTS2":19,"teamPTS3":26,"teamPTS4":19,"teamPTS5":7,"teamPTS6":0,"teamPTS7":0,"teamPTS8":0,"opptAbbr":"NO","opptConf":"West","opptLoc":"Away","opptRslt":"Win","opptPTS":96,"opptAST":23,"opptTO":15,"opptSTL":9,"opptBLK":4,"opptPF":9,"opptFGA":87,"opptFGM":35,"oppt2PA":56,"oppt2PM":26,"oppt3PA":31,"oppt3PM":9,"opptFTA":22,"opptFTM":17,"opptORB":5,"opptDRB":47,"opptPTS1":17,"opptPTS2":21,"opptPTS3":19,"opptPTS4":26,"opptPTS5":13,"opptPTS6":0,"opptPTS7":0,"opptPTS8":0}
{"_id":{"$oid":"5cb552f6e0f627212ff3bbe3"},"gmDate":"2017/11/7","offLNm3":"Adair","offFNm3":"Brandon","teamAbbr":"IND","teamConf":"East","teamLoc":"Home","teamRslt":"Loss","teamPTS":112,"teamAST":19,"teamTO":11,"teamSTL":4,"teamBLK":4,"teamPF":21,"teamFGA":93,"teamFGM":44,"team2PA":69,"team2PM":35,"team3PA":24,"team3PM":9,"teamFTA":18,"teamFTM":15,"teamORB":11,"teamDRB":30,"teamPTS1":37,"teamPTS2":38,"teamPTS3":19,"teamPTS4":18,"teamPTS5":0,"teamPTS6":0,"teamPTS7":0,"teamPTS8":0,"opptAbbr":"NO","opptConf":"West","opptLoc":"Away","opptRslt":"Win","opptPTS":117,"opptAST":23,"opptTO":13,"opptSTL":6,"opptBLK":5,"opptPF":18,"opptFGA":87,"opptFGM":44,"oppt2PA":52,"oppt2PM":30,"oppt3PA":35,"oppt3PM":14,"opptFTA":22,"opptFTM":15,"opptORB":11,"opptDRB":32,"opptPTS1":34,"opptPTS2":27,"opptPTS3":35,"opptPTS4":21,"opptPTS5":0,"opptPTS6":0,"opptPTS7":0,"opptPTS8":0}
{"_id":{"$oid":"5cb552f6e0f627212ff3bbf2"},"gmDate":"2017/11/9","offLNm3":"Lewis","offFNm3":"Eric","teamAbbr":"TOR","teamConf":"East","teamLoc":"Home","teamRslt":"Win","teamPTS":122,"teamAST":27,"teamTO":12,"teamSTL":8,"teamBLK":4,"teamPF":24,"teamFGA":98,"teamFGM":45,"team2PA":56,"team2PM":29,"team3PA":42,"team3PM":16,"teamFTA":23,"teamFTM":16,"teamORB":10,"teamDRB":38,"teamPTS1":34,"teamPTS2":32,"teamPTS3":26,"teamPTS4":30,"teamPTS5":0,"teamPTS6":0,"teamPTS7":0,"teamPTS8":0,"opptAbbr":"NO","opptConf":"West","opptLoc":"Away","opptRslt":"Loss","opptPTS":118,"opptAST":31,"opptTO":14,"opptSTL":7,"opptBLK":4,"opptPF":20,"opptFGA":82,"opptFGM":44,"oppt2PA":51,"oppt2PM":31,"oppt3PA":31,"oppt3PM":13,"opptFTA":25,"opptFTM":17,"opptORB":4,"opptDRB":34,"opptPTS1":32,"opptPTS2":28,"opptPTS3":32,"opptPTS4":26,"opptPTS5":0,"opptPTS6":0,"opptPTS7":0,"opptPTS8":0}
{"_id":{"$oid":"5cb552f6e0f627212ff3bbfd"},"gmDate":"2017/11/11","offLNm3":"Smith","offFNm3":"Aaron","teamAbbr":"NO","teamConf":"West","teamLoc":"Home","teamRslt":"Win","teamPTS":111,"teamAST":26,"teamTO":23,"teamSTL":7,"teamBLK":4,"teamPF":19,"teamFGA":80,"teamFGM":43,"team2PA":64,"team2PM":37,"team3PA":16,"team3PM":6,"teamFTA":24,"teamFTM":19,"teamORB":8,"teamDRB":43,"teamPTS1":31,"teamPTS2":32,"teamPTS3":25,"teamPTS4":23,"teamPTS5":0,"teamPTS6":0,"teamPTS7":0,"teamPTS8":0,"opptAbbr":"LAC","opptConf":"West","opptLoc":"Away","opptRslt":"Loss","opptPTS":103,"opptAST":16,"opptTO":12,"opptSTL":12,"opptBLK":1,"opptPF":24,"opptFGA":86,"opptFGM":35,"oppt2PA":60,"oppt2PM":25,"oppt3PA":26,"oppt3PM":10,"opptFTA":27,"opptFTM":23,"opptORB":8,"opptDRB":29,"opptPTS1":26,"opptPTS2":32,"opptPTS3":24,"opptPTS4":21,"opptPTS5":0,"opptPTS6":0,"opptPTS7":0,"opptPTS8":0}
{"_id":{"$oid":"5cb552f6e0f627212ff3bc10"},"gmDate":"2017/11/13","offLNm3":"Washington","offFNm3":"Tom","teamAbbr":"NO","teamConf":"West","teamLoc":"Home","teamRslt":"Win","teamPTS":106,"teamAST":31,"teamTO":19,"teamSTL":10,"teamBLK":5,"teamPF":13,"teamFGA":75,"teamFGM":41,"team2PA":42,"team2PM":28,"team3PA":33,"team3PM":13,"teamFTA":17,"teamFTM":11,"teamORB":7,"teamDRB":31,"teamPTS1":23,"teamPTS2":22,"teamPTS3":33,"teamPTS4":28,"teamPTS5":0,"teamPTS6":0,"teamPTS7":0,"teamPTS8":0,"opptAbbr":"ATL","opptConf":"East","opptLoc":"Away","opptRslt":"Loss","opptPTS":105,"opptAST":25,"opptTO":16,"opptSTL":14,"opptBLK":1,"opptPF":18,"opptFGA":87,"opptFGM":40,"oppt2PA":51,"oppt2PM":23,"oppt3PA":36,"oppt3PM":17,"opptFTA":9,"opptFTM":8,"opptORB":10,"opptDRB":26,"opptPTS1":32,"opptPTS2":18,"opptPTS3":30,"opptPTS4":25,"opptPTS5":0,"opptPTS6":0,"opptPTS7":0,"opptPTS8":0}
{"_id":{"$oid":"5cb552f6e0f627212ff3bc20"},"gmDate":"2017/11/15","offLNm3":"Scott","offFNm3":"Kevin","teamAbbr":"NO","teamConf":"West","teamLoc":"Home","teamRslt":"Loss","teamPTS":116,"teamAST":31,"teamTO":14,"teamSTL":13,"teamBLK":3,"teamPF":21,"teamFGA":91,"teamFGM":46,"team2PA":64,"team2PM":36,"team3PA":27,"team3PM":10,"teamFTA":14,"teamFTM":14,"teamORB":10,"teamDRB":22,"teamPTS1":34,"teamPTS2":29,"teamPTS3":23,"teamPTS4":30,"teamPTS5":0,"teamPTS6":0,"teamPTS7":0,"teamPTS8":0,"opptAbbr":"TOR","opptConf":"East","opptLoc":"Away","opptRslt":"Win","opptPTS":125,"opptAST":27,"opptTO":21,"opptSTL":8,"opptBLK":6,"opptPF":20,"opptFGA":76,"opptFGM":45,"oppt2PA":42,"oppt2PM":29,"oppt3PA":34,"oppt3PM":16,"opptFTA":20,"opptFTM":19,"opptORB":6,"opptDRB":31,"opptPTS1":29,"opptPTS2":35,"opptPTS3":34,"opptPTS4":27,"opptPTS5":0,"opptPTS6":0,"opptPTS7":0,"opptPTS8":0}
{"_id":{"$oid":"5cb552f6e0f627212ff3bc2e"},"gmDate":"2017/11/17","offLNm3":"Cutler","offFNm3":"Kevin","teamAbbr":"DEN","teamConf":"West","teamLoc":"Home","teamRslt":"Win","teamPTS":146,"teamAST":37,"teamTO":15,"teamSTL":5,"teamBLK":4,"teamPF":15,"teamFGA":89,"teamFGM":56,"team2PA":54,"team2PM":38,"team3PA":35,"team3PM":18,"teamFTA":21,"teamFTM":16,"teamORB":13,"teamDRB":35,"teamPTS1":37,"teamPTS2":27,"teamPTS3":42,"teamPTS4":40,"teamPTS5":0,"teamPTS6":0,"teamPTS7":0,"teamPTS8":0,"opptAbbr":"NO","opptConf":"West","opptLoc":"Away","opptRslt":"Loss","opptPTS":114,"opptAST":32,"opptTO":13,"opptSTL":2,"opptBLK":0,"opptPF":19,"opptFGA":91,"opptFGM":48,"oppt2PA":58,"oppt2PM":36,"oppt3PA":33,"oppt3PM":12,"opptFTA":10,"opptFTM":6,"opptORB":8,"opptDRB":21,"opptPTS1":19,"opptPTS2":37,"opptPTS3":24,"opptPTS4":34,"opptPTS5":0,"opptPTS6":0,"opptPTS7":0,"opptPTS8":0}
{"_id":{"$oid":"5cb552f6e0f627212ff3bc44"},"gmDate":"2017/11/20","offLNm3":"Collins","offFNm3":"Derrick","teamAbbr":"NO","teamConf":"West","teamLoc":"Home","teamRslt":"Win","teamPTS":114,"teamAST":26,"teamTO":19,"teamSTL":9,"teamBLK":3,"teamPF":22,"teamFGA":80,"teamFGM":41,"team2PA":55,"team2PM":34,"team3PA":25,"team3PM":7,"teamFTA":32,"teamFTM":25,"teamORB":7,"teamDRB":42,"teamPTS1":24,"teamPTS2":33,"teamPTS3":30,"teamPTS4":27,"teamPTS5":0,"teamPTS6":0,"teamPTS7":0,"teamPTS8":0,"opptAbbr":"OKC","opptConf":"West","opptLoc":"Away","opptRslt":"Loss","opptPTS":107,"opptAST":22,"opptTO":14,"opptSTL":14,"opptBLK":2,"opptPF":25,"opptFGA":89,"opptFGM":38,"oppt2PA":54,"oppt2PM":27,"oppt3PA":35,"oppt3PM":11,"opptFTA":26,"opptFTM":20,"opptORB":9,"opptDRB":31,"opptPTS1":33,"opptPTS2":32,"opptPTS3":21,"opptPTS4":21,"opptPTS5":0,"opptPTS6":0,"opptPTS7":0,"opptPTS8":0}
{"_id":{"$oid":"5cb552f6e0f627212ff3bc53"},"gmDate":"2017/11/22","offLNm3":"Ford","offFNm3":"Tyler","teamAbbr":"NO","teamConf":"West","teamLoc":"Home","teamRslt":"Win","teamPTS":107,"teamAST":23,"teamTO":16,"teamSTL":7,"teamBLK":2,"teamPF":18,"teamFGA":81,"teamFGM":39,"team2PA":57,"team2PM":32,"team3PA":24,"team3PM":7,"teamFTA":24,"teamFTM":22,"teamORB":7,"teamDRB":38,"teamPTS1":19,"teamPTS2":31,"teamPTS3":37,"teamPTS4":20,"teamPTS5":0,"teamPTS6":0,"teamPTS7":0,"teamPTS8":0,"opptAbbr":"SA","opptConf":"West","opptLoc":"Away","opptRslt":"Loss","opptPTS":90,"opptAST":22,"opptTO":16,"opptSTL":10,"opptBLK":5,"opptPF":23,"opptFGA":88,"opptFGM":35,"oppt2PA":64,"oppt2PM":29,"oppt3PA":24,"oppt3PM":6,"opptFTA":15,"opptFTM":14,"opptORB":8,"opptDRB":31,"opptPTS1":29,"opptPTS2":13,"opptPTS3":17,"opptPTS4":31,"opptPTS5":0,"opptPTS6":0,"opptPTS7":0,"opptPTS8":0}
{"_id":{"$oid":"5cb552f6e0f627212ff3bc5f"},"gmDate":"2017/11/24","offLNm3":"Richardson","offFNm3":"Derek","teamAbbr":"PHO","teamConf":"West","teamLoc":"Home","teamRslt":"Loss","teamPTS":91,"teamAST":12,"teamTO":17,"teamSTL":9,"teamBLK":6,"teamPF":18,"teamFGA":94,"teamFGM":37,"team2PA":74,"team2PM":35,"team3PA":20,"team3PM":2,"teamFTA":18,"teamFTM":15,"teamORB":15,"teamDRB":33,"teamPTS1":21,"teamPTS2":21,"teamPTS3":20,"teamPTS4":29,"teamPTS5":0,"teamPTS6":0,"teamPTS7":0,"teamPTS8":0,"opptAbbr":"NO","opptConf":"West","opptLoc":"Away","opptRslt":"Win","opptPTS":115,"opptAST":29,"opptTO":16,"opptSTL":10,"opptBLK":4,"opptPF":18,"opptFGA":91,"opptFGM":45,"oppt2PA":64,"oppt2PM":36,"oppt3PA":27,"oppt3PM":9,"opptFTA":22,"opptFTM":16,"opptORB":13,"opptDRB":36,"opptPTS1":33,"opptPTS2":39,"opptPTS3":22,"opptPTS4":21,"opptPTS5":0,"opptPTS6":0,"opptPTS7":0,"opptPTS8":0}
{"_id":{"$oid":"5cb552f6e0f627212ff3bc69"},"gmDate":"2017/11/25","offLNm3":"Wood","offFNm3":"Leon","teamAbbr":"GS","teamConf":"West","teamLoc":"Home","teamRslt":"Win","teamPTS":110,"teamAST":30,"teamTO":10,"teamSTL":11,"teamBLK":6,"teamPF":24,"teamFGA":94,"teamFGM":39,"team2PA":61,"team2PM":29,"team3PA":33,"team3PM":10,"teamFTA":27,"teamFTM":22,"teamORB":11,"teamDRB":33,"teamPTS1":17,"teamPTS2":36,"teamPTS3":31,"teamPTS4":26,"teamPTS5":0,"teamPTS6":0,"teamPTS7":0,"teamPTS8":0,"opptAbbr":"NO","opptConf":"West","opptLoc":"Away","opptRslt":"Loss","opptPTS":95,"opptAST":24,"opptTO":17,"opptSTL":2,"opptBLK":9,"opptPF":24,"opptFGA":84,"opptFGM":34,"oppt2PA":53,"oppt2PM":23,"oppt3PA":31,"oppt3PM":11,"opptFTA":23,"opptFTM":16,"opptORB":9,"opptDRB":36,"opptPTS1":31,"opptPTS2":22,"opptPTS3":22,"opptPTS4":20,"opptPTS5":0,"opptPTS6":0,"opptPTS7":0,"opptPTS8":0}
{"_id":{"$oid":"5cb552f6e0f627212ff3bc82"},"gmDate":"2017/11/29","offLNm3":"Wall","offFNm3":"Scott","teamAbbr":"NO","teamConf":"West","teamLoc":"Home","teamRslt":"Loss","teamPTS":102,"teamAST":27,"teamTO":17,"teamSTL":8,"teamBLK":2,"teamPF":17,"teamFGA":84,"teamFGM":39,"team2PA":49,"team2PM":25,"team3PA":35,"team3PM":14,"teamFTA":11,"teamFTM":10,"teamORB":8,"teamDRB":20,"teamPTS1":29,"teamPTS2":20,"teamPTS3":27,"teamPTS4":26,"teamPTS5":0,"teamPTS6":0,"teamPTS7":0,"teamPTS8":0,"opptAbbr":"MIN","opptConf":"West","opptLoc":"Away","opptRslt":"Win","opptPTS":120,"opptAST":30,"opptTO":18,"opptSTL":10,"opptBLK":1,"opptPF":14,"opptFGA":81,"opptFGM":47,"oppt2PA":58,"oppt2PM":38,"oppt3PA":23,"oppt3PM":9,"opptFTA":19,"opptFTM":17,"opptORB":10,"opptDRB":34,"opptPTS1":28,"opptPTS2":34,"opptPTS3":31,"opptPTS4":27,"opptPTS5":0,"opptPTS6":0,"opptPTS7":0,"opptPTS8":0}
{"_id":{"$oid":"5cb552f6e0f627212ff3bc92"},"gmDate":"2017/12/1","offLNm3":"Richardson","offFNm3":"Derek","teamAbbr":"UTA","teamConf":"West","teamLoc":"Home","teamRslt":"Win","teamPTS":114,"teamAST":25,"teamTO":9,"teamSTL":7,"teamBLK":3,"teamPF":15,"teamFGA":85,"teamFGM":42,"team2PA":55,"team2PM":30,"team3PA":30,"team3PM":12,"teamFTA":25,"teamFTM":18,"teamORB":8,"teamDRB":38,"teamPTS1":27,"teamPTS2":16,"teamPTS3":37,"teamPTS4":34,"teamPTS5":0,"teamPTS6":0,"teamPTS7":0,"teamPTS8":0,"opptAbbr":"NO","opptConf":"West","opptLoc":"Away","opptRslt":"Loss","opptPTS":108,"opptAST":28,"opptTO":10,"opptSTL":4,"opptBLK":7,"opptPF":20,"opptFGA":87,"opptFGM":42,"oppt2PA":57,"oppt2PM":27,"oppt3PA":30,"oppt3PM":15,"opptFTA":15,"opptFTM":9,"opptORB":6,"opptDRB":36,"opptPTS1":29,"opptPTS2":26,"opptPTS3":29,"opptPTS4":24,"opptPTS5":0,"opptPTS6":0,"opptPTS7":0,"opptPTS8":0}
{"_id":{"$oid":"5cb552f6e0f627212ff3bc9a"},"gmDate":"2017/12/2","offLNm3":"Malloy","offFNm3":"Ed","teamAbbr":"POR","teamConf":"West","teamLoc":"Home","teamRslt":"Loss","teamPTS":116,"teamAST":20,"teamTO":5,"teamSTL":6,"teamBLK":3,"teamPF":17,"teamFGA":105,"teamFGM":47,"team2PA":70,"team2PM":36,"team3PA":35,"team3PM":11,"teamFTA":11,"teamFTM":11,"teamORB":9,"teamDRB":35,"teamPTS1":33,"teamPTS2":24,"teamPTS3":25,"teamPTS4":34,"teamPTS5":0,"teamPTS6":0,"teamPTS7":0,"teamPTS8":0,"opptAbbr":"NO","opptConf":"West","opptLoc":"Away","opptRslt":"Win","opptPTS":123,"opptAST":22,"opptTO":12,"opptSTL":2,"opptBLK":3,"opptPF":16,"opptFGA":86,"opptFGM":45,"oppt2PA":55,"oppt2PM":30,"oppt3PA":31,"oppt3PM":15,"opptFTA":25,"opptFTM":18,"opptORB":4,"opptDRB":44,"opptPTS1":26,"opptPTS2":34,"opptPTS3":38,"opptPTS4":25,"opptPTS5":0,"opptPTS6":0,"opptPTS7":0,"opptPTS8":0}
{"_id":{"$oid":"5cb552f6e0f627212ff3bca7"},"gmDate":"2017/12/4","offLNm3":"Boland","offFNm3":"Matt","teamAbbr":"NO","teamConf":"West","teamLoc":"Home","teamRslt":"Loss","teamPTS":115,"teamAST":33,"teamTO":21,"teamSTL":11,"teamBLK":4,"teamPF":26,"teamFGA":91,"teamFGM":45,"team2PA":52,"team2PM":29,"team3PA":39,"team3PM":16,"teamFTA":15,"teamFTM":9,"teamORB":11,"teamDRB":36,"teamPTS1":33,"teamPTS2":36,"teamPTS3":22,"teamPTS4":24,"teamPTS5":0,"teamPTS6":0,"teamPTS7":0,"teamPTS8":0,"opptAbbr":"GS","opptConf":"West","opptLoc":"Away","opptRslt":"Win","opptPTS":125,"opptAST":36,"opptTO":17,"opptSTL":14,"opptBLK":5,"opptPF":17,"opptFGA":87,"opptFGM":45,"oppt2PA":54,"oppt2PM":29,"oppt3PA":33,"oppt3PM":16,"opptFTA":27,"opptFTM":19,"opptORB":5,"opptDRB":35,"opptPTS1":26,"opptPTS2":23,"opptPTS3":39,"opptPTS4":37,"opptPTS5":0,"opptPTS6":0,"opptPTS7":0,"opptPTS8":0}
{"_id":{"$oid":"5cb552f6e0f627212ff3bcb5"},"gmDate":"2017/12/6","offLNm3":"Acosta","offFNm3":"Ray","teamAbbr":"NO","teamConf":"West","teamLoc":"Home","teamRslt":"Win","teamPTS":123,"teamAST":28,"teamTO":13,"teamSTL":4,"teamBLK":5,"teamPF":19,"teamFGA":86,"teamFGM":46,"team2PA":55,"team2PM":34,"team3PA":31,"team3PM":12,"teamFTA":29,"teamFTM":19,"teamORB":11,"teamDRB":38,"teamPTS1":33,"teamPTS2":34,"teamPTS3":30,"teamPTS4":26,"teamPTS5":0,"teamPTS6":0,"teamPTS7":0,"teamPTS8":0,"opptAbbr":"DEN","opptConf":"West","opptLoc":"Away","opptRslt":"Loss","opptPTS":114,"opptAST":22,"opptTO":9,"opptSTL":7,"opptBLK":4,"opptPF":21,"opptFGA":94,"opptFGM":41,"oppt2PA":59,"oppt2PM":25,"oppt3PA":35,"oppt3PM":16,"opptFTA":22,"opptFTM":16,"opptORB":10,"opptDRB":30,"opptPTS1":33,"opptPTS2":33,"opptPTS3":25,"opptPTS4":23,"opptPTS5":0,"opptPTS6":0,"opptPTS7":0,"opptPTS8":0}
{"_id":{"$oid":"5cb552f6e0f627212ff3bcc2"},"gmDate":"2017/12/8","offLNm3":"Davis","offFNm3":"Marc","teamAbbr":"NO","teamConf":"West","teamLoc":"Home","teamRslt":"Loss","teamPTS":109,"teamAST":19,"teamTO":17,"teamSTL":7,"teamBLK":3,"teamPF":14,"teamFGA":89,"teamFGM":41,"team2PA":61,"team2PM":31,"team3PA":28,"team3PM":10,"teamFTA":19,"teamFTM":17,"teamORB":7,"teamDRB":28,"teamPTS1":25,"teamPTS2":28,"teamPTS3":29,"teamPTS4":20,"teamPTS5":7,"teamPTS6":0,"teamPTS7":0,"teamPTS8":0,"opptAbbr":"SAC","opptConf":"West","opptLoc":"Away","opptRslt":"Win","opptPTS":116,"opptAST":21,"opptTO":20,"opptSTL":12,"opptBLK":4,"opptPF":21,"opptFGA":97,"opptFGM":47,"oppt2PA":67,"oppt2PM":34,"oppt3PA":30,"oppt3PM":13,"opptFTA":14,"opptFTM":9,"opptORB":11,"opptDRB":35,"opptPTS1":24,"opptPTS2":23,"opptPTS3":30,"opptPTS4":25,"opptPTS5":14,"opptPTS6":0,"opptPTS7":0,"opptPTS8":0}
{"_id":{"$oid":"5cb552f6e0f627212ff3bcd2"},"gmDate":"2017/12/10","offLNm3":"Garretson","offFNm3":"Ron","teamAbbr":"NO","teamConf":"West","teamLoc":"Home","teamRslt":"Win","teamPTS":131,"teamAST":31,"teamTO":15,"teamSTL":11,"teamBLK":9,"teamPF":21,"teamFGA":80,"teamFGM":46,"team2PA":56,"team2PM":31,"team3PA":24,"team3PM":15,"teamFTA":32,"teamFTM":24,"teamORB":5,"teamDRB":28,"teamPTS1":32,"teamPTS2":34,"teamPTS3":21,"teamPTS4":44,"teamPTS5":0,"teamPTS6":0,"teamPTS7":0,"teamPTS8":0,"opptAbbr":"PHI","opptConf":"East","opptLoc":"Away","opptRslt":"Loss","opptPTS":124,"opptAST":26,"opptTO":17,"opptSTL":5,"opptBLK":4,"opptPF":29,"opptFGA":96,"opptFGM":44,"oppt2PA":67,"oppt2PM":35,"oppt3PA":29,"oppt3PM":9,"opptFTA":30,"opptFTM":27,"opptORB":22,"opptDRB":25,"opptPTS1":26,"opptPTS2":29,"opptPTS3":40,"opptPTS4":29,"opptPTS5":0,"opptPTS6":0,"opptPTS7":0,"opptPTS8":0}
{"_id":{"$oid":"5cb552f6e0f627212ff3bcd5"},"gmDate":"2017/12/11","offLNm3":"Washington","offFNm3":"Tom","teamAbbr":"HOU","teamConf":"West","teamLoc":"Home","teamRslt":"Win","teamPTS":130,"teamAST":30,"teamTO":9,"teamSTL":12,"teamBLK":7,"teamPF":15,"teamFGA":88,"teamFGM":48,"team2PA":43,"team2PM":31,"team3PA":45,"team3PM":17,"teamFTA":25,"teamFTM":17,"teamORB":4,"teamDRB":32,"teamPTS1":35,"teamPTS2":43,"teamPTS3":18,"teamPTS4":34,"teamPTS5":0,"teamPTS6":0,"teamPTS7":0,"teamPTS8":0,"opptAbbr":"NO","opptConf":"West","opptLoc":"Away","opptRslt":"Loss","opptPTS":123,"opptAST":32,"opptTO":18,"opptSTL":6,"opptBLK":2,"opptPF":19,"opptFGA":85,"opptFGM":49,"oppt2PA":52,"oppt2PM":31,"oppt3PA":33,"oppt3PM":18,"opptFTA":13,"opptFTM":7,"opptORB":6,"opptDRB":35,"opptPTS1":41,"opptPTS2":35,"opptPTS3":27,"opptPTS4":20,"opptPTS5":0,"opptPTS6":0,"opptPTS7":0,"opptPTS8":0}
{"_id":{"$oid":"5cb552f6e0f627212ff3bce7"},"gmDate":"2017/12/13","offLNm3":"Brothers","offFNm3":"Tony","teamAbbr":"NO","teamConf":"West","teamLoc":"Home","teamRslt":"Win","teamPTS":115,"teamAST":35,"teamTO":21,"teamSTL":5,"teamBLK":8,"teamPF":16,"teamFGA":80,"teamFGM":45,"team2PA":55,"team2PM":32,"team3PA":25,"team3PM":13,"teamFTA":15,"teamFTM":12,"teamORB":9,"teamDRB":32,"teamPTS1":32,"teamPTS2":30,"teamPTS3":25,"teamPTS4":28,"teamPTS5":0,"teamPTS6":0,"teamPTS7":0,"teamPTS8":0,"opptAbbr":"MIL","opptConf":"East","opptLoc":"Away","opptRslt":"Loss","opptPTS":108,"opptAST":23,"opptTO":10,"opptSTL":14,"opptBLK":5,"opptPF":13,"opptFGA":95,"opptFGM":44,"oppt2PA":68,"oppt2PM":36,"oppt3PA":27,"oppt3PM":8,"opptFTA":19,"opptFTM":12,"opptORB":15,"opptDRB":23,"opptPTS1":37,"opptPTS2":26,"opptPTS3":22,"opptPTS4":23,"opptPTS5":0,"opptPTS6":0,"opptPTS7":0,"opptPTS8":0}
{"_id":{"$oid":"5cb552f6e0f627212ff3bcf8"},"gmDate":"2017/12/15","offLNm3":"Wood","offFNm3":"Leon","teamAbbr":"DEN","teamConf":"West","teamLoc":"Home","teamRslt":"Win","teamPTS":117,"teamAST":30,"teamTO":15,"teamSTL":12,"teamBLK":4,"teamPF":17,"teamFGA":100,"teamFGM":46,"team2PA":64,"team2PM":30,"team3PA":36,"team3PM":16,"teamFTA":14,"teamFTM":9,"teamORB":11,"teamDRB":37,"teamPTS1":20,"teamPTS2":26,"teamPTS3":30,"teamPTS4":28,"teamPTS5":13,"teamPTS6":0,"teamPTS7":0,"teamPTS8":0,"opptAbbr":"NO","opptConf":"West","opptLoc":"Away","opptRslt":"Loss","opptPTS":111,"opptAST":27,"opptTO":20,"opptSTL":8,"opptBLK":8,"opptPF":15,"opptFGA":91,"opptFGM":43,"oppt2PA":57,"oppt2PM":28,"oppt3PA":34,"oppt3PM":15,"opptFTA":14,"opptFTM":10,"opptORB":7,"opptDRB":35,"opptPTS1":33,"opptPTS2":25,"opptPTS3":28,"opptPTS4":18,"opptPTS5":7,"opptPTS6":0,"opptPTS7":0,"opptPTS8":0}
{"_id":{"$oid":"5cb552f6e0f627212ff3bd11"},"gmDate":"2017/12/19","offLNm3":"Sterling","offFNm3":"Jonathan","teamAbbr":"WAS","teamConf":"East","teamLoc":"Home","teamRslt":"Win","teamPTS":116,"teamAST":29,"teamTO":16,"teamSTL":8,"teamBLK":3,"teamPF":31,"teamFGA":92,"teamFGM":46,"team2PA":57,"team2PM":32,"team3PA":35,"team3PM":14,"teamFTA":14,"teamFTM":10,"teamORB":10,"teamDRB":34,"teamPTS1":36,"teamPTS2":25,"teamPTS3":32,"teamPTS4":23,"teamPTS5":0,"teamPTS6":0,"teamPTS7":0,"teamPTS8":0,"opptAbbr":"NO","opptConf":"West","opptLoc":"Away","opptRslt":"Loss","opptPTS":106,"opptAST":20,"opptTO":16,"opptSTL":7,"opptBLK":1,"opptPF":16,"opptFGA":80,"opptFGM":34,"oppt2PA":60,"oppt2PM":29,"oppt3PA":20,"oppt3PM":5,"opptFTA":40,"opptFTM":33,"opptORB":11,"opptDRB":31,"opptPTS1":19,"opptPTS2":36,"opptPTS3":15,"opptPTS4":36,"opptPTS5":0,"opptPTS6":0,"opptPTS7":0,"opptPTS8":0}
{"_id":{"$oid":"5cb552f6e0f627212ff3bd25"},"gmDate":"2017/12/22","offLNm3":"Brown","offFNm3":"Tony","teamAbbr":"ORL","teamConf":"East","teamLoc":"Home","teamRslt":"Loss","teamPTS":97,"teamAST":16,"teamTO":14,"teamSTL":7,"teamBLK":2,"teamPF":19,"teamFGA":85,"teamFGM":36,"team2PA":65,"team2PM":32,"team3PA":20,"team3PM":4,"teamFTA":29,"teamFTM":21,"teamORB":10,"teamDRB":30,"teamPTS1":20,"teamPTS2":30,"teamPTS3":22,"teamPTS4":25,"teamPTS5":0,"teamPTS6":0,"teamPTS7":0,"teamPTS8":0,"opptAbbr":"NO","opptConf":"West","opptLoc":"Away","opptRslt":"Win","opptPTS":111,"opptAST":23,"opptTO":15,"opptSTL":10,"opptBLK":2,"opptPF":25,"opptFGA":86,"opptFGM":43,"oppt2PA":56,"oppt2PM":33,"oppt3PA":30,"oppt3PM":10,"opptFTA":24,"opptFTM":15,"opptORB":11,"opptDRB":37,"opptPTS1":32,"opptPTS2":28,"opptPTS3":28,"opptPTS4":23,"opptPTS5":0,"opptPTS6":0,"opptPTS7":0,"opptPTS8":0}
{"_id":{"$oid":"5cb552f6e0f627212ff3bd34"},"gmDate":"2017/12/23","offLNm3":"Boland","offFNm3":"Matt","teamAbbr":"MIA","teamConf":"East","teamLoc":"Home","teamRslt":"Loss","teamPTS":94,"teamAST":18,"teamTO":14,"teamSTL":4,"teamBLK":3,"teamPF":19,"teamFGA":85,"teamFGM":36,"team2PA":53,"team2PM":26,"team3PA":32,"team3PM":10,"teamFTA":15,"teamFTM":12,"teamORB":13,"teamDRB":25,"teamPTS1":28,"teamPTS2":25,"teamPTS3":16,"teamPTS4":25,"teamPTS5":0,"teamPTS6":0,"teamPTS7":0,"teamPTS8":0,"opptAbbr":"NO","opptConf":"West","opptLoc":"Away","opptRslt":"Win","opptPTS":109,"opptAST":27,"opptTO":14,"opptSTL":5,"opptBLK":10,"opptPF":20,"opptFGA":73,"opptFGM":39,"oppt2PA":48,"oppt2PM":24,"oppt3PA":25,"oppt3PM":15,"opptFTA":19,"opptFTM":16,"opptORB":6,"opptDRB":31,"opptPTS1":27,"opptPTS2":29,"opptPTS3":27,"opptPTS4":26,"opptPTS5":0,"opptPTS6":0,"opptPTS7":0,"opptPTS8":0}
{"_id":{"$oid":"5cb552f6e0f627212ff3bd4c"},"gmDate":"2017/12/27","offLNm3":"Sterling","offFNm3":"Jonathan","teamAbbr":"NO","teamConf":"West","teamLoc":"Home","teamRslt":"Win","teamPTS":128,"teamAST":40,"teamTO":11,"teamSTL":8,"teamBLK":9,"teamPF":15,"teamFGA":90,"teamFGM":48,"team2PA":57,"team2PM":31,"team3PA":33,"team3PM":17,"teamFTA":19,"teamFTM":15,"teamORB":6,"teamDRB":37,"teamPTS1":31,"teamPTS2":38,"teamPTS3":22,"teamPTS4":37,"teamPTS5":0,"teamPTS6":0,"teamPTS7":0,"teamPTS8":0,"opptAbbr":"BKN","opptConf":"East","opptLoc":"Away","opptRslt":"Loss","opptPTS":113,"opptAST":26,"opptTO":17,"opptSTL":8,"opptBLK":3,"opptPF":18,"opptFGA":90,"opptFGM":41,"oppt2PA":52,"oppt2PM":22,"oppt3PA":38,"oppt3PM":19,"opptFTA":14,"opptFTM":12,"opptORB":10,"opptDRB":33,"opptPTS1":23,"opptPTS2":23,"opptPTS3":29,"opptPTS4":38,"opptPTS5":0,"opptPTS6":0,"opptPTS7":0,"opptPTS8":0}
{"_id":{"$oid":"5cb552f6e0f627212ff3bd5a"},"gmDate":"2017/12/29","offLNm3":"Brown","offFNm3":"Tony","teamAbbr":"NO","teamConf":"West","teamLoc":"Home","teamRslt":"Loss","teamPTS":120,"teamAST":28,"teamTO":8,"teamSTL":8,"teamBLK":6,"teamPF":19,"teamFGA":85,"teamFGM":42,"team2PA":54,"team2PM":34,"team3PA":31,"team3PM":8,"teamFTA":32,"teamFTM":28,"teamORB":4,"teamDRB":27,"teamPTS1":21,"teamPTS2":39,"teamPTS3":41,"teamPTS4":19,"teamPTS5":0,"teamPTS6":0,"teamPTS7":0,"teamPTS8":0,"opptAbbr":"DAL","opptConf":"West","opptLoc":"Away","opptRslt":"Win","opptPTS":128,"opptAST":27,"opptTO":18,"opptSTL":5,"opptBLK":4,"opptPF":23,"opptFGA":83,"opptFGM":46,"oppt2PA":44,"oppt2PM":24,"oppt3PA":39,"oppt3PM":22,"opptFTA":18,"opptFTM":14,"opptORB":5,"opptDRB":38,"opptPTS1":36,"opptPTS2":41,"opptPTS3":32,"opptPTS4":19,"opptPTS5":0,"opptPTS6":0,"opptPTS7":0,"opptPTS8":0}
{"_id":{"$oid":"5cb552f6e0f627212ff3bd60"},"gmDate":"2017/12/30","offLNm3":"Collins","offFNm3":"Derrick","teamAbbr":"NO","teamConf":"West","teamLoc":"Home","teamRslt":"Loss","teamPTS":103,"teamAST":24,"teamTO":10,"teamSTL":3,"teamBLK":5,"teamPF":19,"teamFGA":84,"teamFGM":38,"team2PA":58,"team2PM":32,"team3PA":26,"team3PM":6,"teamFTA":27,"teamFTM":21,"teamORB":4,"teamDRB":44,"teamPTS1":21,"teamPTS2":24,"teamPTS3":33,"teamPTS4":25,"teamPTS5":0,"teamPTS6":0,"teamPTS7":0,"teamPTS8":0,"opptAbbr":"NY","opptConf":"East","opptLoc":"Away","opptRslt":"Win","opptPTS":105,"opptAST":24,"opptTO":7,"opptSTL":6,"opptBLK":7,"opptPF":24,"opptFGA":94,"opptFGM":41,"oppt2PA":75,"oppt2PM":36,"oppt3PA":19,"oppt3PM":5,"opptFTA":21,"opptFTM":18,"opptORB":9,"opptDRB":42,"opptPTS1":28,"opptPTS2":28,"opptPTS3":23,"opptPTS4":26,"opptPTS5":0,"opptPTS6":0,"opptPTS7":0,"opptPTS8":0}
{"_id":{"$oid":"5cb552f6e0f627212ff3bd81"},"gmDate":"2018/1/3","offLNm3":"Wood","offFNm3":"Leon","teamAbbr":"UTA","teamConf":"West","teamLoc":"Home","teamRslt":"Loss","teamPTS":98,"teamAST":23,"teamTO":14,"teamSTL":12,"teamBLK":1,"teamPF":21,"teamFGA":84,"teamFGM":38,"team2PA":52,"team2PM":31,"team3PA":32,"team3PM":7,"teamFTA":17,"teamFTM":15,"teamORB":6,"teamDRB":30,"teamPTS1":28,"teamPTS2":27,"teamPTS3":17,"teamPTS4":26,"teamPTS5":0,"teamPTS6":0,"teamPTS7":0,"teamPTS8":0,"opptAbbr":"NO","opptConf":"West","opptLoc":"Away","opptRslt":"Win","opptPTS":108,"opptAST":23,"opptTO":20,"opptSTL":8,"opptBLK":2,"opptPF":18,"opptFGA":82,"opptFGM":41,"oppt2PA":52,"oppt2PM":27,"oppt3PA":30,"oppt3PM":14,"opptFTA":12,"opptFTM":12,"opptORB":7,"opptDRB":35,"opptPTS1":27,"opptPTS2":31,"opptPTS3":23,"opptPTS4":27,"opptPTS5":0,"opptPTS6":0,"opptPTS7":0,"opptPTS8":0}
{"_id":{"$oid":"5cb552f6e0f627212ff3bd95"},"gmDate":"2018/1/6","offLNm3":"Adams","offFNm3":"Bennie","teamAbbr":"MIN","teamConf":"West","teamLoc":"Home","teamRslt":"Win","teamPTS":116,"teamAST":26,"teamTO":10,"teamSTL":10,"teamBLK":5,"teamPF":20,"teamFGA":90,"teamFGM":44,"team2PA":72,"team2PM":35,"team3PA":18,"team3PM":9,"teamFTA":21,"teamFTM":19,"teamORB":13,"teamDRB":34,"teamPTS1":36,"teamPTS2":33,"teamPTS3":29,"teamPTS4":18,"teamPTS5":0,"teamPTS6":0,"teamPTS7":0,"teamPTS8":0,"opptAbbr":"NO","opptConf":"West","opptLoc":"Away","opptRslt":"Loss","opptPTS":98,"opptAST":20,"opptTO":16,"opptSTL":5,"opptBLK":6,"opptPF":19,"opptFGA":78,"opptFGM":33,"oppt2PA":49,"oppt2PM":27,"oppt3PA":29,"oppt3PM":6,"opptFTA":28,"opptFTM":26,"opptORB":7,"opptDRB":31,"opptPTS1":24,"opptPTS2":24,"opptPTS3":23,"opptPTS4":27,"opptPTS5":0,"opptPTS6":0,"opptPTS7":0,"opptPTS8":0}
{"_id":{"$oid":"5cb552f6e0f627212ff3bd9f"},"gmDate":"2018/1/8","offLNm3":"Blair","offFNm3":"Curtis","teamAbbr":"NO","teamConf":"West","teamLoc":"Home","teamRslt":"Win","teamPTS":112,"teamAST":31,"teamTO":18,"teamSTL":7,"teamBLK":9,"teamPF":18,"teamFGA":82,"teamFGM":46,"team2PA":60,"team2PM":40,"team3PA":22,"team3PM":6,"teamFTA":21,"teamFTM":14,"teamORB":9,"teamDRB":32,"teamPTS1":37,"teamPTS2":22,"teamPTS3":27,"teamPTS4":26,"teamPTS5":0,"teamPTS6":0,"teamPTS7":0,"teamPTS8":0,"opptAbbr":"DET","opptConf":"East","opptLoc":"Away","opptRslt":"Loss","opptPTS":109,"opptAST":22,"opptTO":12,"opptSTL":5,"opptBLK":4,"opptPF":18,"opptFGA":93,"opptFGM":41,"oppt2PA":66,"oppt2PM":33,"oppt3PA":27,"oppt3PM":8,"opptFTA":22,"opptFTM":19,"opptORB":12,"opptDRB":27,"opptPTS1":34,"opptPTS2":22,"opptPTS3":28,"opptPTS4":25,"opptPTS5":0,"opptPTS6":0,"opptPTS7":0,"opptPTS8":0}
{"_id":{"$oid":"5cb552f6e0f627212ff3bdae"},"gmDate":"2018/1/10","offLNm3":"Davis","offFNm3":"Marc","teamAbbr":"MEM","teamConf":"West","teamLoc":"Home","teamRslt":"Win","teamPTS":105,"teamAST":21,"teamTO":10,"teamSTL":7,"teamBLK":5,"teamPF":26,"teamFGA":88,"teamFGM":37,"team2PA":69,"team2PM":32,"team3PA":19,"team3PM":5,"teamFTA":32,"teamFTM":26,"teamORB":14,"teamDRB":36,"teamPTS1":29,"teamPTS2":31,"teamPTS3":17,"teamPTS4":28,"teamPTS5":0,"teamPTS6":0,"teamPTS7":0,"teamPTS8":0,"opptAbbr":"NO","opptConf":"West","opptLoc":"Away","opptRslt":"Loss","opptPTS":102,"opptAST":20,"opptTO":12,"opptSTL":5,"opptBLK":7,"opptPF":26,"opptFGA":77,"opptFGM":34,"oppt2PA":42,"oppt2PM":23,"oppt3PA":35,"oppt3PM":11,"opptFTA":34,"opptFTM":23,"opptORB":9,"opptDRB":31,"opptPTS1":38,"opptPTS2":23,"opptPTS3":9,"opptPTS4":32,"opptPTS5":0,"opptPTS6":0,"opptPTS7":0,"opptPTS8":0}
{"_id":{"$oid":"5cb552f6e0f627212ff3bdbd"},"gmDate":"2018/1/12","offLNm3":"Stafford","offFNm3":"Derrick","teamAbbr":"NO","teamConf":"West","teamLoc":"Home","teamRslt":"Win","teamPTS":119,"teamAST":26,"teamTO":18,"teamSTL":7,"teamBLK":6,"teamPF":16,"teamFGA":82,"teamFGM":45,"team2PA":63,"team2PM":38,"team3PA":19,"team3PM":7,"teamFTA":23,"teamFTM":22,"teamORB":9,"teamDRB":34,"teamPTS1":31,"teamPTS2":30,"teamPTS3":27,"teamPTS4":31,"teamPTS5":0,"teamPTS6":0,"teamPTS7":0,"teamPTS8":0,"opptAbbr":"POR","opptConf":"West","opptLoc":"Away","opptRslt":"Loss","opptPTS":113,"opptAST":24,"opptTO":11,"opptSTL":13,"opptBLK":6,"opptPF":22,"opptFGA":101,"opptFGM":45,"oppt2PA":59,"oppt2PM":33,"oppt3PA":42,"oppt3PM":12,"opptFTA":14,"opptFTM":11,"opptORB":14,"opptDRB":25,"opptPTS1":25,"opptPTS2":36,"opptPTS3":25,"opptPTS4":27,"opptPTS5":0,"opptPTS6":0,"opptPTS7":0,"opptPTS8":0}
{"_id":{"$oid":"5cb552f6e0f627212ff3bdc8"},"gmDate":"2018/1/14","offLNm3":"Van Duyne","offFNm3":"Justin","teamAbbr":"NY","teamConf":"East","teamLoc":"Home","teamRslt":"Loss","teamPTS":118,"teamAST":28,"teamTO":24,"teamSTL":12,"teamBLK":7,"teamPF":27,"teamFGA":97,"teamFGM":46,"team2PA":63,"team2PM":34,"team3PA":34,"team3PM":12,"teamFTA":18,"teamFTM":14,"teamORB":10,"teamDRB":34,"teamPTS1":29,"teamPTS2":28,"teamPTS3":39,"teamPTS4":13,"teamPTS5":9,"teamPTS6":0,"teamPTS7":0,"teamPTS8":0,"opptAbbr":"NO","opptConf":"West","opptLoc":"Away","opptRslt":"Win","opptPTS":123,"opptAST":19,"opptTO":19,"opptSTL":17,"opptBLK":7,"opptPF":17,"opptFGA":95,"opptFGM":45,"oppt2PA":63,"oppt2PM":36,"oppt3PA":32,"oppt3PM":9,"opptFTA":34,"opptFTM":24,"opptORB":12,"opptDRB":35,"opptPTS1":13,"opptPTS2":35,"opptPTS3":34,"opptPTS4":27,"opptPTS5":14,"opptPTS6":0,"opptPTS7":0,"opptPTS8":0}
{"_id":{"$oid":"5cb552f6e0f627212ff3bdd7"},"gmDate":"2018/1/16","offLNm3":"Holtkamp","offFNm3":"Lauren","teamAbbr":"BOS","teamConf":"East","teamLoc":"Home","teamRslt":"Loss","teamPTS":113,"teamAST":27,"teamTO":19,"teamSTL":7,"teamBLK":3,"teamPF":24,"teamFGA":101,"teamFGM":40,"team2PA":51,"team2PM":21,"team3PA":50,"team3PM":19,"teamFTA":16,"teamFTM":14,"teamORB":12,"teamDRB":41,"teamPTS1":25,"teamPTS2":23,"teamPTS3":32,"teamPTS4":24,"teamPTS5":9,"teamPTS6":0,"teamPTS7":0,"teamPTS8":0,"opptAbbr":"NO","opptConf":"West","opptLoc":"Away","opptRslt":"Win","opptPTS":116,"opptAST":28,"opptTO":15,"opptSTL":11,"opptBLK":6,"opptPF":14,"opptFGA":100,"opptFGM":45,"oppt2PA":73,"oppt2PM":38,"oppt3PA":27,"oppt3PM":7,"opptFTA":25,"opptFTM":19,"opptORB":13,"opptDRB":42,"opptPTS1":32,"opptPTS2":26,"opptPTS3":29,"opptPTS4":17,"opptPTS5":12,"opptPTS6":0,"opptPTS7":0,"opptPTS8":0}
{"_id":{"$oid":"5cb552f6e0f627212ff3bddb"},"gmDate":"2018/1/17","offLNm3":"Kennedy","offFNm3":"Bill","teamAbbr":"ATL","teamConf":"East","teamLoc":"Home","teamRslt":"Win","teamPTS":94,"teamAST":32,"teamTO":11,"teamSTL":5,"teamBLK":3,"teamPF":22,"teamFGA":89,"teamFGM":37,"team2PA":49,"team2PM":27,"team3PA":40,"team3PM":10,"teamFTA":13,"teamFTM":10,"teamORB":12,"teamDRB":31,"teamPTS1":25,"teamPTS2":20,"teamPTS3":26,"teamPTS4":23,"teamPTS5":0,"teamPTS6":0,"teamPTS7":0,"teamPTS8":0,"opptAbbr":"NO","opptConf":"West","opptLoc":"Away","opptRslt":"Loss","opptPTS":93,"opptAST":27,"opptTO":14,"opptSTL":5,"opptBLK":6,"opptPF":20,"opptFGA":80,"opptFGM":35,"oppt2PA":53,"oppt2PM":25,"oppt3PA":27,"oppt3PM":10,"opptFTA":19,"opptFTM":13,"opptORB":9,"opptDRB":34,"opptPTS1":32,"opptPTS2":28,"opptPTS3":10,"opptPTS4":23,"opptPTS5":0,"opptPTS6":0,"opptPTS7":0,"opptPTS8":0}
{"_id":{"$oid":"5cb552f6e0f627212ff3bdf2"},"gmDate":"2018/1/20","offLNm3":"Capers","offFNm3":"James","teamAbbr":"NO","teamConf":"West","teamLoc":"Home","teamRslt":"Win","teamPTS":111,"teamAST":23,"teamTO":11,"teamSTL":6,"teamBLK":5,"teamPF":15,"teamFGA":78,"teamFGM":39,"team2PA":51,"team2PM":32,"team3PA":27,"team3PM":7,"teamFTA":32,"teamFTM":26,"teamORB":6,"teamDRB":35,"teamPTS1":34,"teamPTS2":25,"teamPTS3":24,"teamPTS4":28,"teamPTS5":0,"teamPTS6":0,"teamPTS7":0,"teamPTS8":0,"opptAbbr":"MEM","opptConf":"West","opptLoc":"Away","opptRslt":"Loss","opptPTS":104,"opptAST":22,"opptTO":14,"opptSTL":2,"opptBLK":1,"opptPF":29,"opptFGA":82,"opptFGM":37,"oppt2PA":47,"oppt2PM":22,"oppt3PA":35,"oppt3PM":15,"opptFTA":16,"opptFTM":15,"opptORB":10,"opptDRB":34,"opptPTS1":18,"opptPTS2":26,"opptPTS3":37,"opptPTS4":23,"opptPTS5":0,"opptPTS6":0,"opptPTS7":0,"opptPTS8":0}
{"_id":{"$oid":"5cb552f6e0f627212ff3be01"},"gmDate":"2018/1/22","offLNm3":"Ford","offFNm3":"Tyler","teamAbbr":"NO","teamConf":"West","teamLoc":"Home","teamRslt":"Win","teamPTS":132,"teamAST":32,"teamTO":13,"teamSTL":14,"teamBLK":3,"teamPF":28,"teamFGA":113,"teamFGM":47,"team2PA":69,"team2PM":31,"team3PA":44,"team3PM":16,"teamFTA":26,"teamFTM":22,"teamORB":15,"teamDRB":40,"teamPTS1":25,"teamPTS2":29,"teamPTS3":27,"teamPTS4":33,"teamPTS5":8,"teamPTS6":10,"teamPTS7":0,"teamPTS8":0,"opptAbbr":"CHI","opptConf":"East","opptLoc":"Away","opptRslt":"Loss","opptPTS":128,"opptAST":31,"opptTO":24,"opptSTL":8,"opptBLK":5,"opptPF":32,"opptFGA":92,"opptFGM":45,"oppt2PA":61,"oppt2PM":37,"oppt3PA":31,"oppt3PM":8,"opptFTA":34,"opptFTM":30,"opptORB":6,"opptDRB":48,"opptPTS1":21,"opptPTS2":27,"opptPTS3":33,"opptPTS4":33,"opptPTS5":8,"opptPTS6":6,"opptPTS7":0,"opptPTS8":0}
{"_id":{"$oid":"5cb552f6e0f627212ff3be0a"},"gmDate":"2018/1/24","offLNm3":"DeRosa","offFNm3":"Joe","teamAbbr":"CHA","teamConf":"East","teamLoc":"Home","teamRslt":"Loss","teamPTS":96,"teamAST":16,"teamTO":14,"teamSTL":5,"teamBLK":6,"teamPF":23,"teamFGA":85,"teamFGM":36,"team2PA":64,"team2PM":30,"team3PA":21,"team3PM":6,"teamFTA":31,"teamFTM":18,"teamORB":10,"teamDRB":39,"teamPTS1":21,"teamPTS2":32,"teamPTS3":20,"teamPTS4":23,"teamPTS5":0,"teamPTS6":0,"teamPTS7":0,"teamPTS8":0,"opptAbbr":"NO","opptConf":"West","opptLoc":"Away","opptRslt":"Win","opptPTS":101,"opptAST":26,"opptTO":16,"opptSTL":6,"opptBLK":10,"opptPF":19,"opptFGA":87,"opptFGM":39,"oppt2PA":61,"oppt2PM":30,"oppt3PA":26,"oppt3PM":9,"opptFTA":18,"opptFTM":14,"opptORB":8,"opptDRB":34,"opptPTS1":32,"opptPTS2":24,"opptPTS3":20,"opptPTS4":25,"opptPTS5":0,"opptPTS6":0,"opptPTS7":0,"opptPTS8":0}
{"_id":{"$oid":"5cb552f6e0f627212ff3be1d"},"gmDate":"2018/1/26","offLNm3":"Fraher","offFNm3":"Pat","teamAbbr":"NO","teamConf":"West","teamLoc":"Home","teamRslt":"Win","teamPTS":115,"teamAST":36,"teamTO":16,"teamSTL":8,"teamBLK":5,"teamPF":26,"teamFGA":82,"teamFGM":44,"team2PA":55,"team2PM":33,"team3PA":27,"team3PM":11,"teamFTA":21,"teamFTM":16,"teamORB":6,"teamDRB":36,"teamPTS1":29,"teamPTS2":37,"teamPTS3":24,"teamPTS4":25,"teamPTS5":0,"teamPTS6":0,"teamPTS7":0,"teamPTS8":0,"opptAbbr":"HOU","opptConf":"West","opptLoc":"Away","opptRslt":"Loss","opptPTS":113,"opptAST":22,"opptTO":13,"opptSTL":10,"opptBLK":2,"opptPF":23,"opptFGA":78,"opptFGM":36,"oppt2PA":42,"oppt2PM":24,"oppt3PA":36,"oppt3PM":12,"opptFTA":35,"opptFTM":29,"opptORB":2,"opptDRB":33,"opptPTS1":30,"opptPTS2":23,"opptPTS3":27,"opptPTS4":33,"opptPTS5":0,"opptPTS6":0,"opptPTS7":0,"opptPTS8":0}
{"_id":{"$oid":"5cb552f6e0f627212ff3be2a"},"gmDate":"2018/1/28","offLNm3":"Phillips","offFNm3":"Jason","teamAbbr":"NO","teamConf":"West","teamLoc":"Home","teamRslt":"Loss","teamPTS":103,"teamAST":23,"teamTO":15,"teamSTL":9,"teamBLK":6,"teamPF":20,"teamFGA":85,"teamFGM":38,"team2PA":50,"team2PM":29,"team3PA":35,"team3PM":9,"teamFTA":25,"teamFTM":18,"teamORB":7,"teamDRB":40,"teamPTS1":34,"teamPTS2":28,"teamPTS3":15,"teamPTS4":26,"teamPTS5":0,"teamPTS6":0,"teamPTS7":0,"teamPTS8":0,"opptAbbr":"LAC","opptConf":"West","opptLoc":"Away","opptRslt":"Win","opptPTS":112,"opptAST":29,"opptTO":12,"opptSTL":7,"opptBLK":4,"opptPF":19,"opptFGA":96,"opptFGM":45,"oppt2PA":68,"oppt2PM":36,"oppt3PA":28,"oppt3PM":9,"opptFTA":18,"opptFTM":13,"opptORB":11,"opptDRB":39,"opptPTS1":26,"opptPTS2":25,"opptPTS3":29,"opptPTS4":32,"opptPTS5":0,"opptPTS6":0,"opptPTS7":0,"opptPTS8":0}
{"_id":{"$oid":"5cb552f6e0f627212ff3be3a"},"gmDate":"2018/1/30","offLNm3":"Spooner","offFNm3":"Bill","teamAbbr":"NO","teamConf":"West","teamLoc":"Home","teamRslt":"Loss","teamPTS":103,"teamAST":26,"teamTO":15,"teamSTL":7,"teamBLK":8,"teamPF":18,"teamFGA":77,"teamFGM":39,"team2PA":52,"team2PM":30,"team3PA":25,"team3PM":9,"teamFTA":22,"teamFTM":16,"teamORB":2,"teamDRB":34,"teamPTS1":29,"teamPTS2":33,"teamPTS3":23,"teamPTS4":18,"teamPTS5":0,"teamPTS6":0,"teamPTS7":0,"teamPTS8":0,"opptAbbr":"SAC","opptConf":"West","opptLoc":"Away","opptRslt":"Win","opptPTS":114,"opptAST":22,"opptTO":14,"opptSTL":7,"opptBLK":1,"opptPF":21,"opptFGA":97,"opptFGM":46,"oppt2PA":71,"oppt2PM":36,"oppt3PA":26,"oppt3PM":10,"opptFTA":14,"opptFTM":12,"opptORB":14,"opptDRB":35,"opptPTS1":25,"opptPTS2":36,"opptPTS3":29,"opptPTS4":24,"opptPTS5":0,"opptPTS6":0,"opptPTS7":0,"opptPTS8":0}
{"_id":{"$oid":"5cb552f6e0f627212ff3be51"},"gmDate":"2018/2/2","offLNm3":"Ford","offFNm3":"Tyler","teamAbbr":"OKC","teamConf":"West","teamLoc":"Home","teamRslt":"Loss","teamPTS":100,"teamAST":24,"teamTO":16,"teamSTL":6,"teamBLK":5,"teamPF":18,"teamFGA":97,"teamFGM":37,"team2PA":61,"team2PM":28,"team3PA":36,"team3PM":9,"teamFTA":20,"teamFTM":17,"teamORB":15,"teamDRB":37,"teamPTS1":32,"teamPTS2":26,"teamPTS3":25,"teamPTS4":17,"teamPTS5":0,"teamPTS6":0,"teamPTS7":0,"teamPTS8":0,"opptAbbr":"NO","opptConf":"West","opptLoc":"Away","opptRslt":"Win","opptPTS":114,"opptAST":30,"opptTO":16,"opptSTL":10,"opptBLK":2,"opptPF":20,"opptFGA":90,"opptFGM":46,"oppt2PA":66,"oppt2PM":33,"oppt3PA":24,"oppt3PM":13,"opptFTA":13,"opptFTM":9,"opptORB":5,"opptDRB":36,"opptPTS1":22,"opptPTS2":32,"opptPTS3":36,"opptPTS4":24,"opptPTS5":0,"opptPTS6":0,"opptPTS7":0,"opptPTS8":0}
{"_id":{"$oid":"5cb552f6e0f627212ff3be5a"},"gmDate":"2018/2/3","offLNm3":"Wall","offFNm3":"Scott","teamAbbr":"MIN","teamConf":"West","teamLoc":"Home","teamRslt":"Win","teamPTS":118,"teamAST":21,"teamTO":15,"teamSTL":9,"teamBLK":3,"teamPF":13,"teamFGA":95,"teamFGM":48,"team2PA":74,"team2PM":38,"team3PA":21,"team3PM":10,"teamFTA":16,"teamFTM":12,"teamORB":12,"teamDRB":38,"teamPTS1":37,"teamPTS2":29,"teamPTS3":29,"teamPTS4":23,"teamPTS5":0,"teamPTS6":0,"teamPTS7":0,"teamPTS8":0,"opptAbbr":"NO","opptConf":"West","opptLoc":"Away","opptRslt":"Loss","opptPTS":107,"opptAST":23,"opptTO":13,"opptSTL":9,"opptBLK":8,"opptPF":11,"opptFGA":101,"opptFGM":42,"oppt2PA":68,"oppt2PM":34,"oppt3PA":33,"oppt3PM":8,"opptFTA":17,"opptFTM":15,"opptORB":18,"opptDRB":33,"opptPTS1":29,"opptPTS2":24,"opptPTS3":28,"opptPTS4":26,"opptPTS5":0,"opptPTS6":0,"opptPTS7":0,"opptPTS8":0}
{"_id":{"$oid":"5cb552f6e0f627212ff3be66"},"gmDate":"2018/2/5","offLNm3":"Collins","offFNm3":"Derrick","teamAbbr":"NO","teamConf":"West","teamLoc":"Home","teamRslt":"Loss","teamPTS":109,"teamAST":24,"teamTO":14,"teamSTL":10,"teamBLK":6,"teamPF":15,"teamFGA":93,"teamFGM":47,"team2PA":71,"team2PM":39,"team3PA":22,"team3PM":8,"teamFTA":13,"teamFTM":7,"teamORB":6,"teamDRB":24,"teamPTS1":23,"teamPTS2":41,"teamPTS3":22,"teamPTS4":23,"teamPTS5":0,"teamPTS6":0,"teamPTS7":0,"teamPTS8":0,"opptAbbr":"UTA","opptConf":"West","opptLoc":"Away","opptRslt":"Win","opptPTS":133,"opptAST":29,"opptTO":15,"opptSTL":6,"opptBLK":5,"opptPF":18,"opptFGA":89,"opptFGM":52,"oppt2PA":68,"oppt2PM":38,"oppt3PA":21,"oppt3PM":14,"opptFTA":17,"opptFTM":15,"opptORB":9,"opptDRB":36,"opptPTS1":34,"opptPTS2":36,"opptPTS3":29,"opptPTS4":34,"opptPTS5":0,"opptPTS6":0,"opptPTS7":0,"opptPTS8":0}
{"_id":{"$oid":"5cb552f6e0f627212ff3be7e"},"gmDate":"2018/2/9","offLNm3":"Van Duyne","offFNm3":"Justin","teamAbbr":"PHI","teamConf":"East","teamLoc":"Home","teamRslt":"Win","teamPTS":100,"teamAST":26,"teamTO":16,"teamSTL":10,"teamBLK":4,"teamPF":16,"teamFGA":93,"teamFGM":39,"team2PA":59,"team2PM":25,"team3PA":34,"team3PM":14,"teamFTA":9,"teamFTM":8,"teamORB":8,"teamDRB":50,"teamPTS1":32,"teamPTS2":24,"teamPTS3":28,"teamPTS4":16,"teamPTS5":0,"teamPTS6":0,"teamPTS7":0,"teamPTS8":0,"opptAbbr":"NO","opptConf":"West","opptLoc":"Away","opptRslt":"Loss","opptPTS":82,"opptAST":17,"opptTO":12,"opptSTL":8,"opptBLK":6,"opptPF":12,"opptFGA":95,"opptFGM":33,"oppt2PA":64,"oppt2PM":25,"oppt3PA":31,"oppt3PM":8,"opptFTA":16,"opptFTM":8,"opptORB":8,"opptDRB":38,"opptPTS1":14,"opptPTS2":27,"opptPTS3":11,"opptPTS4":30,"opptPTS5":0,"opptPTS6":0,"opptPTS7":0,"opptPTS8":0}
{"_id":{"$oid":"5cb552f6e0f627212ff3be86"},"gmDate":"2018/2/10","offLNm3":"Sterling","offFNm3":"Jonathan","teamAbbr":"BKN","teamConf":"East","teamLoc":"Home","teamRslt":"Loss","teamPTS":128,"teamAST":30,"teamTO":17,"teamSTL":10,"teamBLK":3,"teamPF":30,"teamFGA":114,"teamFGM":43,"team2PA":55,"team2PM":22,"team3PA":59,"team3PM":21,"teamFTA":22,"teamFTM":21,"teamORB":18,"teamDRB":42,"teamPTS1":22,"teamPTS2":30,"teamPTS3":33,"teamPTS4":31,"teamPTS5":8,"teamPTS6":4,"teamPTS7":0,"teamPTS8":0,"opptAbbr":"NO","opptConf":"West","opptLoc":"Away","opptRslt":"Win","opptPTS":138,"opptAST":23,"opptTO":15,"opptSTL":10,"opptBLK":10,"opptPF":18,"opptFGA":106,"opptFGM":52,"oppt2PA":82,"oppt2PM":43,"oppt3PA":24,"oppt3PM":9,"opptFTA":39,"opptFTM":25,"opptORB":14,"opptDRB":45,"opptPTS1":34,"opptPTS2":38,"opptPTS3":28,"opptPTS4":16,"opptPTS5":8,"opptPTS6":14,"opptPTS7":0,"opptPTS8":0}
{"_id":{"$oid":"5cb552f6e0f627212ff3be95"},"gmDate":"2018/2/12","offLNm3":"Acosta","offFNm3":"Ray","teamAbbr":"DET","teamConf":"East","teamLoc":"Home","teamRslt":"Loss","teamPTS":103,"teamAST":18,"teamTO":14,"teamSTL":5,"teamBLK":3,"teamPF":19,"teamFGA":95,"teamFGM":35,"team2PA":60,"team2PM":26,"team3PA":35,"team3PM":9,"teamFTA":32,"teamFTM":24,"teamORB":14,"teamDRB":40,"teamPTS1":31,"teamPTS2":21,"teamPTS3":28,"teamPTS4":23,"teamPTS5":0,"teamPTS6":0,"teamPTS7":0,"teamPTS8":0,"opptAbbr":"NO","opptConf":"West","opptLoc":"Away","opptRslt":"Win","opptPTS":118,"opptAST":31,"opptTO":12,"opptSTL":6,"opptBLK":7,"opptPF":25,"opptFGA":100,"opptFGM":44,"oppt2PA":66,"oppt2PM":30,"oppt3PA":34,"oppt3PM":14,"opptFTA":16,"opptFTM":16,"opptORB":10,"opptDRB":43,"opptPTS1":32,"opptPTS2":28,"opptPTS3":35,"opptPTS4":23,"opptPTS5":0,"opptPTS6":0,"opptPTS7":0,"opptPTS8":0}
{"_id":{"$oid":"5cb552f6e0f627212ff3beaa"},"gmDate":"2018/2/14","offLNm3":"Smith","offFNm3":"Michael","teamAbbr":"NO","teamConf":"West","teamLoc":"Home","teamRslt":"Win","teamPTS":139,"teamAST":35,"teamTO":12,"teamSTL":13,"teamBLK":7,"teamPF":20,"teamFGA":99,"teamFGM":53,"team2PA":67,"team2PM":39,"team3PA":32,"team3PM":14,"teamFTA":21,"teamFTM":19,"teamORB":12,"teamDRB":36,"teamPTS1":46,"teamPTS2":33,"teamPTS3":24,"teamPTS4":36,"teamPTS5":0,"teamPTS6":0,"teamPTS7":0,"teamPTS8":0,"opptAbbr":"LAL","opptConf":"West","opptLoc":"Away","opptRslt":"Loss","opptPTS":117,"opptAST":26,"opptTO":20,"opptSTL":5,"opptBLK":3,"opptPF":21,"opptFGA":90,"opptFGM":46,"oppt2PA":68,"oppt2PM":36,"oppt3PA":22,"oppt3PM":10,"opptFTA":18,"opptFTM":15,"opptORB":7,"opptDRB":30,"opptPTS1":33,"opptPTS2":33,"opptPTS3":25,"opptPTS4":26,"opptPTS5":0,"opptPTS6":0,"opptPTS7":0,"opptPTS8":0}
{"_id":{"$oid":"5cb552f6e0f627212ff3bebb"},"gmDate":"2018/2/23","offLNm3":"Zielinski","offFNm3":"Gary","teamAbbr":"NO","teamConf":"West","teamLoc":"Home","teamRslt":"Win","teamPTS":124,"teamAST":27,"teamTO":15,"teamSTL":9,"teamBLK":13,"teamPF":18,"teamFGA":108,"teamFGM":48,"team2PA":77,"team2PM":40,"team3PA":31,"team3PM":8,"teamFTA":24,"teamFTM":20,"teamORB":13,"teamDRB":43,"teamPTS1":22,"teamPTS2":35,"teamPTS3":27,"teamPTS4":24,"teamPTS5":16,"teamPTS6":0,"teamPTS7":0,"teamPTS8":0,"opptAbbr":"MIA","opptConf":"East","opptLoc":"Away","opptRslt":"Loss","opptPTS":123,"opptAST":26,"opptTO":13,"opptSTL":12,"opptBLK":5,"opptPF":23,"opptFGA":108,"opptFGM":50,"oppt2PA":90,"oppt2PM":44,"oppt3PA":18,"oppt3PM":6,"opptFTA":26,"opptFTM":17,"opptORB":13,"opptDRB":45,"opptPTS1":27,"opptPTS2":32,"opptPTS3":30,"opptPTS4":19,"opptPTS5":15,"opptPTS6":0,"opptPTS7":0,"opptPTS8":0}
{"_id":{"$oid":"5cb552f6e0f627212ff3bec9"},"gmDate":"2018/2/25","offLNm3":"Kennedy","offFNm3":"Bill","teamAbbr":"MIL","teamConf":"East","teamLoc":"Home","teamRslt":"Loss","teamPTS":121,"teamAST":21,"teamTO":14,"teamSTL":10,"teamBLK":4,"teamPF":19,"teamFGA":97,"teamFGM":44,"team2PA":72,"team2PM":37,"team3PA":25,"team3PM":7,"teamFTA":29,"teamFTM":26,"teamORB":10,"teamDRB":35,"teamPTS1":32,"teamPTS2":34,"teamPTS3":19,"teamPTS4":29,"teamPTS5":7,"teamPTS6":0,"teamPTS7":0,"teamPTS8":0,"opptAbbr":"NO","opptConf":"West","opptLoc":"Away","opptRslt":"Win","opptPTS":123,"opptAST":22,"opptTO":17,"opptSTL":8,"opptBLK":7,"opptPF":24,"opptFGA":107,"opptFGM":51,"oppt2PA":77,"oppt2PM":41,"oppt3PA":30,"oppt3PM":10,"opptFTA":14,"opptFTM":11,"opptORB":11,"opptDRB":39,"opptPTS1":21,"opptPTS2":28,"opptPTS3":38,"opptPTS4":27,"opptPTS5":9,"opptPTS6":0,"opptPTS7":0,"opptPTS8":0}
{"_id":{"$oid":"5cb552f6e0f627212ff3bed4"},"gmDate":"2018/2/26","offLNm3":"Smith","offFNm3":"Aaron","teamAbbr":"NO","teamConf":"West","teamLoc":"Home","teamRslt":"Win","teamPTS":125,"teamAST":30,"teamTO":14,"teamSTL":7,"teamBLK":8,"teamPF":22,"teamFGA":91,"teamFGM":43,"team2PA":63,"team2PM":35,"team3PA":28,"team3PM":8,"teamFTA":40,"teamFTM":31,"teamORB":9,"teamDRB":37,"teamPTS1":26,"teamPTS2":32,"teamPTS3":38,"teamPTS4":29,"teamPTS5":0,"teamPTS6":0,"teamPTS7":0,"teamPTS8":0,"opptAbbr":"PHO","opptConf":"West","opptLoc":"Away","opptRslt":"Loss","opptPTS":116,"opptAST":23,"opptTO":14,"opptSTL":9,"opptBLK":5,"opptPF":33,"opptFGA":97,"opptFGM":42,"oppt2PA":73,"oppt2PM":35,"oppt3PA":24,"oppt3PM":7,"opptFTA":32,"opptFTM":25,"opptORB":14,"opptDRB":37,"opptPTS1":36,"opptPTS2":29,"opptPTS3":24,"opptPTS4":27,"opptPTS5":0,"opptPTS6":0,"opptPTS7":0,"opptPTS8":0}
{"_id":{"$oid":"5cb552f6e0f627212ff3bee4"},"gmDate":"2018/2/28","offLNm3":"Zarba","offFNm3":"Zach","teamAbbr":"SA","teamConf":"West","teamLoc":"Home","teamRslt":"Loss","teamPTS":116,"teamAST":23,"teamTO":11,"teamSTL":7,"teamBLK":9,"teamPF":15,"teamFGA":99,"teamFGM":48,"team2PA":73,"team2PM":39,"team3PA":26,"team3PM":9,"teamFTA":14,"teamFTM":11,"teamORB":13,"teamDRB":34,"teamPTS1":29,"teamPTS2":31,"teamPTS3":35,"teamPTS4":21,"teamPTS5":0,"teamPTS6":0,"teamPTS7":0,"teamPTS8":0,"opptAbbr":"NO","opptConf":"West","opptLoc":"Away","opptRslt":"Win","opptPTS":121,"opptAST":26,"opptTO":12,"opptSTL":7,"opptBLK":3,"opptPF":17,"opptFGA":99,"opptFGM":50,"oppt2PA":73,"oppt2PM":41,"oppt3PA":26,"oppt3PM":9,"opptFTA":15,"opptFTM":12,"opptORB":12,"opptDRB":31,"opptPTS1":24,"opptPTS2":27,"opptPTS3":36,"opptPTS4":34,"opptPTS5":0,"opptPTS6":0,"opptPTS7":0,"opptPTS8":0}
{"_id":{"$oid":"5cb552f6e0f627212ff3befe"},"gmDate":"2018/3/4","offLNm3":"Ayotte","offFNm3":"Mark","teamAbbr":"DAL","teamConf":"West","teamLoc":"Home","teamRslt":"Loss","teamPTS":109,"teamAST":25,"teamTO":12,"teamSTL":5,"teamBLK":2,"teamPF":20,"teamFGA":90,"teamFGM":40,"team2PA":67,"team2PM":30,"team3PA":23,"team3PM":10,"teamFTA":25,"teamFTM":19,"teamORB":10,"teamDRB":33,"teamPTS1":25,"teamPTS2":24,"teamPTS3":29,"teamPTS4":31,"teamPTS5":0,"teamPTS6":0,"teamPTS7":0,"teamPTS8":0,"opptAbbr":"NO","opptConf":"West","opptLoc":"Away","opptRslt":"Win","opptPTS":126,"opptAST":27,"opptTO":12,"opptSTL":9,"opptBLK":4,"opptPF":21,"opptFGA":91,"opptFGM":49,"oppt2PA":65,"oppt2PM":37,"oppt3PA":26,"oppt3PM":12,"opptFTA":21,"opptFTM":16,"opptORB":6,"opptDRB":41,"opptPTS1":33,"opptPTS2":32,"opptPTS3":26,"opptPTS4":35,"opptPTS5":0,"opptPTS6":0,"opptPTS7":0,"opptPTS8":0}
{"_id":{"$oid":"5cb552f6e0f627212ff3bf10"},"gmDate":"2018/3/6","offLNm3":"Malloy","offFNm3":"Ed","teamAbbr":"LAC","teamConf":"West","teamLoc":"Home","teamRslt":"Loss","teamPTS":116,"teamAST":25,"teamTO":13,"teamSTL":5,"teamBLK":2,"teamPF":18,"teamFGA":98,"teamFGM":46,"team2PA":71,"team2PM":39,"team3PA":27,"team3PM":7,"teamFTA":26,"teamFTM":17,"teamORB":10,"teamDRB":47,"teamPTS1":27,"teamPTS2":25,"teamPTS3":30,"teamPTS4":34,"teamPTS5":0,"teamPTS6":0,"teamPTS7":0,"teamPTS8":0,"opptAbbr":"NO","opptConf":"West","opptLoc":"Away","opptRslt":"Win","opptPTS":121,"opptAST":39,"opptTO":8,"opptSTL":11,"opptBLK":11,"opptPF":20,"opptFGA":103,"opptFGM":46,"oppt2PA":73,"oppt2PM":33,"oppt3PA":30,"oppt3PM":13,"opptFTA":18,"opptFTM":16,"opptORB":9,"opptDRB":42,"opptPTS1":35,"opptPTS2":32,"opptPTS3":30,"opptPTS4":24,"opptPTS5":0,"opptPTS6":0,"opptPTS7":0,"opptPTS8":0}
{"_id":{"$oid":"5cb552f6e0f627212ff3bf15"},"gmDate":"2018/3/7","offLNm3":"Garretson","offFNm3":"Ron","teamAbbr":"SAC","teamConf":"West","teamLoc":"Home","teamRslt":"Loss","teamPTS":101,"teamAST":20,"teamTO":9,"teamSTL":4,"teamBLK":5,"teamPF":16,"teamFGA":93,"teamFGM":39,"team2PA":65,"team2PM":30,"team3PA":28,"team3PM":9,"teamFTA":17,"teamFTM":14,"teamORB":14,"teamDRB":25,"teamPTS1":21,"teamPTS2":23,"teamPTS3":23,"teamPTS4":34,"teamPTS5":0,"teamPTS6":0,"teamPTS7":0,"teamPTS8":0,"opptAbbr":"NO","opptConf":"West","opptLoc":"Away","opptRslt":"Win","opptPTS":114,"opptAST":26,"opptTO":16,"opptSTL":6,"opptBLK":7,"opptPF":22,"opptFGA":83,"opptFGM":47,"oppt2PA":57,"oppt2PM":36,"oppt3PA":26,"oppt3PM":11,"opptFTA":9,"opptFTM":9,"opptORB":5,"opptDRB":35,"opptPTS1":32,"opptPTS2":30,"opptPTS3":23,"opptPTS4":29,"opptPTS5":0,"opptPTS6":0,"opptPTS7":0,"opptPTS8":0}
{"_id":{"$oid":"5cb552f6e0f627212ff3bf22"},"gmDate":"2018/3/9","offLNm3":"Stafford","offFNm3":"Derrick","teamAbbr":"NO","teamConf":"West","teamLoc":"Home","teamRslt":"Loss","teamPTS":97,"teamAST":23,"teamTO":15,"teamSTL":3,"teamBLK":10,"teamPF":18,"teamFGA":82,"teamFGM":38,"team2PA":62,"team2PM":32,"team3PA":20,"team3PM":6,"teamFTA":18,"teamFTM":15,"teamORB":2,"teamDRB":36,"teamPTS1":19,"teamPTS2":19,"teamPTS3":24,"teamPTS4":35,"teamPTS5":0,"teamPTS6":0,"teamPTS7":0,"teamPTS8":0,"opptAbbr":"WAS","opptConf":"East","opptLoc":"Away","opptRslt":"Win","opptPTS":116,"opptAST":34,"opptTO":12,"opptSTL":10,"opptBLK":4,"opptPF":16,"opptFGA":96,"opptFGM":46,"oppt2PA":70,"oppt2PM":37,"oppt3PA":26,"oppt3PM":9,"opptFTA":20,"opptFTM":15,"opptORB":10,"opptDRB":39,"opptPTS1":22,"opptPTS2":31,"opptPTS3":30,"opptPTS4":33,"opptPTS5":0,"opptPTS6":0,"opptPTS7":0,"opptPTS8":0}
{"_id":{"$oid":"5cb552f6e0f627212ff3bf2f"},"gmDate":"2018/3/11","offLNm3":"Sterling","offFNm3":"Jonathan","teamAbbr":"NO","teamConf":"West","teamLoc":"Home","teamRslt":"Loss","teamPTS":99,"teamAST":28,"teamTO":13,"teamSTL":7,"teamBLK":14,"teamPF":25,"teamFGA":93,"teamFGM":41,"team2PA":72,"team2PM":35,"team3PA":21,"team3PM":6,"teamFTA":13,"teamFTM":11,"teamORB":10,"teamDRB":28,"teamPTS1":23,"teamPTS2":28,"teamPTS3":23,"teamPTS4":25,"teamPTS5":0,"teamPTS6":0,"teamPTS7":0,"teamPTS8":0,"opptAbbr":"UTA","opptConf":"West","opptLoc":"Away","opptRslt":"Win","opptPTS":116,"opptAST":24,"opptTO":17,"opptSTL":4,"opptBLK":3,"opptPF":20,"opptFGA":96,"opptFGM":40,"oppt2PA":64,"oppt2PM":28,"oppt3PA":32,"oppt3PM":12,"opptFTA":25,"opptFTM":24,"opptORB":17,"opptDRB":38,"opptPTS1":29,"opptPTS2":19,"opptPTS3":30,"opptPTS4":38,"opptPTS5":0,"opptPTS6":0,"opptPTS7":0,"opptPTS8":0}
{"_id":{"$oid":"5cb552f6e0f627212ff3bf40"},"gmDate":"2018/3/13","offLNm3":"Mott","offFNm3":"Rodney","teamAbbr":"NO","teamConf":"West","teamLoc":"Home","teamRslt":"Win","teamPTS":119,"teamAST":33,"teamTO":12,"teamSTL":10,"teamBLK":7,"teamPF":16,"teamFGA":104,"teamFGM":52,"team2PA":82,"team2PM":43,"team3PA":22,"team3PM":9,"teamFTA":8,"teamFTM":6,"teamORB":14,"teamDRB":36,"teamPTS1":37,"teamPTS2":35,"teamPTS3":20,"teamPTS4":27,"teamPTS5":0,"teamPTS6":0,"teamPTS7":0,"teamPTS8":0,"opptAbbr":"CHA","opptConf":"East","opptLoc":"Away","opptRslt":"Loss","opptPTS":115,"opptAST":22,"opptTO":14,"opptSTL":8,"opptBLK":9,"opptPF":13,"opptFGA":93,"opptFGM":45,"oppt2PA":67,"oppt2PM":38,"oppt3PA":26,"oppt3PM":7,"opptFTA":22,"opptFTM":18,"opptORB":8,"opptDRB":37,"opptPTS1":32,"opptPTS2":33,"opptPTS3":27,"opptPTS4":23,"opptPTS5":0,"opptPTS6":0,"opptPTS7":0,"opptPTS8":0}
{"_id":{"$oid":"5cb552f6e0f627212ff3bf4e"},"gmDate":"2018/3/15","offLNm3":"Zarba","offFNm3":"Zach","teamAbbr":"SA","teamConf":"West","teamLoc":"Home","teamRslt":"Win","teamPTS":98,"teamAST":16,"teamTO":11,"teamSTL":10,"teamBLK":11,"teamPF":14,"teamFGA":99,"teamFGM":37,"team2PA":73,"team2PM":30,"team3PA":26,"team3PM":7,"teamFTA":19,"teamFTM":17,"teamORB":15,"teamDRB":37,"teamPTS1":37,"teamPTS2":23,"teamPTS3":18,"teamPTS4":20,"teamPTS5":0,"teamPTS6":0,"teamPTS7":0,"teamPTS8":0,"opptAbbr":"NO","opptConf":"West","opptLoc":"Away","opptRslt":"Loss","opptPTS":93,"opptAST":18,"opptTO":16,"opptSTL":7,"opptBLK":7,"opptPF":18,"opptFGA":90,"opptFGM":36,"oppt2PA":74,"oppt2PM":30,"oppt3PA":16,"oppt3PM":6,"opptFTA":16,"opptFTM":15,"opptORB":12,"opptDRB":41,"opptPTS1":26,"opptPTS2":32,"opptPTS3":15,"opptPTS4":20,"opptPTS5":0,"opptPTS6":0,"opptPTS7":0,"opptPTS8":0}
{"_id":{"$oid":"5cb552f6e0f627212ff3bf57"},"gmDate":"2018/3/17","offLNm3":"Richardson","offFNm3":"Derek","teamAbbr":"NO","teamConf":"West","teamLoc":"Home","teamRslt":"Loss","teamPTS":101,"teamAST":18,"teamTO":14,"teamSTL":4,"teamBLK":7,"teamPF":19,"teamFGA":81,"teamFGM":41,"team2PA":57,"team2PM":33,"team3PA":24,"team3PM":8,"teamFTA":12,"teamFTM":11,"teamORB":6,"teamDRB":34,"teamPTS1":29,"teamPTS2":5,"teamPTS3":18,"teamPTS4":29,"teamPTS5":0,"teamPTS6":0,"teamPTS7":0,"teamPTS8":0,"opptAbbr":"HOU","opptConf":"West","opptLoc":"Away","opptRslt":"Win","opptPTS":107,"opptAST":19,"opptTO":9,"opptSTL":10,"opptBLK":5,"opptPF":19,"opptFGA":92,"opptFGM":39,"oppt2PA":51,"oppt2PM":24,"oppt3PA":41,"oppt3PM":15,"opptFTA":18,"opptFTM":14,"opptORB":13,"opptDRB":31,"opptPTS1":32,"opptPTS2":28,"opptPTS3":24,"opptPTS4":23,"opptPTS5":0,"opptPTS6":0,"opptPTS7":0,"opptPTS8":0}
{"_id":{"$oid":"5cb552f6e0f627212ff3bf64"},"gmDate":"2018/3/18","offLNm3":"Kennedy","offFNm3":"Bill","teamAbbr":"NO","teamConf":"West","teamLoc":"Home","teamRslt":"Win","teamPTS":108,"teamAST":33,"teamTO":13,"teamSTL":9,"teamBLK":5,"teamPF":13,"teamFGA":82,"teamFGM":41,"team2PA":64,"team2PM":35,"team3PA":18,"team3PM":6,"teamFTA":25,"teamFTM":20,"teamORB":5,"teamDRB":39,"teamPTS1":20,"teamPTS2":27,"teamPTS3":35,"teamPTS4":26,"teamPTS5":0,"teamPTS6":0,"teamPTS7":0,"teamPTS8":0,"opptAbbr":"BOS","opptConf":"East","opptLoc":"Away","opptRslt":"Loss","opptPTS":89,"opptAST":17,"opptTO":13,"opptSTL":8,"opptBLK":3,"opptPF":21,"opptFGA":87,"opptFGM":35,"oppt2PA":61,"oppt2PM":26,"oppt3PA":26,"oppt3PM":9,"opptFTA":20,"opptFTM":10,"opptORB":9,"opptDRB":35,"opptPTS1":28,"opptPTS2":21,"opptPTS3":27,"opptPTS4":13,"opptPTS5":0,"opptPTS6":0,"opptPTS7":0,"opptPTS8":0}
{"_id":{"$oid":"5cb552f6e0f627212ff3bf73"},"gmDate":"2018/3/20","offLNm3":"DeRosa","offFNm3":"Joe","teamAbbr":"NO","teamConf":"West","teamLoc":"Home","teamRslt":"Win","teamPTS":115,"teamAST":33,"teamTO":9,"teamSTL":5,"teamBLK":2,"teamPF":11,"teamFGA":91,"teamFGM":48,"team2PA":66,"team2PM":38,"team3PA":25,"team3PM":10,"teamFTA":15,"teamFTM":9,"teamORB":9,"teamDRB":37,"teamPTS1":29,"teamPTS2":25,"teamPTS3":26,"teamPTS4":35,"teamPTS5":0,"teamPTS6":0,"teamPTS7":0,"teamPTS8":0,"opptAbbr":"DAL","opptConf":"West","opptLoc":"Away","opptRslt":"Loss","opptPTS":105,"opptAST":25,"opptTO":8,"opptSTL":4,"opptBLK":2,"opptPF":14,"opptFGA":90,"opptFGM":43,"oppt2PA":55,"oppt2PM":33,"oppt3PA":35,"oppt3PM":10,"opptFTA":11,"opptFTM":9,"opptORB":9,"opptDRB":31,"opptPTS1":30,"opptPTS2":22,"opptPTS3":28,"opptPTS4":25,"opptPTS5":0,"opptPTS6":0,"opptPTS7":0,"opptPTS8":0}
{"_id":{"$oid":"5cb552f6e0f627212ff3bf7d"},"gmDate":"2018/3/21","offLNm3":"Lane","offFNm3":"Karl","teamAbbr":"NO","teamConf":"West","teamLoc":"Home","teamRslt":"Win","teamPTS":96,"teamAST":15,"teamTO":20,"teamSTL":4,"teamBLK":11,"teamPF":19,"teamFGA":79,"teamFGM":34,"team2PA":56,"team2PM":26,"team3PA":23,"team3PM":8,"teamFTA":24,"teamFTM":20,"teamORB":10,"teamDRB":40,"teamPTS1":24,"teamPTS2":27,"teamPTS3":16,"teamPTS4":29,"teamPTS5":0,"teamPTS6":0,"teamPTS7":0,"teamPTS8":0,"opptAbbr":"IND","opptConf":"East","opptLoc":"Away","opptRslt":"Loss","opptPTS":92,"opptAST":15,"opptTO":15,"opptSTL":13,"opptBLK":5,"opptPF":21,"opptFGA":93,"opptFGM":34,"oppt2PA":71,"oppt2PM":27,"oppt3PA":22,"oppt3PM":7,"opptFTA":18,"opptFTM":17,"opptORB":15,"opptDRB":33,"opptPTS1":25,"opptPTS2":25,"opptPTS3":19,"opptPTS4":23,"opptPTS5":0,"opptPTS6":0,"opptPTS7":0,"opptPTS8":0}
{"_id":{"$oid":"5cb552f6e0f627212ff3bf81"},"gmDate":"2018/3/22","offLNm3":"Fraher","offFNm3":"Pat","teamAbbr":"NO","teamConf":"West","teamLoc":"Home","teamRslt":"Win","teamPTS":128,"teamAST":28,"teamTO":8,"teamSTL":13,"teamBLK":4,"teamPF":19,"teamFGA":95,"teamFGM":52,"team2PA":71,"team2PM":46,"team3PA":24,"team3PM":6,"teamFTA":22,"teamFTM":18,"teamORB":7,"teamDRB":34,"teamPTS1":40,"teamPTS2":31,"teamPTS3":26,"teamPTS4":31,"teamPTS5":0,"teamPTS6":0,"teamPTS7":0,"teamPTS8":0,"opptAbbr":"LAL","opptConf":"West","opptLoc":"Away","opptRslt":"Loss","opptPTS":125,"opptAST":19,"opptTO":16,"opptSTL":2,"opptBLK":3,"opptPF":20,"opptFGA":87,"opptFGM":43,"oppt2PA":48,"oppt2PM":26,"oppt3PA":39,"oppt3PM":17,"opptFTA":28,"opptFTM":22,"opptORB":7,"opptDRB":34,"opptPTS1":44,"opptPTS2":29,"opptPTS3":35,"opptPTS4":17,"opptPTS5":0,"opptPTS6":0,"opptPTS7":0,"opptPTS8":0}
{"_id":{"$oid":"5cb552f6e0f627212ff3bf91"},"gmDate":"2018/3/24","offLNm3":"Wood","offFNm3":"Leon","teamAbbr":"HOU","teamConf":"West","teamLoc":"Home","teamRslt":"Win","teamPTS":114,"teamAST":22,"teamTO":22,"teamSTL":10,"teamBLK":8,"teamPF":17,"teamFGA":93,"teamFGM":45,"team2PA":46,"team2PM":27,"team3PA":47,"team3PM":18,"teamFTA":8,"teamFTM":6,"teamORB":5,"teamDRB":43,"teamPTS1":29,"teamPTS2":35,"teamPTS3":19,"teamPTS4":31,"teamPTS5":0,"teamPTS6":0,"teamPTS7":0,"teamPTS8":0,"opptAbbr":"NO","opptConf":"West","opptLoc":"Away","opptRslt":"Loss","opptPTS":91,"opptAST":19,"opptTO":16,"opptSTL":10,"opptBLK":6,"opptPF":14,"opptFGA":96,"opptFGM":38,"oppt2PA":75,"oppt2PM":32,"oppt3PA":21,"oppt3PM":6,"opptFTA":12,"opptFTM":9,"opptORB":12,"opptDRB":34,"opptPTS1":16,"opptPTS2":21,"opptPTS3":24,"opptPTS4":30,"opptPTS5":0,"opptPTS6":0,"opptPTS7":0,"opptPTS8":0}
{"_id":{"$oid":"5cb552f6e0f627212ff3bfa5"},"gmDate":"2018/3/27","offLNm3":"Corbin","offFNm3":"Sean","teamAbbr":"NO","teamConf":"West","teamLoc":"Home","teamRslt":"Loss","teamPTS":103,"teamAST":28,"teamTO":16,"teamSTL":3,"teamBLK":10,"teamPF":19,"teamFGA":94,"teamFGM":43,"team2PA":70,"team2PM":39,"team3PA":24,"team3PM":4,"teamFTA":14,"teamFTM":13,"teamORB":11,"teamDRB":43,"teamPTS1":24,"teamPTS2":25,"teamPTS3":26,"teamPTS4":28,"teamPTS5":0,"teamPTS6":0,"teamPTS7":0,"teamPTS8":0,"opptAbbr":"POR","opptConf":"West","opptLoc":"Away","opptRslt":"Win","opptPTS":107,"opptAST":20,"opptTO":10,"opptSTL":11,"opptBLK":7,"opptPF":17,"opptFGA":105,"opptFGM":44,"oppt2PA":73,"oppt2PM":34,"oppt3PA":32,"oppt3PM":10,"opptFTA":10,"opptFTM":9,"opptORB":17,"opptDRB":30,"opptPTS1":20,"opptPTS2":26,"opptPTS3":25,"opptPTS4":36,"opptPTS5":0,"opptPTS6":0,"opptPTS7":0,"opptPTS8":0}
{"_id":{"$oid":"5cb552f6e0f627212ff3bfb9"},"gmDate":"2018/3/30","offLNm3":"Washington","offFNm3":"Tom","teamAbbr":"CLE","teamConf":"East","teamLoc":"Home","teamRslt":"Win","teamPTS":107,"teamAST":22,"teamTO":10,"teamSTL":6,"teamBLK":2,"teamPF":14,"teamFGA":90,"teamFGM":43,"team2PA":66,"team2PM":33,"team3PA":24,"team3PM":10,"teamFTA":15,"teamFTM":11,"teamORB":9,"teamDRB":36,"teamPTS1":29,"teamPTS2":18,"teamPTS3":33,"teamPTS4":27,"teamPTS5":0,"teamPTS6":0,"teamPTS7":0,"teamPTS8":0,"opptAbbr":"NO","opptConf":"West","opptLoc":"Away","opptRslt":"Loss","opptPTS":102,"opptAST":25,"opptTO":11,"opptSTL":4,"opptBLK":2,"opptPF":19,"opptFGA":89,"opptFGM":43,"oppt2PA":63,"oppt2PM":32,"oppt3PA":26,"oppt3PM":11,"opptFTA":6,"opptFTM":5,"opptORB":7,"opptDRB":34,"opptPTS1":29,"opptPTS2":28,"opptPTS3":22,"opptPTS4":23,"opptPTS5":0,"opptPTS6":0,"opptPTS7":0,"opptPTS8":0}
{"_id":{"$oid":"5cb552f6e0f627212ff3bfcc"},"gmDate":"2018/4/1","offLNm3":"Spooner","offFNm3":"Bill","teamAbbr":"NO","teamConf":"West","teamLoc":"Home","teamRslt":"Loss","teamPTS":104,"teamAST":28,"teamTO":21,"teamSTL":13,"teamBLK":3,"teamPF":20,"teamFGA":83,"teamFGM":38,"team2PA":51,"team2PM":27,"team3PA":32,"team3PM":11,"teamFTA":23,"teamFTM":17,"teamORB":7,"teamDRB":37,"teamPTS1":28,"teamPTS2":22,"teamPTS3":25,"teamPTS4":29,"teamPTS5":0,"teamPTS6":0,"teamPTS7":0,"teamPTS8":0,"opptAbbr":"OKC","opptConf":"West","opptLoc":"Away","opptRslt":"Win","opptPTS":109,"opptAST":24,"opptTO":18,"opptSTL":13,"opptBLK":4,"opptPF":22,"opptFGA":95,"opptFGM":41,"oppt2PA":64,"oppt2PM":32,"oppt3PA":31,"oppt3PM":9,"opptFTA":25,"opptFTM":18,"opptORB":14,"opptDRB":37,"opptPTS1":20,"opptPTS2":33,"opptPTS3":27,"opptPTS4":29,"opptPTS5":0,"opptPTS6":0,"opptPTS7":0,"opptPTS8":0}
{"_id":{"$oid":"5cb552f6e0f627212ff3bfe3"},"gmDate":"2018/4/4","offLNm3":"Collins","offFNm3":"Derrick","teamAbbr":"NO","teamConf":"West","teamLoc":"Home","teamRslt":"Win","teamPTS":123,"teamAST":32,"teamTO":18,"teamSTL":14,"teamBLK":7,"teamPF":19,"teamFGA":86,"teamFGM":45,"team2PA":50,"team2PM":29,"team3PA":36,"team3PM":16,"teamFTA":19,"teamFTM":17,"teamORB":11,"teamDRB":38,"teamPTS1":32,"teamPTS2":33,"teamPTS3":32,"teamPTS4":26,"teamPTS5":0,"teamPTS6":0,"teamPTS7":0,"teamPTS8":0,"opptAbbr":"MEM","opptConf":"West","opptLoc":"Away","opptRslt":"Loss","opptPTS":95,"opptAST":19,"opptTO":20,"opptSTL":9,"opptBLK":1,"opptPF":19,"opptFGA":93,"opptFGM":37,"oppt2PA":61,"oppt2PM":27,"oppt3PA":32,"oppt3PM":10,"opptFTA":15,"opptFTM":11,"opptORB":11,"opptDRB":26,"opptPTS1":23,"opptPTS2":30,"opptPTS3":20,"opptPTS4":22,"opptPTS5":0,"opptPTS6":0,"opptPTS7":0,"opptPTS8":0}
{"_id":{"$oid":"5cb552f6e0f627212ff3bff2"},"gmDate":"2018/4/6","offLNm3":"Stafford","offFNm3":"Derrick","teamAbbr":"PHO","teamConf":"West","teamLoc":"Home","teamRslt":"Loss","teamPTS":103,"teamAST":20,"teamTO":14,"teamSTL":8,"teamBLK":4,"teamPF":18,"teamFGA":94,"teamFGM":37,"team2PA":61,"team2PM":28,"team3PA":33,"team3PM":9,"teamFTA":26,"teamFTM":20,"teamORB":12,"teamDRB":36,"teamPTS1":21,"teamPTS2":25,"teamPTS3":24,"teamPTS4":33,"teamPTS5":0,"teamPTS6":0,"teamPTS7":0,"teamPTS8":0,"opptAbbr":"NO","opptConf":"West","opptLoc":"Away","opptRslt":"Win","opptPTS":122,"opptAST":29,"opptTO":15,"opptSTL":9,"opptBLK":7,"opptPF":22,"opptFGA":99,"opptFGM":45,"oppt2PA":61,"oppt2PM":29,"oppt3PA":38,"oppt3PM":16,"opptFTA":20,"opptFTM":16,"opptORB":13,"opptDRB":42,"opptPTS1":39,"opptPTS2":24,"opptPTS3":23,"opptPTS4":36,"opptPTS5":0,"opptPTS6":0,"opptPTS7":0,"opptPTS8":0}
{"_id":{"$oid":"5cb552f6e0f627212ff3bff8"},"gmDate":"2018/4/7","offLNm3":"Capers","offFNm3":"James","teamAbbr":"GS","teamConf":"West","teamLoc":"Home","teamRslt":"Loss","teamPTS":120,"teamAST":31,"teamTO":17,"teamSTL":3,"teamBLK":0,"teamPF":21,"teamFGA":90,"teamFGM":49,"team2PA":57,"team2PM":34,"team3PA":33,"team3PM":15,"teamFTA":11,"teamFTM":7,"teamORB":8,"teamDRB":34,"teamPTS1":32,"teamPTS2":33,"teamPTS3":27,"teamPTS4":28,"teamPTS5":0,"teamPTS6":0,"teamPTS7":0,"teamPTS8":0,"opptAbbr":"NO","opptConf":"West","opptLoc":"Away","opptRslt":"Win","opptPTS":126,"opptAST":39,"opptTO":8,"opptSTL":15,"opptBLK":6,"opptPF":16,"opptFGA":87,"opptFGM":49,"oppt2PA":60,"oppt2PM":38,"oppt3PA":27,"oppt3PM":11,"opptFTA":22,"opptFTM":17,"opptORB":4,"opptDRB":30,"opptPTS1":40,"opptPTS2":27,"opptPTS3":21,"opptPTS4":38,"opptPTS5":0,"opptPTS6":0,"opptPTS7":0,"opptPTS8":0}
{"_id":{"$oid":"5cb552f6e0f627212ff3c00a"},"gmDate":"2018/4/9","offLNm3":"Lewis","offFNm3":"Eric","teamAbbr":"LAC","teamConf":"West","teamLoc":"Home","teamRslt":"Loss","teamPTS":100,"teamAST":29,"teamTO":15,"teamSTL":6,"teamBLK":6,"teamPF":18,"teamFGA":98,"teamFGM":45,"team2PA":81,"team2PM":43,"team3PA":17,"team3PM":2,"teamFTA":19,"teamFTM":8,"teamORB":16,"teamDRB":44,"teamPTS1":23,"teamPTS2":26,"teamPTS3":22,"teamPTS4":29,"teamPTS5":0,"teamPTS6":0,"teamPTS7":0,"teamPTS8":0,"opptAbbr":"NO","opptConf":"West","opptLoc":"Away","opptRslt":"Win","opptPTS":113,"opptAST":34,"opptTO":8,"opptSTL":12,"opptBLK":10,"opptPF":18,"opptFGA":95,"opptFGM":44,"oppt2PA":65,"oppt2PM":33,"oppt3PA":30,"oppt3PM":11,"opptFTA":20,"opptFTM":14,"opptORB":9,"opptDRB":42,"opptPTS1":31,"opptPTS2":28,"opptPTS3":34,"opptPTS4":20,"opptPTS5":0,"opptPTS6":0,"opptPTS7":0,"opptPTS8":0}
{"_id":{"$oid":"5cb552f6e0f627212ff3c016"},"gmDate":"2018/4/11","offLNm3":"Callahan","offFNm3":"Mike","teamAbbr":"NO","teamConf":"West","teamLoc":"Home","teamRslt":"Win","teamPTS":122,"teamAST":30,"teamTO":19,"teamSTL":11,"teamBLK":5,"teamPF":20,"teamFGA":88,"teamFGM":52,"team2PA":69,"team2PM":47,"team3PA":19,"team3PM":5,"teamFTA":19,"teamFTM":13,"teamORB":11,"teamDRB":40,"teamPTS1":27,"teamPTS2":34,"teamPTS3":29,"teamPTS4":32,"teamPTS5":0,"teamPTS6":0,"teamPTS7":0,"teamPTS8":0,"opptAbbr":"SA","opptConf":"West","opptLoc":"Away","opptRslt":"Loss","opptPTS":98,"opptAST":22,"opptTO":17,"opptSTL":9,"opptBLK":1,"opptPF":17,"opptFGA":92,"opptFGM":37,"oppt2PA":68,"oppt2PM":29,"oppt3PA":24,"oppt3PM":8,"opptFTA":19,"opptFTM":16,"opptORB":12,"opptDRB":26,"opptPTS1":26,"opptPTS2":17,"opptPTS3":29,"opptPTS4":26,"opptPTS5":0,"opptPTS6":0,"opptPTS7":0,"opptPTS8":0}
