{"_id":{"$oid":"5cb552f6e0f627212ff3bb5d"},"gmDate":"2017/10/19","offLNm3":"Capers","offFNm3":"James","teamAbbr":"OKC","teamConf":"West","teamLoc":"Home","teamRslt":"Win","teamPTS":105,"teamAST":26,"teamTO":20,"teamSTL":14,"teamBLK":7,"teamPF":22,"teamFGA":90,"teamFGM":39,"team2PA":52,"team2PM":28,"team3PA":38,"team3PM":11,"teamFTA":22,"teamFTM":16,"teamORB":13,"teamDRB":28,"teamPTS1":27,"teamPTS2":26,"teamPTS3":26,"teamPTS4":26,"teamPTS5":0,"teamPTS6":0,"teamPTS7":0,"teamPTS8":0,"opptAbbr":"NY","opptConf":"East","opptLoc":"Away","opptRslt":"Loss","opptPTS":84,"opptAST":19,"opptTO":26,"opptSTL":8,"opptBLK":4,"opptPF":23,"opptFGA":79,"opptFGM":32,"oppt2PA":55,"oppt2PM":25,"oppt3PA":24,"oppt3PM":7,"opptFTA":20,"opptFTM":13,"opptORB":11,"opptDRB":30,"opptPTS1":24,"opptPTS2":18,"opptPTS3":17,"opptPTS4":25,"opptPTS5":0,"opptPTS6":0,"opptPTS7":0,"opptPTS8":0}
{"_id":{"$oid":"5cb552f6e0f627212ff3bb6e"},"gmDate":"2017/10/21","offLNm3":"Kirkland","offFNm3":"Courtney","teamAbbr":"NY","teamConf":"East","teamLoc":"Home","teamRslt":"Loss","teamPTS":107,"teamAST":20,"teamTO":14,"teamSTL":6,"teamBLK":2,"teamPF":21,"teamFGA":81,"teamFGM":37,"team2PA":51,"team2PM":29,"team3PA":30,"team3PM":8,"teamFTA":31,"teamFTM":25,"teamORB":12,"teamDRB":27,"teamPTS1":28,"teamPTS2":36,"teamPTS3":16,"teamPTS4":27,"teamPTS5":0,"teamPTS6":0,"teamPTS7":0,"teamPTS8":0,"opptAbbr":"DET","opptConf":"East","opptLoc":"Away","opptRslt":"Win","opptPTS":111,"opptAST":21,"opptTO":13,"opptSTL":5,"opptBLK":2,"opptPF":25,"opptFGA":91,"opptFGM":44,"oppt2PA":61,"oppt2PM":35,"oppt3PA":30,"oppt3PM":9,"opptFTA":15,"opptFTM":14,"opptORB":15,"opptDRB":28,"opptPTS1":19,"opptPTS2":32,"opptPTS3":28,"opptPTS4":32,"opptPTS5":0,"opptPTS6":0,"opptPTS7":0,"opptPTS8":0}
{"_id":{"$oid":"5cb552f6e0f627212ff3bb7f"},"gmDate":"2017/10/24","offLNm3":"Callahan","offFNm3":"Mike","teamAbbr":"BOS","teamConf":"East","teamLoc":"Home","teamRslt":"Win","teamPTS":110,"teamAST":26,"teamTO":14,"teamSTL":11,"teamBLK":7,"teamPF":24,"teamFGA":75,"teamFGM":37,"team2PA":46,"team2PM":23,"team3PA":29,"team3PM":14,"teamFTA":27,"teamFTM":22,"teamORB":5,"teamDRB":36,"teamPTS1":30,"teamPTS2":24,"teamPTS3":23,"teamPTS4":33,"teamPTS5":0,"teamPTS6":0,"teamPTS7":0,"teamPTS8":0,"opptAbbr":"NY","opptConf":"East","opptLoc":"Away","opptRslt":"Loss","opptPTS":89,"opptAST":20,"opptTO":14,"opptSTL":8,"opptBLK":2,"opptPF":17,"opptFGA":85,"opptFGM":36,"oppt2PA":73,"oppt2PM":35,"oppt3PA":12,"oppt3PM":1,"opptFTA":25,"opptFTM":16,"opptORB":11,"opptDRB":32,"opptPTS1":17,"opptPTS2":16,"opptPTS3":27,"opptPTS4":29,"opptPTS5":0,"opptPTS6":0,"opptPTS7":0,"opptPTS8":0}
{"_id":{"$oid":"5cb552f6e0f627212ff3bb96"},"gmDate":"2017/10/27","offLNm3":"Sterling","offFNm3":"Jonathan","teamAbbr":"NY","teamConf":"East","teamLoc":"Home","teamRslt":"Win","teamPTS":107,"teamAST":19,"teamTO":12,"teamSTL":7,"teamBLK":6,"teamPF":19,"teamFGA":98,"teamFGM":44,"team2PA":71,"team2PM":35,"team3PA":27,"team3PM":9,"teamFTA":17,"teamFTM":10,"teamORB":19,"teamDRB":36,"teamPTS1":23,"teamPTS2":24,"teamPTS3":36,"teamPTS4":24,"teamPTS5":0,"teamPTS6":0,"teamPTS7":0,"teamPTS8":0,"opptAbbr":"BKN","opptConf":"East","opptLoc":"Away","opptRslt":"Loss","opptPTS":86,"opptAST":18,"opptTO":16,"opptSTL":5,"opptBLK":1,"opptPF":20,"opptFGA":74,"opptFGM":30,"oppt2PA":45,"oppt2PM":19,"oppt3PA":29,"oppt3PM":11,"opptFTA":21,"opptFTM":15,"opptORB":4,"opptDRB":30,"opptPTS1":28,"opptPTS2":14,"opptPTS3":24,"opptPTS4":20,"opptPTS5":0,"opptPTS6":0,"opptPTS7":0,"opptPTS8":0}
{"_id":{"$oid":"5cb552f6e0f627212ff3bba6"},"gmDate":"2017/10/29","offLNm3":"Brown","offFNm3":"Tony","teamAbbr":"CLE","teamConf":"East","teamLoc":"Home","teamRslt":"Loss","teamPTS":95,"teamAST":20,"teamTO":15,"teamSTL":5,"teamBLK":5,"teamPF":23,"teamFGA":81,"teamFGM":31,"team2PA":48,"team2PM":21,"team3PA":33,"team3PM":10,"teamFTA":27,"teamFTM":23,"teamORB":7,"teamDRB":34,"teamPTS1":19,"teamPTS2":35,"teamPTS3":21,"teamPTS4":20,"teamPTS5":0,"teamPTS6":0,"teamPTS7":0,"teamPTS8":0,"opptAbbr":"NY","opptConf":"East","opptLoc":"Away","opptRslt":"Win","opptPTS":114,"opptAST":27,"opptTO":14,"opptSTL":9,"opptBLK":6,"opptPF":26,"opptFGA":89,"opptFGM":42,"oppt2PA":61,"oppt2PM":29,"oppt3PA":28,"oppt3PM":13,"opptFTA":21,"opptFTM":17,"opptORB":11,"opptDRB":40,"opptPTS1":29,"opptPTS2":33,"opptPTS3":30,"opptPTS4":22,"opptPTS5":0,"opptPTS6":0,"opptPTS7":0,"opptPTS8":0}
{"_id":{"$oid":"5cb552f6e0f627212ff3bbab"},"gmDate":"2017/10/30","offLNm3":"Lewis","offFNm3":"Eric","teamAbbr":"NY","teamConf":"East","teamLoc":"Home","teamRslt":"Win","teamPTS":116,"teamAST":27,"teamTO":23,"teamSTL":8,"teamBLK":10,"teamPF":27,"teamFGA":82,"teamFGM":41,"team2PA":50,"team2PM":28,"team3PA":32,"team3PM":13,"teamFTA":23,"teamFTM":21,"teamORB":11,"teamDRB":38,"teamPTS1":35,"teamPTS2":30,"teamPTS3":19,"teamPTS4":32,"teamPTS5":0,"teamPTS6":0,"teamPTS7":0,"teamPTS8":0,"opptAbbr":"DEN","opptConf":"West","opptLoc":"Away","opptRslt":"Loss","opptPTS":110,"opptAST":20,"opptTO":13,"opptSTL":13,"opptBLK":5,"opptPF":22,"opptFGA":85,"opptFGM":35,"oppt2PA":44,"oppt2PM":17,"oppt3PA":41,"oppt3PM":18,"opptFTA":31,"opptFTM":22,"opptORB":13,"opptDRB":23,"opptPTS1":25,"opptPTS2":18,"opptPTS3":38,"opptPTS4":29,"opptPTS5":0,"opptPTS6":0,"opptPTS7":0,"opptPTS8":0}
{"_id":{"$oid":"5cb552f6e0f627212ff3bbbe"},"gmDate":"2017/11/1","offLNm3":"Stafford","offFNm3":"Derrick","teamAbbr":"NY","teamConf":"East","teamLoc":"Home","teamRslt":"Loss","teamPTS":97,"teamAST":23,"teamTO":19,"teamSTL":8,"teamBLK":1,"teamPF":18,"teamFGA":90,"teamFGM":39,"team2PA":63,"team2PM":31,"team3PA":27,"team3PM":8,"teamFTA":13,"teamFTM":11,"teamORB":6,"teamDRB":36,"teamPTS1":27,"teamPTS2":21,"teamPTS3":26,"teamPTS4":23,"teamPTS5":0,"teamPTS6":0,"teamPTS7":0,"teamPTS8":0,"opptAbbr":"HOU","opptConf":"West","opptLoc":"Away","opptRslt":"Win","opptPTS":119,"opptAST":21,"opptTO":15,"opptSTL":6,"opptBLK":4,"opptPF":20,"opptFGA":88,"opptFGM":42,"oppt2PA":36,"oppt2PM":23,"oppt3PA":52,"oppt3PM":19,"opptFTA":21,"opptFTM":16,"opptORB":9,"opptDRB":37,"opptPTS1":24,"opptPTS2":36,"opptPTS3":40,"opptPTS4":19,"opptPTS5":0,"opptPTS6":0,"opptPTS7":0,"opptPTS8":0}
{"_id":{"$oid":"5cb552f6e0f627212ff3bbc9"},"gmDate":"2017/11/3","offLNm3":"Williams","offFNm3":"James","teamAbbr":"NY","teamConf":"East","teamLoc":"Home","teamRslt":"Win","teamPTS":120,"teamAST":24,"teamTO":13,"teamSTL":5,"teamBLK":7,"teamPF":24,"teamFGA":87,"teamFGM":45,"team2PA":61,"team2PM":37,"team3PA":26,"team3PM":8,"teamFTA":25,"teamFTM":22,"teamORB":9,"teamDRB":40,"teamPTS1":32,"teamPTS2":33,"teamPTS3":27,"teamPTS4":28,"teamPTS5":0,"teamPTS6":0,"teamPTS7":0,"teamPTS8":0,"opptAbbr":"PHO","opptConf":"West","opptLoc":"Away","opptRslt":"Loss","opptPTS":107,"opptAST":17,"opptTO":10,"opptSTL":7,"opptBLK":3,"opptPF":25,"opptFGA":97,"opptFGM":34,"oppt2PA":65,"oppt2PM":25,"oppt3PA":32,"oppt3PM":9,"opptFTA":37,"opptFTM":30,"opptORB":20,"opptDRB":27,"opptPTS1":19,"opptPTS2":31,"opptPTS3":26,"opptPTS4":31,"opptPTS5":0,"opptPTS6":0,"opptPTS7":0,"opptPTS8":0}
{"_id":{"$oid":"5cb552f6e0f627212ff3bbdb"},"gmDate":"2017/11/5","offLNm3":"Washington","offFNm3":"Tom","teamAbbr":"NY","teamConf":"East","teamLoc":"Home","teamRslt":"Win","teamPTS":108,"teamAST":24,"teamTO":12,"teamSTL":8,"teamBLK":7,"teamPF":21,"teamFGA":88,"teamFGM":44,"team2PA":65,"team2PM":38,"team3PA":23,"team3PM":6,"teamFTA":19,"teamFTM":14,"teamORB":12,"teamDRB":34,"teamPTS1":25,"teamPTS2":24,"teamPTS3":23,"teamPTS4":36,"teamPTS5":0,"teamPTS6":0,"teamPTS7":0,"teamPTS8":0,"opptAbbr":"IND","opptConf":"East","opptLoc":"Away","opptRslt":"Loss","opptPTS":101,"opptAST":24,"opptTO":12,"opptSTL":6,"opptBLK":2,"opptPF":17,"opptFGA":79,"opptFGM":37,"oppt2PA":54,"oppt2PM":25,"oppt3PA":25,"oppt3PM":12,"opptFTA":17,"opptFTM":15,"opptORB":4,"opptDRB":30,"opptPTS1":33,"opptPTS2":29,"opptPTS3":22,"opptPTS4":17,"opptPTS5":0,"opptPTS6":0,"opptPTS7":0,"opptPTS8":0}
{"_id":{"$oid":"5cb552f6e0f627212ff3bbe5"},"gmDate":"2017/11/7","offLNm3":"Wall","offFNm3":"Scott","teamAbbr":"NY","teamConf":"East","teamLoc":"Home","teamRslt":"Win","teamPTS":118,"teamAST":29,"teamTO":16,"teamSTL":5,"teamBLK":5,"teamPF":19,"teamFGA":75,"teamFGM":45,"team2PA":50,"team2PM":33,"team3PA":25,"team3PM":12,"teamFTA":21,"teamFTM":16,"teamORB":6,"teamDRB":29,"teamPTS1":32,"teamPTS2":26,"teamPTS3":25,"teamPTS4":35,"teamPTS5":0,"teamPTS6":0,"teamPTS7":0,"teamPTS8":0,"opptAbbr":"CHA","opptConf":"East","opptLoc":"Away","opptRslt":"Loss","opptPTS":113,"opptAST":24,"opptTO":13,"opptSTL":8,"opptBLK":2,"opptPF":22,"opptFGA":91,"opptFGM":42,"oppt2PA":54,"oppt2PM":27,"oppt3PA":37,"oppt3PM":15,"opptFTA":17,"opptFTM":14,"opptORB":17,"opptDRB":23,"opptPTS1":41,"opptPTS2":28,"opptPTS3":25,"opptPTS4":19,"opptPTS5":0,"opptPTS6":0,"opptPTS7":0,"opptPTS8":0}
{"_id":{"$oid":"5cb552f6e0f627212ff3bbed"},"gmDate":"2017/11/8","offLNm3":"McCutchen","offFNm3":"Monty","teamAbbr":"ORL","teamConf":"East","teamLoc":"Home","teamRslt":"Win","teamPTS":112,"teamAST":31,"teamTO":13,"teamSTL":16,"teamBLK":7,"teamPF":15,"teamFGA":80,"teamFGM":43,"team2PA":52,"team2PM":30,"team3PA":28,"team3PM":13,"teamFTA":22,"teamFTM":13,"teamORB":6,"teamDRB":23,"teamPTS1":27,"teamPTS2":27,"teamPTS3":30,"teamPTS4":28,"teamPTS5":0,"teamPTS6":0,"teamPTS7":0,"teamPTS8":0,"opptAbbr":"NY","opptConf":"East","opptLoc":"Away","opptRslt":"Loss","opptPTS":99,"opptAST":26,"opptTO":23,"opptSTL":7,"opptBLK":2,"opptPF":21,"opptFGA":80,"opptFGM":42,"oppt2PA":68,"oppt2PM":37,"oppt3PA":12,"oppt3PM":5,"opptFTA":13,"opptFTM":10,"opptORB":12,"opptDRB":30,"opptPTS1":28,"opptPTS2":22,"opptPTS3":26,"opptPTS4":23,"opptPTS5":0,"opptPTS6":0,"opptPTS7":0,"opptPTS8":0}
{"_id":{"$oid":"5cb552f6e0f627212ff3bc01"},"gmDate":"2017/11/11","offLNm3":"Garretson","offFNm3":"Ron","teamAbbr":"NY","teamConf":"East","teamLoc":"Home","teamRslt":"Win","teamPTS":118,"teamAST":29,"teamTO":11,"teamSTL":6,"teamBLK":6,"teamPF":22,"teamFGA":90,"teamFGM":47,"team2PA":63,"team2PM":35,"team3PA":27,"team3PM":12,"teamFTA":15,"teamFTM":12,"teamORB":8,"teamDRB":32,"teamPTS1":32,"teamPTS2":32,"teamPTS3":26,"teamPTS4":28,"teamPTS5":0,"teamPTS6":0,"teamPTS7":0,"teamPTS8":0,"opptAbbr":"SAC","opptConf":"West","opptLoc":"Away","opptRslt":"Loss","opptPTS":91,"opptAST":19,"opptTO":13,"opptSTL":6,"opptBLK":4,"opptPF":18,"opptFGA":80,"opptFGM":30,"oppt2PA":58,"oppt2PM":23,"oppt3PA":22,"oppt3PM":7,"opptFTA":30,"opptFTM":24,"opptORB":11,"opptDRB":31,"opptPTS1":23,"opptPTS2":26,"opptPTS3":17,"opptPTS4":25,"opptPTS5":0,"opptPTS6":0,"opptPTS7":0,"opptPTS8":0}
{"_id":{"$oid":"5cb552f6e0f627212ff3bc0e"},"gmDate":"2017/11/13","offLNm3":"Brothers","offFNm3":"Tony","teamAbbr":"NY","teamConf":"East","teamLoc":"Home","teamRslt":"Loss","teamPTS":101,"teamAST":19,"teamTO":17,"teamSTL":13,"teamBLK":3,"teamPF":21,"teamFGA":88,"teamFGM":38,"team2PA":63,"team2PM":30,"team3PA":25,"team3PM":8,"teamFTA":22,"teamFTM":17,"teamORB":13,"teamDRB":36,"teamPTS1":22,"teamPTS2":29,"teamPTS3":25,"teamPTS4":25,"teamPTS5":0,"teamPTS6":0,"teamPTS7":0,"teamPTS8":0,"opptAbbr":"CLE","opptConf":"East","opptLoc":"Away","opptRslt":"Win","opptPTS":104,"opptAST":21,"opptTO":21,"opptSTL":7,"opptBLK":7,"opptPF":21,"opptFGA":88,"opptFGM":35,"oppt2PA":43,"oppt2PM":19,"oppt3PA":45,"oppt3PM":16,"opptFTA":22,"opptFTM":18,"opptORB":14,"opptDRB":34,"opptPTS1":25,"opptPTS2":13,"opptPTS3":23,"opptPTS4":43,"opptPTS5":0,"opptPTS6":0,"opptPTS7":0,"opptPTS8":0}
{"_id":{"$oid":"5cb552f6e0f627212ff3bc1b"},"gmDate":"2017/11/15","offLNm3":"Ayotte","offFNm3":"Mark","teamAbbr":"NY","teamConf":"East","teamLoc":"Home","teamRslt":"Win","teamPTS":106,"teamAST":18,"teamTO":11,"teamSTL":4,"teamBLK":5,"teamPF":19,"teamFGA":81,"teamFGM":38,"team2PA":60,"team2PM":29,"team3PA":21,"team3PM":9,"teamFTA":25,"teamFTM":21,"teamORB":12,"teamDRB":33,"teamPTS1":27,"teamPTS2":23,"teamPTS3":27,"teamPTS4":29,"teamPTS5":0,"teamPTS6":0,"teamPTS7":0,"teamPTS8":0,"opptAbbr":"UTA","opptConf":"West","opptLoc":"Away","opptRslt":"Loss","opptPTS":101,"opptAST":19,"opptTO":14,"opptSTL":5,"opptBLK":10,"opptPF":23,"opptFGA":79,"opptFGM":34,"oppt2PA":44,"oppt2PM":17,"oppt3PA":35,"oppt3PM":17,"opptFTA":17,"opptFTM":16,"opptORB":9,"opptDRB":28,"opptPTS1":30,"opptPTS2":30,"opptPTS3":22,"opptPTS4":19,"opptPTS5":0,"opptPTS6":0,"opptPTS7":0,"opptPTS8":0}
{"_id":{"$oid":"5cb552f6e0f627212ff3bc2a"},"gmDate":"2017/11/17","offLNm3":"Collins","offFNm3":"Derrick","teamAbbr":"TOR","teamConf":"East","teamLoc":"Home","teamRslt":"Win","teamPTS":107,"teamAST":29,"teamTO":12,"teamSTL":4,"teamBLK":11,"teamPF":19,"teamFGA":78,"teamFGM":44,"team2PA":52,"team2PM":35,"team3PA":26,"team3PM":9,"teamFTA":11,"teamFTM":10,"teamORB":3,"teamDRB":37,"teamPTS1":30,"teamPTS2":24,"teamPTS3":24,"teamPTS4":29,"teamPTS5":0,"teamPTS6":0,"teamPTS7":0,"teamPTS8":0,"opptAbbr":"NY","opptConf":"East","opptLoc":"Away","opptRslt":"Loss","opptPTS":84,"opptAST":17,"opptTO":10,"opptSTL":7,"opptBLK":4,"opptPF":12,"opptFGA":91,"opptFGM":30,"oppt2PA":68,"oppt2PM":21,"oppt3PA":23,"oppt3PM":9,"opptFTA":17,"opptFTM":15,"opptORB":14,"opptDRB":29,"opptPTS1":18,"opptPTS2":18,"opptPTS3":28,"opptPTS4":20,"opptPTS5":0,"opptPTS6":0,"opptPTS7":0,"opptPTS8":0}
{"_id":{"$oid":"5cb552f6e0f627212ff3bc42"},"gmDate":"2017/11/20","offLNm3":"Brown","offFNm3":"Tony","teamAbbr":"NY","teamConf":"East","teamLoc":"Home","teamRslt":"Win","teamPTS":107,"teamAST":24,"teamTO":22,"teamSTL":11,"teamBLK":5,"teamPF":26,"teamFGA":81,"teamFGM":35,"team2PA":47,"team2PM":22,"team3PA":34,"team3PM":13,"teamFTA":25,"teamFTM":24,"teamORB":14,"teamDRB":37,"teamPTS1":20,"teamPTS2":36,"teamPTS3":27,"teamPTS4":24,"teamPTS5":0,"teamPTS6":0,"teamPTS7":0,"teamPTS8":0,"opptAbbr":"LAC","opptConf":"West","opptLoc":"Away","opptRslt":"Loss","opptPTS":85,"opptAST":20,"opptTO":22,"opptSTL":12,"opptBLK":3,"opptPF":23,"opptFGA":80,"opptFGM":30,"oppt2PA":48,"oppt2PM":20,"oppt3PA":32,"oppt3PM":10,"opptFTA":21,"opptFTM":15,"opptORB":10,"opptDRB":26,"opptPTS1":20,"opptPTS2":24,"opptPTS3":24,"opptPTS4":17,"opptPTS5":0,"opptPTS6":0,"opptPTS7":0,"opptPTS8":0}
{"_id":{"$oid":"5cb552f6e0f627212ff3bc4f"},"gmDate":"2017/11/22","offLNm3":"Acosta","offFNm3":"Ray","teamAbbr":"NY","teamConf":"East","teamLoc":"Home","teamRslt":"Win","teamPTS":108,"teamAST":29,"teamTO":12,"teamSTL":8,"teamBLK":7,"teamPF":19,"teamFGA":93,"teamFGM":43,"team2PA":69,"team2PM":35,"team3PA":24,"team3PM":8,"teamFTA":17,"teamFTM":14,"teamORB":13,"teamDRB":34,"teamPTS1":26,"teamPTS2":22,"teamPTS3":41,"teamPTS4":19,"teamPTS5":0,"teamPTS6":0,"teamPTS7":0,"teamPTS8":0,"opptAbbr":"TOR","opptConf":"East","opptLoc":"Away","opptRslt":"Loss","opptPTS":100,"opptAST":21,"opptTO":15,"opptSTL":4,"opptBLK":10,"opptPF":23,"opptFGA":87,"opptFGM":37,"oppt2PA":49,"oppt2PM":23,"oppt3PA":38,"oppt3PM":14,"opptFTA":18,"opptFTM":12,"opptORB":12,"opptDRB":30,"opptPTS1":34,"opptPTS2":25,"opptPTS3":10,"opptPTS4":31,"opptPTS5":0,"opptPTS6":0,"opptPTS7":0,"opptPTS8":0}
{"_id":{"$oid":"5cb552f6e0f627212ff3bc58"},"gmDate":"2017/11/24","offLNm3":"Ford","offFNm3":"Tyler","teamAbbr":"ATL","teamConf":"East","teamLoc":"Home","teamRslt":"Win","teamPTS":116,"teamAST":30,"teamTO":10,"teamSTL":7,"teamBLK":2,"teamPF":16,"teamFGA":99,"teamFGM":47,"team2PA":68,"team2PM":34,"team3PA":31,"team3PM":13,"teamFTA":12,"teamFTM":9,"teamORB":13,"teamDRB":27,"teamPTS1":24,"teamPTS2":35,"teamPTS3":30,"teamPTS4":27,"teamPTS5":0,"teamPTS6":0,"teamPTS7":0,"teamPTS8":0,"opptAbbr":"NY","opptConf":"East","opptLoc":"Away","opptRslt":"Loss","opptPTS":104,"opptAST":30,"opptTO":20,"opptSTL":1,"opptBLK":9,"opptPF":19,"opptFGA":79,"opptFGM":40,"oppt2PA":49,"oppt2PM":28,"oppt3PA":30,"oppt3PM":12,"opptFTA":14,"opptFTM":12,"opptORB":5,"opptDRB":33,"opptPTS1":39,"opptPTS2":28,"opptPTS3":19,"opptPTS4":18,"opptPTS5":0,"opptPTS6":0,"opptPTS7":0,"opptPTS8":0}
{"_id":{"$oid":"5cb552f6e0f627212ff3bc66"},"gmDate":"2017/11/25","offLNm3":"Davis","offFNm3":"Marc","teamAbbr":"HOU","teamConf":"West","teamLoc":"Home","teamRslt":"Win","teamPTS":117,"teamAST":30,"teamTO":8,"teamSTL":12,"teamBLK":6,"teamPF":15,"teamFGA":94,"teamFGM":41,"team2PA":47,"team2PM":23,"team3PA":47,"team3PM":18,"teamFTA":22,"teamFTM":17,"teamORB":9,"teamDRB":33,"teamPTS1":29,"teamPTS2":29,"teamPTS3":37,"teamPTS4":22,"teamPTS5":0,"teamPTS6":0,"teamPTS7":0,"teamPTS8":0,"opptAbbr":"NY","opptConf":"East","opptLoc":"Away","opptRslt":"Loss","opptPTS":102,"opptAST":29,"opptTO":18,"opptSTL":4,"opptBLK":3,"opptPF":20,"opptFGA":85,"opptFGM":42,"oppt2PA":68,"oppt2PM":38,"oppt3PA":17,"oppt3PM":4,"opptFTA":19,"opptFTM":14,"opptORB":6,"opptDRB":34,"opptPTS1":39,"opptPTS2":22,"opptPTS3":13,"opptPTS4":28,"opptPTS5":0,"opptPTS6":0,"opptPTS7":0,"opptPTS8":0}
{"_id":{"$oid":"5cb552f6e0f627212ff3bc72"},"gmDate":"2017/11/27","offLNm3":"DeRosa","offFNm3":"Joe","teamAbbr":"NY","teamConf":"East","teamLoc":"Home","teamRslt":"Loss","teamPTS":91,"teamAST":13,"teamTO":13,"teamSTL":3,"teamBLK":3,"teamPF":20,"teamFGA":88,"teamFGM":35,"team2PA":73,"team2PM":30,"team3PA":15,"team3PM":5,"teamFTA":22,"teamFTM":16,"teamORB":14,"teamDRB":37,"teamPTS1":23,"teamPTS2":14,"teamPTS3":27,"teamPTS4":27,"teamPTS5":0,"teamPTS6":0,"teamPTS7":0,"teamPTS8":0,"opptAbbr":"POR","opptConf":"West","opptLoc":"Away","opptRslt":"Win","opptPTS":103,"opptAST":18,"opptTO":12,"opptSTL":10,"opptBLK":3,"opptPF":22,"opptFGA":83,"opptFGM":37,"oppt2PA":62,"oppt2PM":30,"oppt3PA":21,"oppt3PM":7,"opptFTA":26,"opptFTM":22,"opptORB":5,"opptDRB":40,"opptPTS1":30,"opptPTS2":23,"opptPTS3":37,"opptPTS4":13,"opptPTS5":0,"opptPTS6":0,"opptPTS7":0,"opptPTS8":0}
{"_id":{"$oid":"5cb552f6e0f627212ff3bc80"},"gmDate":"2017/11/29","offLNm3":"Mott","offFNm3":"Rodney","teamAbbr":"NY","teamConf":"East","teamLoc":"Home","teamRslt":"Win","teamPTS":115,"teamAST":26,"teamTO":20,"teamSTL":10,"teamBLK":5,"teamPF":20,"teamFGA":73,"teamFGM":44,"team2PA":60,"team2PM":39,"team3PA":13,"team3PM":5,"teamFTA":26,"teamFTM":22,"teamORB":8,"teamDRB":44,"teamPTS1":33,"teamPTS2":32,"teamPTS3":23,"teamPTS4":27,"teamPTS5":0,"teamPTS6":0,"teamPTS7":0,"teamPTS8":0,"opptAbbr":"MIA","opptConf":"East","opptLoc":"Away","opptRslt":"Loss","opptPTS":86,"opptAST":21,"opptTO":15,"opptSTL":13,"opptBLK":4,"opptPF":20,"opptFGA":84,"opptFGM":32,"oppt2PA":46,"oppt2PM":22,"oppt3PA":38,"oppt3PM":10,"opptFTA":20,"opptFTM":12,"opptORB":9,"opptDRB":22,"opptPTS1":22,"opptPTS2":22,"opptPTS3":20,"opptPTS4":22,"opptPTS5":0,"opptPTS6":0,"opptPTS7":0,"opptPTS8":0}
{"_id":{"$oid":"5cb552f6e0f627212ff3bc9b"},"gmDate":"2017/12/3","offLNm3":"Ayotte","offFNm3":"Mark","teamAbbr":"NY","teamConf":"East","teamLoc":"Home","teamRslt":"Loss","teamPTS":100,"teamAST":18,"teamTO":14,"teamSTL":4,"teamBLK":4,"teamPF":24,"teamFGA":93,"teamFGM":43,"team2PA":78,"team2PM":38,"team3PA":15,"team3PM":5,"teamFTA":10,"teamFTM":9,"teamORB":10,"teamDRB":35,"teamPTS1":25,"teamPTS2":26,"teamPTS3":25,"teamPTS4":24,"teamPTS5":0,"teamPTS6":0,"teamPTS7":0,"teamPTS8":0,"opptAbbr":"ORL","opptConf":"East","opptLoc":"Away","opptRslt":"Win","opptPTS":105,"opptAST":19,"opptTO":12,"opptSTL":8,"opptBLK":3,"opptPF":11,"opptFGA":82,"opptFGM":37,"oppt2PA":54,"oppt2PM":31,"oppt3PA":28,"oppt3PM":6,"opptFTA":29,"opptFTM":25,"opptORB":8,"opptDRB":34,"opptPTS1":36,"opptPTS2":18,"opptPTS3":24,"opptPTS4":27,"opptPTS5":0,"opptPTS6":0,"opptPTS7":0,"opptPTS8":0}
{"_id":{"$oid":"5cb552f6e0f627212ff3bca1"},"gmDate":"2017/12/4","offLNm3":"Acosta","offFNm3":"Ray","teamAbbr":"IND","teamConf":"East","teamLoc":"Home","teamRslt":"Win","teamPTS":115,"teamAST":28,"teamTO":16,"teamSTL":10,"teamBLK":5,"teamPF":20,"teamFGA":86,"teamFGM":46,"team2PA":60,"team2PM":35,"team3PA":26,"team3PM":11,"teamFTA":15,"teamFTM":12,"teamORB":7,"teamDRB":37,"teamPTS1":31,"teamPTS2":35,"teamPTS3":29,"teamPTS4":20,"teamPTS5":0,"teamPTS6":0,"teamPTS7":0,"teamPTS8":0,"opptAbbr":"NY","opptConf":"East","opptLoc":"Away","opptRslt":"Loss","opptPTS":97,"opptAST":26,"opptTO":18,"opptSTL":4,"opptBLK":2,"opptPF":15,"opptFGA":91,"opptFGM":40,"oppt2PA":68,"oppt2PM":34,"oppt3PA":23,"oppt3PM":6,"opptFTA":16,"opptFTM":11,"opptORB":15,"opptDRB":28,"opptPTS1":19,"opptPTS2":21,"opptPTS3":25,"opptPTS4":32,"opptPTS5":0,"opptPTS6":0,"opptPTS7":0,"opptPTS8":0}
{"_id":{"$oid":"5cb552f6e0f627212ff3bcb2"},"gmDate":"2017/12/6","offLNm3":"Brown","offFNm3":"Tony","teamAbbr":"NY","teamConf":"East","teamLoc":"Home","teamRslt":"Win","teamPTS":99,"teamAST":22,"teamTO":19,"teamSTL":8,"teamBLK":3,"teamPF":21,"teamFGA":67,"teamFGM":35,"team2PA":53,"team2PM":26,"team3PA":14,"team3PM":9,"teamFTA":27,"teamFTM":20,"teamORB":10,"teamDRB":32,"teamPTS1":23,"teamPTS2":26,"teamPTS3":27,"teamPTS4":23,"teamPTS5":0,"teamPTS6":0,"teamPTS7":0,"teamPTS8":0,"opptAbbr":"MEM","opptConf":"West","opptLoc":"Away","opptRslt":"Loss","opptPTS":88,"opptAST":14,"opptTO":15,"opptSTL":8,"opptBLK":5,"opptPF":24,"opptFGA":70,"opptFGM":29,"oppt2PA":42,"oppt2PM":17,"oppt3PA":28,"oppt3PM":12,"opptFTA":22,"opptFTM":18,"opptORB":4,"opptDRB":23,"opptPTS1":32,"opptPTS2":17,"opptPTS3":18,"opptPTS4":21,"opptPTS5":0,"opptPTS6":0,"opptPTS7":0,"opptPTS8":0}
{"_id":{"$oid":"5cb552f6e0f627212ff3bcc8"},"gmDate":"2017/12/9","offLNm3":"Washington","offFNm3":"Tom","teamAbbr":"CHI","teamConf":"East","teamLoc":"Home","teamRslt":"Win","teamPTS":104,"teamAST":28,"teamTO":15,"teamSTL":10,"teamBLK":7,"teamPF":19,"teamFGA":82,"teamFGM":42,"team2PA":57,"team2PM":35,"team3PA":25,"team3PM":7,"teamFTA":23,"teamFTM":13,"teamORB":8,"teamDRB":32,"teamPTS1":27,"teamPTS2":22,"teamPTS3":19,"teamPTS4":36,"teamPTS5":0,"teamPTS6":0,"teamPTS7":0,"teamPTS8":0,"opptAbbr":"NY","opptConf":"East","opptLoc":"Away","opptRslt":"Loss","opptPTS":102,"opptAST":25,"opptTO":15,"opptSTL":6,"opptBLK":3,"opptPF":17,"opptFGA":91,"opptFGM":43,"oppt2PA":67,"oppt2PM":36,"oppt3PA":24,"oppt3PM":7,"opptFTA":9,"opptFTM":9,"opptORB":8,"opptDRB":32,"opptPTS1":18,"opptPTS2":26,"opptPTS3":26,"opptPTS4":32,"opptPTS5":0,"opptPTS6":0,"opptPTS7":0,"opptPTS8":0}
{"_id":{"$oid":"5cb552f6e0f627212ff3bcd3"},"gmDate":"2017/12/10","offLNm3":"Adams","offFNm3":"Bennie","teamAbbr":"NY","teamConf":"East","teamLoc":"Home","teamRslt":"Win","teamPTS":111,"teamAST":16,"teamTO":12,"teamSTL":9,"teamBLK":4,"teamPF":30,"teamFGA":80,"teamFGM":39,"team2PA":63,"team2PM":34,"team3PA":17,"team3PM":5,"teamFTA":34,"teamFTM":28,"teamORB":6,"teamDRB":27,"teamPTS1":24,"teamPTS2":27,"teamPTS3":25,"teamPTS4":35,"teamPTS5":0,"teamPTS6":0,"teamPTS7":0,"teamPTS8":0,"opptAbbr":"ATL","opptConf":"East","opptLoc":"Away","opptRslt":"Loss","opptPTS":107,"opptAST":22,"opptTO":17,"opptSTL":5,"opptBLK":4,"opptPF":28,"opptFGA":77,"opptFGM":37,"oppt2PA":46,"oppt2PM":28,"oppt3PA":31,"oppt3PM":9,"opptFTA":30,"opptFTM":24,"opptORB":6,"opptDRB":29,"opptPTS1":21,"opptPTS2":31,"opptPTS3":23,"opptPTS4":32,"opptPTS5":0,"opptPTS6":0,"opptPTS7":0,"opptPTS8":0}
{"_id":{"$oid":"5cb552f6e0f627212ff3bcdc"},"gmDate":"2017/12/12","offLNm3":"Zarba","offFNm3":"Zach","teamAbbr":"NY","teamConf":"East","teamLoc":"Home","teamRslt":"Win","teamPTS":113,"teamAST":25,"teamTO":14,"teamSTL":7,"teamBLK":7,"teamPF":16,"teamFGA":101,"teamFGM":48,"team2PA":79,"team2PM":39,"team3PA":22,"team3PM":9,"teamFTA":11,"teamFTM":8,"teamORB":15,"teamDRB":34,"teamPTS1":25,"teamPTS2":25,"teamPTS3":26,"teamPTS4":23,"teamPTS5":14,"teamPTS6":0,"teamPTS7":0,"teamPTS8":0,"opptAbbr":"LAL","opptConf":"West","opptLoc":"Away","opptRslt":"Loss","opptPTS":109,"opptAST":24,"opptTO":16,"opptSTL":6,"opptBLK":6,"opptPF":19,"opptFGA":102,"opptFGM":42,"oppt2PA":67,"oppt2PM":29,"oppt3PA":35,"oppt3PM":13,"opptFTA":15,"opptFTM":12,"opptORB":20,"opptDRB":32,"opptPTS1":29,"opptPTS2":22,"opptPTS3":28,"opptPTS4":20,"opptPTS5":10,"opptPTS6":0,"opptPTS7":0,"opptPTS8":0}
{"_id":{"$oid":"5cb552f6e0f627212ff3bceb"},"gmDate":"2017/12/14","offLNm3":"Collins","offFNm3":"Derrick","teamAbbr":"BKN","teamConf":"East","teamLoc":"Home","teamRslt":"Loss","teamPTS":104,"teamAST":21,"teamTO":18,"teamSTL":10,"teamBLK":4,"teamPF":21,"teamFGA":83,"teamFGM":37,"team2PA":41,"team2PM":25,"team3PA":42,"team3PM":12,"teamFTA":23,"teamFTM":18,"teamORB":11,"teamDRB":32,"teamPTS1":26,"teamPTS2":24,"teamPTS3":32,"teamPTS4":22,"teamPTS5":0,"teamPTS6":0,"teamPTS7":0,"teamPTS8":0,"opptAbbr":"NY","opptConf":"East","opptLoc":"Away","opptRslt":"Win","opptPTS":111,"opptAST":23,"opptTO":14,"opptSTL":11,"opptBLK":4,"opptPF":23,"opptFGA":89,"opptFGM":41,"oppt2PA":69,"oppt2PM":31,"oppt3PA":20,"oppt3PM":10,"opptFTA":22,"opptFTM":19,"opptORB":12,"opptDRB":28,"opptPTS1":32,"opptPTS2":31,"opptPTS3":24,"opptPTS4":24,"opptPTS5":0,"opptPTS6":0,"opptPTS7":0,"opptPTS8":0}
{"_id":{"$oid":"5cb552f6e0f627212ff3bcfc"},"gmDate":"2017/12/16","offLNm3":"Van Duyne","offFNm3":"Justin","teamAbbr":"NY","teamConf":"East","teamLoc":"Home","teamRslt":"Win","teamPTS":111,"teamAST":21,"teamTO":16,"teamSTL":9,"teamBLK":3,"teamPF":22,"teamFGA":69,"teamFGM":38,"team2PA":46,"team2PM":24,"team3PA":23,"team3PM":14,"teamFTA":26,"teamFTM":21,"teamORB":6,"teamDRB":29,"teamPTS1":23,"teamPTS2":27,"teamPTS3":30,"teamPTS4":31,"teamPTS5":0,"teamPTS6":0,"teamPTS7":0,"teamPTS8":0,"opptAbbr":"OKC","opptConf":"West","opptLoc":"Away","opptRslt":"Loss","opptPTS":96,"opptAST":18,"opptTO":14,"opptSTL":9,"opptBLK":7,"opptPF":22,"opptFGA":85,"opptFGM":36,"oppt2PA":58,"oppt2PM":24,"oppt3PA":27,"oppt3PM":12,"opptFTA":20,"opptFTM":12,"opptORB":16,"opptDRB":26,"opptPTS1":26,"opptPTS2":18,"opptPTS3":29,"opptPTS4":23,"opptPTS5":0,"opptPTS6":0,"opptPTS7":0,"opptPTS8":0}
{"_id":{"$oid":"5cb552f6e0f627212ff3bd06"},"gmDate":"2017/12/18","offLNm3":"Petraitis","offFNm3":"Gediminas","teamAbbr":"CHA","teamConf":"East","teamLoc":"Home","teamRslt":"Win","teamPTS":109,"teamAST":30,"teamTO":19,"teamSTL":10,"teamBLK":6,"teamPF":16,"teamFGA":88,"teamFGM":43,"team2PA":68,"team2PM":34,"team3PA":20,"team3PM":9,"teamFTA":16,"teamFTM":14,"teamORB":12,"teamDRB":35,"teamPTS1":29,"teamPTS2":31,"teamPTS3":28,"teamPTS4":21,"teamPTS5":0,"teamPTS6":0,"teamPTS7":0,"teamPTS8":0,"opptAbbr":"NY","opptConf":"East","opptLoc":"Away","opptRslt":"Loss","opptPTS":91,"opptAST":21,"opptTO":17,"opptSTL":10,"opptBLK":5,"opptPF":16,"opptFGA":86,"opptFGM":36,"oppt2PA":68,"oppt2PM":33,"oppt3PA":18,"oppt3PM":3,"opptFTA":20,"opptFTM":16,"opptORB":10,"opptDRB":27,"opptPTS1":23,"opptPTS2":19,"opptPTS3":22,"opptPTS4":27,"opptPTS5":0,"opptPTS6":0,"opptPTS7":0,"opptPTS8":0}
{"_id":{"$oid":"5cb552f6e0f627212ff3bd21"},"gmDate":"2017/12/21","offLNm3":"Mauer","offFNm3":"Ken","teamAbbr":"NY","teamConf":"East","teamLoc":"Home","teamRslt":"Win","teamPTS":102,"teamAST":13,"teamTO":17,"teamSTL":8,"teamBLK":3,"teamPF":20,"teamFGA":79,"teamFGM":36,"team2PA":65,"team2PM":28,"team3PA":14,"team3PM":8,"teamFTA":26,"teamFTM":22,"teamORB":11,"teamDRB":38,"teamPTS1":25,"teamPTS2":19,"teamPTS3":24,"teamPTS4":34,"teamPTS5":0,"teamPTS6":0,"teamPTS7":0,"teamPTS8":0,"opptAbbr":"BOS","opptConf":"East","opptLoc":"Away","opptRslt":"Loss","opptPTS":93,"opptAST":17,"opptTO":10,"opptSTL":11,"opptBLK":1,"opptPF":20,"opptFGA":86,"opptFGM":33,"oppt2PA":48,"oppt2PM":20,"oppt3PA":38,"oppt3PM":13,"opptFTA":19,"opptFTM":14,"opptORB":9,"opptDRB":26,"opptPTS1":15,"opptPTS2":25,"opptPTS3":28,"opptPTS4":25,"opptPTS5":0,"opptPTS6":0,"opptPTS7":0,"opptPTS8":0}
{"_id":{"$oid":"5cb552f6e0f627212ff3bd24"},"gmDate":"2017/12/22","offLNm3":"Lewis","offFNm3":"Eric","teamAbbr":"DET","teamConf":"East","teamLoc":"Home","teamRslt":"Win","teamPTS":104,"teamAST":19,"teamTO":12,"teamSTL":8,"teamBLK":5,"teamPF":11,"teamFGA":88,"teamFGM":38,"team2PA":63,"team2PM":28,"team3PA":25,"team3PM":10,"teamFTA":25,"teamFTM":18,"teamORB":15,"teamDRB":29,"teamPTS1":25,"teamPTS2":27,"teamPTS3":22,"teamPTS4":30,"teamPTS5":0,"teamPTS6":0,"teamPTS7":0,"teamPTS8":0,"opptAbbr":"NY","opptConf":"East","opptLoc":"Away","opptRslt":"Loss","opptPTS":101,"opptAST":25,"opptTO":15,"opptSTL":6,"opptBLK":9,"opptPF":20,"opptFGA":97,"opptFGM":44,"oppt2PA":73,"oppt2PM":36,"oppt3PA":24,"oppt3PM":8,"opptFTA":6,"opptFTM":5,"opptORB":16,"opptDRB":35,"opptPTS1":21,"opptPTS2":23,"opptPTS3":31,"opptPTS4":26,"opptPTS5":0,"opptPTS6":0,"opptPTS7":0,"opptPTS8":0}
{"_id":{"$oid":"5cb552f6e0f627212ff3bd3d"},"gmDate":"2017/12/25","offLNm3":"Zarba","offFNm3":"Zach","teamAbbr":"NY","teamConf":"East","teamLoc":"Home","teamRslt":"Loss","teamPTS":98,"teamAST":18,"teamTO":13,"teamSTL":7,"teamBLK":5,"teamPF":21,"teamFGA":94,"teamFGM":38,"team2PA":79,"team2PM":34,"team3PA":15,"team3PM":4,"teamFTA":28,"teamFTM":18,"teamORB":18,"teamDRB":27,"teamPTS1":24,"teamPTS2":24,"teamPTS3":27,"teamPTS4":23,"teamPTS5":0,"teamPTS6":0,"teamPTS7":0,"teamPTS8":0,"opptAbbr":"PHI","opptConf":"East","opptLoc":"Away","opptRslt":"Win","opptPTS":105,"opptAST":21,"opptTO":15,"opptSTL":7,"opptBLK":7,"opptPF":22,"opptFGA":83,"opptFGM":35,"oppt2PA":54,"oppt2PM":25,"oppt3PA":29,"oppt3PM":10,"opptFTA":30,"opptFTM":25,"opptORB":12,"opptDRB":36,"opptPTS1":21,"opptPTS2":29,"opptPTS3":29,"opptPTS4":26,"opptPTS5":0,"opptPTS6":0,"opptPTS7":0,"opptPTS8":0}
{"_id":{"$oid":"5cb552f6e0f627212ff3bd4a"},"gmDate":"2017/12/27","offLNm3":"Brown","offFNm3":"Tony","teamAbbr":"CHI","teamConf":"East","teamLoc":"Home","teamRslt":"Win","teamPTS":92,"teamAST":23,"teamTO":15,"teamSTL":9,"teamBLK":3,"teamPF":15,"teamFGA":86,"teamFGM":35,"team2PA":58,"team2PM":25,"team3PA":28,"team3PM":10,"teamFTA":16,"teamFTM":12,"teamORB":4,"teamDRB":46,"teamPTS1":17,"teamPTS2":32,"teamPTS3":22,"teamPTS4":21,"teamPTS5":0,"teamPTS6":0,"teamPTS7":0,"teamPTS8":0,"opptAbbr":"NY","opptConf":"East","opptLoc":"Away","opptRslt":"Loss","opptPTS":87,"opptAST":21,"opptTO":12,"opptSTL":6,"opptBLK":5,"opptPF":17,"opptFGA":91,"opptFGM":37,"oppt2PA":68,"oppt2PM":33,"oppt3PA":23,"oppt3PM":4,"opptFTA":13,"opptFTM":9,"opptORB":7,"opptDRB":44,"opptPTS1":28,"opptPTS2":24,"opptPTS3":21,"opptPTS4":14,"opptPTS5":0,"opptPTS6":0,"opptPTS7":0,"opptPTS8":0}
{"_id":{"$oid":"5cb552f6e0f627212ff3bd54"},"gmDate":"2017/12/28","offLNm3":"Smith","offFNm3":"Michael","teamAbbr":"SA","teamConf":"West","teamLoc":"Home","teamRslt":"Win","teamPTS":119,"teamAST":28,"teamTO":9,"teamSTL":2,"teamBLK":4,"teamPF":18,"teamFGA":80,"teamFGM":41,"team2PA":60,"team2PM":32,"team3PA":20,"team3PM":9,"teamFTA":39,"teamFTM":28,"teamORB":10,"teamDRB":33,"teamPTS1":32,"teamPTS2":22,"teamPTS3":32,"teamPTS4":33,"teamPTS5":0,"teamPTS6":0,"teamPTS7":0,"teamPTS8":0,"opptAbbr":"NY","opptConf":"East","opptLoc":"Away","opptRslt":"Loss","opptPTS":107,"opptAST":31,"opptTO":10,"opptSTL":6,"opptBLK":8,"opptPF":26,"opptFGA":90,"opptFGM":41,"oppt2PA":76,"oppt2PM":36,"oppt3PA":14,"oppt3PM":5,"opptFTA":22,"opptFTM":20,"opptORB":12,"opptDRB":32,"opptPTS1":24,"opptPTS2":29,"opptPTS3":26,"opptPTS4":28,"opptPTS5":0,"opptPTS6":0,"opptPTS7":0,"opptPTS8":0}
{"_id":{"$oid":"5cb552f6e0f627212ff3bd60"},"gmDate":"2017/12/30","offLNm3":"Collins","offFNm3":"Derrick","teamAbbr":"NO","teamConf":"West","teamLoc":"Home","teamRslt":"Loss","teamPTS":103,"teamAST":24,"teamTO":10,"teamSTL":3,"teamBLK":5,"teamPF":19,"teamFGA":84,"teamFGM":38,"team2PA":58,"team2PM":32,"team3PA":26,"team3PM":6,"teamFTA":27,"teamFTM":21,"teamORB":4,"teamDRB":44,"teamPTS1":21,"teamPTS2":24,"teamPTS3":33,"teamPTS4":25,"teamPTS5":0,"teamPTS6":0,"teamPTS7":0,"teamPTS8":0,"opptAbbr":"NY","opptConf":"East","opptLoc":"Away","opptRslt":"Win","opptPTS":105,"opptAST":24,"opptTO":7,"opptSTL":6,"opptBLK":7,"opptPF":24,"opptFGA":94,"opptFGM":41,"oppt2PA":75,"oppt2PM":36,"oppt3PA":19,"oppt3PM":5,"opptFTA":21,"opptFTM":18,"opptORB":9,"opptDRB":42,"opptPTS1":28,"opptPTS2":28,"opptPTS3":23,"opptPTS4":26,"opptPTS5":0,"opptPTS6":0,"opptPTS7":0,"opptPTS8":0}
{"_id":{"$oid":"5cb552f6e0f627212ff3bd73"},"gmDate":"2018/1/2","offLNm3":"Tiven","offFNm3":"Josh","teamAbbr":"NY","teamConf":"East","teamLoc":"Home","teamRslt":"Loss","teamPTS":91,"teamAST":21,"teamTO":14,"teamSTL":5,"teamBLK":7,"teamPF":23,"teamFGA":87,"teamFGM":35,"team2PA":65,"team2PM":28,"team3PA":22,"team3PM":7,"teamFTA":18,"teamFTM":14,"teamORB":12,"teamDRB":38,"teamPTS1":29,"teamPTS2":20,"teamPTS3":18,"teamPTS4":24,"teamPTS5":0,"teamPTS6":0,"teamPTS7":0,"teamPTS8":0,"opptAbbr":"SA","opptConf":"West","opptLoc":"Away","opptRslt":"Win","opptPTS":100,"opptAST":18,"opptTO":8,"opptSTL":11,"opptBLK":5,"opptPF":17,"opptFGA":82,"opptFGM":31,"oppt2PA":55,"oppt2PM":21,"oppt3PA":27,"oppt3PM":10,"opptFTA":34,"opptFTM":28,"opptORB":14,"opptDRB":36,"opptPTS1":25,"opptPTS2":27,"opptPTS3":29,"opptPTS4":19,"opptPTS5":0,"opptPTS6":0,"opptPTS7":0,"opptPTS8":0}
{"_id":{"$oid":"5cb552f6e0f627212ff3bd79"},"gmDate":"2018/1/3","offLNm3":"Ayotte","offFNm3":"Mark","teamAbbr":"WAS","teamConf":"East","teamLoc":"Home","teamRslt":"Win","teamPTS":121,"teamAST":27,"teamTO":13,"teamSTL":9,"teamBLK":5,"teamPF":21,"teamFGA":81,"teamFGM":48,"team2PA":58,"team2PM":39,"team3PA":23,"team3PM":9,"teamFTA":26,"teamFTM":16,"teamORB":6,"teamDRB":36,"teamPTS1":33,"teamPTS2":31,"teamPTS3":26,"teamPTS4":31,"teamPTS5":0,"teamPTS6":0,"teamPTS7":0,"teamPTS8":0,"opptAbbr":"NY","opptConf":"East","opptLoc":"Away","opptRslt":"Loss","opptPTS":103,"opptAST":19,"opptTO":14,"opptSTL":7,"opptBLK":5,"opptPF":20,"opptFGA":86,"opptFGM":41,"oppt2PA":67,"oppt2PM":34,"oppt3PA":19,"oppt3PM":7,"opptFTA":18,"opptFTM":14,"opptORB":8,"opptDRB":28,"opptPTS1":32,"opptPTS2":31,"opptPTS3":14,"opptPTS4":26,"opptPTS5":0,"opptPTS6":0,"opptPTS7":0,"opptPTS8":0}
{"_id":{"$oid":"5cb552f6e0f627212ff3bd85"},"gmDate":"2018/1/5","offLNm3":"Davis","offFNm3":"Marc","teamAbbr":"MIA","teamConf":"East","teamLoc":"Home","teamRslt":"Win","teamPTS":107,"teamAST":24,"teamTO":15,"teamSTL":10,"teamBLK":5,"teamPF":19,"teamFGA":94,"teamFGM":38,"team2PA":52,"team2PM":26,"team3PA":42,"team3PM":12,"teamFTA":20,"teamFTM":19,"teamORB":15,"teamDRB":29,"teamPTS1":26,"teamPTS2":25,"teamPTS3":24,"teamPTS4":22,"teamPTS5":10,"teamPTS6":0,"teamPTS7":0,"teamPTS8":0,"opptAbbr":"NY","opptConf":"East","opptLoc":"Away","opptRslt":"Loss","opptPTS":103,"opptAST":14,"opptTO":19,"opptSTL":11,"opptBLK":7,"opptPF":26,"opptFGA":80,"opptFGM":39,"oppt2PA":67,"oppt2PM":34,"oppt3PA":13,"oppt3PM":5,"opptFTA":23,"opptFTM":20,"opptORB":8,"opptDRB":31,"opptPTS1":25,"opptPTS2":20,"opptPTS3":26,"opptPTS4":26,"opptPTS5":6,"opptPTS6":0,"opptPTS7":0,"opptPTS8":0}
{"_id":{"$oid":"5cb552f6e0f627212ff3bd98"},"gmDate":"2018/1/7","offLNm3":"Brown","offFNm3":"Tony","teamAbbr":"DAL","teamConf":"West","teamLoc":"Home","teamRslt":"Loss","teamPTS":96,"teamAST":22,"teamTO":7,"teamSTL":7,"teamBLK":2,"teamPF":20,"teamFGA":92,"teamFGM":35,"team2PA":68,"team2PM":29,"team3PA":24,"team3PM":6,"teamFTA":24,"teamFTM":20,"teamORB":9,"teamDRB":31,"teamPTS1":25,"teamPTS2":27,"teamPTS3":19,"teamPTS4":25,"teamPTS5":0,"teamPTS6":0,"teamPTS7":0,"teamPTS8":0,"opptAbbr":"NY","opptConf":"East","opptLoc":"Away","opptRslt":"Win","opptPTS":100,"opptAST":22,"opptTO":16,"opptSTL":4,"opptBLK":6,"opptPF":23,"opptFGA":82,"opptFGM":38,"oppt2PA":66,"oppt2PM":32,"oppt3PA":16,"oppt3PM":6,"opptFTA":20,"opptFTM":18,"opptORB":10,"opptDRB":49,"opptPTS1":33,"opptPTS2":23,"opptPTS3":19,"opptPTS4":25,"opptPTS5":0,"opptPTS6":0,"opptPTS7":0,"opptPTS8":0}
{"_id":{"$oid":"5cb552f6e0f627212ff3bdac"},"gmDate":"2018/1/10","offLNm3":"Boland","offFNm3":"Matt","teamAbbr":"NY","teamConf":"East","teamLoc":"Home","teamRslt":"Loss","teamPTS":119,"teamAST":24,"teamTO":18,"teamSTL":5,"teamBLK":9,"teamPF":20,"teamFGA":96,"teamFGM":48,"team2PA":74,"team2PM":38,"team3PA":22,"team3PM":10,"teamFTA":21,"teamFTM":13,"teamORB":11,"teamDRB":40,"teamPTS1":25,"teamPTS2":27,"teamPTS3":30,"teamPTS4":23,"teamPTS5":7,"teamPTS6":7,"teamPTS7":0,"teamPTS8":0,"opptAbbr":"CHI","opptConf":"East","opptLoc":"Away","opptRslt":"Win","opptPTS":122,"opptAST":21,"opptTO":17,"opptSTL":10,"opptBLK":5,"opptPF":19,"opptFGA":98,"opptFGM":45,"oppt2PA":65,"oppt2PM":30,"oppt3PA":33,"oppt3PM":15,"opptFTA":20,"opptFTM":17,"opptORB":10,"opptDRB":38,"opptPTS1":26,"opptPTS2":22,"opptPTS3":30,"opptPTS4":27,"opptPTS5":7,"opptPTS6":10,"opptPTS7":0,"opptPTS8":0}
{"_id":{"$oid":"5cb552f6e0f627212ff3bdbc"},"gmDate":"2018/1/12","offLNm3":"Sterling","offFNm3":"Jonathan","teamAbbr":"MIN","teamConf":"West","teamLoc":"Home","teamRslt":"Win","teamPTS":118,"teamAST":33,"teamTO":12,"teamSTL":12,"teamBLK":4,"teamPF":12,"teamFGA":95,"teamFGM":49,"team2PA":68,"team2PM":39,"team3PA":27,"team3PM":10,"teamFTA":16,"teamFTM":10,"teamORB":16,"teamDRB":27,"teamPTS1":24,"teamPTS2":31,"teamPTS3":32,"teamPTS4":31,"teamPTS5":0,"teamPTS6":0,"teamPTS7":0,"teamPTS8":0,"opptAbbr":"NY","opptConf":"East","opptLoc":"Away","opptRslt":"Loss","opptPTS":108,"opptAST":25,"opptTO":16,"opptSTL":6,"opptBLK":6,"opptPF":17,"opptFGA":83,"opptFGM":45,"oppt2PA":59,"oppt2PM":33,"oppt3PA":24,"oppt3PM":12,"opptFTA":9,"opptFTM":6,"opptORB":9,"opptDRB":27,"opptPTS1":27,"opptPTS2":30,"opptPTS3":29,"opptPTS4":22,"opptPTS5":0,"opptPTS6":0,"opptPTS7":0,"opptPTS8":0}
{"_id":{"$oid":"5cb552f6e0f627212ff3bdc8"},"gmDate":"2018/1/14","offLNm3":"Van Duyne","offFNm3":"Justin","teamAbbr":"NY","teamConf":"East","teamLoc":"Home","teamRslt":"Loss","teamPTS":118,"teamAST":28,"teamTO":24,"teamSTL":12,"teamBLK":7,"teamPF":27,"teamFGA":97,"teamFGM":46,"team2PA":63,"team2PM":34,"team3PA":34,"team3PM":12,"teamFTA":18,"teamFTM":14,"teamORB":10,"teamDRB":34,"teamPTS1":29,"teamPTS2":28,"teamPTS3":39,"teamPTS4":13,"teamPTS5":9,"teamPTS6":0,"teamPTS7":0,"teamPTS8":0,"opptAbbr":"NO","opptConf":"West","opptLoc":"Away","opptRslt":"Win","opptPTS":123,"opptAST":19,"opptTO":19,"opptSTL":17,"opptBLK":7,"opptPF":17,"opptFGA":95,"opptFGM":45,"oppt2PA":63,"oppt2PM":36,"oppt3PA":32,"oppt3PM":9,"opptFTA":34,"opptFTM":24,"opptORB":12,"opptDRB":35,"opptPTS1":13,"opptPTS2":35,"opptPTS3":34,"opptPTS4":27,"opptPTS5":14,"opptPTS6":0,"opptPTS7":0,"opptPTS8":0}
{"_id":{"$oid":"5cb552f6e0f627212ff3bdce"},"gmDate":"2018/1/15","offLNm3":"Acosta","offFNm3":"Ray","teamAbbr":"BKN","teamConf":"East","teamLoc":"Home","teamRslt":"Loss","teamPTS":104,"teamAST":16,"teamTO":11,"teamSTL":5,"teamBLK":3,"teamPF":23,"teamFGA":87,"teamFGM":32,"team2PA":55,"team2PM":21,"team3PA":32,"team3PM":11,"teamFTA":36,"teamFTM":29,"teamORB":11,"teamDRB":34,"teamPTS1":24,"teamPTS2":18,"teamPTS3":39,"teamPTS4":23,"teamPTS5":0,"teamPTS6":0,"teamPTS7":0,"teamPTS8":0,"opptAbbr":"NY","opptConf":"East","opptLoc":"Away","opptRslt":"Win","opptPTS":119,"opptAST":27,"opptTO":9,"opptSTL":5,"opptBLK":10,"opptPF":24,"opptFGA":82,"opptFGM":42,"oppt2PA":66,"oppt2PM":33,"oppt3PA":16,"oppt3PM":9,"opptFTA":37,"opptFTM":26,"opptORB":8,"opptDRB":43,"opptPTS1":26,"opptPTS2":26,"opptPTS3":31,"opptPTS4":36,"opptPTS5":0,"opptPTS6":0,"opptPTS7":0,"opptPTS8":0}
{"_id":{"$oid":"5cb552f6e0f627212ff3bddf"},"gmDate":"2018/1/17","offLNm3":"DeRosa","offFNm3":"Joe","teamAbbr":"MEM","teamConf":"West","teamLoc":"Home","teamRslt":"Win","teamPTS":105,"teamAST":23,"teamTO":12,"teamSTL":9,"teamBLK":3,"teamPF":19,"teamFGA":91,"teamFGM":41,"team2PA":63,"team2PM":31,"team3PA":28,"team3PM":10,"teamFTA":17,"teamFTM":13,"teamORB":15,"teamDRB":29,"teamPTS1":32,"teamPTS2":29,"teamPTS3":27,"teamPTS4":17,"teamPTS5":0,"teamPTS6":0,"teamPTS7":0,"teamPTS8":0,"opptAbbr":"NY","opptConf":"East","opptLoc":"Away","opptRslt":"Loss","opptPTS":99,"opptAST":22,"opptTO":14,"opptSTL":5,"opptBLK":12,"opptPF":15,"opptFGA":82,"opptFGM":35,"oppt2PA":55,"oppt2PM":28,"oppt3PA":27,"oppt3PM":7,"opptFTA":23,"opptFTM":22,"opptORB":12,"opptDRB":33,"opptPTS1":31,"opptPTS2":22,"opptPTS3":20,"opptPTS4":26,"opptPTS5":0,"opptPTS6":0,"opptPTS7":0,"opptPTS8":0}
{"_id":{"$oid":"5cb552f6e0f627212ff3bdee"},"gmDate":"2018/1/19","offLNm3":"Malloy","offFNm3":"Ed","teamAbbr":"UTA","teamConf":"West","teamLoc":"Home","teamRslt":"Loss","teamPTS":115,"teamAST":19,"teamTO":17,"teamSTL":4,"teamBLK":6,"teamPF":20,"teamFGA":91,"teamFGM":42,"team2PA":60,"team2PM":31,"team3PA":31,"team3PM":11,"teamFTA":30,"teamFTM":20,"teamORB":15,"teamDRB":37,"teamPTS1":25,"teamPTS2":30,"teamPTS3":23,"teamPTS4":37,"teamPTS5":0,"teamPTS6":0,"teamPTS7":0,"teamPTS8":0,"opptAbbr":"NY","opptConf":"East","opptLoc":"Away","opptRslt":"Win","opptPTS":117,"opptAST":23,"opptTO":12,"opptSTL":6,"opptBLK":6,"opptPF":26,"opptFGA":89,"opptFGM":44,"oppt2PA":69,"oppt2PM":33,"oppt3PA":20,"oppt3PM":11,"opptFTA":23,"opptFTM":18,"opptORB":7,"opptDRB":29,"opptPTS1":22,"opptPTS2":27,"opptPTS3":36,"opptPTS4":32,"opptPTS5":0,"opptPTS6":0,"opptPTS7":0,"opptPTS8":0}
{"_id":{"$oid":"5cb552f6e0f627212ff3bdf9"},"gmDate":"2018/1/21","offLNm3":"Adams","offFNm3":"Bennie","teamAbbr":"LAL","teamConf":"West","teamLoc":"Home","teamRslt":"Win","teamPTS":127,"teamAST":31,"teamTO":6,"teamSTL":10,"teamBLK":3,"teamPF":18,"teamFGA":91,"teamFGM":51,"team2PA":65,"team2PM":41,"team3PA":26,"team3PM":10,"teamFTA":21,"teamFTM":15,"teamORB":12,"teamDRB":27,"teamPTS1":30,"teamPTS2":37,"teamPTS3":30,"teamPTS4":30,"teamPTS5":0,"teamPTS6":0,"teamPTS7":0,"teamPTS8":0,"opptAbbr":"NY","opptConf":"East","opptLoc":"Away","opptRslt":"Loss","opptPTS":107,"opptAST":32,"opptTO":17,"opptSTL":3,"opptBLK":5,"opptPF":20,"opptFGA":81,"opptFGM":44,"oppt2PA":56,"oppt2PM":32,"oppt3PA":25,"oppt3PM":12,"opptFTA":10,"opptFTM":7,"opptORB":7,"opptDRB":26,"opptPTS1":29,"opptPTS2":34,"opptPTS3":26,"opptPTS4":18,"opptPTS5":0,"opptPTS6":0,"opptPTS7":0,"opptPTS8":0}
{"_id":{"$oid":"5cb552f6e0f627212ff3be08"},"gmDate":"2018/1/23","offLNm3":"Nansel","offFNm3":"Brett","teamAbbr":"GS","teamConf":"West","teamLoc":"Home","teamRslt":"Win","teamPTS":123,"teamAST":40,"teamTO":12,"teamSTL":6,"teamBLK":3,"teamPF":16,"teamFGA":83,"teamFGM":46,"team2PA":53,"team2PM":33,"team3PA":30,"team3PM":13,"teamFTA":20,"teamFTM":18,"teamORB":3,"teamDRB":33,"teamPTS1":21,"teamPTS2":37,"teamPTS3":37,"teamPTS4":28,"teamPTS5":0,"teamPTS6":0,"teamPTS7":0,"teamPTS8":0,"opptAbbr":"NY","opptConf":"East","opptLoc":"Away","opptRslt":"Loss","opptPTS":112,"opptAST":28,"opptTO":14,"opptSTL":4,"opptBLK":0,"opptPF":20,"opptFGA":83,"opptFGM":43,"oppt2PA":61,"oppt2PM":34,"oppt3PA":22,"oppt3PM":9,"opptFTA":19,"opptFTM":17,"opptORB":6,"opptDRB":32,"opptPTS1":31,"opptPTS2":29,"opptPTS3":26,"opptPTS4":26,"opptPTS5":0,"opptPTS6":0,"opptPTS7":0,"opptPTS8":0}
{"_id":{"$oid":"5cb552f6e0f627212ff3be15"},"gmDate":"2018/1/25","offLNm3":"Foster","offFNm3":"Scott","teamAbbr":"DEN","teamConf":"West","teamLoc":"Home","teamRslt":"Win","teamPTS":130,"teamAST":36,"teamTO":13,"teamSTL":3,"teamBLK":2,"teamPF":20,"teamFGA":80,"teamFGM":48,"team2PA":52,"team2PM":34,"team3PA":28,"team3PM":14,"teamFTA":24,"teamFTM":20,"teamORB":2,"teamDRB":30,"teamPTS1":39,"teamPTS2":34,"teamPTS3":26,"teamPTS4":31,"teamPTS5":0,"teamPTS6":0,"teamPTS7":0,"teamPTS8":0,"opptAbbr":"NY","opptConf":"East","opptLoc":"Away","opptRslt":"Loss","opptPTS":118,"opptAST":32,"opptTO":10,"opptSTL":9,"opptBLK":5,"opptPF":20,"opptFGA":82,"opptFGM":45,"oppt2PA":61,"oppt2PM":37,"oppt3PA":21,"oppt3PM":8,"opptFTA":24,"opptFTM":20,"opptORB":3,"opptDRB":30,"opptPTS1":28,"opptPTS2":32,"opptPTS3":32,"opptPTS4":26,"opptPTS5":0,"opptPTS6":0,"opptPTS7":0,"opptPTS8":0}
{"_id":{"$oid":"5cb552f6e0f627212ff3be20"},"gmDate":"2018/1/26","offLNm3":"Boland","offFNm3":"Matt","teamAbbr":"PHO","teamConf":"West","teamLoc":"Home","teamRslt":"Loss","teamPTS":85,"teamAST":15,"teamTO":15,"teamSTL":6,"teamBLK":3,"teamPF":24,"teamFGA":94,"teamFGM":33,"team2PA":61,"team2PM":22,"team3PA":33,"team3PM":11,"teamFTA":13,"teamFTM":8,"teamORB":12,"teamDRB":30,"teamPTS1":23,"teamPTS2":26,"teamPTS3":18,"teamPTS4":18,"teamPTS5":0,"teamPTS6":0,"teamPTS7":0,"teamPTS8":0,"opptAbbr":"NY","opptConf":"East","opptLoc":"Away","opptRslt":"Win","opptPTS":107,"opptAST":25,"opptTO":16,"opptSTL":7,"opptBLK":10,"opptPF":20,"opptFGA":85,"opptFGM":41,"oppt2PA":60,"oppt2PM":32,"oppt3PA":25,"oppt3PM":9,"opptFTA":22,"opptFTM":16,"opptORB":10,"opptDRB":39,"opptPTS1":33,"opptPTS2":20,"opptPTS3":28,"opptPTS4":26,"opptPTS5":0,"opptPTS6":0,"opptPTS7":0,"opptPTS8":0}
{"_id":{"$oid":"5cb552f6e0f627212ff3be36"},"gmDate":"2018/1/30","offLNm3":"Sterling","offFNm3":"Jonathan","teamAbbr":"NY","teamConf":"East","teamLoc":"Home","teamRslt":"Win","teamPTS":111,"teamAST":22,"teamTO":11,"teamSTL":6,"teamBLK":5,"teamPF":13,"teamFGA":89,"teamFGM":39,"team2PA":63,"team2PM":26,"team3PA":26,"team3PM":13,"teamFTA":25,"teamFTM":20,"teamORB":12,"teamDRB":35,"teamPTS1":30,"teamPTS2":31,"teamPTS3":25,"teamPTS4":25,"teamPTS5":0,"teamPTS6":0,"teamPTS7":0,"teamPTS8":0,"opptAbbr":"BKN","opptConf":"East","opptLoc":"Away","opptRslt":"Loss","opptPTS":95,"opptAST":15,"opptTO":18,"opptSTL":6,"opptBLK":3,"opptPF":21,"opptFGA":86,"opptFGM":36,"oppt2PA":50,"oppt2PM":27,"oppt3PA":36,"oppt3PM":9,"opptFTA":16,"opptFTM":14,"opptORB":11,"opptDRB":38,"opptPTS1":22,"opptPTS2":19,"opptPTS3":28,"opptPTS4":26,"opptPTS5":0,"opptPTS6":0,"opptPTS7":0,"opptPTS8":0}
{"_id":{"$oid":"5cb552f6e0f627212ff3be43"},"gmDate":"2018/1/31","offLNm3":"Collins","offFNm3":"Derrick","teamAbbr":"BOS","teamConf":"East","teamLoc":"Home","teamRslt":"Win","teamPTS":103,"teamAST":27,"teamTO":10,"teamSTL":8,"teamBLK":3,"teamPF":22,"teamFGA":83,"teamFGM":40,"team2PA":57,"team2PM":29,"team3PA":26,"team3PM":11,"teamFTA":20,"teamFTM":12,"teamORB":5,"teamDRB":44,"teamPTS1":27,"teamPTS2":23,"teamPTS3":31,"teamPTS4":22,"teamPTS5":0,"teamPTS6":0,"teamPTS7":0,"teamPTS8":0,"opptAbbr":"NY","opptConf":"East","opptLoc":"Away","opptRslt":"Loss","opptPTS":73,"opptAST":16,"opptTO":14,"opptSTL":4,"opptBLK":4,"opptPF":17,"opptFGA":87,"opptFGM":28,"oppt2PA":70,"oppt2PM":25,"oppt3PA":17,"oppt3PM":3,"opptFTA":21,"opptFTM":14,"opptORB":9,"opptDRB":35,"opptPTS1":24,"opptPTS2":21,"opptPTS3":20,"opptPTS4":8,"opptPTS5":0,"opptPTS6":0,"opptPTS7":0,"opptPTS8":0}
{"_id":{"$oid":"5cb552f6e0f627212ff3be4f"},"gmDate":"2018/2/2","offLNm3":"Corbin","offFNm3":"Sean","teamAbbr":"MIL","teamConf":"East","teamLoc":"Home","teamRslt":"Win","teamPTS":92,"teamAST":18,"teamTO":11,"teamSTL":10,"teamBLK":8,"teamPF":21,"teamFGA":76,"teamFGM":33,"team2PA":52,"team2PM":26,"team3PA":24,"team3PM":7,"teamFTA":26,"teamFTM":19,"teamORB":4,"teamDRB":32,"teamPTS1":28,"teamPTS2":27,"teamPTS3":19,"teamPTS4":18,"teamPTS5":0,"teamPTS6":0,"teamPTS7":0,"teamPTS8":0,"opptAbbr":"NY","opptConf":"East","opptLoc":"Away","opptRslt":"Loss","opptPTS":90,"opptAST":24,"opptTO":20,"opptSTL":7,"opptBLK":4,"opptPF":21,"opptFGA":89,"opptFGM":36,"oppt2PA":64,"oppt2PM":31,"oppt3PA":25,"oppt3PM":5,"opptFTA":17,"opptFTM":13,"opptORB":18,"opptDRB":39,"opptPTS1":29,"opptPTS2":26,"opptPTS3":19,"opptPTS4":16,"opptPTS5":0,"opptPTS6":0,"opptPTS7":0,"opptPTS8":0}
{"_id":{"$oid":"5cb552f6e0f627212ff3be61"},"gmDate":"2018/2/4","offLNm3":"Fraher","offFNm3":"Pat","teamAbbr":"NY","teamConf":"East","teamLoc":"Home","teamRslt":"Loss","teamPTS":96,"teamAST":16,"teamTO":15,"teamSTL":10,"teamBLK":8,"teamPF":16,"teamFGA":94,"teamFGM":41,"team2PA":71,"team2PM":36,"team3PA":23,"team3PM":5,"teamFTA":15,"teamFTM":9,"teamORB":16,"teamDRB":32,"teamPTS1":22,"teamPTS2":16,"teamPTS3":33,"teamPTS4":25,"teamPTS5":0,"teamPTS6":0,"teamPTS7":0,"teamPTS8":0,"opptAbbr":"ATL","opptConf":"East","opptLoc":"Away","opptRslt":"Win","opptPTS":99,"opptAST":25,"opptTO":16,"opptSTL":6,"opptBLK":3,"opptPF":12,"opptFGA":87,"opptFGM":35,"oppt2PA":54,"oppt2PM":20,"oppt3PA":33,"oppt3PM":15,"opptFTA":19,"opptFTM":14,"opptORB":13,"opptDRB":31,"opptPTS1":21,"opptPTS2":23,"opptPTS3":25,"opptPTS4":30,"opptPTS5":0,"opptPTS6":0,"opptPTS7":0,"opptPTS8":0}
{"_id":{"$oid":"5cb552f6e0f627212ff3be6c"},"gmDate":"2018/2/6","offLNm3":"Washington","offFNm3":"Tom","teamAbbr":"NY","teamConf":"East","teamLoc":"Home","teamRslt":"Loss","teamPTS":89,"teamAST":20,"teamTO":20,"teamSTL":5,"teamBLK":6,"teamPF":19,"teamFGA":89,"teamFGM":37,"team2PA":66,"team2PM":32,"team3PA":23,"team3PM":5,"teamFTA":15,"teamFTM":10,"teamORB":11,"teamDRB":36,"teamPTS1":26,"teamPTS2":20,"teamPTS3":17,"teamPTS4":26,"teamPTS5":0,"teamPTS6":0,"teamPTS7":0,"teamPTS8":0,"opptAbbr":"MIL","opptConf":"East","opptLoc":"Away","opptRslt":"Win","opptPTS":103,"opptAST":23,"opptTO":15,"opptSTL":11,"opptBLK":6,"opptPF":17,"opptFGA":82,"opptFGM":37,"oppt2PA":56,"oppt2PM":29,"oppt3PA":26,"oppt3PM":8,"opptFTA":27,"opptFTM":21,"opptORB":8,"opptDRB":35,"opptPTS1":25,"opptPTS2":25,"opptPTS3":26,"opptPTS4":27,"opptPTS5":0,"opptPTS6":0,"opptPTS7":0,"opptPTS8":0}
{"_id":{"$oid":"5cb552f6e0f627212ff3be78"},"gmDate":"2018/2/8","offLNm3":"Ayotte","offFNm3":"Mark","teamAbbr":"TOR","teamConf":"East","teamLoc":"Home","teamRslt":"Win","teamPTS":113,"teamAST":31,"teamTO":9,"teamSTL":11,"teamBLK":5,"teamPF":17,"teamFGA":95,"teamFGM":43,"team2PA":52,"team2PM":27,"team3PA":43,"team3PM":16,"teamFTA":14,"teamFTM":11,"teamORB":9,"teamDRB":43,"teamPTS1":23,"teamPTS2":29,"teamPTS3":30,"teamPTS4":31,"teamPTS5":0,"teamPTS6":0,"teamPTS7":0,"teamPTS8":0,"opptAbbr":"NY","opptConf":"East","opptLoc":"Away","opptRslt":"Loss","opptPTS":88,"opptAST":19,"opptTO":16,"opptSTL":4,"opptBLK":8,"opptPF":15,"opptFGA":83,"opptFGM":33,"oppt2PA":56,"oppt2PM":26,"oppt3PA":27,"oppt3PM":7,"opptFTA":18,"opptFTM":15,"opptORB":5,"opptDRB":38,"opptPTS1":18,"opptPTS2":23,"opptPTS3":25,"opptPTS4":22,"opptPTS5":0,"opptPTS6":0,"opptPTS7":0,"opptPTS8":0}
{"_id":{"$oid":"5cb552f6e0f627212ff3be90"},"gmDate":"2018/2/11","offLNm3":"Nansel","offFNm3":"Brett","teamAbbr":"IND","teamConf":"East","teamLoc":"Home","teamRslt":"Win","teamPTS":121,"teamAST":27,"teamTO":13,"teamSTL":7,"teamBLK":5,"teamPF":16,"teamFGA":94,"teamFGM":47,"team2PA":66,"team2PM":35,"team3PA":28,"team3PM":12,"teamFTA":22,"teamFTM":15,"teamORB":16,"teamDRB":38,"teamPTS1":36,"teamPTS2":32,"teamPTS3":26,"teamPTS4":27,"teamPTS5":0,"teamPTS6":0,"teamPTS7":0,"teamPTS8":0,"opptAbbr":"NY","opptConf":"East","opptLoc":"Away","opptRslt":"Loss","opptPTS":113,"opptAST":27,"opptTO":12,"opptSTL":8,"opptBLK":3,"opptPF":18,"opptFGA":93,"opptFGM":41,"oppt2PA":58,"oppt2PM":32,"oppt3PA":35,"oppt3PM":9,"opptFTA":25,"opptFTM":22,"opptORB":12,"opptDRB":33,"opptPTS1":37,"opptPTS2":25,"opptPTS3":22,"opptPTS4":29,"opptPTS5":0,"opptPTS6":0,"opptPTS7":0,"opptPTS8":0}
{"_id":{"$oid":"5cb552f6e0f627212ff3be96"},"gmDate":"2018/2/12","offLNm3":"Malloy","offFNm3":"Ed","teamAbbr":"PHI","teamConf":"East","teamLoc":"Home","teamRslt":"Win","teamPTS":108,"teamAST":27,"teamTO":19,"teamSTL":13,"teamBLK":5,"teamPF":22,"teamFGA":74,"teamFGM":41,"team2PA":55,"team2PM":31,"team3PA":19,"team3PM":10,"teamFTA":24,"teamFTM":16,"teamORB":7,"teamDRB":30,"teamPTS1":31,"teamPTS2":26,"teamPTS3":29,"teamPTS4":22,"teamPTS5":0,"teamPTS6":0,"teamPTS7":0,"teamPTS8":0,"opptAbbr":"NY","opptConf":"East","opptLoc":"Away","opptRslt":"Loss","opptPTS":92,"opptAST":16,"opptTO":19,"opptSTL":5,"opptBLK":3,"opptPF":22,"opptFGA":78,"opptFGM":31,"oppt2PA":54,"oppt2PM":25,"oppt3PA":24,"oppt3PM":6,"opptFTA":28,"opptFTM":24,"opptORB":7,"opptDRB":26,"opptPTS1":21,"opptPTS2":34,"opptPTS3":24,"opptPTS4":13,"opptPTS5":0,"opptPTS6":0,"opptPTS7":0,"opptPTS8":0}
{"_id":{"$oid":"5cb552f6e0f627212ff3bea5"},"gmDate":"2018/2/14","offLNm3":"Callahan","offFNm3":"Mike","teamAbbr":"NY","teamConf":"East","teamLoc":"Home","teamRslt":"Loss","teamPTS":113,"teamAST":21,"teamTO":10,"teamSTL":7,"teamBLK":1,"teamPF":17,"teamFGA":97,"teamFGM":45,"team2PA":78,"team2PM":36,"team3PA":19,"team3PM":9,"teamFTA":18,"teamFTM":14,"teamORB":11,"teamDRB":31,"teamPTS1":39,"teamPTS2":33,"teamPTS3":15,"teamPTS4":26,"teamPTS5":0,"teamPTS6":0,"teamPTS7":0,"teamPTS8":0,"opptAbbr":"WAS","opptConf":"East","opptLoc":"Away","opptRslt":"Win","opptPTS":118,"opptAST":31,"opptTO":12,"opptSTL":7,"opptBLK":9,"opptPF":16,"opptFGA":88,"opptFGM":48,"oppt2PA":66,"oppt2PM":41,"oppt3PA":22,"oppt3PM":7,"opptFTA":19,"opptFTM":15,"opptORB":6,"opptDRB":39,"opptPTS1":26,"opptPTS2":25,"opptPTS3":39,"opptPTS4":28,"opptPTS5":0,"opptPTS6":0,"opptPTS7":0,"opptPTS8":0}
{"_id":{"$oid":"5cb552f6e0f627212ff3beb0"},"gmDate":"2018/2/22","offLNm3":"Wood","offFNm3":"Leon","teamAbbr":"ORL","teamConf":"East","teamLoc":"Home","teamRslt":"Loss","teamPTS":113,"teamAST":28,"teamTO":14,"teamSTL":7,"teamBLK":5,"teamPF":15,"teamFGA":83,"teamFGM":43,"team2PA":59,"team2PM":32,"team3PA":24,"team3PM":11,"teamFTA":23,"teamFTM":16,"teamORB":5,"teamDRB":34,"teamPTS1":41,"teamPTS2":28,"teamPTS3":20,"teamPTS4":23,"teamPTS5":0,"teamPTS6":0,"teamPTS7":0,"teamPTS8":0,"opptAbbr":"NY","opptConf":"East","opptLoc":"Away","opptRslt":"Win","opptPTS":120,"opptAST":28,"opptTO":9,"opptSTL":7,"opptBLK":12,"opptPF":15,"opptFGA":99,"opptFGM":48,"oppt2PA":74,"oppt2PM":41,"oppt3PA":25,"oppt3PM":7,"opptFTA":21,"opptFTM":17,"opptORB":16,"opptDRB":31,"opptPTS1":31,"opptPTS2":32,"opptPTS3":30,"opptPTS4":27,"opptPTS5":0,"opptPTS6":0,"opptPTS7":0,"opptPTS8":0}
{"_id":{"$oid":"5cb552f6e0f627212ff3bec2"},"gmDate":"2018/2/24","offLNm3":"Ford","offFNm3":"Tyler","teamAbbr":"NY","teamConf":"East","teamLoc":"Home","teamRslt":"Loss","teamPTS":112,"teamAST":20,"teamTO":14,"teamSTL":10,"teamBLK":3,"teamPF":22,"teamFGA":96,"teamFGM":45,"team2PA":69,"team2PM":39,"team3PA":27,"team3PM":6,"teamFTA":20,"teamFTM":16,"teamORB":13,"teamDRB":36,"teamPTS1":24,"teamPTS2":32,"teamPTS3":25,"teamPTS4":31,"teamPTS5":0,"teamPTS6":0,"teamPTS7":0,"teamPTS8":0,"opptAbbr":"BOS","opptConf":"East","opptLoc":"Away","opptRslt":"Win","opptPTS":121,"opptAST":21,"opptTO":12,"opptSTL":11,"opptBLK":5,"opptPF":15,"opptFGA":92,"opptFGM":42,"oppt2PA":59,"oppt2PM":29,"oppt3PA":33,"oppt3PM":13,"opptFTA":28,"opptFTM":24,"opptORB":11,"opptDRB":34,"opptPTS1":23,"opptPTS2":36,"opptPTS3":29,"opptPTS4":33,"opptPTS5":0,"opptPTS6":0,"opptPTS7":0,"opptPTS8":0}
{"_id":{"$oid":"5cb552f6e0f627212ff3bed0"},"gmDate":"2018/2/26","offLNm3":"Richardson","offFNm3":"Derek","teamAbbr":"NY","teamConf":"East","teamLoc":"Home","teamRslt":"Loss","teamPTS":111,"teamAST":28,"teamTO":14,"teamSTL":7,"teamBLK":3,"teamPF":18,"teamFGA":96,"teamFGM":47,"team2PA":71,"team2PM":37,"team3PA":25,"team3PM":10,"teamFTA":9,"teamFTM":7,"teamORB":10,"teamDRB":29,"teamPTS1":39,"teamPTS2":25,"teamPTS3":18,"teamPTS4":29,"teamPTS5":0,"teamPTS6":0,"teamPTS7":0,"teamPTS8":0,"opptAbbr":"GS","opptConf":"West","opptLoc":"Away","opptRslt":"Win","opptPTS":125,"opptAST":31,"opptTO":12,"opptSTL":8,"opptBLK":5,"opptPF":13,"opptFGA":85,"opptFGM":44,"oppt2PA":54,"oppt2PM":29,"oppt3PA":31,"oppt3PM":15,"opptFTA":26,"opptFTM":22,"opptORB":8,"opptDRB":35,"opptPTS1":37,"opptPTS2":26,"opptPTS3":39,"opptPTS4":23,"opptPTS5":0,"opptPTS6":0,"opptPTS7":0,"opptPTS8":0}
{"_id":{"$oid":"5cb552f6e0f627212ff3bef2"},"gmDate":"2018/3/2","offLNm3":"Spooner","offFNm3":"Bill","teamAbbr":"LAC","teamConf":"West","teamLoc":"Home","teamRslt":"Win","teamPTS":128,"teamAST":34,"teamTO":11,"teamSTL":14,"teamBLK":6,"teamPF":17,"teamFGA":89,"teamFGM":50,"team2PA":64,"team2PM":41,"team3PA":25,"team3PM":9,"teamFTA":24,"teamFTM":19,"teamORB":14,"teamDRB":37,"teamPTS1":32,"teamPTS2":25,"teamPTS3":35,"teamPTS4":36,"teamPTS5":0,"teamPTS6":0,"teamPTS7":0,"teamPTS8":0,"opptAbbr":"NY","opptConf":"East","opptLoc":"Away","opptRslt":"Loss","opptPTS":105,"opptAST":24,"opptTO":17,"opptSTL":4,"opptBLK":4,"opptPF":22,"opptFGA":89,"opptFGM":41,"oppt2PA":64,"oppt2PM":30,"oppt3PA":25,"oppt3PM":11,"opptFTA":16,"opptFTM":12,"opptORB":10,"opptDRB":23,"opptPTS1":25,"opptPTS2":35,"opptPTS3":18,"opptPTS4":27,"opptPTS5":0,"opptPTS6":0,"opptPTS7":0,"opptPTS8":0}
{"_id":{"$oid":"5cb552f6e0f627212ff3bf01"},"gmDate":"2018/3/4","offLNm3":"Collins","offFNm3":"Derrick","teamAbbr":"SAC","teamConf":"West","teamLoc":"Home","teamRslt":"Win","teamPTS":102,"teamAST":21,"teamTO":11,"teamSTL":5,"teamBLK":5,"teamPF":18,"teamFGA":86,"teamFGM":39,"team2PA":56,"team2PM":26,"team3PA":30,"team3PM":13,"teamFTA":11,"teamFTM":11,"teamORB":7,"teamDRB":31,"teamPTS1":32,"teamPTS2":19,"teamPTS3":32,"teamPTS4":19,"teamPTS5":0,"teamPTS6":0,"teamPTS7":0,"teamPTS8":0,"opptAbbr":"NY","opptConf":"East","opptLoc":"Away","opptRslt":"Loss","opptPTS":99,"opptAST":21,"opptTO":13,"opptSTL":8,"opptBLK":7,"opptPF":19,"opptFGA":88,"opptFGM":40,"oppt2PA":67,"oppt2PM":34,"oppt3PA":21,"oppt3PM":6,"opptFTA":18,"opptFTM":13,"opptORB":15,"opptDRB":33,"opptPTS1":20,"opptPTS2":26,"opptPTS3":26,"opptPTS4":27,"opptPTS5":0,"opptPTS6":0,"opptPTS7":0,"opptPTS8":0}
{"_id":{"$oid":"5cb552f6e0f627212ff3bf0e"},"gmDate":"2018/3/6","offLNm3":"Brown","offFNm3":"Tony","teamAbbr":"POR","teamConf":"West","teamLoc":"Home","teamRslt":"Win","teamPTS":111,"teamAST":22,"teamTO":20,"teamSTL":4,"teamBLK":4,"teamPF":15,"teamFGA":81,"teamFGM":35,"team2PA":48,"team2PM":15,"team3PA":33,"team3PM":20,"teamFTA":24,"teamFTM":21,"teamORB":15,"teamDRB":36,"teamPTS1":35,"teamPTS2":22,"teamPTS3":30,"teamPTS4":24,"teamPTS5":0,"teamPTS6":0,"teamPTS7":0,"teamPTS8":0,"opptAbbr":"NY","opptConf":"East","opptLoc":"Away","opptRslt":"Loss","opptPTS":87,"opptAST":21,"opptTO":14,"opptSTL":7,"opptBLK":7,"opptPF":19,"opptFGA":83,"opptFGM":35,"oppt2PA":64,"oppt2PM":28,"oppt3PA":19,"oppt3PM":7,"opptFTA":15,"opptFTM":10,"opptORB":9,"opptDRB":30,"opptPTS1":28,"opptPTS2":24,"opptPTS3":19,"opptPTS4":16,"opptPTS5":0,"opptPTS6":0,"opptPTS7":0,"opptPTS8":0}
{"_id":{"$oid":"5cb552f6e0f627212ff3bf21"},"gmDate":"2018/3/9","offLNm3":"Ayotte","offFNm3":"Mark","teamAbbr":"MIL","teamConf":"East","teamLoc":"Home","teamRslt":"Win","teamPTS":120,"teamAST":29,"teamTO":17,"teamSTL":8,"teamBLK":6,"teamPF":16,"teamFGA":73,"teamFGM":41,"team2PA":55,"team2PM":33,"team3PA":18,"team3PM":8,"teamFTA":39,"teamFTM":30,"teamORB":6,"teamDRB":36,"teamPTS1":26,"teamPTS2":34,"teamPTS3":31,"teamPTS4":29,"teamPTS5":0,"teamPTS6":0,"teamPTS7":0,"teamPTS8":0,"opptAbbr":"NY","opptConf":"East","opptLoc":"Away","opptRslt":"Loss","opptPTS":112,"opptAST":24,"opptTO":11,"opptSTL":6,"opptBLK":5,"opptPF":26,"opptFGA":98,"opptFGM":47,"oppt2PA":70,"oppt2PM":40,"oppt3PA":28,"oppt3PM":7,"opptFTA":14,"opptFTM":11,"opptORB":11,"opptDRB":28,"opptPTS1":22,"opptPTS2":33,"opptPTS3":34,"opptPTS4":23,"opptPTS5":0,"opptPTS6":0,"opptPTS7":0,"opptPTS8":0}
{"_id":{"$oid":"5cb552f6e0f627212ff3bf2c"},"gmDate":"2018/3/11","offLNm3":"Boland","offFNm3":"Matt","teamAbbr":"NY","teamConf":"East","teamLoc":"Home","teamRslt":"Loss","teamPTS":106,"teamAST":21,"teamTO":10,"teamSTL":7,"teamBLK":4,"teamPF":19,"teamFGA":88,"teamFGM":40,"team2PA":67,"team2PM":33,"team3PA":21,"team3PM":7,"teamFTA":24,"teamFTM":19,"teamORB":8,"teamDRB":29,"teamPTS1":27,"teamPTS2":30,"teamPTS3":29,"teamPTS4":20,"teamPTS5":0,"teamPTS6":0,"teamPTS7":0,"teamPTS8":0,"opptAbbr":"TOR","opptConf":"East","opptLoc":"Away","opptRslt":"Win","opptPTS":132,"opptAST":32,"opptTO":11,"opptSTL":3,"opptBLK":3,"opptPF":19,"opptFGA":93,"opptFGM":47,"oppt2PA":58,"oppt2PM":31,"oppt3PA":35,"oppt3PM":16,"opptFTA":25,"opptFTM":22,"opptORB":14,"opptDRB":38,"opptPTS1":32,"opptPTS2":33,"opptPTS3":37,"opptPTS4":30,"opptPTS5":0,"opptPTS6":0,"opptPTS7":0,"opptPTS8":0}
{"_id":{"$oid":"5cb552f6e0f627212ff3bf3e"},"gmDate":"2018/3/13","offLNm3":"Sterling","offFNm3":"Jonathan","teamAbbr":"NY","teamConf":"East","teamLoc":"Home","teamRslt":"Loss","teamPTS":97,"teamAST":19,"teamTO":19,"teamSTL":9,"teamBLK":1,"teamPF":18,"teamFGA":82,"teamFGM":40,"team2PA":57,"team2PM":32,"team3PA":25,"team3PM":8,"teamFTA":12,"teamFTM":9,"teamORB":10,"teamDRB":34,"teamPTS1":31,"teamPTS2":29,"teamPTS3":12,"teamPTS4":25,"teamPTS5":0,"teamPTS6":0,"teamPTS7":0,"teamPTS8":0,"opptAbbr":"DAL","opptConf":"West","opptLoc":"Away","opptRslt":"Win","opptPTS":110,"opptAST":22,"opptTO":12,"opptSTL":11,"opptBLK":1,"opptPF":15,"opptFGA":89,"opptFGM":40,"oppt2PA":54,"oppt2PM":26,"oppt3PA":35,"oppt3PM":14,"opptFTA":18,"opptFTM":16,"opptORB":12,"opptDRB":28,"opptPTS1":29,"opptPTS2":28,"opptPTS3":26,"opptPTS4":27,"opptPTS5":0,"opptPTS6":0,"opptPTS7":0,"opptPTS8":0}
{"_id":{"$oid":"5cb552f6e0f627212ff3bf4b"},"gmDate":"2018/3/15","offLNm3":"Malloy","offFNm3":"Ed","teamAbbr":"NY","teamConf":"East","teamLoc":"Home","teamRslt":"Loss","teamPTS":110,"teamAST":26,"teamTO":13,"teamSTL":8,"teamBLK":4,"teamPF":25,"teamFGA":87,"teamFGM":45,"team2PA":67,"team2PM":40,"team3PA":20,"team3PM":5,"teamFTA":24,"teamFTM":15,"teamORB":8,"teamDRB":36,"teamPTS1":32,"teamPTS2":36,"teamPTS3":23,"teamPTS4":19,"teamPTS5":0,"teamPTS6":0,"teamPTS7":0,"teamPTS8":0,"opptAbbr":"PHI","opptConf":"East","opptLoc":"Away","opptRslt":"Win","opptPTS":118,"opptAST":29,"opptTO":14,"opptSTL":8,"opptBLK":3,"opptPF":21,"opptFGA":91,"opptFGM":41,"oppt2PA":54,"oppt2PM":26,"oppt3PA":37,"oppt3PM":15,"opptFTA":34,"opptFTM":21,"opptORB":19,"opptDRB":34,"opptPTS1":32,"opptPTS2":28,"opptPTS3":23,"opptPTS4":35,"opptPTS5":0,"opptPTS6":0,"opptPTS7":0,"opptPTS8":0}
{"_id":{"$oid":"5cb552f6e0f627212ff3bf5b"},"gmDate":"2018/3/17","offLNm3":"Smith","offFNm3":"Michael","teamAbbr":"NY","teamConf":"East","teamLoc":"Home","teamRslt":"Win","teamPTS":124,"teamAST":24,"teamTO":8,"teamSTL":7,"teamBLK":5,"teamPF":22,"teamFGA":100,"teamFGM":49,"team2PA":74,"team2PM":37,"team3PA":26,"team3PM":12,"teamFTA":18,"teamFTM":14,"teamORB":12,"teamDRB":44,"teamPTS1":22,"teamPTS2":35,"teamPTS3":42,"teamPTS4":25,"teamPTS5":0,"teamPTS6":0,"teamPTS7":0,"teamPTS8":0,"opptAbbr":"CHA","opptConf":"East","opptLoc":"Away","opptRslt":"Loss","opptPTS":101,"opptAST":11,"opptTO":10,"opptSTL":7,"opptBLK":5,"opptPF":13,"opptFGA":90,"opptFGM":33,"oppt2PA":57,"oppt2PM":24,"oppt3PA":33,"oppt3PM":9,"opptFTA":32,"opptFTM":26,"opptORB":13,"opptDRB":37,"opptPTS1":24,"opptPTS2":26,"opptPTS3":17,"opptPTS4":34,"opptPTS5":0,"opptPTS6":0,"opptPTS7":0,"opptPTS8":0}
{"_id":{"$oid":"5cb552f6e0f627212ff3bf6b"},"gmDate":"2018/3/19","offLNm3":"Mott","offFNm3":"Rodney","teamAbbr":"NY","teamConf":"East","teamLoc":"Home","teamRslt":"Win","teamPTS":110,"teamAST":28,"teamTO":17,"teamSTL":6,"teamBLK":7,"teamPF":24,"teamFGA":96,"teamFGM":43,"team2PA":61,"team2PM":32,"team3PA":35,"team3PM":11,"teamFTA":17,"teamFTM":13,"teamORB":15,"teamDRB":46,"teamPTS1":19,"teamPTS2":28,"teamPTS3":36,"teamPTS4":27,"teamPTS5":0,"teamPTS6":0,"teamPTS7":0,"teamPTS8":0,"opptAbbr":"CHI","opptConf":"East","opptLoc":"Away","opptRslt":"Loss","opptPTS":92,"opptAST":21,"opptTO":13,"opptSTL":9,"opptBLK":7,"opptPF":15,"opptFGA":92,"opptFGM":33,"oppt2PA":62,"oppt2PM":30,"oppt3PA":30,"oppt3PM":3,"opptFTA":31,"opptFTM":23,"opptORB":14,"opptDRB":34,"opptPTS1":18,"opptPTS2":19,"opptPTS3":30,"opptPTS4":25,"opptPTS5":0,"opptPTS6":0,"opptPTS7":0,"opptPTS8":0}
{"_id":{"$oid":"5cb552f6e0f627212ff3bf79"},"gmDate":"2018/3/21","offLNm3":"Capers","offFNm3":"James","teamAbbr":"MIA","teamConf":"East","teamLoc":"Home","teamRslt":"Win","teamPTS":119,"teamAST":31,"teamTO":8,"teamSTL":9,"teamBLK":2,"teamPF":17,"teamFGA":81,"teamFGM":45,"team2PA":47,"team2PM":30,"team3PA":34,"team3PM":15,"teamFTA":19,"teamFTM":14,"teamORB":5,"teamDRB":27,"teamPTS1":27,"teamPTS2":37,"teamPTS3":25,"teamPTS4":20,"teamPTS5":0,"teamPTS6":0,"teamPTS7":0,"teamPTS8":0,"opptAbbr":"NY","opptConf":"East","opptLoc":"Away","opptRslt":"Loss","opptPTS":98,"opptAST":21,"opptTO":15,"opptSTL":6,"opptBLK":1,"opptPF":16,"opptFGA":89,"opptFGM":39,"oppt2PA":58,"oppt2PM":29,"oppt3PA":31,"oppt3PM":10,"opptFTA":12,"opptFTM":10,"opptORB":13,"opptDRB":27,"opptPTS1":26,"opptPTS2":21,"opptPTS3":30,"opptPTS4":21,"opptPTS5":0,"opptPTS6":0,"opptPTS7":0,"opptPTS8":0}
{"_id":{"$oid":"5cb552f6e0f627212ff3bf87"},"gmDate":"2018/3/23","offLNm3":"Brothers","offFNm3":"Tony","teamAbbr":"NY","teamConf":"East","teamLoc":"Home","teamRslt":"Loss","teamPTS":104,"teamAST":25,"teamTO":11,"teamSTL":9,"teamBLK":0,"teamPF":27,"teamFGA":92,"teamFGM":40,"team2PA":64,"team2PM":28,"team3PA":28,"team3PM":12,"teamFTA":17,"teamFTM":12,"teamORB":10,"teamDRB":32,"teamPTS1":22,"teamPTS2":26,"teamPTS3":34,"teamPTS4":22,"teamPTS5":0,"teamPTS6":0,"teamPTS7":0,"teamPTS8":0,"opptAbbr":"MIN","opptConf":"West","opptLoc":"Away","opptRslt":"Win","opptPTS":108,"opptAST":23,"opptTO":15,"opptSTL":6,"opptBLK":6,"opptPF":15,"opptFGA":75,"opptFGM":35,"oppt2PA":49,"oppt2PM":25,"oppt3PA":26,"oppt3PM":10,"opptFTA":32,"opptFTM":28,"opptORB":6,"opptDRB":39,"opptPTS1":31,"opptPTS2":26,"opptPTS3":27,"opptPTS4":24,"opptPTS5":0,"opptPTS6":0,"opptPTS7":0,"opptPTS8":0}
{"_id":{"$oid":"5cb552f6e0f627212ff3bf99"},"gmDate":"2018/3/25","offLNm3":"Callahan","offFNm3":"Mike","teamAbbr":"WAS","teamConf":"East","teamLoc":"Home","teamRslt":"Loss","teamPTS":97,"teamAST":25,"teamTO":14,"teamSTL":10,"teamBLK":7,"teamPF":16,"teamFGA":87,"teamFGM":37,"team2PA":68,"team2PM":31,"team3PA":19,"team3PM":6,"teamFTA":23,"teamFTM":17,"teamORB":14,"teamDRB":32,"teamPTS1":21,"teamPTS2":32,"teamPTS3":18,"teamPTS4":26,"teamPTS5":0,"teamPTS6":0,"teamPTS7":0,"teamPTS8":0,"opptAbbr":"NY","opptConf":"East","opptLoc":"Away","opptRslt":"Win","opptPTS":101,"opptAST":26,"opptTO":15,"opptSTL":10,"opptBLK":6,"opptPF":19,"opptFGA":88,"opptFGM":41,"oppt2PA":66,"oppt2PM":35,"oppt3PA":22,"oppt3PM":6,"opptFTA":15,"opptFTM":13,"opptORB":10,"opptDRB":34,"opptPTS1":19,"opptPTS2":42,"opptPTS3":16,"opptPTS4":24,"opptPTS5":0,"opptPTS6":0,"opptPTS7":0,"opptPTS8":0}
{"_id":{"$oid":"5cb552f6e0f627212ff3bf9d"},"gmDate":"2018/3/26","offLNm3":"Maddox","offFNm3":"Tre","teamAbbr":"CHA","teamConf":"East","teamLoc":"Home","teamRslt":"Win","teamPTS":137,"teamAST":25,"teamTO":15,"teamSTL":5,"teamBLK":4,"teamPF":12,"teamFGA":93,"teamFGM":51,"team2PA":65,"team2PM":40,"team3PA":28,"team3PM":11,"teamFTA":28,"teamFTM":24,"teamORB":11,"teamDRB":32,"teamPTS1":27,"teamPTS2":35,"teamPTS3":25,"teamPTS4":30,"teamPTS5":20,"teamPTS6":0,"teamPTS7":0,"teamPTS8":0,"opptAbbr":"NY","opptConf":"East","opptLoc":"Away","opptRslt":"Loss","opptPTS":128,"opptAST":25,"opptTO":11,"opptSTL":6,"opptBLK":1,"opptPF":27,"opptFGA":105,"opptFGM":54,"oppt2PA":75,"oppt2PM":45,"oppt3PA":30,"oppt3PM":9,"opptFTA":11,"opptFTM":11,"opptORB":11,"opptDRB":30,"opptPTS1":22,"opptPTS2":27,"opptPTS3":33,"opptPTS4":35,"opptPTS5":11,"opptPTS6":0,"opptPTS7":0,"opptPTS8":0}
{"_id":{"$oid":"5cb552f6e0f627212ff3bfac"},"gmDate":"2018/3/28","offLNm3":"DeRosa","offFNm3":"Joe","teamAbbr":"PHI","teamConf":"East","teamLoc":"Home","teamRslt":"Win","teamPTS":118,"teamAST":34,"teamTO":12,"teamSTL":9,"teamBLK":3,"teamPF":19,"teamFGA":98,"teamFGM":45,"team2PA":67,"team2PM":36,"team3PA":31,"team3PM":9,"teamFTA":27,"teamFTM":19,"teamORB":14,"teamDRB":44,"teamPTS1":37,"teamPTS2":30,"teamPTS3":26,"teamPTS4":25,"teamPTS5":0,"teamPTS6":0,"teamPTS7":0,"teamPTS8":0,"opptAbbr":"NY","opptConf":"East","opptLoc":"Away","opptRslt":"Loss","opptPTS":101,"opptAST":20,"opptTO":17,"opptSTL":4,"opptBLK":5,"opptPF":22,"opptFGA":94,"opptFGM":36,"oppt2PA":63,"oppt2PM":27,"oppt3PA":31,"oppt3PM":9,"opptFTA":26,"opptFTM":20,"opptORB":10,"opptDRB":36,"opptPTS1":28,"opptPTS2":35,"opptPTS3":17,"opptPTS4":21,"opptPTS5":0,"opptPTS6":0,"opptPTS7":0,"opptPTS8":0}
{"_id":{"$oid":"5cb552f6e0f627212ff3bfc1"},"gmDate":"2018/3/31","offLNm3":"Acosta","offFNm3":"Ray","teamAbbr":"NY","teamConf":"East","teamLoc":"Home","teamRslt":"Loss","teamPTS":109,"teamAST":31,"teamTO":14,"teamSTL":4,"teamBLK":1,"teamPF":18,"teamFGA":91,"teamFGM":43,"team2PA":62,"team2PM":30,"team3PA":29,"team3PM":13,"teamFTA":12,"teamFTM":10,"teamORB":9,"teamDRB":31,"teamPTS1":27,"teamPTS2":27,"teamPTS3":30,"teamPTS4":25,"teamPTS5":0,"teamPTS6":0,"teamPTS7":0,"teamPTS8":0,"opptAbbr":"DET","opptConf":"East","opptLoc":"Away","opptRslt":"Win","opptPTS":115,"opptAST":24,"opptTO":9,"opptSTL":8,"opptBLK":5,"opptPF":15,"opptFGA":85,"opptFGM":44,"oppt2PA":61,"oppt2PM":34,"oppt3PA":24,"oppt3PM":10,"opptFTA":22,"opptFTM":17,"opptORB":10,"opptDRB":33,"opptPTS1":30,"opptPTS2":26,"opptPTS3":29,"opptPTS4":30,"opptPTS5":0,"opptPTS6":0,"opptPTS7":0,"opptPTS8":0}
{"_id":{"$oid":"5cb552f6e0f627212ff3bfd5"},"gmDate":"2018/4/3","offLNm3":"Washington","offFNm3":"Tom","teamAbbr":"NY","teamConf":"East","teamLoc":"Home","teamRslt":"Loss","teamPTS":73,"teamAST":17,"teamTO":12,"teamSTL":5,"teamBLK":9,"teamPF":17,"teamFGA":86,"teamFGM":30,"team2PA":59,"team2PM":26,"team3PA":27,"team3PM":4,"teamFTA":12,"teamFTM":9,"teamORB":7,"teamDRB":35,"teamPTS1":25,"teamPTS2":20,"teamPTS3":16,"teamPTS4":12,"teamPTS5":0,"teamPTS6":0,"teamPTS7":0,"teamPTS8":0,"opptAbbr":"ORL","opptConf":"East","opptLoc":"Away","opptRslt":"Win","opptPTS":97,"opptAST":28,"opptTO":11,"opptSTL":7,"opptBLK":5,"opptPF":12,"opptFGA":88,"opptFGM":37,"oppt2PA":52,"oppt2PM":26,"oppt3PA":36,"oppt3PM":11,"opptFTA":18,"opptFTM":12,"opptORB":11,"opptDRB":42,"opptPTS1":27,"opptPTS2":19,"opptPTS3":22,"opptPTS4":29,"opptPTS5":0,"opptPTS6":0,"opptPTS7":0,"opptPTS8":0}
{"_id":{"$oid":"5cb552f6e0f627212ff3bff0"},"gmDate":"2018/4/6","offLNm3":"Richardson","offFNm3":"Derek","teamAbbr":"NY","teamConf":"East","teamLoc":"Home","teamRslt":"Win","teamPTS":122,"teamAST":33,"teamTO":12,"teamSTL":7,"teamBLK":5,"teamPF":23,"teamFGA":89,"teamFGM":45,"team2PA":52,"team2PM":27,"team3PA":37,"team3PM":18,"teamFTA":21,"teamFTM":14,"teamORB":9,"teamDRB":42,"teamPTS1":34,"teamPTS2":29,"teamPTS3":33,"teamPTS4":26,"teamPTS5":0,"teamPTS6":0,"teamPTS7":0,"teamPTS8":0,"opptAbbr":"MIA","opptConf":"East","opptLoc":"Away","opptRslt":"Loss","opptPTS":98,"opptAST":20,"opptTO":13,"opptSTL":7,"opptBLK":5,"opptPF":19,"opptFGA":88,"opptFGM":35,"oppt2PA":61,"oppt2PM":28,"oppt3PA":27,"oppt3PM":7,"opptFTA":22,"opptFTM":21,"opptORB":7,"opptDRB":35,"opptPTS1":23,"opptPTS2":27,"opptPTS3":28,"opptPTS4":20,"opptPTS5":0,"opptPTS6":0,"opptPTS7":0,"opptPTS8":0}
{"_id":{"$oid":"5cb552f6e0f627212ff3bff6"},"gmDate":"2018/4/7","offLNm3":"Callahan","offFNm3":"Mike","teamAbbr":"NY","teamConf":"East","teamLoc":"Home","teamRslt":"Loss","teamPTS":102,"teamAST":30,"teamTO":11,"teamSTL":3,"teamBLK":7,"teamPF":17,"teamFGA":93,"teamFGM":41,"team2PA":72,"team2PM":32,"team3PA":21,"team3PM":9,"teamFTA":11,"teamFTM":11,"teamORB":12,"teamDRB":31,"teamPTS1":28,"teamPTS2":27,"teamPTS3":22,"teamPTS4":25,"teamPTS5":0,"teamPTS6":0,"teamPTS7":0,"teamPTS8":0,"opptAbbr":"MIL","opptConf":"East","opptLoc":"Away","opptRslt":"Win","opptPTS":115,"opptAST":30,"opptTO":10,"opptSTL":6,"opptBLK":9,"opptPF":13,"opptFGA":93,"opptFGM":45,"oppt2PA":68,"oppt2PM":35,"oppt3PA":25,"oppt3PM":10,"opptFTA":17,"opptFTM":15,"opptORB":12,"opptDRB":36,"opptPTS1":31,"opptPTS2":22,"opptPTS3":27,"opptPTS4":35,"opptPTS5":0,"opptPTS6":0,"opptPTS7":0,"opptPTS8":0}
{"_id":{"$oid":"5cb552f6e0f627212ff3c005"},"gmDate":"2018/4/9","offLNm3":"Petraitis","offFNm3":"Gediminas","teamAbbr":"NY","teamConf":"East","teamLoc":"Home","teamRslt":"Loss","teamPTS":109,"teamAST":26,"teamTO":14,"teamSTL":4,"teamBLK":7,"teamPF":20,"teamFGA":87,"teamFGM":46,"team2PA":57,"team2PM":35,"team3PA":30,"team3PM":11,"teamFTA":12,"teamFTM":6,"teamORB":8,"teamDRB":29,"teamPTS1":25,"teamPTS2":24,"teamPTS3":28,"teamPTS4":32,"teamPTS5":0,"teamPTS6":0,"teamPTS7":0,"teamPTS8":0,"opptAbbr":"CLE","opptConf":"East","opptLoc":"Away","opptRslt":"Win","opptPTS":123,"opptAST":29,"opptTO":11,"opptSTL":9,"opptBLK":2,"opptPF":15,"opptFGA":85,"opptFGM":40,"oppt2PA":40,"oppt2PM":21,"oppt3PA":45,"oppt3PM":19,"opptFTA":28,"opptFTM":24,"opptORB":7,"opptDRB":35,"opptPTS1":26,"opptPTS2":35,"opptPTS3":29,"opptPTS4":33,"opptPTS5":0,"opptPTS6":0,"opptPTS7":0,"opptPTS8":0}
{"_id":{"$oid":"5cb552f6e0f627212ff3c012"},"gmDate":"2018/4/11","offLNm3":"Zarba","offFNm3":"Zach","teamAbbr":"CLE","teamConf":"East","teamLoc":"Home","teamRslt":"Loss","teamPTS":98,"teamAST":15,"teamTO":16,"teamSTL":9,"teamBLK":3,"teamPF":15,"teamFGA":94,"teamFGM":37,"team2PA":70,"team2PM":31,"team3PA":24,"team3PM":6,"teamFTA":28,"teamFTM":18,"teamORB":17,"teamDRB":31,"teamPTS1":20,"teamPTS2":17,"teamPTS3":34,"teamPTS4":27,"teamPTS5":0,"teamPTS6":0,"teamPTS7":0,"teamPTS8":0,"opptAbbr":"NY","opptConf":"East","opptLoc":"Away","opptRslt":"Win","opptPTS":110,"opptAST":30,"opptTO":15,"opptSTL":10,"opptBLK":3,"opptPF":22,"opptFGA":85,"opptFGM":43,"oppt2PA":58,"oppt2PM":31,"oppt3PA":27,"oppt3PM":12,"opptFTA":13,"opptFTM":12,"opptORB":8,"opptDRB":31,"opptPTS1":20,"opptPTS2":37,"opptPTS3":27,"opptPTS4":26,"opptPTS5":0,"opptPTS6":0,"opptPTS7":0,"opptPTS8":0}
