{"_id":{"$oid":"5cb552e5e0f627212ff3a7a7"},"stDate":"2017/10/17","teamAbbr":"NY","rank":2,"rankOrd":"2nd","gameWon":0,"gameLost":0,"stk":"-","homeWin":0,"homeLoss":0,"awayWin":0,"awayLoss":0}
{"_id":{"$oid":"5cb552e5e0f627212ff3a7c5"},"stDate":"2017/10/18","teamAbbr":"NY","rank":8,"rankOrd":"8th","gameWon":0,"gameLost":0,"stk":"-","homeWin":0,"homeLoss":0,"awayWin":0,"awayLoss":0}
{"_id":{"$oid":"5cb552e5e0f627212ff3a7e4"},"stDate":"2017/10/19","teamAbbr":"NY","rank":9,"rankOrd":"9th","gameWon":0,"gameLost":1,"stk":"L1","homeWin":0,"homeLoss":0,"awayWin":0,"awayLoss":1}
{"_id":{"$oid":"5cb552e5e0f627212ff3a802"},"stDate":"2017/10/20","teamAbbr":"NY","rank":11,"rankOrd":"11th","gameWon":0,"gameLost":1,"stk":"L1","homeWin":0,"homeLoss":0,"awayWin":0,"awayLoss":1}
{"_id":{"$oid":"5cb552e5e0f627212ff3a821"},"stDate":"2017/10/21","teamAbbr":"NY","rank":13,"rankOrd":"13th","gameWon":0,"gameLost":2,"stk":"L2","homeWin":0,"homeLoss":1,"awayWin":0,"awayLoss":1}
{"_id":{"$oid":"5cb552e5e0f627212ff3a83e"},"stDate":"2017/10/22","teamAbbr":"NY","rank":13,"rankOrd":"13th","gameWon":0,"gameLost":2,"stk":"L2","homeWin":0,"homeLoss":1,"awayWin":0,"awayLoss":1}
{"_id":{"$oid":"5cb552e5e0f627212ff3a85a"},"stDate":"2017/10/23","teamAbbr":"NY","rank":12,"rankOrd":"12th","gameWon":0,"gameLost":2,"stk":"L2","homeWin":0,"homeLoss":1,"awayWin":0,"awayLoss":1}
{"_id":{"$oid":"5cb552e5e0f627212ff3a877"},"stDate":"2017/10/24","teamAbbr":"NY","rank":14,"rankOrd":"14th","gameWon":0,"gameLost":3,"stk":"L3","homeWin":0,"homeLoss":1,"awayWin":0,"awayLoss":2}
{"_id":{"$oid":"5cb552e5e0f627212ff3a897"},"stDate":"2017/10/25","teamAbbr":"NY","rank":13,"rankOrd":"13th","gameWon":0,"gameLost":3,"stk":"L3","homeWin":0,"homeLoss":1,"awayWin":0,"awayLoss":2}
{"_id":{"$oid":"5cb552e5e0f627212ff3a8b5"},"stDate":"2017/10/26","teamAbbr":"NY","rank":13,"rankOrd":"13th","gameWon":0,"gameLost":3,"stk":"L3","homeWin":0,"homeLoss":1,"awayWin":0,"awayLoss":2}
{"_id":{"$oid":"5cb552e5e0f627212ff3a8d4"},"stDate":"2017/10/27","teamAbbr":"NY","rank":12,"rankOrd":"12th","gameWon":1,"gameLost":3,"stk":"W1","homeWin":1,"homeLoss":1,"awayWin":0,"awayLoss":2}
{"_id":{"$oid":"5cb552e5e0f627212ff3a8f3"},"stDate":"2017/10/28","teamAbbr":"NY","rank":12,"rankOrd":"12th","gameWon":1,"gameLost":3,"stk":"W1","homeWin":1,"homeLoss":1,"awayWin":0,"awayLoss":2}
{"_id":{"$oid":"5cb552e5e0f627212ff3a90f"},"stDate":"2017/10/29","teamAbbr":"NY","rank":9,"rankOrd":"9th","gameWon":2,"gameLost":3,"stk":"W2","homeWin":1,"homeLoss":1,"awayWin":1,"awayLoss":2}
{"_id":{"$oid":"5cb552e5e0f627212ff3a92e"},"stDate":"2017/10/30","teamAbbr":"NY","rank":8,"rankOrd":"8th","gameWon":3,"gameLost":3,"stk":"W3","homeWin":2,"homeLoss":1,"awayWin":1,"awayLoss":2}
{"_id":{"$oid":"5cb552e5e0f627212ff3a94b"},"stDate":"2017/10/31","teamAbbr":"NY","rank":9,"rankOrd":"9th","gameWon":3,"gameLost":3,"stk":"W3","homeWin":2,"homeLoss":1,"awayWin":1,"awayLoss":2}
{"_id":{"$oid":"5cb552e5e0f627212ff3a96c"},"stDate":"2017/11/1","teamAbbr":"NY","rank":10,"rankOrd":"10th","gameWon":3,"gameLost":4,"stk":"L1","homeWin":2,"homeLoss":2,"awayWin":1,"awayLoss":2}
{"_id":{"$oid":"5cb552e5e0f627212ff3a981"},"stDate":"2017/11/2","teamAbbr":"NY","rank":10,"rankOrd":"10th","gameWon":3,"gameLost":4,"stk":"L1","homeWin":2,"homeLoss":2,"awayWin":1,"awayLoss":2}
{"_id":{"$oid":"5cb552e5e0f627212ff3a9a6"},"stDate":"2017/11/3","teamAbbr":"NY","rank":8,"rankOrd":"8th","gameWon":4,"gameLost":4,"stk":"W1","homeWin":3,"homeLoss":2,"awayWin":1,"awayLoss":2}
{"_id":{"$oid":"5cb552e5e0f627212ff3a9c5"},"stDate":"2017/11/4","teamAbbr":"NY","rank":8,"rankOrd":"8th","gameWon":4,"gameLost":4,"stk":"W1","homeWin":3,"homeLoss":2,"awayWin":1,"awayLoss":2}
{"_id":{"$oid":"5cb552e5e0f627212ff3a9db"},"stDate":"2017/11/5","teamAbbr":"NY","rank":4,"rankOrd":"4th","gameWon":5,"gameLost":4,"stk":"W2","homeWin":4,"homeLoss":2,"awayWin":1,"awayLoss":2}
{"_id":{"$oid":"5cb552e5e0f627212ff3aa00"},"stDate":"2017/11/6","teamAbbr":"NY","rank":4,"rankOrd":"4th","gameWon":5,"gameLost":4,"stk":"W2","homeWin":4,"homeLoss":2,"awayWin":1,"awayLoss":2}
{"_id":{"$oid":"5cb552e5e0f627212ff3aa1e"},"stDate":"2017/11/7","teamAbbr":"NY","rank":3,"rankOrd":"3rd","gameWon":6,"gameLost":4,"stk":"W3","homeWin":5,"homeLoss":2,"awayWin":1,"awayLoss":2}
{"_id":{"$oid":"5cb552e5e0f627212ff3aa3c"},"stDate":"2017/11/8","teamAbbr":"NY","rank":6,"rankOrd":"6th","gameWon":6,"gameLost":5,"stk":"L1","homeWin":5,"homeLoss":2,"awayWin":1,"awayLoss":3}
{"_id":{"$oid":"5cb552e5e0f627212ff3aa5a"},"stDate":"2017/11/9","teamAbbr":"NY","rank":5,"rankOrd":"5th","gameWon":6,"gameLost":5,"stk":"L1","homeWin":5,"homeLoss":2,"awayWin":1,"awayLoss":3}
{"_id":{"$oid":"5cb552e5e0f627212ff3aa78"},"stDate":"2017/11/10","teamAbbr":"NY","rank":5,"rankOrd":"5th","gameWon":6,"gameLost":5,"stk":"L1","homeWin":5,"homeLoss":2,"awayWin":1,"awayLoss":3}
{"_id":{"$oid":"5cb552e5e0f627212ff3aa96"},"stDate":"2017/11/11","teamAbbr":"NY","rank":5,"rankOrd":"5th","gameWon":7,"gameLost":5,"stk":"W1","homeWin":6,"homeLoss":2,"awayWin":1,"awayLoss":3}
{"_id":{"$oid":"5cb552e5e0f627212ff3aab4"},"stDate":"2017/11/12","teamAbbr":"NY","rank":4,"rankOrd":"4th","gameWon":7,"gameLost":5,"stk":"W1","homeWin":6,"homeLoss":2,"awayWin":1,"awayLoss":3}
{"_id":{"$oid":"5cb552e5e0f627212ff3aad3"},"stDate":"2017/11/13","teamAbbr":"NY","rank":6,"rankOrd":"6th","gameWon":7,"gameLost":6,"stk":"L1","homeWin":6,"homeLoss":3,"awayWin":1,"awayLoss":3}
{"_id":{"$oid":"5cb552e5e0f627212ff3aaf0"},"stDate":"2017/11/14","teamAbbr":"NY","rank":6,"rankOrd":"6th","gameWon":7,"gameLost":6,"stk":"L1","homeWin":6,"homeLoss":3,"awayWin":1,"awayLoss":3}
{"_id":{"$oid":"5cb552e5e0f627212ff3ab07"},"stDate":"2017/11/15","teamAbbr":"NY","rank":5,"rankOrd":"5th","gameWon":8,"gameLost":6,"stk":"W1","homeWin":7,"homeLoss":3,"awayWin":1,"awayLoss":3}
{"_id":{"$oid":"5cb552e5e0f627212ff3ab2b"},"stDate":"2017/11/16","teamAbbr":"NY","rank":5,"rankOrd":"5th","gameWon":8,"gameLost":6,"stk":"W1","homeWin":7,"homeLoss":3,"awayWin":1,"awayLoss":3}
{"_id":{"$oid":"5cb552e5e0f627212ff3ab4a"},"stDate":"2017/11/17","teamAbbr":"NY","rank":8,"rankOrd":"8th","gameWon":8,"gameLost":7,"stk":"L1","homeWin":7,"homeLoss":3,"awayWin":1,"awayLoss":4}
{"_id":{"$oid":"5cb552e5e0f627212ff3ab68"},"stDate":"2017/11/18","teamAbbr":"NY","rank":6,"rankOrd":"6th","gameWon":8,"gameLost":7,"stk":"L1","homeWin":7,"homeLoss":3,"awayWin":1,"awayLoss":4}
{"_id":{"$oid":"5cb552e5e0f627212ff3ab87"},"stDate":"2017/11/19","teamAbbr":"NY","rank":6,"rankOrd":"6th","gameWon":8,"gameLost":7,"stk":"L1","homeWin":7,"homeLoss":3,"awayWin":1,"awayLoss":4}
{"_id":{"$oid":"5cb552e5e0f627212ff3aba4"},"stDate":"2017/11/20","teamAbbr":"NY","rank":6,"rankOrd":"6th","gameWon":9,"gameLost":7,"stk":"W1","homeWin":8,"homeLoss":3,"awayWin":1,"awayLoss":4}
{"_id":{"$oid":"5cb552e5e0f627212ff3abc4"},"stDate":"2017/11/21","teamAbbr":"NY","rank":6,"rankOrd":"6th","gameWon":9,"gameLost":7,"stk":"W1","homeWin":8,"homeLoss":3,"awayWin":1,"awayLoss":4}
{"_id":{"$oid":"5cb552e5e0f627212ff3abe0"},"stDate":"2017/11/22","teamAbbr":"NY","rank":5,"rankOrd":"5th","gameWon":10,"gameLost":7,"stk":"W2","homeWin":9,"homeLoss":3,"awayWin":1,"awayLoss":4}
{"_id":{"$oid":"5cb552e5e0f627212ff3ac02"},"stDate":"2017/11/24","teamAbbr":"NY","rank":7,"rankOrd":"7th","gameWon":10,"gameLost":8,"stk":"L1","homeWin":9,"homeLoss":3,"awayWin":1,"awayLoss":5}
{"_id":{"$oid":"5cb552e5e0f627212ff3ac1d"},"stDate":"2017/11/25","teamAbbr":"NY","rank":7,"rankOrd":"7th","gameWon":10,"gameLost":9,"stk":"L2","homeWin":9,"homeLoss":3,"awayWin":1,"awayLoss":6}
{"_id":{"$oid":"5cb552e5e0f627212ff3ac3a"},"stDate":"2017/11/26","teamAbbr":"NY","rank":7,"rankOrd":"7th","gameWon":10,"gameLost":9,"stk":"L2","homeWin":9,"homeLoss":3,"awayWin":1,"awayLoss":6}
{"_id":{"$oid":"5cb552e5e0f627212ff3ac58"},"stDate":"2017/11/27","teamAbbr":"NY","rank":9,"rankOrd":"9th","gameWon":10,"gameLost":10,"stk":"L3","homeWin":9,"homeLoss":4,"awayWin":1,"awayLoss":6}
{"_id":{"$oid":"5cb552e5e0f627212ff3ac77"},"stDate":"2017/11/28","teamAbbr":"NY","rank":9,"rankOrd":"9th","gameWon":10,"gameLost":10,"stk":"L3","homeWin":9,"homeLoss":4,"awayWin":1,"awayLoss":6}
{"_id":{"$oid":"5cb552e5e0f627212ff3ac8e"},"stDate":"2017/11/29","teamAbbr":"NY","rank":7,"rankOrd":"7th","gameWon":11,"gameLost":10,"stk":"W1","homeWin":10,"homeLoss":4,"awayWin":1,"awayLoss":6}
{"_id":{"$oid":"5cb552e5e0f627212ff3acb3"},"stDate":"2017/11/30","teamAbbr":"NY","rank":8,"rankOrd":"8th","gameWon":11,"gameLost":10,"stk":"W1","homeWin":10,"homeLoss":4,"awayWin":1,"awayLoss":6}
{"_id":{"$oid":"5cb552e5e0f627212ff3acd2"},"stDate":"2017/12/1","teamAbbr":"NY","rank":8,"rankOrd":"8th","gameWon":11,"gameLost":10,"stk":"W1","homeWin":10,"homeLoss":4,"awayWin":1,"awayLoss":6}
{"_id":{"$oid":"5cb552e5e0f627212ff3acea"},"stDate":"2017/12/2","teamAbbr":"NY","rank":8,"rankOrd":"8th","gameWon":11,"gameLost":10,"stk":"W1","homeWin":10,"homeLoss":4,"awayWin":1,"awayLoss":6}
{"_id":{"$oid":"5cb552e5e0f627212ff3ad07"},"stDate":"2017/12/3","teamAbbr":"NY","rank":9,"rankOrd":"9th","gameWon":11,"gameLost":11,"stk":"L1","homeWin":10,"homeLoss":5,"awayWin":1,"awayLoss":6}
{"_id":{"$oid":"5cb552e5e0f627212ff3ad24"},"stDate":"2017/12/4","teamAbbr":"NY","rank":9,"rankOrd":"9th","gameWon":11,"gameLost":12,"stk":"L2","homeWin":10,"homeLoss":5,"awayWin":1,"awayLoss":7}
{"_id":{"$oid":"5cb552e5e0f627212ff3ad49"},"stDate":"2017/12/5","teamAbbr":"NY","rank":9,"rankOrd":"9th","gameWon":11,"gameLost":12,"stk":"L2","homeWin":10,"homeLoss":5,"awayWin":1,"awayLoss":7}
{"_id":{"$oid":"5cb552e5e0f627212ff3ad66"},"stDate":"2017/12/6","teamAbbr":"NY","rank":9,"rankOrd":"9th","gameWon":12,"gameLost":12,"stk":"W1","homeWin":11,"homeLoss":5,"awayWin":1,"awayLoss":7}
{"_id":{"$oid":"5cb552e5e0f627212ff3ad87"},"stDate":"2017/12/7","teamAbbr":"NY","rank":9,"rankOrd":"9th","gameWon":12,"gameLost":12,"stk":"W1","homeWin":11,"homeLoss":5,"awayWin":1,"awayLoss":7}
{"_id":{"$oid":"5cb552e5e0f627212ff3ada2"},"stDate":"2017/12/8","teamAbbr":"NY","rank":9,"rankOrd":"9th","gameWon":12,"gameLost":12,"stk":"W1","homeWin":11,"homeLoss":5,"awayWin":1,"awayLoss":7}
{"_id":{"$oid":"5cb552e5e0f627212ff3adbe"},"stDate":"2017/12/9","teamAbbr":"NY","rank":9,"rankOrd":"9th","gameWon":12,"gameLost":13,"stk":"L1","homeWin":11,"homeLoss":5,"awayWin":1,"awayLoss":8}
{"_id":{"$oid":"5cb552e5e0f627212ff3add9"},"stDate":"2017/12/10","teamAbbr":"NY","rank":8,"rankOrd":"8th","gameWon":13,"gameLost":13,"stk":"W1","homeWin":12,"homeLoss":5,"awayWin":1,"awayLoss":8}
{"_id":{"$oid":"5cb552e5e0f627212ff3adfd"},"stDate":"2017/12/11","teamAbbr":"NY","rank":8,"rankOrd":"8th","gameWon":13,"gameLost":13,"stk":"W1","homeWin":12,"homeLoss":5,"awayWin":1,"awayLoss":8}
{"_id":{"$oid":"5cb552e5e0f627212ff3ae1a"},"stDate":"2017/12/12","teamAbbr":"NY","rank":6,"rankOrd":"6th","gameWon":14,"gameLost":13,"stk":"W2","homeWin":13,"homeLoss":5,"awayWin":1,"awayLoss":8}
{"_id":{"$oid":"5cb552e5e0f627212ff3ae39"},"stDate":"2017/12/13","teamAbbr":"NY","rank":7,"rankOrd":"7th","gameWon":14,"gameLost":13,"stk":"W2","homeWin":13,"homeLoss":5,"awayWin":1,"awayLoss":8}
{"_id":{"$oid":"5cb552e5e0f627212ff3ae58"},"stDate":"2017/12/14","teamAbbr":"NY","rank":6,"rankOrd":"6th","gameWon":15,"gameLost":13,"stk":"W3","homeWin":13,"homeLoss":5,"awayWin":2,"awayLoss":8}
{"_id":{"$oid":"5cb552e5e0f627212ff3ae76"},"stDate":"2017/12/15","teamAbbr":"NY","rank":8,"rankOrd":"8th","gameWon":15,"gameLost":13,"stk":"W3","homeWin":13,"homeLoss":5,"awayWin":2,"awayLoss":8}
{"_id":{"$oid":"5cb552e5e0f627212ff3ae94"},"stDate":"2017/12/16","teamAbbr":"NY","rank":4,"rankOrd":"4th","gameWon":16,"gameLost":13,"stk":"W4","homeWin":14,"homeLoss":5,"awayWin":2,"awayLoss":8}
{"_id":{"$oid":"5cb552e5e0f627212ff3aeb1"},"stDate":"2017/12/17","teamAbbr":"NY","rank":6,"rankOrd":"6th","gameWon":16,"gameLost":13,"stk":"W4","homeWin":14,"homeLoss":5,"awayWin":2,"awayLoss":8}
{"_id":{"$oid":"5cb552e5e0f627212ff3aeca"},"stDate":"2017/12/18","teamAbbr":"NY","rank":6,"rankOrd":"6th","gameWon":16,"gameLost":14,"stk":"L1","homeWin":14,"homeLoss":5,"awayWin":2,"awayLoss":9}
{"_id":{"$oid":"5cb552e5e0f627212ff3aeec"},"stDate":"2017/12/19","teamAbbr":"NY","rank":8,"rankOrd":"8th","gameWon":16,"gameLost":14,"stk":"L1","homeWin":14,"homeLoss":5,"awayWin":2,"awayLoss":9}
{"_id":{"$oid":"5cb552e5e0f627212ff3af0b"},"stDate":"2017/12/20","teamAbbr":"NY","rank":8,"rankOrd":"8th","gameWon":16,"gameLost":14,"stk":"L1","homeWin":14,"homeLoss":5,"awayWin":2,"awayLoss":9}
{"_id":{"$oid":"5cb552e5e0f627212ff3af24"},"stDate":"2017/12/21","teamAbbr":"NY","rank":5,"rankOrd":"5th","gameWon":17,"gameLost":14,"stk":"W1","homeWin":15,"homeLoss":5,"awayWin":2,"awayLoss":9}
{"_id":{"$oid":"5cb552e5e0f627212ff3af48"},"stDate":"2017/12/22","teamAbbr":"NY","rank":7,"rankOrd":"7th","gameWon":17,"gameLost":15,"stk":"L1","homeWin":15,"homeLoss":5,"awayWin":2,"awayLoss":10}
{"_id":{"$oid":"5cb552e5e0f627212ff3af63"},"stDate":"2017/12/23","teamAbbr":"NY","rank":8,"rankOrd":"8th","gameWon":17,"gameLost":15,"stk":"L1","homeWin":15,"homeLoss":5,"awayWin":2,"awayLoss":10}
{"_id":{"$oid":"5cb552e5e0f627212ff3af84"},"stDate":"2017/12/25","teamAbbr":"NY","rank":8,"rankOrd":"8th","gameWon":17,"gameLost":16,"stk":"L2","homeWin":15,"homeLoss":6,"awayWin":2,"awayLoss":10}
{"_id":{"$oid":"5cb552e5e0f627212ff3afa6"},"stDate":"2017/12/26","teamAbbr":"NY","rank":9,"rankOrd":"9th","gameWon":17,"gameLost":16,"stk":"L2","homeWin":15,"homeLoss":6,"awayWin":2,"awayLoss":10}
{"_id":{"$oid":"5cb552e5e0f627212ff3afc0"},"stDate":"2017/12/27","teamAbbr":"NY","rank":9,"rankOrd":"9th","gameWon":17,"gameLost":17,"stk":"L3","homeWin":15,"homeLoss":6,"awayWin":2,"awayLoss":11}
{"_id":{"$oid":"5cb552e5e0f627212ff3afde"},"stDate":"2017/12/28","teamAbbr":"NY","rank":9,"rankOrd":"9th","gameWon":17,"gameLost":18,"stk":"L4","homeWin":15,"homeLoss":6,"awayWin":2,"awayLoss":12}
{"_id":{"$oid":"5cb552e5e0f627212ff3b012"},"stDate":"2017/12/29","teamAbbr":"NY","rank":9,"rankOrd":"9th","gameWon":17,"gameLost":18,"stk":"L4","homeWin":15,"homeLoss":6,"awayWin":2,"awayLoss":12}
{"_id":{"$oid":"5cb552e5e0f627212ff3b01a"},"stDate":"2017/12/30","teamAbbr":"NY","rank":9,"rankOrd":"9th","gameWon":18,"gameLost":18,"stk":"W1","homeWin":15,"homeLoss":6,"awayWin":3,"awayLoss":12}
{"_id":{"$oid":"5cb552e5e0f627212ff3b038"},"stDate":"2017/12/31","teamAbbr":"NY","rank":9,"rankOrd":"9th","gameWon":18,"gameLost":18,"stk":"W1","homeWin":15,"homeLoss":6,"awayWin":3,"awayLoss":12}
{"_id":{"$oid":"5cb552e5e0f627212ff3b04f"},"stDate":"2018/1/1","teamAbbr":"NY","rank":9,"rankOrd":"9th","gameWon":18,"gameLost":18,"stk":"W1","homeWin":15,"homeLoss":6,"awayWin":3,"awayLoss":12}
{"_id":{"$oid":"5cb552e5e0f627212ff3b075"},"stDate":"2018/1/2","teamAbbr":"NY","rank":9,"rankOrd":"9th","gameWon":18,"gameLost":19,"stk":"L1","homeWin":15,"homeLoss":7,"awayWin":3,"awayLoss":12}
{"_id":{"$oid":"5cb552e5e0f627212ff3b092"},"stDate":"2018/1/3","teamAbbr":"NY","rank":10,"rankOrd":"10th","gameWon":18,"gameLost":20,"stk":"L2","homeWin":15,"homeLoss":7,"awayWin":3,"awayLoss":13}
{"_id":{"$oid":"5cb552e5e0f627212ff3b0b0"},"stDate":"2018/1/4","teamAbbr":"NY","rank":10,"rankOrd":"10th","gameWon":18,"gameLost":20,"stk":"L2","homeWin":15,"homeLoss":7,"awayWin":3,"awayLoss":13}
{"_id":{"$oid":"5cb552e5e0f627212ff3b0cb"},"stDate":"2018/1/5","teamAbbr":"NY","rank":10,"rankOrd":"10th","gameWon":18,"gameLost":21,"stk":"L3","homeWin":15,"homeLoss":7,"awayWin":3,"awayLoss":14}
{"_id":{"$oid":"5cb552e5e0f627212ff3b0ea"},"stDate":"2018/1/6","teamAbbr":"NY","rank":10,"rankOrd":"10th","gameWon":18,"gameLost":21,"stk":"L3","homeWin":15,"homeLoss":7,"awayWin":3,"awayLoss":14}
{"_id":{"$oid":"5cb552e5e0f627212ff3b10c"},"stDate":"2018/1/7","teamAbbr":"NY","rank":10,"rankOrd":"10th","gameWon":19,"gameLost":21,"stk":"W1","homeWin":15,"homeLoss":7,"awayWin":4,"awayLoss":14}
{"_id":{"$oid":"5cb552e5e0f627212ff3b13a"},"stDate":"2018/1/8","teamAbbr":"NY","rank":10,"rankOrd":"10th","gameWon":19,"gameLost":21,"stk":"W1","homeWin":15,"homeLoss":7,"awayWin":4,"awayLoss":14}
{"_id":{"$oid":"5cb552e5e0f627212ff3b146"},"stDate":"2018/1/9","teamAbbr":"NY","rank":10,"rankOrd":"10th","gameWon":19,"gameLost":21,"stk":"W1","homeWin":15,"homeLoss":7,"awayWin":4,"awayLoss":14}
{"_id":{"$oid":"5cb552e5e0f627212ff3b164"},"stDate":"2018/1/10","teamAbbr":"NY","rank":10,"rankOrd":"10th","gameWon":19,"gameLost":22,"stk":"L1","homeWin":15,"homeLoss":8,"awayWin":4,"awayLoss":14}
{"_id":{"$oid":"5cb552e5e0f627212ff3b182"},"stDate":"2018/1/11","teamAbbr":"NY","rank":10,"rankOrd":"10th","gameWon":19,"gameLost":22,"stk":"L1","homeWin":15,"homeLoss":8,"awayWin":4,"awayLoss":14}
{"_id":{"$oid":"5cb552e5e0f627212ff3b19b"},"stDate":"2018/1/12","teamAbbr":"NY","rank":10,"rankOrd":"10th","gameWon":19,"gameLost":23,"stk":"L2","homeWin":15,"homeLoss":8,"awayWin":4,"awayLoss":15}
{"_id":{"$oid":"5cb552e5e0f627212ff3b1be"},"stDate":"2018/1/13","teamAbbr":"NY","rank":10,"rankOrd":"10th","gameWon":19,"gameLost":23,"stk":"L2","homeWin":15,"homeLoss":8,"awayWin":4,"awayLoss":15}
{"_id":{"$oid":"5cb552e5e0f627212ff3b1dc"},"stDate":"2018/1/14","teamAbbr":"NY","rank":10,"rankOrd":"10th","gameWon":19,"gameLost":24,"stk":"L3","homeWin":15,"homeLoss":9,"awayWin":4,"awayLoss":15}
{"_id":{"$oid":"5cb552e5e0f627212ff3b1fa"},"stDate":"2018/1/15","teamAbbr":"NY","rank":10,"rankOrd":"10th","gameWon":20,"gameLost":24,"stk":"W1","homeWin":15,"homeLoss":9,"awayWin":5,"awayLoss":15}
{"_id":{"$oid":"5cb552e5e0f627212ff3b218"},"stDate":"2018/1/16","teamAbbr":"NY","rank":10,"rankOrd":"10th","gameWon":20,"gameLost":24,"stk":"W1","homeWin":15,"homeLoss":9,"awayWin":5,"awayLoss":15}
{"_id":{"$oid":"5cb552e5e0f627212ff3b236"},"stDate":"2018/1/17","teamAbbr":"NY","rank":10,"rankOrd":"10th","gameWon":20,"gameLost":25,"stk":"L1","homeWin":15,"homeLoss":9,"awayWin":5,"awayLoss":16}
{"_id":{"$oid":"5cb552e5e0f627212ff3b253"},"stDate":"2018/1/18","teamAbbr":"NY","rank":10,"rankOrd":"10th","gameWon":20,"gameLost":25,"stk":"L1","homeWin":15,"homeLoss":9,"awayWin":5,"awayLoss":16}
{"_id":{"$oid":"5cb552e5e0f627212ff3b272"},"stDate":"2018/1/19","teamAbbr":"NY","rank":10,"rankOrd":"10th","gameWon":21,"gameLost":25,"stk":"W1","homeWin":15,"homeLoss":9,"awayWin":6,"awayLoss":16}
{"_id":{"$oid":"5cb552e5e0f627212ff3b291"},"stDate":"2018/1/20","teamAbbr":"NY","rank":10,"rankOrd":"10th","gameWon":21,"gameLost":25,"stk":"W1","homeWin":15,"homeLoss":9,"awayWin":6,"awayLoss":16}
{"_id":{"$oid":"5cb552e5e0f627212ff3b2af"},"stDate":"2018/1/21","teamAbbr":"NY","rank":10,"rankOrd":"10th","gameWon":21,"gameLost":26,"stk":"L1","homeWin":15,"homeLoss":9,"awayWin":6,"awayLoss":17}
{"_id":{"$oid":"5cb552e5e0f627212ff3b2cc"},"stDate":"2018/1/22","teamAbbr":"NY","rank":10,"rankOrd":"10th","gameWon":21,"gameLost":26,"stk":"L1","homeWin":15,"homeLoss":9,"awayWin":6,"awayLoss":17}
{"_id":{"$oid":"5cb552e5e0f627212ff3b2ea"},"stDate":"2018/1/23","teamAbbr":"NY","rank":10,"rankOrd":"10th","gameWon":21,"gameLost":27,"stk":"L2","homeWin":15,"homeLoss":9,"awayWin":6,"awayLoss":18}
{"_id":{"$oid":"5cb552e5e0f627212ff3b307"},"stDate":"2018/1/24","teamAbbr":"NY","rank":10,"rankOrd":"10th","gameWon":21,"gameLost":27,"stk":"L2","homeWin":15,"homeLoss":9,"awayWin":6,"awayLoss":18}
{"_id":{"$oid":"5cb552e5e0f627212ff3b326"},"stDate":"2018/1/25","teamAbbr":"NY","rank":10,"rankOrd":"10th","gameWon":21,"gameLost":28,"stk":"L3","homeWin":15,"homeLoss":9,"awayWin":6,"awayLoss":19}
{"_id":{"$oid":"5cb552e5e0f627212ff3b344"},"stDate":"2018/1/26","teamAbbr":"NY","rank":10,"rankOrd":"10th","gameWon":22,"gameLost":28,"stk":"W1","homeWin":15,"homeLoss":9,"awayWin":7,"awayLoss":19}
{"_id":{"$oid":"5cb552e5e0f627212ff3b363"},"stDate":"2018/1/27","teamAbbr":"NY","rank":10,"rankOrd":"10th","gameWon":22,"gameLost":28,"stk":"W1","homeWin":15,"homeLoss":9,"awayWin":7,"awayLoss":19}
{"_id":{"$oid":"5cb552e5e0f627212ff3b380"},"stDate":"2018/1/28","teamAbbr":"NY","rank":10,"rankOrd":"10th","gameWon":22,"gameLost":28,"stk":"W1","homeWin":15,"homeLoss":9,"awayWin":7,"awayLoss":19}
{"_id":{"$oid":"5cb552e5e0f627212ff3b39e"},"stDate":"2018/1/29","teamAbbr":"NY","rank":10,"rankOrd":"10th","gameWon":22,"gameLost":28,"stk":"W1","homeWin":15,"homeLoss":9,"awayWin":7,"awayLoss":19}
{"_id":{"$oid":"5cb552e5e0f627212ff3b3bd"},"stDate":"2018/1/30","teamAbbr":"NY","rank":10,"rankOrd":"10th","gameWon":23,"gameLost":28,"stk":"W2","homeWin":16,"homeLoss":9,"awayWin":7,"awayLoss":19}
{"_id":{"$oid":"5cb552e5e0f627212ff3b3d8"},"stDate":"2018/1/31","teamAbbr":"NY","rank":10,"rankOrd":"10th","gameWon":23,"gameLost":29,"stk":"L1","homeWin":16,"homeLoss":9,"awayWin":7,"awayLoss":20}
{"_id":{"$oid":"5cb552e5e0f627212ff3b3fa"},"stDate":"2018/2/1","teamAbbr":"NY","rank":10,"rankOrd":"10th","gameWon":23,"gameLost":29,"stk":"L1","homeWin":16,"homeLoss":9,"awayWin":7,"awayLoss":20}
{"_id":{"$oid":"5cb552e5e0f627212ff3b416"},"stDate":"2018/2/2","teamAbbr":"NY","rank":10,"rankOrd":"10th","gameWon":23,"gameLost":30,"stk":"L2","homeWin":16,"homeLoss":9,"awayWin":7,"awayLoss":21}
{"_id":{"$oid":"5cb552e5e0f627212ff3b435"},"stDate":"2018/2/3","teamAbbr":"NY","rank":10,"rankOrd":"10th","gameWon":23,"gameLost":30,"stk":"L2","homeWin":16,"homeLoss":9,"awayWin":7,"awayLoss":21}
{"_id":{"$oid":"5cb552e5e0f627212ff3b453"},"stDate":"2018/2/4","teamAbbr":"NY","rank":11,"rankOrd":"11th","gameWon":23,"gameLost":31,"stk":"L3","homeWin":16,"homeLoss":10,"awayWin":7,"awayLoss":21}
{"_id":{"$oid":"5cb552e5e0f627212ff3b473"},"stDate":"2018/2/5","teamAbbr":"NY","rank":11,"rankOrd":"11th","gameWon":23,"gameLost":31,"stk":"L3","homeWin":16,"homeLoss":10,"awayWin":7,"awayLoss":21}
{"_id":{"$oid":"5cb552e5e0f627212ff3b488"},"stDate":"2018/2/6","teamAbbr":"NY","rank":11,"rankOrd":"11th","gameWon":23,"gameLost":32,"stk":"L4","homeWin":16,"homeLoss":11,"awayWin":7,"awayLoss":21}
{"_id":{"$oid":"5cb552e5e0f627212ff3b4ad"},"stDate":"2018/2/7","teamAbbr":"NY","rank":11,"rankOrd":"11th","gameWon":23,"gameLost":32,"stk":"L4","homeWin":16,"homeLoss":11,"awayWin":7,"awayLoss":21}
{"_id":{"$oid":"5cb552e5e0f627212ff3b4ca"},"stDate":"2018/2/8","teamAbbr":"NY","rank":11,"rankOrd":"11th","gameWon":23,"gameLost":33,"stk":"L5","homeWin":16,"homeLoss":11,"awayWin":7,"awayLoss":22}
{"_id":{"$oid":"5cb552e5e0f627212ff3b4e9"},"stDate":"2018/2/9","teamAbbr":"NY","rank":11,"rankOrd":"11th","gameWon":23,"gameLost":33,"stk":"L5","homeWin":16,"homeLoss":11,"awayWin":7,"awayLoss":22}
{"_id":{"$oid":"5cb552e5e0f627212ff3b507"},"stDate":"2018/2/10","teamAbbr":"NY","rank":11,"rankOrd":"11th","gameWon":23,"gameLost":33,"stk":"L5","homeWin":16,"homeLoss":11,"awayWin":7,"awayLoss":22}
{"_id":{"$oid":"5cb552e5e0f627212ff3b525"},"stDate":"2018/2/11","teamAbbr":"NY","rank":11,"rankOrd":"11th","gameWon":23,"gameLost":34,"stk":"L6","homeWin":16,"homeLoss":11,"awayWin":7,"awayLoss":23}
{"_id":{"$oid":"5cb552e5e0f627212ff3b544"},"stDate":"2018/2/12","teamAbbr":"NY","rank":11,"rankOrd":"11th","gameWon":23,"gameLost":35,"stk":"L7","homeWin":16,"homeLoss":11,"awayWin":7,"awayLoss":24}
{"_id":{"$oid":"5cb552e5e0f627212ff3b55c"},"stDate":"2018/2/13","teamAbbr":"NY","rank":11,"rankOrd":"11th","gameWon":23,"gameLost":35,"stk":"L7","homeWin":16,"homeLoss":11,"awayWin":7,"awayLoss":24}
{"_id":{"$oid":"5cb552e5e0f627212ff3b57f"},"stDate":"2018/2/14","teamAbbr":"NY","rank":11,"rankOrd":"11th","gameWon":23,"gameLost":36,"stk":"L8","homeWin":16,"homeLoss":12,"awayWin":7,"awayLoss":24}
{"_id":{"$oid":"5cb552e5e0f627212ff3b59c"},"stDate":"2018/2/15","teamAbbr":"NY","rank":11,"rankOrd":"11th","gameWon":23,"gameLost":36,"stk":"L8","homeWin":16,"homeLoss":12,"awayWin":7,"awayLoss":24}
{"_id":{"$oid":"5cb552e5e0f627212ff3b5bb"},"stDate":"2018/2/22","teamAbbr":"NY","rank":11,"rankOrd":"11th","gameWon":24,"gameLost":36,"stk":"W1","homeWin":16,"homeLoss":12,"awayWin":8,"awayLoss":24}
{"_id":{"$oid":"5cb552e5e0f627212ff3b5d9"},"stDate":"2018/2/23","teamAbbr":"NY","rank":11,"rankOrd":"11th","gameWon":24,"gameLost":36,"stk":"W1","homeWin":16,"homeLoss":12,"awayWin":8,"awayLoss":24}
{"_id":{"$oid":"5cb552e5e0f627212ff3b5f6"},"stDate":"2018/2/24","teamAbbr":"NY","rank":11,"rankOrd":"11th","gameWon":24,"gameLost":37,"stk":"L1","homeWin":16,"homeLoss":13,"awayWin":8,"awayLoss":24}
{"_id":{"$oid":"5cb552e5e0f627212ff3b616"},"stDate":"2018/2/25","teamAbbr":"NY","rank":11,"rankOrd":"11th","gameWon":24,"gameLost":37,"stk":"L1","homeWin":16,"homeLoss":13,"awayWin":8,"awayLoss":24}
{"_id":{"$oid":"5cb552e5e0f627212ff3b632"},"stDate":"2018/2/26","teamAbbr":"NY","rank":11,"rankOrd":"11th","gameWon":24,"gameLost":38,"stk":"L2","homeWin":16,"homeLoss":14,"awayWin":8,"awayLoss":24}
{"_id":{"$oid":"5cb552e5e0f627212ff3b651"},"stDate":"2018/2/27","teamAbbr":"NY","rank":11,"rankOrd":"11th","gameWon":24,"gameLost":38,"stk":"L2","homeWin":16,"homeLoss":14,"awayWin":8,"awayLoss":24}
{"_id":{"$oid":"5cb552e5e0f627212ff3b66f"},"stDate":"2018/2/28","teamAbbr":"NY","rank":11,"rankOrd":"11th","gameWon":24,"gameLost":38,"stk":"L2","homeWin":16,"homeLoss":14,"awayWin":8,"awayLoss":24}
{"_id":{"$oid":"5cb552e5e0f627212ff3b68e"},"stDate":"2018/3/1","teamAbbr":"NY","rank":11,"rankOrd":"11th","gameWon":24,"gameLost":38,"stk":"L2","homeWin":16,"homeLoss":14,"awayWin":8,"awayLoss":24}
{"_id":{"$oid":"5cb552e5e0f627212ff3b6ab"},"stDate":"2018/3/2","teamAbbr":"NY","rank":11,"rankOrd":"11th","gameWon":24,"gameLost":39,"stk":"L3","homeWin":16,"homeLoss":14,"awayWin":8,"awayLoss":25}
{"_id":{"$oid":"5cb552e5e0f627212ff3b6c9"},"stDate":"2018/3/3","teamAbbr":"NY","rank":11,"rankOrd":"11th","gameWon":24,"gameLost":39,"stk":"L3","homeWin":16,"homeLoss":14,"awayWin":8,"awayLoss":25}
{"_id":{"$oid":"5cb552e5e0f627212ff3b6e9"},"stDate":"2018/3/4","teamAbbr":"NY","rank":11,"rankOrd":"11th","gameWon":24,"gameLost":40,"stk":"L4","homeWin":16,"homeLoss":14,"awayWin":8,"awayLoss":26}
{"_id":{"$oid":"5cb552e5e0f627212ff3b6ff"},"stDate":"2018/3/5","teamAbbr":"NY","rank":11,"rankOrd":"11th","gameWon":24,"gameLost":40,"stk":"L4","homeWin":16,"homeLoss":14,"awayWin":8,"awayLoss":26}
{"_id":{"$oid":"5cb552e5e0f627212ff3b723"},"stDate":"2018/3/6","teamAbbr":"NY","rank":11,"rankOrd":"11th","gameWon":24,"gameLost":41,"stk":"L5","homeWin":16,"homeLoss":14,"awayWin":8,"awayLoss":27}
{"_id":{"$oid":"5cb552e5e0f627212ff3b742"},"stDate":"2018/3/7","teamAbbr":"NY","rank":11,"rankOrd":"11th","gameWon":24,"gameLost":41,"stk":"L5","homeWin":16,"homeLoss":14,"awayWin":8,"awayLoss":27}
{"_id":{"$oid":"5cb552e5e0f627212ff3b75f"},"stDate":"2018/3/8","teamAbbr":"NY","rank":11,"rankOrd":"11th","gameWon":24,"gameLost":41,"stk":"L5","homeWin":16,"homeLoss":14,"awayWin":8,"awayLoss":27}
{"_id":{"$oid":"5cb552e5e0f627212ff3b77e"},"stDate":"2018/3/9","teamAbbr":"NY","rank":11,"rankOrd":"11th","gameWon":24,"gameLost":42,"stk":"L6","homeWin":16,"homeLoss":14,"awayWin":8,"awayLoss":28}
{"_id":{"$oid":"5cb552e5e0f627212ff3b79b"},"stDate":"2018/3/10","teamAbbr":"NY","rank":11,"rankOrd":"11th","gameWon":24,"gameLost":42,"stk":"L6","homeWin":16,"homeLoss":14,"awayWin":8,"awayLoss":28}
{"_id":{"$oid":"5cb552e5e0f627212ff3b7b9"},"stDate":"2018/3/11","teamAbbr":"NY","rank":11,"rankOrd":"11th","gameWon":24,"gameLost":43,"stk":"L7","homeWin":16,"homeLoss":15,"awayWin":8,"awayLoss":28}
{"_id":{"$oid":"5cb552e5e0f627212ff3b7d9"},"stDate":"2018/3/12","teamAbbr":"NY","rank":11,"rankOrd":"11th","gameWon":24,"gameLost":43,"stk":"L7","homeWin":16,"homeLoss":15,"awayWin":8,"awayLoss":28}
{"_id":{"$oid":"5cb552e5e0f627212ff3b7f6"},"stDate":"2018/3/13","teamAbbr":"NY","rank":11,"rankOrd":"11th","gameWon":24,"gameLost":44,"stk":"L8","homeWin":16,"homeLoss":16,"awayWin":8,"awayLoss":28}
{"_id":{"$oid":"5cb552e5e0f627212ff3b814"},"stDate":"2018/3/14","teamAbbr":"NY","rank":11,"rankOrd":"11th","gameWon":24,"gameLost":44,"stk":"L8","homeWin":16,"homeLoss":16,"awayWin":8,"awayLoss":28}
{"_id":{"$oid":"5cb552e5e0f627212ff3b832"},"stDate":"2018/3/15","teamAbbr":"NY","rank":12,"rankOrd":"12th","gameWon":24,"gameLost":45,"stk":"L9","homeWin":16,"homeLoss":17,"awayWin":8,"awayLoss":28}
{"_id":{"$oid":"5cb552e5e0f627212ff3b850"},"stDate":"2018/3/16","teamAbbr":"NY","rank":12,"rankOrd":"12th","gameWon":24,"gameLost":45,"stk":"L9","homeWin":16,"homeLoss":17,"awayWin":8,"awayLoss":28}
{"_id":{"$oid":"5cb552e5e0f627212ff3b86e"},"stDate":"2018/3/17","teamAbbr":"NY","rank":11,"rankOrd":"11th","gameWon":25,"gameLost":45,"stk":"W1","homeWin":17,"homeLoss":17,"awayWin":8,"awayLoss":28}
{"_id":{"$oid":"5cb552e5e0f627212ff3b88c"},"stDate":"2018/3/18","teamAbbr":"NY","rank":11,"rankOrd":"11th","gameWon":25,"gameLost":45,"stk":"W1","homeWin":17,"homeLoss":17,"awayWin":8,"awayLoss":28}
{"_id":{"$oid":"5cb552e5e0f627212ff3b8aa"},"stDate":"2018/3/19","teamAbbr":"NY","rank":11,"rankOrd":"11th","gameWon":26,"gameLost":45,"stk":"W2","homeWin":18,"homeLoss":17,"awayWin":8,"awayLoss":28}
{"_id":{"$oid":"5cb552e5e0f627212ff3b8c8"},"stDate":"2018/3/20","teamAbbr":"NY","rank":11,"rankOrd":"11th","gameWon":26,"gameLost":45,"stk":"W2","homeWin":18,"homeLoss":17,"awayWin":8,"awayLoss":28}
{"_id":{"$oid":"5cb552e5e0f627212ff3b8e6"},"stDate":"2018/3/21","teamAbbr":"NY","rank":11,"rankOrd":"11th","gameWon":26,"gameLost":46,"stk":"L1","homeWin":18,"homeLoss":17,"awayWin":8,"awayLoss":29}
{"_id":{"$oid":"5cb552e5e0f627212ff3b903"},"stDate":"2018/3/22","teamAbbr":"NY","rank":11,"rankOrd":"11th","gameWon":26,"gameLost":46,"stk":"L1","homeWin":18,"homeLoss":17,"awayWin":8,"awayLoss":29}
{"_id":{"$oid":"5cb552e5e0f627212ff3b91b"},"stDate":"2018/3/23","teamAbbr":"NY","rank":11,"rankOrd":"11th","gameWon":26,"gameLost":47,"stk":"L2","homeWin":18,"homeLoss":18,"awayWin":8,"awayLoss":29}
{"_id":{"$oid":"5cb552e5e0f627212ff3b941"},"stDate":"2018/3/24","teamAbbr":"NY","rank":11,"rankOrd":"11th","gameWon":26,"gameLost":47,"stk":"L2","homeWin":18,"homeLoss":18,"awayWin":8,"awayLoss":29}
{"_id":{"$oid":"5cb552e5e0f627212ff3b95d"},"stDate":"2018/3/25","teamAbbr":"NY","rank":11,"rankOrd":"11th","gameWon":27,"gameLost":47,"stk":"W1","homeWin":18,"homeLoss":18,"awayWin":9,"awayLoss":29}
{"_id":{"$oid":"5cb552e5e0f627212ff3b97c"},"stDate":"2018/3/26","teamAbbr":"NY","rank":11,"rankOrd":"11th","gameWon":27,"gameLost":48,"stk":"L1","homeWin":18,"homeLoss":18,"awayWin":9,"awayLoss":30}
{"_id":{"$oid":"5cb552e5e0f627212ff3b99b"},"stDate":"2018/3/27","teamAbbr":"NY","rank":11,"rankOrd":"11th","gameWon":27,"gameLost":48,"stk":"L1","homeWin":18,"homeLoss":18,"awayWin":9,"awayLoss":30}
{"_id":{"$oid":"5cb552e5e0f627212ff3b9b8"},"stDate":"2018/3/28","teamAbbr":"NY","rank":11,"rankOrd":"11th","gameWon":27,"gameLost":49,"stk":"L2","homeWin":18,"homeLoss":18,"awayWin":9,"awayLoss":31}
{"_id":{"$oid":"5cb552e5e0f627212ff3b9d9"},"stDate":"2018/3/29","teamAbbr":"NY","rank":11,"rankOrd":"11th","gameWon":27,"gameLost":49,"stk":"L2","homeWin":18,"homeLoss":18,"awayWin":9,"awayLoss":31}
{"_id":{"$oid":"5cb552e5e0f627212ff3b9f3"},"stDate":"2018/3/30","teamAbbr":"NY","rank":11,"rankOrd":"11th","gameWon":27,"gameLost":49,"stk":"L2","homeWin":18,"homeLoss":18,"awayWin":9,"awayLoss":31}
{"_id":{"$oid":"5cb552e5e0f627212ff3ba12"},"stDate":"2018/3/31","teamAbbr":"NY","rank":11,"rankOrd":"11th","gameWon":27,"gameLost":50,"stk":"L3","homeWin":18,"homeLoss":19,"awayWin":9,"awayLoss":31}
{"_id":{"$oid":"5cb552e5e0f627212ff3ba31"},"stDate":"2018/4/1","teamAbbr":"NY","rank":11,"rankOrd":"11th","gameWon":27,"gameLost":50,"stk":"L3","homeWin":18,"homeLoss":19,"awayWin":9,"awayLoss":31}
{"_id":{"$oid":"5cb552e5e0f627212ff3ba4e"},"stDate":"2018/4/3","teamAbbr":"NY","rank":11,"rankOrd":"11th","gameWon":27,"gameLost":51,"stk":"L4","homeWin":18,"homeLoss":20,"awayWin":9,"awayLoss":31}
{"_id":{"$oid":"5cb552e5e0f627212ff3ba6c"},"stDate":"2018/4/4","teamAbbr":"NY","rank":11,"rankOrd":"11th","gameWon":27,"gameLost":51,"stk":"L4","homeWin":18,"homeLoss":20,"awayWin":9,"awayLoss":31}
{"_id":{"$oid":"5cb552e5e0f627212ff3ba8b"},"stDate":"2018/4/5","teamAbbr":"NY","rank":11,"rankOrd":"11th","gameWon":27,"gameLost":51,"stk":"L4","homeWin":18,"homeLoss":20,"awayWin":9,"awayLoss":31}
{"_id":{"$oid":"5cb552e5e0f627212ff3baa8"},"stDate":"2018/4/6","teamAbbr":"NY","rank":11,"rankOrd":"11th","gameWon":28,"gameLost":51,"stk":"W1","homeWin":19,"homeLoss":20,"awayWin":9,"awayLoss":31}
{"_id":{"$oid":"5cb552e5e0f627212ff3bac6"},"stDate":"2018/4/7","teamAbbr":"NY","rank":11,"rankOrd":"11th","gameWon":28,"gameLost":52,"stk":"L1","homeWin":19,"homeLoss":21,"awayWin":9,"awayLoss":31}
{"_id":{"$oid":"5cb552e5e0f627212ff3bae4"},"stDate":"2018/4/8","teamAbbr":"NY","rank":11,"rankOrd":"11th","gameWon":28,"gameLost":52,"stk":"L1","homeWin":19,"homeLoss":21,"awayWin":9,"awayLoss":31}
{"_id":{"$oid":"5cb552e5e0f627212ff3bb02"},"stDate":"2018/4/9","teamAbbr":"NY","rank":11,"rankOrd":"11th","gameWon":28,"gameLost":53,"stk":"L2","homeWin":19,"homeLoss":22,"awayWin":9,"awayLoss":31}
{"_id":{"$oid":"5cb552e5e0f627212ff3bb22"},"stDate":"2018/4/10","teamAbbr":"NY","rank":11,"rankOrd":"11th","gameWon":28,"gameLost":53,"stk":"L2","homeWin":19,"homeLoss":22,"awayWin":9,"awayLoss":31}
{"_id":{"$oid":"5cb552e5e0f627212ff3bb40"},"stDate":"2018/4/11","teamAbbr":"NY","rank":11,"rankOrd":"11th","gameWon":29,"gameLost":53,"stk":"W1","homeWin":19,"homeLoss":22,"awayWin":10,"awayLoss":31}
