{"_id":{"$oid":"5cb552e5e0f627212ff3a7a9"},"stDate":"2017/10/17","teamAbbr":"ORL","rank":2,"rankOrd":"2nd","gameWon":0,"gameLost":0,"stk":"-","homeWin":0,"homeLoss":0,"awayWin":0,"awayLoss":0}
{"_id":{"$oid":"5cb552e5e0f627212ff3a7c8"},"stDate":"2017/10/18","teamAbbr":"ORL","rank":1,"rankOrd":"1st","gameWon":1,"gameLost":0,"stk":"W1","homeWin":1,"homeLoss":0,"awayWin":0,"awayLoss":0}
{"_id":{"$oid":"5cb552e5e0f627212ff3a7e5"},"stDate":"2017/10/19","teamAbbr":"ORL","rank":1,"rankOrd":"1st","gameWon":1,"gameLost":0,"stk":"W1","homeWin":1,"homeLoss":0,"awayWin":0,"awayLoss":0}
{"_id":{"$oid":"5cb552e5e0f627212ff3a803"},"stDate":"2017/10/20","teamAbbr":"ORL","rank":4,"rankOrd":"4th","gameWon":1,"gameLost":1,"stk":"L1","homeWin":1,"homeLoss":0,"awayWin":0,"awayLoss":1}
{"_id":{"$oid":"5cb552e5e0f627212ff3a820"},"stDate":"2017/10/21","teamAbbr":"ORL","rank":3,"rankOrd":"3rd","gameWon":2,"gameLost":1,"stk":"W1","homeWin":1,"homeLoss":0,"awayWin":1,"awayLoss":1}
{"_id":{"$oid":"5cb552e5e0f627212ff3a840"},"stDate":"2017/10/22","teamAbbr":"ORL","rank":3,"rankOrd":"3rd","gameWon":2,"gameLost":1,"stk":"W1","homeWin":1,"homeLoss":0,"awayWin":1,"awayLoss":1}
{"_id":{"$oid":"5cb552e5e0f627212ff3a85e"},"stDate":"2017/10/23","teamAbbr":"ORL","rank":3,"rankOrd":"3rd","gameWon":2,"gameLost":1,"stk":"W1","homeWin":1,"homeLoss":0,"awayWin":1,"awayLoss":1}
{"_id":{"$oid":"5cb552e5e0f627212ff3a879"},"stDate":"2017/10/24","teamAbbr":"ORL","rank":2,"rankOrd":"2nd","gameWon":3,"gameLost":1,"stk":"W2","homeWin":2,"homeLoss":0,"awayWin":1,"awayLoss":1}
{"_id":{"$oid":"5cb552e5e0f627212ff3a89a"},"stDate":"2017/10/25","teamAbbr":"ORL","rank":1,"rankOrd":"1st","gameWon":3,"gameLost":1,"stk":"W2","homeWin":2,"homeLoss":0,"awayWin":1,"awayLoss":1}
{"_id":{"$oid":"5cb552e5e0f627212ff3a8b8"},"stDate":"2017/10/26","teamAbbr":"ORL","rank":1,"rankOrd":"1st","gameWon":3,"gameLost":1,"stk":"W2","homeWin":2,"homeLoss":0,"awayWin":1,"awayLoss":1}
{"_id":{"$oid":"5cb552e5e0f627212ff3a8d5"},"stDate":"2017/10/27","teamAbbr":"ORL","rank":1,"rankOrd":"1st","gameWon":4,"gameLost":1,"stk":"W3","homeWin":3,"homeLoss":0,"awayWin":1,"awayLoss":1}
{"_id":{"$oid":"5cb552e5e0f627212ff3a8f4"},"stDate":"2017/10/28","teamAbbr":"ORL","rank":1,"rankOrd":"1st","gameWon":4,"gameLost":1,"stk":"W3","homeWin":3,"homeLoss":0,"awayWin":1,"awayLoss":1}
{"_id":{"$oid":"5cb552e5e0f627212ff3a912"},"stDate":"2017/10/29","teamAbbr":"ORL","rank":2,"rankOrd":"2nd","gameWon":4,"gameLost":2,"stk":"L1","homeWin":3,"homeLoss":0,"awayWin":1,"awayLoss":2}
{"_id":{"$oid":"5cb552e5e0f627212ff3a930"},"stDate":"2017/10/30","teamAbbr":"ORL","rank":1,"rankOrd":"1st","gameWon":5,"gameLost":2,"stk":"W1","homeWin":3,"homeLoss":0,"awayWin":2,"awayLoss":2}
{"_id":{"$oid":"5cb552e5e0f627212ff3a94e"},"stDate":"2017/10/31","teamAbbr":"ORL","rank":1,"rankOrd":"1st","gameWon":5,"gameLost":2,"stk":"W1","homeWin":3,"homeLoss":0,"awayWin":2,"awayLoss":2}
{"_id":{"$oid":"5cb552e5e0f627212ff3a96a"},"stDate":"2017/11/1","teamAbbr":"ORL","rank":1,"rankOrd":"1st","gameWon":6,"gameLost":2,"stk":"W2","homeWin":3,"homeLoss":0,"awayWin":3,"awayLoss":2}
{"_id":{"$oid":"5cb552e5e0f627212ff3a984"},"stDate":"2017/11/2","teamAbbr":"ORL","rank":1,"rankOrd":"1st","gameWon":6,"gameLost":2,"stk":"W2","homeWin":3,"homeLoss":0,"awayWin":3,"awayLoss":2}
{"_id":{"$oid":"5cb552e5e0f627212ff3a9a8"},"stDate":"2017/11/3","teamAbbr":"ORL","rank":2,"rankOrd":"2nd","gameWon":6,"gameLost":3,"stk":"L1","homeWin":3,"homeLoss":1,"awayWin":3,"awayLoss":2}
{"_id":{"$oid":"5cb552e5e0f627212ff3a9c6"},"stDate":"2017/11/4","teamAbbr":"ORL","rank":3,"rankOrd":"3rd","gameWon":6,"gameLost":3,"stk":"L1","homeWin":3,"homeLoss":1,"awayWin":3,"awayLoss":2}
{"_id":{"$oid":"5cb552e5e0f627212ff3a9df"},"stDate":"2017/11/5","teamAbbr":"ORL","rank":3,"rankOrd":"3rd","gameWon":6,"gameLost":4,"stk":"L2","homeWin":3,"homeLoss":2,"awayWin":3,"awayLoss":2}
{"_id":{"$oid":"5cb552e5e0f627212ff3aa01"},"stDate":"2017/11/6","teamAbbr":"ORL","rank":3,"rankOrd":"3rd","gameWon":6,"gameLost":4,"stk":"L2","homeWin":3,"homeLoss":2,"awayWin":3,"awayLoss":2}
{"_id":{"$oid":"5cb552e5e0f627212ff3aa20"},"stDate":"2017/11/7","teamAbbr":"ORL","rank":3,"rankOrd":"3rd","gameWon":6,"gameLost":4,"stk":"L2","homeWin":3,"homeLoss":2,"awayWin":3,"awayLoss":2}
{"_id":{"$oid":"5cb552e5e0f627212ff3aa3e"},"stDate":"2017/11/8","teamAbbr":"ORL","rank":3,"rankOrd":"3rd","gameWon":7,"gameLost":4,"stk":"W1","homeWin":4,"homeLoss":2,"awayWin":3,"awayLoss":2}
{"_id":{"$oid":"5cb552e5e0f627212ff3aa5c"},"stDate":"2017/11/9","teamAbbr":"ORL","rank":3,"rankOrd":"3rd","gameWon":7,"gameLost":4,"stk":"W1","homeWin":4,"homeLoss":2,"awayWin":3,"awayLoss":2}
{"_id":{"$oid":"5cb552e5e0f627212ff3aa7a"},"stDate":"2017/11/10","teamAbbr":"ORL","rank":3,"rankOrd":"3rd","gameWon":8,"gameLost":4,"stk":"W2","homeWin":4,"homeLoss":2,"awayWin":4,"awayLoss":2}
{"_id":{"$oid":"5cb552e5e0f627212ff3aa98"},"stDate":"2017/11/11","teamAbbr":"ORL","rank":3,"rankOrd":"3rd","gameWon":8,"gameLost":5,"stk":"L1","homeWin":4,"homeLoss":2,"awayWin":4,"awayLoss":3}
{"_id":{"$oid":"5cb552e5e0f627212ff3aab6"},"stDate":"2017/11/12","teamAbbr":"ORL","rank":3,"rankOrd":"3rd","gameWon":8,"gameLost":5,"stk":"L1","homeWin":4,"homeLoss":2,"awayWin":4,"awayLoss":3}
{"_id":{"$oid":"5cb552e5e0f627212ff3aad4"},"stDate":"2017/11/13","teamAbbr":"ORL","rank":4,"rankOrd":"4th","gameWon":8,"gameLost":6,"stk":"L2","homeWin":4,"homeLoss":2,"awayWin":4,"awayLoss":4}
{"_id":{"$oid":"5cb552e5e0f627212ff3aaf2"},"stDate":"2017/11/14","teamAbbr":"ORL","rank":5,"rankOrd":"5th","gameWon":8,"gameLost":6,"stk":"L2","homeWin":4,"homeLoss":2,"awayWin":4,"awayLoss":4}
{"_id":{"$oid":"5cb552e5e0f627212ff3ab09"},"stDate":"2017/11/15","teamAbbr":"ORL","rank":8,"rankOrd":"8th","gameWon":8,"gameLost":7,"stk":"L3","homeWin":4,"homeLoss":2,"awayWin":4,"awayLoss":5}
{"_id":{"$oid":"5cb552e5e0f627212ff3ab2e"},"stDate":"2017/11/16","teamAbbr":"ORL","rank":8,"rankOrd":"8th","gameWon":8,"gameLost":7,"stk":"L3","homeWin":4,"homeLoss":2,"awayWin":4,"awayLoss":5}
{"_id":{"$oid":"5cb552e5e0f627212ff3ab4c"},"stDate":"2017/11/17","teamAbbr":"ORL","rank":8,"rankOrd":"8th","gameWon":8,"gameLost":7,"stk":"L3","homeWin":4,"homeLoss":2,"awayWin":4,"awayLoss":5}
{"_id":{"$oid":"5cb552e5e0f627212ff3ab6a"},"stDate":"2017/11/18","teamAbbr":"ORL","rank":9,"rankOrd":"9th","gameWon":8,"gameLost":8,"stk":"L4","homeWin":4,"homeLoss":3,"awayWin":4,"awayLoss":5}
{"_id":{"$oid":"5cb552e5e0f627212ff3ab88"},"stDate":"2017/11/19","teamAbbr":"ORL","rank":10,"rankOrd":"10th","gameWon":8,"gameLost":8,"stk":"L4","homeWin":4,"homeLoss":3,"awayWin":4,"awayLoss":5}
{"_id":{"$oid":"5cb552e5e0f627212ff3aba6"},"stDate":"2017/11/20","teamAbbr":"ORL","rank":10,"rankOrd":"10th","gameWon":8,"gameLost":9,"stk":"L5","homeWin":4,"homeLoss":4,"awayWin":4,"awayLoss":5}
{"_id":{"$oid":"5cb552e5e0f627212ff3abc6"},"stDate":"2017/11/21","teamAbbr":"ORL","rank":10,"rankOrd":"10th","gameWon":8,"gameLost":9,"stk":"L5","homeWin":4,"homeLoss":4,"awayWin":4,"awayLoss":5}
{"_id":{"$oid":"5cb552e5e0f627212ff3abe2"},"stDate":"2017/11/22","teamAbbr":"ORL","rank":12,"rankOrd":"12th","gameWon":8,"gameLost":10,"stk":"L6","homeWin":4,"homeLoss":4,"awayWin":4,"awayLoss":6}
{"_id":{"$oid":"5cb552e5e0f627212ff3ac01"},"stDate":"2017/11/24","teamAbbr":"ORL","rank":12,"rankOrd":"12th","gameWon":8,"gameLost":11,"stk":"L7","homeWin":4,"homeLoss":4,"awayWin":4,"awayLoss":7}
{"_id":{"$oid":"5cb552e5e0f627212ff3ac1e"},"stDate":"2017/11/25","teamAbbr":"ORL","rank":12,"rankOrd":"12th","gameWon":8,"gameLost":12,"stk":"L8","homeWin":4,"homeLoss":4,"awayWin":4,"awayLoss":8}
{"_id":{"$oid":"5cb552e5e0f627212ff3ac3d"},"stDate":"2017/11/26","teamAbbr":"ORL","rank":12,"rankOrd":"12th","gameWon":8,"gameLost":12,"stk":"L8","homeWin":4,"homeLoss":4,"awayWin":4,"awayLoss":8}
{"_id":{"$oid":"5cb552e5e0f627212ff3ac5b"},"stDate":"2017/11/27","teamAbbr":"ORL","rank":12,"rankOrd":"12th","gameWon":8,"gameLost":13,"stk":"L9","homeWin":4,"homeLoss":4,"awayWin":4,"awayLoss":9}
{"_id":{"$oid":"5cb552e5e0f627212ff3ac78"},"stDate":"2017/11/28","teamAbbr":"ORL","rank":12,"rankOrd":"12th","gameWon":8,"gameLost":13,"stk":"L9","homeWin":4,"homeLoss":4,"awayWin":4,"awayLoss":9}
{"_id":{"$oid":"5cb552e5e0f627212ff3ac90"},"stDate":"2017/11/29","teamAbbr":"ORL","rank":11,"rankOrd":"11th","gameWon":9,"gameLost":13,"stk":"W1","homeWin":5,"homeLoss":4,"awayWin":4,"awayLoss":9}
{"_id":{"$oid":"5cb552e5e0f627212ff3acb5"},"stDate":"2017/11/30","teamAbbr":"ORL","rank":11,"rankOrd":"11th","gameWon":9,"gameLost":13,"stk":"W1","homeWin":5,"homeLoss":4,"awayWin":4,"awayLoss":9}
{"_id":{"$oid":"5cb552e5e0f627212ff3acd3"},"stDate":"2017/12/1","teamAbbr":"ORL","rank":11,"rankOrd":"11th","gameWon":9,"gameLost":14,"stk":"L1","homeWin":5,"homeLoss":5,"awayWin":4,"awayLoss":9}
{"_id":{"$oid":"5cb552e5e0f627212ff3aceb"},"stDate":"2017/12/2","teamAbbr":"ORL","rank":11,"rankOrd":"11th","gameWon":9,"gameLost":14,"stk":"L1","homeWin":5,"homeLoss":5,"awayWin":4,"awayLoss":9}
{"_id":{"$oid":"5cb552e5e0f627212ff3ad09"},"stDate":"2017/12/3","teamAbbr":"ORL","rank":11,"rankOrd":"11th","gameWon":10,"gameLost":14,"stk":"W1","homeWin":5,"homeLoss":5,"awayWin":5,"awayLoss":9}
{"_id":{"$oid":"5cb552e5e0f627212ff3ad26"},"stDate":"2017/12/4","teamAbbr":"ORL","rank":12,"rankOrd":"12th","gameWon":10,"gameLost":15,"stk":"L1","homeWin":5,"homeLoss":5,"awayWin":5,"awayLoss":10}
{"_id":{"$oid":"5cb552e5e0f627212ff3ad4b"},"stDate":"2017/12/5","teamAbbr":"ORL","rank":12,"rankOrd":"12th","gameWon":10,"gameLost":15,"stk":"L1","homeWin":5,"homeLoss":5,"awayWin":5,"awayLoss":10}
{"_id":{"$oid":"5cb552e5e0f627212ff3ad69"},"stDate":"2017/12/6","teamAbbr":"ORL","rank":11,"rankOrd":"11th","gameWon":11,"gameLost":15,"stk":"W1","homeWin":6,"homeLoss":5,"awayWin":5,"awayLoss":10}
{"_id":{"$oid":"5cb552e5e0f627212ff3ad89"},"stDate":"2017/12/7","teamAbbr":"ORL","rank":11,"rankOrd":"11th","gameWon":11,"gameLost":15,"stk":"W1","homeWin":6,"homeLoss":5,"awayWin":5,"awayLoss":10}
{"_id":{"$oid":"5cb552e5e0f627212ff3ada5"},"stDate":"2017/12/8","teamAbbr":"ORL","rank":12,"rankOrd":"12th","gameWon":11,"gameLost":16,"stk":"L1","homeWin":6,"homeLoss":6,"awayWin":5,"awayLoss":10}
{"_id":{"$oid":"5cb552e5e0f627212ff3adbf"},"stDate":"2017/12/9","teamAbbr":"ORL","rank":12,"rankOrd":"12th","gameWon":11,"gameLost":17,"stk":"L2","homeWin":6,"homeLoss":6,"awayWin":5,"awayLoss":11}
{"_id":{"$oid":"5cb552e5e0f627212ff3addb"},"stDate":"2017/12/10","teamAbbr":"ORL","rank":12,"rankOrd":"12th","gameWon":11,"gameLost":17,"stk":"L2","homeWin":6,"homeLoss":6,"awayWin":5,"awayLoss":11}
{"_id":{"$oid":"5cb552e5e0f627212ff3adff"},"stDate":"2017/12/11","teamAbbr":"ORL","rank":12,"rankOrd":"12th","gameWon":11,"gameLost":17,"stk":"L2","homeWin":6,"homeLoss":6,"awayWin":5,"awayLoss":11}
{"_id":{"$oid":"5cb552e5e0f627212ff3ae1d"},"stDate":"2017/12/12","teamAbbr":"ORL","rank":12,"rankOrd":"12th","gameWon":11,"gameLost":17,"stk":"L2","homeWin":6,"homeLoss":6,"awayWin":5,"awayLoss":11}
{"_id":{"$oid":"5cb552e5e0f627212ff3ae3b"},"stDate":"2017/12/13","teamAbbr":"ORL","rank":12,"rankOrd":"12th","gameWon":11,"gameLost":18,"stk":"L3","homeWin":6,"homeLoss":7,"awayWin":5,"awayLoss":11}
{"_id":{"$oid":"5cb552e5e0f627212ff3ae57"},"stDate":"2017/12/14","teamAbbr":"ORL","rank":12,"rankOrd":"12th","gameWon":11,"gameLost":18,"stk":"L3","homeWin":6,"homeLoss":7,"awayWin":5,"awayLoss":11}
{"_id":{"$oid":"5cb552e5e0f627212ff3ae77"},"stDate":"2017/12/15","teamAbbr":"ORL","rank":12,"rankOrd":"12th","gameWon":11,"gameLost":19,"stk":"L4","homeWin":6,"homeLoss":8,"awayWin":5,"awayLoss":11}
{"_id":{"$oid":"5cb552e5e0f627212ff3ae95"},"stDate":"2017/12/16","teamAbbr":"ORL","rank":12,"rankOrd":"12th","gameWon":11,"gameLost":19,"stk":"L4","homeWin":6,"homeLoss":8,"awayWin":5,"awayLoss":11}
{"_id":{"$oid":"5cb552e5e0f627212ff3aeb3"},"stDate":"2017/12/17","teamAbbr":"ORL","rank":12,"rankOrd":"12th","gameWon":11,"gameLost":20,"stk":"L5","homeWin":6,"homeLoss":8,"awayWin":5,"awayLoss":12}
{"_id":{"$oid":"5cb552e5e0f627212ff3aed0"},"stDate":"2017/12/18","teamAbbr":"ORL","rank":13,"rankOrd":"13th","gameWon":11,"gameLost":20,"stk":"L5","homeWin":6,"homeLoss":8,"awayWin":5,"awayLoss":12}
{"_id":{"$oid":"5cb552e5e0f627212ff3aeee"},"stDate":"2017/12/19","teamAbbr":"ORL","rank":13,"rankOrd":"13th","gameWon":11,"gameLost":20,"stk":"L5","homeWin":6,"homeLoss":8,"awayWin":5,"awayLoss":12}
{"_id":{"$oid":"5cb552e5e0f627212ff3af0c"},"stDate":"2017/12/20","teamAbbr":"ORL","rank":13,"rankOrd":"13th","gameWon":11,"gameLost":21,"stk":"L6","homeWin":6,"homeLoss":8,"awayWin":5,"awayLoss":13}
{"_id":{"$oid":"5cb552e5e0f627212ff3af28"},"stDate":"2017/12/21","teamAbbr":"ORL","rank":13,"rankOrd":"13th","gameWon":11,"gameLost":21,"stk":"L6","homeWin":6,"homeLoss":8,"awayWin":5,"awayLoss":13}
{"_id":{"$oid":"5cb552e5e0f627212ff3af49"},"stDate":"2017/12/22","teamAbbr":"ORL","rank":13,"rankOrd":"13th","gameWon":11,"gameLost":22,"stk":"L7","homeWin":6,"homeLoss":9,"awayWin":5,"awayLoss":13}
{"_id":{"$oid":"5cb552e5e0f627212ff3af68"},"stDate":"2017/12/23","teamAbbr":"ORL","rank":13,"rankOrd":"13th","gameWon":11,"gameLost":23,"stk":"L8","homeWin":6,"homeLoss":9,"awayWin":5,"awayLoss":14}
{"_id":{"$oid":"5cb552e5e0f627212ff3af86"},"stDate":"2017/12/25","teamAbbr":"ORL","rank":13,"rankOrd":"13th","gameWon":11,"gameLost":23,"stk":"L8","homeWin":6,"homeLoss":9,"awayWin":5,"awayLoss":14}
{"_id":{"$oid":"5cb552e5e0f627212ff3afa2"},"stDate":"2017/12/26","teamAbbr":"ORL","rank":14,"rankOrd":"14th","gameWon":11,"gameLost":24,"stk":"L9","homeWin":6,"homeLoss":9,"awayWin":5,"awayLoss":15}
{"_id":{"$oid":"5cb552e5e0f627212ff3afc2"},"stDate":"2017/12/27","teamAbbr":"ORL","rank":14,"rankOrd":"14th","gameWon":11,"gameLost":24,"stk":"L9","homeWin":6,"homeLoss":9,"awayWin":5,"awayLoss":15}
{"_id":{"$oid":"5cb552e5e0f627212ff3afe0"},"stDate":"2017/12/28","teamAbbr":"ORL","rank":14,"rankOrd":"14th","gameWon":12,"gameLost":24,"stk":"W1","homeWin":7,"homeLoss":9,"awayWin":5,"awayLoss":15}
{"_id":{"$oid":"5cb552e5e0f627212ff3b014"},"stDate":"2017/12/29","teamAbbr":"ORL","rank":14,"rankOrd":"14th","gameWon":12,"gameLost":24,"stk":"W1","homeWin":7,"homeLoss":9,"awayWin":5,"awayLoss":15}
{"_id":{"$oid":"5cb552e5e0f627212ff3b01d"},"stDate":"2017/12/30","teamAbbr":"ORL","rank":14,"rankOrd":"14th","gameWon":12,"gameLost":25,"stk":"L1","homeWin":7,"homeLoss":10,"awayWin":5,"awayLoss":15}
{"_id":{"$oid":"5cb552e5e0f627212ff3b03b"},"stDate":"2017/12/31","teamAbbr":"ORL","rank":14,"rankOrd":"14th","gameWon":12,"gameLost":25,"stk":"L1","homeWin":7,"homeLoss":10,"awayWin":5,"awayLoss":15}
{"_id":{"$oid":"5cb552e5e0f627212ff3b052"},"stDate":"2018/1/1","teamAbbr":"ORL","rank":14,"rankOrd":"14th","gameWon":12,"gameLost":26,"stk":"L2","homeWin":7,"homeLoss":10,"awayWin":5,"awayLoss":16}
{"_id":{"$oid":"5cb552e5e0f627212ff3b074"},"stDate":"2018/1/2","teamAbbr":"ORL","rank":14,"rankOrd":"14th","gameWon":12,"gameLost":26,"stk":"L2","homeWin":7,"homeLoss":10,"awayWin":5,"awayLoss":16}
{"_id":{"$oid":"5cb552e5e0f627212ff3b094"},"stDate":"2018/1/3","teamAbbr":"ORL","rank":14,"rankOrd":"14th","gameWon":12,"gameLost":27,"stk":"L3","homeWin":7,"homeLoss":11,"awayWin":5,"awayLoss":16}
{"_id":{"$oid":"5cb552e5e0f627212ff3b0b1"},"stDate":"2018/1/4","teamAbbr":"ORL","rank":14,"rankOrd":"14th","gameWon":12,"gameLost":27,"stk":"L3","homeWin":7,"homeLoss":11,"awayWin":5,"awayLoss":16}
{"_id":{"$oid":"5cb552e5e0f627212ff3b0cd"},"stDate":"2018/1/5","teamAbbr":"ORL","rank":14,"rankOrd":"14th","gameWon":12,"gameLost":27,"stk":"L3","homeWin":7,"homeLoss":11,"awayWin":5,"awayLoss":16}
{"_id":{"$oid":"5cb552e5e0f627212ff3b0ee"},"stDate":"2018/1/6","teamAbbr":"ORL","rank":14,"rankOrd":"14th","gameWon":12,"gameLost":28,"stk":"L4","homeWin":7,"homeLoss":12,"awayWin":5,"awayLoss":16}
{"_id":{"$oid":"5cb552e5e0f627212ff3b10b"},"stDate":"2018/1/7","teamAbbr":"ORL","rank":14,"rankOrd":"14th","gameWon":12,"gameLost":28,"stk":"L4","homeWin":7,"homeLoss":12,"awayWin":5,"awayLoss":16}
{"_id":{"$oid":"5cb552e5e0f627212ff3b123"},"stDate":"2018/1/8","teamAbbr":"ORL","rank":14,"rankOrd":"14th","gameWon":12,"gameLost":28,"stk":"L4","homeWin":7,"homeLoss":12,"awayWin":5,"awayLoss":16}
{"_id":{"$oid":"5cb552e5e0f627212ff3b148"},"stDate":"2018/1/9","teamAbbr":"ORL","rank":14,"rankOrd":"14th","gameWon":12,"gameLost":29,"stk":"L5","homeWin":7,"homeLoss":12,"awayWin":5,"awayLoss":17}
{"_id":{"$oid":"5cb552e5e0f627212ff3b166"},"stDate":"2018/1/10","teamAbbr":"ORL","rank":14,"rankOrd":"14th","gameWon":12,"gameLost":30,"stk":"L6","homeWin":7,"homeLoss":12,"awayWin":5,"awayLoss":18}
{"_id":{"$oid":"5cb552e5e0f627212ff3b183"},"stDate":"2018/1/11","teamAbbr":"ORL","rank":14,"rankOrd":"14th","gameWon":12,"gameLost":30,"stk":"L6","homeWin":7,"homeLoss":12,"awayWin":5,"awayLoss":18}
{"_id":{"$oid":"5cb552e5e0f627212ff3b1aa"},"stDate":"2018/1/12","teamAbbr":"ORL","rank":14,"rankOrd":"14th","gameWon":12,"gameLost":31,"stk":"L7","homeWin":7,"homeLoss":12,"awayWin":5,"awayLoss":19}
{"_id":{"$oid":"5cb552e5e0f627212ff3b1c1"},"stDate":"2018/1/13","teamAbbr":"ORL","rank":14,"rankOrd":"14th","gameWon":12,"gameLost":31,"stk":"L7","homeWin":7,"homeLoss":12,"awayWin":5,"awayLoss":19}
{"_id":{"$oid":"5cb552e5e0f627212ff3b1dd"},"stDate":"2018/1/14","teamAbbr":"ORL","rank":14,"rankOrd":"14th","gameWon":12,"gameLost":31,"stk":"L7","homeWin":7,"homeLoss":12,"awayWin":5,"awayLoss":19}
{"_id":{"$oid":"5cb552e5e0f627212ff3b1fc"},"stDate":"2018/1/15","teamAbbr":"ORL","rank":14,"rankOrd":"14th","gameWon":12,"gameLost":31,"stk":"L7","homeWin":7,"homeLoss":12,"awayWin":5,"awayLoss":19}
{"_id":{"$oid":"5cb552e5e0f627212ff3b21a"},"stDate":"2018/1/16","teamAbbr":"ORL","rank":14,"rankOrd":"14th","gameWon":13,"gameLost":31,"stk":"W1","homeWin":8,"homeLoss":12,"awayWin":5,"awayLoss":19}
{"_id":{"$oid":"5cb552e5e0f627212ff3b238"},"stDate":"2018/1/17","teamAbbr":"ORL","rank":14,"rankOrd":"14th","gameWon":13,"gameLost":31,"stk":"W1","homeWin":8,"homeLoss":12,"awayWin":5,"awayLoss":19}
{"_id":{"$oid":"5cb552e5e0f627212ff3b25a"},"stDate":"2018/1/18","teamAbbr":"ORL","rank":15,"rankOrd":"15th","gameWon":13,"gameLost":32,"stk":"L1","homeWin":8,"homeLoss":12,"awayWin":5,"awayLoss":20}
{"_id":{"$oid":"5cb552e5e0f627212ff3b274"},"stDate":"2018/1/19","teamAbbr":"ORL","rank":15,"rankOrd":"15th","gameWon":13,"gameLost":32,"stk":"L1","homeWin":8,"homeLoss":12,"awayWin":5,"awayLoss":20}
{"_id":{"$oid":"5cb552e5e0f627212ff3b292"},"stDate":"2018/1/20","teamAbbr":"ORL","rank":14,"rankOrd":"14th","gameWon":13,"gameLost":32,"stk":"L1","homeWin":8,"homeLoss":12,"awayWin":5,"awayLoss":20}
{"_id":{"$oid":"5cb552e5e0f627212ff3b2bd"},"stDate":"2018/1/21","teamAbbr":"ORL","rank":14,"rankOrd":"14th","gameWon":14,"gameLost":32,"stk":"W1","homeWin":8,"homeLoss":12,"awayWin":6,"awayLoss":20}
{"_id":{"$oid":"5cb552e5e0f627212ff3b2ce"},"stDate":"2018/1/22","teamAbbr":"ORL","rank":14,"rankOrd":"14th","gameWon":14,"gameLost":32,"stk":"W1","homeWin":8,"homeLoss":12,"awayWin":6,"awayLoss":20}
{"_id":{"$oid":"5cb552e5e0f627212ff3b2ec"},"stDate":"2018/1/23","teamAbbr":"ORL","rank":15,"rankOrd":"15th","gameWon":14,"gameLost":33,"stk":"L1","homeWin":8,"homeLoss":13,"awayWin":6,"awayLoss":20}
{"_id":{"$oid":"5cb552e5e0f627212ff3b309"},"stDate":"2018/1/24","teamAbbr":"ORL","rank":14,"rankOrd":"14th","gameWon":14,"gameLost":33,"stk":"L1","homeWin":8,"homeLoss":13,"awayWin":6,"awayLoss":20}
{"_id":{"$oid":"5cb552e5e0f627212ff3b328"},"stDate":"2018/1/25","teamAbbr":"ORL","rank":14,"rankOrd":"14th","gameWon":14,"gameLost":33,"stk":"L1","homeWin":8,"homeLoss":13,"awayWin":6,"awayLoss":20}
{"_id":{"$oid":"5cb552e5e0f627212ff3b346"},"stDate":"2018/1/26","teamAbbr":"ORL","rank":14,"rankOrd":"14th","gameWon":14,"gameLost":33,"stk":"L1","homeWin":8,"homeLoss":13,"awayWin":6,"awayLoss":20}
{"_id":{"$oid":"5cb552e5e0f627212ff3b365"},"stDate":"2018/1/27","teamAbbr":"ORL","rank":14,"rankOrd":"14th","gameWon":14,"gameLost":34,"stk":"L2","homeWin":8,"homeLoss":13,"awayWin":6,"awayLoss":21}
{"_id":{"$oid":"5cb552e5e0f627212ff3b382"},"stDate":"2018/1/28","teamAbbr":"ORL","rank":14,"rankOrd":"14th","gameWon":14,"gameLost":34,"stk":"L2","homeWin":8,"homeLoss":13,"awayWin":6,"awayLoss":21}
{"_id":{"$oid":"5cb552e5e0f627212ff3b3a0"},"stDate":"2018/1/29","teamAbbr":"ORL","rank":14,"rankOrd":"14th","gameWon":14,"gameLost":34,"stk":"L2","homeWin":8,"homeLoss":13,"awayWin":6,"awayLoss":21}
{"_id":{"$oid":"5cb552e5e0f627212ff3b3c0"},"stDate":"2018/1/30","teamAbbr":"ORL","rank":15,"rankOrd":"15th","gameWon":14,"gameLost":35,"stk":"L3","homeWin":8,"homeLoss":13,"awayWin":6,"awayLoss":22}
{"_id":{"$oid":"5cb552e5e0f627212ff3b3e2"},"stDate":"2018/1/31","teamAbbr":"ORL","rank":14,"rankOrd":"14th","gameWon":15,"gameLost":35,"stk":"W1","homeWin":9,"homeLoss":13,"awayWin":6,"awayLoss":22}
{"_id":{"$oid":"5cb552e5e0f627212ff3b3fb"},"stDate":"2018/2/1","teamAbbr":"ORL","rank":14,"rankOrd":"14th","gameWon":15,"gameLost":35,"stk":"W1","homeWin":9,"homeLoss":13,"awayWin":6,"awayLoss":22}
{"_id":{"$oid":"5cb552e5e0f627212ff3b418"},"stDate":"2018/2/2","teamAbbr":"ORL","rank":14,"rankOrd":"14th","gameWon":15,"gameLost":35,"stk":"W1","homeWin":9,"homeLoss":13,"awayWin":6,"awayLoss":22}
{"_id":{"$oid":"5cb552e5e0f627212ff3b448"},"stDate":"2018/2/3","teamAbbr":"ORL","rank":14,"rankOrd":"14th","gameWon":15,"gameLost":36,"stk":"L1","homeWin":9,"homeLoss":14,"awayWin":6,"awayLoss":22}
{"_id":{"$oid":"5cb552e5e0f627212ff3b455"},"stDate":"2018/2/4","teamAbbr":"ORL","rank":14,"rankOrd":"14th","gameWon":15,"gameLost":36,"stk":"L1","homeWin":9,"homeLoss":14,"awayWin":6,"awayLoss":22}
{"_id":{"$oid":"5cb552e5e0f627212ff3b472"},"stDate":"2018/2/5","teamAbbr":"ORL","rank":14,"rankOrd":"14th","gameWon":16,"gameLost":36,"stk":"W1","homeWin":9,"homeLoss":14,"awayWin":7,"awayLoss":22}
{"_id":{"$oid":"5cb552e5e0f627212ff3b48b"},"stDate":"2018/2/6","teamAbbr":"ORL","rank":14,"rankOrd":"14th","gameWon":17,"gameLost":36,"stk":"W2","homeWin":10,"homeLoss":14,"awayWin":7,"awayLoss":22}
{"_id":{"$oid":"5cb552e5e0f627212ff3b4af"},"stDate":"2018/2/7","teamAbbr":"ORL","rank":14,"rankOrd":"14th","gameWon":17,"gameLost":36,"stk":"W2","homeWin":10,"homeLoss":14,"awayWin":7,"awayLoss":22}
{"_id":{"$oid":"5cb552e5e0f627212ff3b4cd"},"stDate":"2018/2/8","teamAbbr":"ORL","rank":13,"rankOrd":"13th","gameWon":18,"gameLost":36,"stk":"W3","homeWin":11,"homeLoss":14,"awayWin":7,"awayLoss":22}
{"_id":{"$oid":"5cb552e5e0f627212ff3b4eb"},"stDate":"2018/2/9","teamAbbr":"ORL","rank":13,"rankOrd":"13th","gameWon":18,"gameLost":36,"stk":"W3","homeWin":11,"homeLoss":14,"awayWin":7,"awayLoss":22}
{"_id":{"$oid":"5cb552e5e0f627212ff3b509"},"stDate":"2018/2/10","teamAbbr":"ORL","rank":13,"rankOrd":"13th","gameWon":18,"gameLost":37,"stk":"L1","homeWin":11,"homeLoss":15,"awayWin":7,"awayLoss":22}
{"_id":{"$oid":"5cb552e5e0f627212ff3b526"},"stDate":"2018/2/11","teamAbbr":"ORL","rank":13,"rankOrd":"13th","gameWon":18,"gameLost":37,"stk":"L1","homeWin":11,"homeLoss":15,"awayWin":7,"awayLoss":22}
{"_id":{"$oid":"5cb552e5e0f627212ff3b54b"},"stDate":"2018/2/12","teamAbbr":"ORL","rank":13,"rankOrd":"13th","gameWon":18,"gameLost":38,"stk":"L2","homeWin":11,"homeLoss":15,"awayWin":7,"awayLoss":23}
{"_id":{"$oid":"5cb552e5e0f627212ff3b55f"},"stDate":"2018/2/13","teamAbbr":"ORL","rank":13,"rankOrd":"13th","gameWon":18,"gameLost":38,"stk":"L2","homeWin":11,"homeLoss":15,"awayWin":7,"awayLoss":23}
{"_id":{"$oid":"5cb552e5e0f627212ff3b581"},"stDate":"2018/2/14","teamAbbr":"ORL","rank":13,"rankOrd":"13th","gameWon":18,"gameLost":39,"stk":"L3","homeWin":11,"homeLoss":16,"awayWin":7,"awayLoss":23}
{"_id":{"$oid":"5cb552e5e0f627212ff3b59f"},"stDate":"2018/2/15","teamAbbr":"ORL","rank":13,"rankOrd":"13th","gameWon":18,"gameLost":39,"stk":"L3","homeWin":11,"homeLoss":16,"awayWin":7,"awayLoss":23}
{"_id":{"$oid":"5cb552e5e0f627212ff3b5bd"},"stDate":"2018/2/22","teamAbbr":"ORL","rank":13,"rankOrd":"13th","gameWon":18,"gameLost":40,"stk":"L4","homeWin":11,"homeLoss":17,"awayWin":7,"awayLoss":23}
{"_id":{"$oid":"5cb552e5e0f627212ff3b5dc"},"stDate":"2018/2/23","teamAbbr":"ORL","rank":13,"rankOrd":"13th","gameWon":18,"gameLost":40,"stk":"L4","homeWin":11,"homeLoss":17,"awayWin":7,"awayLoss":23}
{"_id":{"$oid":"5cb552e5e0f627212ff3b5f9"},"stDate":"2018/2/24","teamAbbr":"ORL","rank":14,"rankOrd":"14th","gameWon":18,"gameLost":41,"stk":"L5","homeWin":11,"homeLoss":17,"awayWin":7,"awayLoss":24}
{"_id":{"$oid":"5cb552e5e0f627212ff3b619"},"stDate":"2018/2/25","teamAbbr":"ORL","rank":14,"rankOrd":"14th","gameWon":18,"gameLost":41,"stk":"L5","homeWin":11,"homeLoss":17,"awayWin":7,"awayLoss":24}
{"_id":{"$oid":"5cb552e5e0f627212ff3b634"},"stDate":"2018/2/26","teamAbbr":"ORL","rank":14,"rankOrd":"14th","gameWon":18,"gameLost":42,"stk":"L6","homeWin":11,"homeLoss":17,"awayWin":7,"awayLoss":25}
{"_id":{"$oid":"5cb552e5e0f627212ff3b653"},"stDate":"2018/2/27","teamAbbr":"ORL","rank":14,"rankOrd":"14th","gameWon":18,"gameLost":42,"stk":"L6","homeWin":11,"homeLoss":17,"awayWin":7,"awayLoss":25}
{"_id":{"$oid":"5cb552e5e0f627212ff3b672"},"stDate":"2018/2/28","teamAbbr":"ORL","rank":15,"rankOrd":"15th","gameWon":18,"gameLost":43,"stk":"L7","homeWin":11,"homeLoss":18,"awayWin":7,"awayLoss":25}
{"_id":{"$oid":"5cb552e5e0f627212ff3b690"},"stDate":"2018/3/1","teamAbbr":"ORL","rank":15,"rankOrd":"15th","gameWon":18,"gameLost":43,"stk":"L7","homeWin":11,"homeLoss":18,"awayWin":7,"awayLoss":25}
{"_id":{"$oid":"5cb552e5e0f627212ff3b6ae"},"stDate":"2018/3/2","teamAbbr":"ORL","rank":14,"rankOrd":"14th","gameWon":19,"gameLost":43,"stk":"W1","homeWin":12,"homeLoss":18,"awayWin":7,"awayLoss":25}
{"_id":{"$oid":"5cb552e5e0f627212ff3b6cc"},"stDate":"2018/3/3","teamAbbr":"ORL","rank":13,"rankOrd":"13th","gameWon":20,"gameLost":43,"stk":"W2","homeWin":13,"homeLoss":18,"awayWin":7,"awayLoss":25}
{"_id":{"$oid":"5cb552e5e0f627212ff3b6e8"},"stDate":"2018/3/4","teamAbbr":"ORL","rank":13,"rankOrd":"13th","gameWon":20,"gameLost":43,"stk":"W2","homeWin":13,"homeLoss":18,"awayWin":7,"awayLoss":25}
{"_id":{"$oid":"5cb552e5e0f627212ff3b701"},"stDate":"2018/3/5","teamAbbr":"ORL","rank":13,"rankOrd":"13th","gameWon":20,"gameLost":44,"stk":"L1","homeWin":13,"homeLoss":18,"awayWin":7,"awayLoss":26}
{"_id":{"$oid":"5cb552e5e0f627212ff3b727"},"stDate":"2018/3/6","teamAbbr":"ORL","rank":13,"rankOrd":"13th","gameWon":20,"gameLost":44,"stk":"L1","homeWin":13,"homeLoss":18,"awayWin":7,"awayLoss":26}
{"_id":{"$oid":"5cb552e5e0f627212ff3b744"},"stDate":"2018/3/7","teamAbbr":"ORL","rank":13,"rankOrd":"13th","gameWon":20,"gameLost":45,"stk":"L2","homeWin":13,"homeLoss":18,"awayWin":7,"awayLoss":27}
{"_id":{"$oid":"5cb552e5e0f627212ff3b761"},"stDate":"2018/3/8","teamAbbr":"ORL","rank":14,"rankOrd":"14th","gameWon":20,"gameLost":45,"stk":"L2","homeWin":13,"homeLoss":18,"awayWin":7,"awayLoss":27}
{"_id":{"$oid":"5cb552e5e0f627212ff3b780"},"stDate":"2018/3/9","teamAbbr":"ORL","rank":14,"rankOrd":"14th","gameWon":20,"gameLost":46,"stk":"L3","homeWin":13,"homeLoss":18,"awayWin":7,"awayLoss":28}
{"_id":{"$oid":"5cb552e5e0f627212ff3b79e"},"stDate":"2018/3/10","teamAbbr":"ORL","rank":15,"rankOrd":"15th","gameWon":20,"gameLost":47,"stk":"L4","homeWin":13,"homeLoss":18,"awayWin":7,"awayLoss":29}
{"_id":{"$oid":"5cb552e5e0f627212ff3b7bb"},"stDate":"2018/3/11","teamAbbr":"ORL","rank":14,"rankOrd":"14th","gameWon":20,"gameLost":47,"stk":"L4","homeWin":13,"homeLoss":18,"awayWin":7,"awayLoss":29}
{"_id":{"$oid":"5cb552e5e0f627212ff3b7da"},"stDate":"2018/3/12","teamAbbr":"ORL","rank":14,"rankOrd":"14th","gameWon":20,"gameLost":47,"stk":"L4","homeWin":13,"homeLoss":18,"awayWin":7,"awayLoss":29}
{"_id":{"$oid":"5cb552e5e0f627212ff3b7f8"},"stDate":"2018/3/13","teamAbbr":"ORL","rank":14,"rankOrd":"14th","gameWon":20,"gameLost":48,"stk":"L5","homeWin":13,"homeLoss":18,"awayWin":7,"awayLoss":30}
{"_id":{"$oid":"5cb552e5e0f627212ff3b816"},"stDate":"2018/3/14","teamAbbr":"ORL","rank":14,"rankOrd":"14th","gameWon":21,"gameLost":48,"stk":"W1","homeWin":14,"homeLoss":18,"awayWin":7,"awayLoss":30}
{"_id":{"$oid":"5cb552e5e0f627212ff3b833"},"stDate":"2018/3/15","teamAbbr":"ORL","rank":14,"rankOrd":"14th","gameWon":21,"gameLost":48,"stk":"W1","homeWin":14,"homeLoss":18,"awayWin":7,"awayLoss":30}
{"_id":{"$oid":"5cb552e5e0f627212ff3b852"},"stDate":"2018/3/16","teamAbbr":"ORL","rank":14,"rankOrd":"14th","gameWon":21,"gameLost":49,"stk":"L1","homeWin":14,"homeLoss":19,"awayWin":7,"awayLoss":30}
{"_id":{"$oid":"5cb552e5e0f627212ff3b870"},"stDate":"2018/3/17","teamAbbr":"ORL","rank":14,"rankOrd":"14th","gameWon":21,"gameLost":49,"stk":"L1","homeWin":14,"homeLoss":19,"awayWin":7,"awayLoss":30}
{"_id":{"$oid":"5cb552e5e0f627212ff3b88f"},"stDate":"2018/3/18","teamAbbr":"ORL","rank":14,"rankOrd":"14th","gameWon":21,"gameLost":49,"stk":"L1","homeWin":14,"homeLoss":19,"awayWin":7,"awayLoss":30}
{"_id":{"$oid":"5cb552e5e0f627212ff3b8ac"},"stDate":"2018/3/19","teamAbbr":"ORL","rank":14,"rankOrd":"14th","gameWon":21,"gameLost":49,"stk":"L1","homeWin":14,"homeLoss":19,"awayWin":7,"awayLoss":30}
{"_id":{"$oid":"5cb552e5e0f627212ff3b8c9"},"stDate":"2018/3/20","teamAbbr":"ORL","rank":14,"rankOrd":"14th","gameWon":21,"gameLost":50,"stk":"L2","homeWin":14,"homeLoss":20,"awayWin":7,"awayLoss":30}
{"_id":{"$oid":"5cb552e5e0f627212ff3b8e8"},"stDate":"2018/3/21","teamAbbr":"ORL","rank":14,"rankOrd":"14th","gameWon":21,"gameLost":50,"stk":"L2","homeWin":14,"homeLoss":20,"awayWin":7,"awayLoss":30}
{"_id":{"$oid":"5cb552e5e0f627212ff3b907"},"stDate":"2018/3/22","teamAbbr":"ORL","rank":14,"rankOrd":"14th","gameWon":21,"gameLost":51,"stk":"L3","homeWin":14,"homeLoss":21,"awayWin":7,"awayLoss":30}
{"_id":{"$oid":"5cb552e5e0f627212ff3b91d"},"stDate":"2018/3/23","teamAbbr":"ORL","rank":14,"rankOrd":"14th","gameWon":21,"gameLost":51,"stk":"L3","homeWin":14,"homeLoss":21,"awayWin":7,"awayLoss":30}
{"_id":{"$oid":"5cb552e5e0f627212ff3b942"},"stDate":"2018/3/24","teamAbbr":"ORL","rank":14,"rankOrd":"14th","gameWon":22,"gameLost":51,"stk":"W1","homeWin":15,"homeLoss":21,"awayWin":7,"awayLoss":30}
{"_id":{"$oid":"5cb552e5e0f627212ff3b960"},"stDate":"2018/3/25","teamAbbr":"ORL","rank":14,"rankOrd":"14th","gameWon":22,"gameLost":51,"stk":"W1","homeWin":15,"homeLoss":21,"awayWin":7,"awayLoss":30}
{"_id":{"$oid":"5cb552e5e0f627212ff3b97e"},"stDate":"2018/3/26","teamAbbr":"ORL","rank":14,"rankOrd":"14th","gameWon":22,"gameLost":51,"stk":"W1","homeWin":15,"homeLoss":21,"awayWin":7,"awayLoss":30}
{"_id":{"$oid":"5cb552e5e0f627212ff3b99c"},"stDate":"2018/3/27","teamAbbr":"ORL","rank":14,"rankOrd":"14th","gameWon":22,"gameLost":51,"stk":"W1","homeWin":15,"homeLoss":21,"awayWin":7,"awayLoss":30}
{"_id":{"$oid":"5cb552e5e0f627212ff3b9ba"},"stDate":"2018/3/28","teamAbbr":"ORL","rank":14,"rankOrd":"14th","gameWon":22,"gameLost":52,"stk":"L1","homeWin":15,"homeLoss":22,"awayWin":7,"awayLoss":30}
{"_id":{"$oid":"5cb552e5e0f627212ff3b9d6"},"stDate":"2018/3/29","teamAbbr":"ORL","rank":14,"rankOrd":"14th","gameWon":22,"gameLost":52,"stk":"L1","homeWin":15,"homeLoss":22,"awayWin":7,"awayLoss":30}
{"_id":{"$oid":"5cb552e5e0f627212ff3b9f6"},"stDate":"2018/3/30","teamAbbr":"ORL","rank":14,"rankOrd":"14th","gameWon":22,"gameLost":53,"stk":"L2","homeWin":15,"homeLoss":23,"awayWin":7,"awayLoss":30}
{"_id":{"$oid":"5cb552e5e0f627212ff3ba13"},"stDate":"2018/3/31","teamAbbr":"ORL","rank":14,"rankOrd":"14th","gameWon":22,"gameLost":53,"stk":"L2","homeWin":15,"homeLoss":23,"awayWin":7,"awayLoss":30}
{"_id":{"$oid":"5cb552e5e0f627212ff3ba32"},"stDate":"2018/4/1","teamAbbr":"ORL","rank":14,"rankOrd":"14th","gameWon":22,"gameLost":54,"stk":"L3","homeWin":15,"homeLoss":23,"awayWin":7,"awayLoss":31}
{"_id":{"$oid":"5cb552e5e0f627212ff3ba4f"},"stDate":"2018/4/3","teamAbbr":"ORL","rank":14,"rankOrd":"14th","gameWon":23,"gameLost":54,"stk":"W1","homeWin":15,"homeLoss":23,"awayWin":8,"awayLoss":31}
{"_id":{"$oid":"5cb552e5e0f627212ff3ba6e"},"stDate":"2018/4/4","teamAbbr":"ORL","rank":14,"rankOrd":"14th","gameWon":24,"gameLost":54,"stk":"W2","homeWin":16,"homeLoss":23,"awayWin":8,"awayLoss":31}
{"_id":{"$oid":"5cb552e5e0f627212ff3ba8c"},"stDate":"2018/4/5","teamAbbr":"ORL","rank":14,"rankOrd":"14th","gameWon":24,"gameLost":54,"stk":"W2","homeWin":16,"homeLoss":23,"awayWin":8,"awayLoss":31}
{"_id":{"$oid":"5cb552e5e0f627212ff3baab"},"stDate":"2018/4/6","teamAbbr":"ORL","rank":14,"rankOrd":"14th","gameWon":24,"gameLost":55,"stk":"L1","homeWin":16,"homeLoss":24,"awayWin":8,"awayLoss":31}
{"_id":{"$oid":"5cb552e5e0f627212ff3bac8"},"stDate":"2018/4/7","teamAbbr":"ORL","rank":14,"rankOrd":"14th","gameWon":24,"gameLost":55,"stk":"L1","homeWin":16,"homeLoss":24,"awayWin":8,"awayLoss":31}
{"_id":{"$oid":"5cb552e5e0f627212ff3bae7"},"stDate":"2018/4/8","teamAbbr":"ORL","rank":14,"rankOrd":"14th","gameWon":24,"gameLost":56,"stk":"L2","homeWin":16,"homeLoss":24,"awayWin":8,"awayLoss":32}
{"_id":{"$oid":"5cb552e5e0f627212ff3bb04"},"stDate":"2018/4/9","teamAbbr":"ORL","rank":14,"rankOrd":"14th","gameWon":24,"gameLost":57,"stk":"L3","homeWin":16,"homeLoss":24,"awayWin":8,"awayLoss":33}
{"_id":{"$oid":"5cb552e5e0f627212ff3bb26"},"stDate":"2018/4/10","teamAbbr":"ORL","rank":14,"rankOrd":"14th","gameWon":24,"gameLost":57,"stk":"L3","homeWin":16,"homeLoss":24,"awayWin":8,"awayLoss":33}
{"_id":{"$oid":"5cb552e5e0f627212ff3bb41"},"stDate":"2018/4/11","teamAbbr":"ORL","rank":14,"rankOrd":"14th","gameWon":25,"gameLost":57,"stk":"W1","homeWin":17,"homeLoss":24,"awayWin":8,"awayLoss":33}
