{"_id":{"$oid":"5cb552f6e0f627212ff3bb54"},"gmDate":"2017/10/18","offLNm3":"Zarba","offFNm3":"Zach","teamAbbr":"WAS","teamConf":"East","teamLoc":"Home","teamRslt":"Win","teamPTS":120,"teamAST":21,"teamTO":10,"teamSTL":8,"teamBLK":10,"teamPF":20,"teamFGA":97,"teamFGM":42,"team2PA":75,"team2PM":36,"team3PA":22,"team3PM":6,"teamFTA":38,"teamFTM":30,"teamORB":16,"teamDRB":36,"teamPTS1":32,"teamPTS2":24,"teamPTS3":34,"teamPTS4":30,"teamPTS5":0,"teamPTS6":0,"teamPTS7":0,"teamPTS8":0,"opptAbbr":"PHI","opptConf":"East","opptLoc":"Away","opptRslt":"Loss","opptPTS":115,"opptAST":25,"opptTO":17,"opptSTL":6,"opptBLK":6,"opptPF":28,"opptFGA":94,"opptFGM":43,"oppt2PA":59,"oppt2PM":28,"oppt3PA":35,"oppt3PM":15,"opptFTA":19,"opptFTM":14,"opptORB":11,"opptDRB":37,"opptPTS1":23,"opptPTS2":36,"opptPTS3":23,"opptPTS4":33,"opptPTS5":0,"opptPTS6":0,"opptPTS7":0,"opptPTS8":0}
{"_id":{"$oid":"5cb552f6e0f627212ff3bb61"},"gmDate":"2017/10/20","offLNm3":"Holtkamp","offFNm3":"Lauren","teamAbbr":"PHI","teamConf":"East","teamLoc":"Home","teamRslt":"Loss","teamPTS":92,"teamAST":20,"teamTO":17,"teamSTL":7,"teamBLK":4,"teamPF":30,"teamFGA":92,"teamFGM":35,"team2PA":60,"team2PM":25,"team3PA":32,"team3PM":10,"teamFTA":16,"teamFTM":12,"teamORB":14,"teamDRB":33,"teamPTS1":21,"teamPTS2":29,"teamPTS3":22,"teamPTS4":20,"teamPTS5":0,"teamPTS6":0,"teamPTS7":0,"teamPTS8":0,"opptAbbr":"BOS","opptConf":"East","opptLoc":"Away","opptRslt":"Win","opptPTS":102,"opptAST":16,"opptTO":19,"opptSTL":4,"opptBLK":5,"opptPF":24,"opptFGA":84,"opptFGM":35,"oppt2PA":55,"oppt2PM":25,"oppt3PA":29,"oppt3PM":10,"opptFTA":32,"opptFTM":22,"opptORB":14,"opptDRB":41,"opptPTS1":24,"opptPTS2":22,"opptPTS3":23,"opptPTS4":33,"opptPTS5":0,"opptPTS6":0,"opptPTS7":0,"opptPTS8":0}
{"_id":{"$oid":"5cb552f6e0f627212ff3bb68"},"gmDate":"2017/10/21","offLNm3":"Spooner","offFNm3":"Bill","teamAbbr":"TOR","teamConf":"East","teamLoc":"Home","teamRslt":"Win","teamPTS":128,"teamAST":23,"teamTO":13,"teamSTL":5,"teamBLK":10,"teamPF":29,"teamFGA":89,"teamFGM":42,"team2PA":45,"team2PM":29,"team3PA":44,"team3PM":13,"teamFTA":37,"teamFTM":31,"teamORB":8,"teamDRB":43,"teamPTS1":36,"teamPTS2":26,"teamPTS3":40,"teamPTS4":26,"teamPTS5":0,"teamPTS6":0,"teamPTS7":0,"teamPTS8":0,"opptAbbr":"PHI","opptConf":"East","opptLoc":"Away","opptRslt":"Loss","opptPTS":94,"opptAST":18,"opptTO":20,"opptSTL":5,"opptBLK":4,"opptPF":26,"opptFGA":82,"opptFGM":32,"oppt2PA":58,"oppt2PM":24,"oppt3PA":24,"oppt3PM":8,"opptFTA":36,"opptFTM":22,"opptORB":8,"opptDRB":33,"opptPTS1":19,"opptPTS2":30,"opptPTS3":22,"opptPTS4":23,"opptPTS5":0,"opptPTS6":0,"opptPTS7":0,"opptPTS8":0}
{"_id":{"$oid":"5cb552f6e0f627212ff3bb76"},"gmDate":"2017/10/23","offLNm3":"Ford","offFNm3":"Tyler","teamAbbr":"DET","teamConf":"East","teamLoc":"Home","teamRslt":"Loss","teamPTS":86,"teamAST":14,"teamTO":14,"teamSTL":5,"teamBLK":2,"teamPF":21,"teamFGA":85,"teamFGM":33,"team2PA":55,"team2PM":27,"team3PA":30,"team3PM":6,"teamFTA":19,"teamFTM":14,"teamORB":9,"teamDRB":30,"teamPTS1":22,"teamPTS2":21,"teamPTS3":24,"teamPTS4":19,"teamPTS5":0,"teamPTS6":0,"teamPTS7":0,"teamPTS8":0,"opptAbbr":"PHI","opptConf":"East","opptLoc":"Away","opptRslt":"Win","opptPTS":97,"opptAST":25,"opptTO":21,"opptSTL":11,"opptBLK":0,"opptPF":24,"opptFGA":75,"opptFGM":35,"oppt2PA":51,"oppt2PM":26,"oppt3PA":24,"oppt3PM":9,"opptFTA":24,"opptFTM":18,"opptORB":8,"opptDRB":41,"opptPTS1":31,"opptPTS2":25,"opptPTS3":19,"opptPTS4":22,"opptPTS5":0,"opptPTS6":0,"opptPTS7":0,"opptPTS8":0}
{"_id":{"$oid":"5cb552f6e0f627212ff3bb85"},"gmDate":"2017/10/25","offLNm3":"Richardson","offFNm3":"Leroy","teamAbbr":"PHI","teamConf":"East","teamLoc":"Home","teamRslt":"Loss","teamPTS":104,"teamAST":29,"teamTO":16,"teamSTL":14,"teamBLK":7,"teamPF":19,"teamFGA":97,"teamFGM":43,"team2PA":61,"team2PM":31,"team3PA":36,"team3PM":12,"teamFTA":10,"teamFTM":6,"teamORB":12,"teamDRB":31,"teamPTS1":33,"teamPTS2":21,"teamPTS3":26,"teamPTS4":24,"teamPTS5":0,"teamPTS6":0,"teamPTS7":0,"teamPTS8":0,"opptAbbr":"HOU","opptConf":"West","opptLoc":"Away","opptRslt":"Win","opptPTS":105,"opptAST":22,"opptTO":19,"opptSTL":11,"opptBLK":13,"opptPF":13,"opptFGA":75,"opptFGM":36,"oppt2PA":36,"oppt2PM":24,"oppt3PA":39,"oppt3PM":12,"opptFTA":24,"opptFTM":21,"opptORB":7,"opptDRB":33,"opptPTS1":31,"opptPTS2":25,"opptPTS3":23,"opptPTS4":26,"opptPTS5":0,"opptPTS6":0,"opptPTS7":0,"opptPTS8":0}
{"_id":{"$oid":"5cb552f6e0f627212ff3bb9e"},"gmDate":"2017/10/28","offLNm3":"Richardson","offFNm3":"Derek","teamAbbr":"DAL","teamConf":"West","teamLoc":"Home","teamRslt":"Loss","teamPTS":110,"teamAST":22,"teamTO":18,"teamSTL":7,"teamBLK":2,"teamPF":15,"teamFGA":74,"teamFGM":38,"team2PA":34,"team2PM":19,"team3PA":40,"team3PM":19,"teamFTA":19,"teamFTM":15,"teamORB":3,"teamDRB":30,"teamPTS1":23,"teamPTS2":33,"teamPTS3":22,"teamPTS4":32,"teamPTS5":0,"teamPTS6":0,"teamPTS7":0,"teamPTS8":0,"opptAbbr":"PHI","opptConf":"East","opptLoc":"Away","opptRslt":"Win","opptPTS":112,"opptAST":25,"opptTO":14,"opptSTL":10,"opptBLK":1,"opptPF":21,"opptFGA":87,"opptFGM":43,"oppt2PA":52,"oppt2PM":27,"oppt3PA":35,"oppt3PM":16,"opptFTA":14,"opptFTM":10,"opptORB":11,"opptDRB":31,"opptPTS1":32,"opptPTS2":25,"opptPTS3":32,"opptPTS4":23,"opptPTS5":0,"opptPTS6":0,"opptPTS7":0,"opptPTS8":0}
{"_id":{"$oid":"5cb552f6e0f627212ff3bbac"},"gmDate":"2017/10/30","offLNm3":"Smith","offFNm3":"Michael","teamAbbr":"HOU","teamConf":"West","teamLoc":"Home","teamRslt":"Loss","teamPTS":107,"teamAST":17,"teamTO":15,"teamSTL":12,"teamBLK":3,"teamPF":23,"teamFGA":83,"teamFGM":33,"team2PA":36,"team2PM":20,"team3PA":47,"team3PM":13,"teamFTA":38,"teamFTM":28,"teamORB":10,"teamDRB":25,"teamPTS1":27,"teamPTS2":29,"teamPTS3":24,"teamPTS4":27,"teamPTS5":0,"teamPTS6":0,"teamPTS7":0,"teamPTS8":0,"opptAbbr":"PHI","opptConf":"East","opptLoc":"Away","opptRslt":"Win","opptPTS":115,"opptAST":27,"opptTO":21,"opptSTL":10,"opptBLK":4,"opptPF":31,"opptFGA":80,"opptFGM":44,"oppt2PA":56,"oppt2PM":34,"oppt3PA":24,"oppt3PM":10,"opptFTA":24,"opptFTM":17,"opptORB":7,"opptDRB":41,"opptPTS1":37,"opptPTS2":21,"opptPTS3":34,"opptPTS4":23,"opptPTS5":0,"opptPTS6":0,"opptPTS7":0,"opptPTS8":0}
{"_id":{"$oid":"5cb552f6e0f627212ff3bbb8"},"gmDate":"2017/11/1","offLNm3":"Kennedy","offFNm3":"Bill","teamAbbr":"PHI","teamConf":"East","teamLoc":"Home","teamRslt":"Win","teamPTS":119,"teamAST":36,"teamTO":17,"teamSTL":10,"teamBLK":4,"teamPF":26,"teamFGA":99,"teamFGM":46,"team2PA":64,"team2PM":33,"team3PA":35,"team3PM":13,"teamFTA":25,"teamFTM":14,"teamORB":15,"teamDRB":38,"teamPTS1":34,"teamPTS2":25,"teamPTS3":34,"teamPTS4":26,"teamPTS5":0,"teamPTS6":0,"teamPTS7":0,"teamPTS8":0,"opptAbbr":"ATL","opptConf":"East","opptLoc":"Away","opptRslt":"Loss","opptPTS":109,"opptAST":22,"opptTO":19,"opptSTL":11,"opptBLK":4,"opptPF":28,"opptFGA":94,"opptFGM":41,"oppt2PA":71,"oppt2PM":33,"oppt3PA":23,"oppt3PM":8,"opptFTA":27,"opptFTM":19,"opptORB":12,"opptDRB":37,"opptPTS1":25,"opptPTS2":32,"opptPTS3":36,"opptPTS4":16,"opptPTS5":0,"opptPTS6":0,"opptPTS7":0,"opptPTS8":0}
{"_id":{"$oid":"5cb552f6e0f627212ff3bbc6"},"gmDate":"2017/11/3","offLNm3":"Brown","offFNm3":"Tony","teamAbbr":"PHI","teamConf":"East","teamLoc":"Home","teamRslt":"Win","teamPTS":121,"teamAST":34,"teamTO":20,"teamSTL":7,"teamBLK":9,"teamPF":20,"teamFGA":92,"teamFGM":46,"team2PA":56,"team2PM":28,"team3PA":36,"team3PM":18,"teamFTA":14,"teamFTM":11,"teamORB":12,"teamDRB":38,"teamPTS1":30,"teamPTS2":26,"teamPTS3":36,"teamPTS4":29,"teamPTS5":0,"teamPTS6":0,"teamPTS7":0,"teamPTS8":0,"opptAbbr":"IND","opptConf":"East","opptLoc":"Away","opptRslt":"Loss","opptPTS":110,"opptAST":25,"opptTO":12,"opptSTL":6,"opptBLK":6,"opptPF":18,"opptFGA":97,"opptFGM":45,"oppt2PA":69,"oppt2PM":37,"oppt3PA":28,"oppt3PM":8,"opptFTA":19,"opptFTM":12,"opptORB":8,"opptDRB":32,"opptPTS1":28,"opptPTS2":35,"opptPTS3":26,"opptPTS4":21,"opptPTS5":0,"opptPTS6":0,"opptPTS7":0,"opptPTS8":0}
{"_id":{"$oid":"5cb552f6e0f627212ff3bbe9"},"gmDate":"2017/11/7","offLNm3":"Wood","offFNm3":"Leon","teamAbbr":"UTA","teamConf":"West","teamLoc":"Home","teamRslt":"Loss","teamPTS":97,"teamAST":15,"teamTO":12,"teamSTL":14,"teamBLK":6,"teamPF":23,"teamFGA":99,"teamFGM":30,"team2PA":60,"team2PM":21,"team3PA":39,"team3PM":9,"teamFTA":35,"teamFTM":28,"teamORB":14,"teamDRB":31,"teamPTS1":21,"teamPTS2":23,"teamPTS3":27,"teamPTS4":26,"teamPTS5":0,"teamPTS6":0,"teamPTS7":0,"teamPTS8":0,"opptAbbr":"PHI","opptConf":"East","opptLoc":"Away","opptRslt":"Win","opptPTS":104,"opptAST":23,"opptTO":22,"opptSTL":5,"opptBLK":6,"opptPF":34,"opptFGA":81,"opptFGM":34,"oppt2PA":54,"oppt2PM":22,"oppt3PA":27,"oppt3PM":12,"opptFTA":30,"opptFTM":24,"opptORB":8,"opptDRB":48,"opptPTS1":32,"opptPTS2":14,"opptPTS3":34,"opptPTS4":24,"opptPTS5":0,"opptPTS6":0,"opptPTS7":0,"opptPTS8":0}
{"_id":{"$oid":"5cb552f6e0f627212ff3bbf4"},"gmDate":"2017/11/9","offLNm3":"Fraher","offFNm3":"Pat","teamAbbr":"SAC","teamConf":"West","teamLoc":"Home","teamRslt":"Win","teamPTS":109,"teamAST":29,"teamTO":9,"teamSTL":6,"teamBLK":5,"teamPF":19,"teamFGA":93,"teamFGM":40,"team2PA":66,"team2PM":28,"team3PA":27,"team3PM":12,"teamFTA":28,"teamFTM":17,"teamORB":8,"teamDRB":37,"teamPTS1":26,"teamPTS2":38,"teamPTS3":20,"teamPTS4":25,"teamPTS5":0,"teamPTS6":0,"teamPTS7":0,"teamPTS8":0,"opptAbbr":"PHI","opptConf":"East","opptLoc":"Away","opptRslt":"Loss","opptPTS":108,"opptAST":23,"opptTO":17,"opptSTL":6,"opptBLK":5,"opptPF":28,"opptFGA":87,"opptFGM":37,"oppt2PA":50,"oppt2PM":22,"oppt3PA":37,"oppt3PM":15,"opptFTA":27,"opptFTM":19,"opptORB":13,"opptDRB":43,"opptPTS1":26,"opptPTS2":31,"opptPTS3":24,"opptPTS4":27,"opptPTS5":0,"opptPTS6":0,"opptPTS7":0,"opptPTS8":0}
{"_id":{"$oid":"5cb552f6e0f627212ff3bc03"},"gmDate":"2017/11/11","offLNm3":"Brown","offFNm3":"Tony","teamAbbr":"GS","teamConf":"West","teamLoc":"Home","teamRslt":"Win","teamPTS":135,"teamAST":31,"teamTO":23,"teamSTL":15,"teamBLK":11,"teamPF":23,"teamFGA":82,"teamFGM":48,"team2PA":55,"team2PM":34,"team3PA":27,"team3PM":14,"teamFTA":26,"teamFTM":25,"teamORB":4,"teamDRB":35,"teamPTS1":32,"teamPTS2":33,"teamPTS3":36,"teamPTS4":34,"teamPTS5":0,"teamPTS6":0,"teamPTS7":0,"teamPTS8":0,"opptAbbr":"PHI","opptConf":"East","opptLoc":"Away","opptRslt":"Loss","opptPTS":114,"opptAST":30,"opptTO":20,"opptSTL":10,"opptBLK":2,"opptPF":19,"opptFGA":94,"opptFGM":44,"oppt2PA":66,"oppt2PM":32,"oppt3PA":28,"oppt3PM":12,"opptFTA":20,"opptFTM":14,"opptORB":13,"opptDRB":25,"opptPTS1":28,"opptPTS2":36,"opptPTS3":21,"opptPTS4":29,"opptPTS5":0,"opptPTS6":0,"opptPTS7":0,"opptPTS8":0}
{"_id":{"$oid":"5cb552f6e0f627212ff3bc15"},"gmDate":"2017/11/13","offLNm3":"Boland","offFNm3":"Matt","teamAbbr":"LAC","teamConf":"West","teamLoc":"Home","teamRslt":"Loss","teamPTS":105,"teamAST":16,"teamTO":15,"teamSTL":9,"teamBLK":4,"teamPF":26,"teamFGA":82,"teamFGM":36,"team2PA":50,"team2PM":24,"team3PA":32,"team3PM":12,"teamFTA":32,"teamFTM":21,"teamORB":9,"teamDRB":25,"teamPTS1":28,"teamPTS2":25,"teamPTS3":26,"teamPTS4":26,"teamPTS5":0,"teamPTS6":0,"teamPTS7":0,"teamPTS8":0,"opptAbbr":"PHI","opptConf":"East","opptLoc":"Away","opptRslt":"Win","opptPTS":109,"opptAST":27,"opptTO":20,"opptSTL":9,"opptBLK":2,"opptPF":26,"opptFGA":77,"opptFGM":38,"oppt2PA":45,"oppt2PM":31,"oppt3PA":32,"oppt3PM":7,"opptFTA":35,"opptFTM":26,"opptORB":10,"opptDRB":41,"opptPTS1":36,"opptPTS2":19,"opptPTS3":22,"opptPTS4":32,"opptPTS5":0,"opptPTS6":0,"opptPTS7":0,"opptPTS8":0}
{"_id":{"$oid":"5cb552f6e0f627212ff3bc23"},"gmDate":"2017/11/15","offLNm3":"Lewis","offFNm3":"Eric","teamAbbr":"LAL","teamConf":"West","teamLoc":"Home","teamRslt":"Loss","teamPTS":109,"teamAST":18,"teamTO":9,"teamSTL":7,"teamBLK":6,"teamPF":23,"teamFGA":109,"teamFGM":42,"team2PA":82,"team2PM":39,"team3PA":27,"team3PM":3,"teamFTA":27,"teamFTM":22,"teamORB":22,"teamDRB":35,"teamPTS1":26,"teamPTS2":28,"teamPTS3":30,"teamPTS4":25,"teamPTS5":0,"teamPTS6":0,"teamPTS7":0,"teamPTS8":0,"opptAbbr":"PHI","opptConf":"East","opptLoc":"Away","opptRslt":"Win","opptPTS":115,"opptAST":27,"opptTO":16,"opptSTL":7,"opptBLK":15,"opptPF":19,"opptFGA":86,"opptFGM":42,"oppt2PA":54,"oppt2PM":35,"oppt3PA":32,"oppt3PM":7,"opptFTA":30,"opptFTM":24,"opptORB":8,"opptDRB":44,"opptPTS1":29,"opptPTS2":29,"opptPTS3":25,"opptPTS4":32,"opptPTS5":0,"opptPTS6":0,"opptPTS7":0,"opptPTS8":0}
{"_id":{"$oid":"5cb552f6e0f627212ff3bc34"},"gmDate":"2017/11/18","offLNm3":"Adams","offFNm3":"Bennie","teamAbbr":"PHI","teamConf":"East","teamLoc":"Home","teamRslt":"Loss","teamPTS":116,"teamAST":28,"teamTO":12,"teamSTL":8,"teamBLK":5,"teamPF":22,"teamFGA":96,"teamFGM":47,"team2PA":68,"team2PM":37,"team3PA":28,"team3PM":10,"teamFTA":16,"teamFTM":12,"teamORB":10,"teamDRB":29,"teamPTS1":47,"teamPTS2":27,"teamPTS3":15,"teamPTS4":27,"teamPTS5":0,"teamPTS6":0,"teamPTS7":0,"teamPTS8":0,"opptAbbr":"GS","opptConf":"West","opptLoc":"Away","opptRslt":"Win","opptPTS":124,"opptAST":25,"opptTO":13,"opptSTL":5,"opptBLK":6,"opptPF":18,"opptFGA":92,"opptFGM":50,"oppt2PA":69,"oppt2PM":43,"oppt3PA":23,"oppt3PM":7,"opptFTA":20,"opptFTM":17,"opptORB":12,"opptDRB":37,"opptPTS1":28,"opptPTS2":24,"opptPTS3":47,"opptPTS4":25,"opptPTS5":0,"opptPTS6":0,"opptPTS7":0,"opptPTS8":0}
{"_id":{"$oid":"5cb552f6e0f627212ff3bc41"},"gmDate":"2017/11/20","offLNm3":"Acosta","offFNm3":"Ray","teamAbbr":"PHI","teamConf":"East","teamLoc":"Home","teamRslt":"Win","teamPTS":107,"teamAST":20,"teamTO":20,"teamSTL":11,"teamBLK":7,"teamPF":18,"teamFGA":85,"teamFGM":44,"team2PA":70,"team2PM":40,"team3PA":15,"team3PM":4,"teamFTA":22,"teamFTM":15,"teamORB":9,"teamDRB":46,"teamPTS1":25,"teamPTS2":22,"teamPTS3":28,"teamPTS4":32,"teamPTS5":0,"teamPTS6":0,"teamPTS7":0,"teamPTS8":0,"opptAbbr":"UTA","opptConf":"West","opptLoc":"Away","opptRslt":"Loss","opptPTS":86,"opptAST":18,"opptTO":14,"opptSTL":16,"opptBLK":4,"opptPF":19,"opptFGA":85,"opptFGM":30,"oppt2PA":57,"oppt2PM":21,"oppt3PA":28,"oppt3PM":9,"opptFTA":19,"opptFTM":17,"opptORB":7,"opptDRB":27,"opptPTS1":15,"opptPTS2":21,"opptPTS3":27,"opptPTS4":23,"opptPTS5":0,"opptPTS6":0,"opptPTS7":0,"opptPTS8":0}
{"_id":{"$oid":"5cb552f6e0f627212ff3bc4c"},"gmDate":"2017/11/22","offLNm3":"Ransom","offFNm3":"Phenizee","teamAbbr":"PHI","teamConf":"East","teamLoc":"Home","teamRslt":"Win","teamPTS":101,"teamAST":23,"teamTO":18,"teamSTL":12,"teamBLK":8,"teamPF":21,"teamFGA":90,"teamFGM":39,"team2PA":58,"team2PM":28,"team3PA":32,"team3PM":11,"teamFTA":17,"teamFTM":12,"teamORB":11,"teamDRB":46,"teamPTS1":26,"teamPTS2":24,"teamPTS3":20,"teamPTS4":31,"teamPTS5":0,"teamPTS6":0,"teamPTS7":0,"teamPTS8":0,"opptAbbr":"POR","opptConf":"West","opptLoc":"Away","opptRslt":"Loss","opptPTS":81,"opptAST":14,"opptTO":17,"opptSTL":8,"opptBLK":6,"opptPF":17,"opptFGA":89,"opptFGM":30,"oppt2PA":63,"oppt2PM":23,"oppt3PA":26,"oppt3PM":7,"opptFTA":24,"opptFTM":14,"opptORB":11,"opptDRB":37,"opptPTS1":14,"opptPTS2":23,"opptPTS3":20,"opptPTS4":24,"opptPTS5":0,"opptPTS6":0,"opptPTS7":0,"opptPTS8":0}
{"_id":{"$oid":"5cb552f6e0f627212ff3bc63"},"gmDate":"2017/11/25","offLNm3":"Wall","offFNm3":"Scott","teamAbbr":"PHI","teamConf":"East","teamLoc":"Home","teamRslt":"Win","teamPTS":130,"teamAST":35,"teamTO":11,"teamSTL":7,"teamBLK":2,"teamPF":22,"teamFGA":95,"teamFGM":48,"team2PA":61,"team2PM":32,"team3PA":34,"team3PM":16,"teamFTA":20,"teamFTM":18,"teamORB":11,"teamDRB":42,"teamPTS1":31,"teamPTS2":39,"teamPTS3":31,"teamPTS4":29,"teamPTS5":0,"teamPTS6":0,"teamPTS7":0,"teamPTS8":0,"opptAbbr":"ORL","opptConf":"East","opptLoc":"Away","opptRslt":"Loss","opptPTS":111,"opptAST":22,"opptTO":10,"opptSTL":8,"opptBLK":5,"opptPF":17,"opptFGA":86,"opptFGM":39,"oppt2PA":55,"oppt2PM":27,"oppt3PA":31,"oppt3PM":12,"opptFTA":31,"opptFTM":21,"opptORB":7,"opptDRB":34,"opptPTS1":28,"opptPTS2":27,"opptPTS3":30,"opptPTS4":26,"opptPTS5":0,"opptPTS6":0,"opptPTS7":0,"opptPTS8":0}
{"_id":{"$oid":"5cb552f6e0f627212ff3bc70"},"gmDate":"2017/11/27","offLNm3":"Blair","offFNm3":"Curtis","teamAbbr":"PHI","teamConf":"East","teamLoc":"Home","teamRslt":"Loss","teamPTS":91,"teamAST":15,"teamTO":14,"teamSTL":6,"teamBLK":1,"teamPF":18,"teamFGA":96,"teamFGM":36,"team2PA":68,"team2PM":33,"team3PA":28,"team3PM":3,"teamFTA":20,"teamFTM":16,"teamORB":22,"teamDRB":31,"teamPTS1":22,"teamPTS2":23,"teamPTS3":28,"teamPTS4":18,"teamPTS5":0,"teamPTS6":0,"teamPTS7":0,"teamPTS8":0,"opptAbbr":"CLE","opptConf":"East","opptLoc":"Away","opptRslt":"Win","opptPTS":113,"opptAST":25,"opptTO":12,"opptSTL":7,"opptBLK":3,"opptPF":21,"opptFGA":85,"opptFGM":41,"oppt2PA":48,"oppt2PM":26,"oppt3PA":37,"oppt3PM":15,"opptFTA":20,"opptFTM":16,"opptORB":10,"opptDRB":35,"opptPTS1":29,"opptPTS2":24,"opptPTS3":33,"opptPTS4":27,"opptPTS5":0,"opptPTS6":0,"opptPTS7":0,"opptPTS8":0}
{"_id":{"$oid":"5cb552f6e0f627212ff3bc7e"},"gmDate":"2017/11/29","offLNm3":"Spooner","offFNm3":"Bill","teamAbbr":"PHI","teamConf":"East","teamLoc":"Home","teamRslt":"Win","teamPTS":118,"teamAST":23,"teamTO":17,"teamSTL":6,"teamBLK":8,"teamPF":27,"teamFGA":81,"teamFGM":37,"team2PA":63,"team2PM":34,"team3PA":18,"team3PM":3,"teamFTA":64,"teamFTM":41,"teamORB":21,"teamDRB":43,"teamPTS1":28,"teamPTS2":30,"teamPTS3":26,"teamPTS4":34,"teamPTS5":0,"teamPTS6":0,"teamPTS7":0,"teamPTS8":0,"opptAbbr":"WAS","opptConf":"East","opptLoc":"Away","opptRslt":"Loss","opptPTS":113,"opptAST":22,"opptTO":12,"opptSTL":8,"opptBLK":4,"opptPF":42,"opptFGA":89,"opptFGM":36,"oppt2PA":67,"oppt2PM":27,"oppt3PA":22,"oppt3PM":9,"opptFTA":37,"opptFTM":32,"opptORB":7,"opptDRB":28,"opptPTS1":18,"opptPTS2":22,"opptPTS3":25,"opptPTS4":48,"opptPTS5":0,"opptPTS6":0,"opptPTS7":0,"opptPTS8":0}
{"_id":{"$oid":"5cb552f6e0f627212ff3bc87"},"gmDate":"2017/11/30","offLNm3":"Ayotte","offFNm3":"Mark","teamAbbr":"BOS","teamConf":"East","teamLoc":"Home","teamRslt":"Win","teamPTS":108,"teamAST":25,"teamTO":17,"teamSTL":7,"teamBLK":7,"teamPF":20,"teamFGA":79,"teamFGM":40,"team2PA":50,"team2PM":28,"team3PA":29,"team3PM":12,"teamFTA":20,"teamFTM":16,"teamORB":7,"teamDRB":33,"teamPTS1":28,"teamPTS2":26,"teamPTS3":22,"teamPTS4":32,"teamPTS5":0,"teamPTS6":0,"teamPTS7":0,"teamPTS8":0,"opptAbbr":"PHI","opptConf":"East","opptLoc":"Away","opptRslt":"Loss","opptPTS":97,"opptAST":24,"opptTO":19,"opptSTL":11,"opptBLK":1,"opptPF":22,"opptFGA":84,"opptFGM":35,"oppt2PA":52,"oppt2PM":19,"oppt3PA":32,"oppt3PM":16,"opptFTA":18,"opptFTM":11,"opptORB":15,"opptDRB":30,"opptPTS1":22,"opptPTS2":22,"opptPTS3":27,"opptPTS4":26,"opptPTS5":0,"opptPTS6":0,"opptPTS7":0,"opptPTS8":0}
{"_id":{"$oid":"5cb552f6e0f627212ff3bc97"},"gmDate":"2017/12/2","offLNm3":"Foster","offFNm3":"Scott","teamAbbr":"PHI","teamConf":"East","teamLoc":"Home","teamRslt":"Win","teamPTS":108,"teamAST":27,"teamTO":18,"teamSTL":7,"teamBLK":4,"teamPF":24,"teamFGA":86,"teamFGM":35,"team2PA":58,"team2PM":25,"team3PA":28,"team3PM":10,"teamFTA":32,"teamFTM":28,"teamORB":17,"teamDRB":30,"teamPTS1":32,"teamPTS2":31,"teamPTS3":17,"teamPTS4":28,"teamPTS5":0,"teamPTS6":0,"teamPTS7":0,"teamPTS8":0,"opptAbbr":"DET","opptConf":"East","opptLoc":"Away","opptRslt":"Loss","opptPTS":103,"opptAST":20,"opptTO":19,"opptSTL":8,"opptBLK":2,"opptPF":27,"opptFGA":78,"opptFGM":34,"oppt2PA":47,"oppt2PM":25,"oppt3PA":31,"oppt3PM":9,"opptFTA":32,"opptFTM":26,"opptORB":7,"opptDRB":29,"opptPTS1":25,"opptPTS2":22,"opptPTS3":33,"opptPTS4":23,"opptPTS5":0,"opptPTS6":0,"opptPTS7":0,"opptPTS8":0}
{"_id":{"$oid":"5cb552f6e0f627212ff3bca2"},"gmDate":"2017/12/4","offLNm3":"Brown","offFNm3":"Tony","teamAbbr":"PHI","teamConf":"East","teamLoc":"Home","teamRslt":"Loss","teamPTS":101,"teamAST":23,"teamTO":14,"teamSTL":9,"teamBLK":6,"teamPF":22,"teamFGA":91,"teamFGM":39,"team2PA":61,"team2PM":32,"team3PA":30,"team3PM":7,"teamFTA":16,"teamFTM":16,"teamORB":13,"teamDRB":34,"teamPTS1":28,"teamPTS2":19,"teamPTS3":32,"teamPTS4":22,"teamPTS5":0,"teamPTS6":0,"teamPTS7":0,"teamPTS8":0,"opptAbbr":"PHO","opptConf":"West","opptLoc":"Away","opptRslt":"Win","opptPTS":115,"opptAST":25,"opptTO":11,"opptSTL":10,"opptBLK":9,"opptPF":14,"opptFGA":91,"opptFGM":44,"oppt2PA":69,"oppt2PM":34,"oppt3PA":22,"oppt3PM":10,"opptFTA":22,"opptFTM":17,"opptORB":15,"opptDRB":31,"opptPTS1":28,"opptPTS2":32,"opptPTS3":29,"opptPTS4":26,"opptPTS5":0,"opptPTS6":0,"opptPTS7":0,"opptPTS8":0}
{"_id":{"$oid":"5cb552f6e0f627212ff3bcb8"},"gmDate":"2017/12/7","offLNm3":"Washington","offFNm3":"Tom","teamAbbr":"PHI","teamConf":"East","teamLoc":"Home","teamRslt":"Loss","teamPTS":104,"teamAST":29,"teamTO":18,"teamSTL":3,"teamBLK":13,"teamPF":26,"teamFGA":81,"teamFGM":39,"team2PA":55,"team2PM":29,"team3PA":26,"team3PM":10,"teamFTA":21,"teamFTM":16,"teamORB":7,"teamDRB":37,"teamPTS1":25,"teamPTS2":24,"teamPTS3":21,"teamPTS4":34,"teamPTS5":0,"teamPTS6":0,"teamPTS7":0,"teamPTS8":0,"opptAbbr":"LAL","opptConf":"West","opptLoc":"Away","opptRslt":"Win","opptPTS":107,"opptAST":22,"opptTO":12,"opptSTL":13,"opptBLK":7,"opptPF":23,"opptFGA":96,"opptFGM":42,"oppt2PA":68,"oppt2PM":31,"oppt3PA":28,"oppt3PM":11,"opptFTA":24,"opptFTM":12,"opptORB":15,"opptDRB":29,"opptPTS1":32,"opptPTS2":25,"opptPTS3":22,"opptPTS4":28,"opptPTS5":0,"opptPTS6":0,"opptPTS7":0,"opptPTS8":0}
{"_id":{"$oid":"5cb552f6e0f627212ff3bcc9"},"gmDate":"2017/12/9","offLNm3":"Orr","offFNm3":"J.T.","teamAbbr":"CLE","teamConf":"East","teamLoc":"Home","teamRslt":"Win","teamPTS":105,"teamAST":26,"teamTO":18,"teamSTL":12,"teamBLK":2,"teamPF":16,"teamFGA":75,"teamFGM":36,"team2PA":46,"team2PM":22,"team3PA":29,"team3PM":14,"teamFTA":25,"teamFTM":19,"teamORB":6,"teamDRB":27,"teamPTS1":23,"teamPTS2":29,"teamPTS3":26,"teamPTS4":27,"teamPTS5":0,"teamPTS6":0,"teamPTS7":0,"teamPTS8":0,"opptAbbr":"PHI","opptConf":"East","opptLoc":"Away","opptRslt":"Loss","opptPTS":98,"opptAST":31,"opptTO":19,"opptSTL":10,"opptBLK":2,"opptPF":21,"opptFGA":78,"opptFGM":37,"oppt2PA":45,"oppt2PM":26,"oppt3PA":33,"oppt3PM":11,"opptFTA":13,"opptFTM":13,"opptORB":7,"opptDRB":32,"opptPTS1":24,"opptPTS2":22,"opptPTS3":27,"opptPTS4":25,"opptPTS5":0,"opptPTS6":0,"opptPTS7":0,"opptPTS8":0}
{"_id":{"$oid":"5cb552f6e0f627212ff3bcd2"},"gmDate":"2017/12/10","offLNm3":"Garretson","offFNm3":"Ron","teamAbbr":"NO","teamConf":"West","teamLoc":"Home","teamRslt":"Win","teamPTS":131,"teamAST":31,"teamTO":15,"teamSTL":11,"teamBLK":9,"teamPF":21,"teamFGA":80,"teamFGM":46,"team2PA":56,"team2PM":31,"team3PA":24,"team3PM":15,"teamFTA":32,"teamFTM":24,"teamORB":5,"teamDRB":28,"teamPTS1":32,"teamPTS2":34,"teamPTS3":21,"teamPTS4":44,"teamPTS5":0,"teamPTS6":0,"teamPTS7":0,"teamPTS8":0,"opptAbbr":"PHI","opptConf":"East","opptLoc":"Away","opptRslt":"Loss","opptPTS":124,"opptAST":26,"opptTO":17,"opptSTL":5,"opptBLK":4,"opptPF":29,"opptFGA":96,"opptFGM":44,"oppt2PA":67,"oppt2PM":35,"oppt3PA":29,"oppt3PM":9,"opptFTA":30,"opptFTM":27,"opptORB":22,"opptDRB":25,"opptPTS1":26,"opptPTS2":29,"opptPTS3":40,"opptPTS4":29,"opptPTS5":0,"opptPTS6":0,"opptPTS7":0,"opptPTS8":0}
{"_id":{"$oid":"5cb552f6e0f627212ff3bcde"},"gmDate":"2017/12/12","offLNm3":"Fraher","offFNm3":"Pat","teamAbbr":"MIN","teamConf":"West","teamLoc":"Home","teamRslt":"Loss","teamPTS":112,"teamAST":19,"teamTO":10,"teamSTL":14,"teamBLK":7,"teamPF":21,"teamFGA":108,"teamFGM":44,"team2PA":79,"team2PM":39,"team3PA":29,"team3PM":5,"teamFTA":27,"teamFTM":19,"teamORB":17,"teamDRB":33,"teamPTS1":27,"teamPTS2":24,"teamPTS3":25,"teamPTS4":24,"teamPTS5":12,"teamPTS6":0,"teamPTS7":0,"teamPTS8":0,"opptAbbr":"PHI","opptConf":"East","opptLoc":"Away","opptRslt":"Win","opptPTS":118,"opptAST":32,"opptTO":26,"opptSTL":6,"opptBLK":3,"opptPF":18,"opptFGA":80,"opptFGM":40,"oppt2PA":54,"oppt2PM":29,"oppt3PA":26,"oppt3PM":11,"opptFTA":32,"opptFTM":27,"opptORB":7,"opptDRB":45,"opptPTS1":20,"opptPTS2":28,"opptPTS3":26,"opptPTS4":26,"opptPTS5":18,"opptPTS6":0,"opptPTS7":0,"opptPTS8":0}
{"_id":{"$oid":"5cb552f6e0f627212ff3bcf2"},"gmDate":"2017/12/15","offLNm3":"Malloy","offFNm3":"Ed","teamAbbr":"PHI","teamConf":"East","teamLoc":"Home","teamRslt":"Loss","teamPTS":117,"teamAST":35,"teamTO":21,"teamSTL":13,"teamBLK":4,"teamPF":20,"teamFGA":100,"teamFGM":44,"team2PA":54,"team2PM":31,"team3PA":46,"team3PM":13,"teamFTA":20,"teamFTM":16,"teamORB":7,"teamDRB":43,"teamPTS1":23,"teamPTS2":24,"teamPTS3":30,"teamPTS4":17,"teamPTS5":8,"teamPTS6":9,"teamPTS7":6,"teamPTS8":0,"opptAbbr":"OKC","opptConf":"West","opptLoc":"Away","opptRslt":"Win","opptPTS":119,"opptAST":28,"opptTO":18,"opptSTL":10,"opptBLK":5,"opptPF":21,"opptFGA":113,"opptFGM":47,"oppt2PA":78,"oppt2PM":32,"oppt3PA":35,"oppt3PM":15,"opptFTA":19,"opptFTM":10,"opptORB":18,"opptDRB":42,"opptPTS1":28,"opptPTS2":27,"opptPTS3":26,"opptPTS4":13,"opptPTS5":8,"opptPTS6":9,"opptPTS7":8,"opptPTS8":0}
{"_id":{"$oid":"5cb552f6e0f627212ff3bd09"},"gmDate":"2017/12/18","offLNm3":"Fraher","offFNm3":"Pat","teamAbbr":"CHI","teamConf":"East","teamLoc":"Home","teamRslt":"Win","teamPTS":117,"teamAST":27,"teamTO":16,"teamSTL":9,"teamBLK":7,"teamPF":16,"teamFGA":92,"teamFGM":44,"team2PA":64,"team2PM":31,"team3PA":28,"team3PM":13,"teamFTA":19,"teamFTM":16,"teamORB":5,"teamDRB":34,"teamPTS1":30,"teamPTS2":37,"teamPTS3":22,"teamPTS4":28,"teamPTS5":0,"teamPTS6":0,"teamPTS7":0,"teamPTS8":0,"opptAbbr":"PHI","opptConf":"East","opptLoc":"Away","opptRslt":"Loss","opptPTS":115,"opptAST":30,"opptTO":20,"opptSTL":9,"opptBLK":8,"opptPF":23,"opptFGA":91,"opptFGM":44,"oppt2PA":58,"oppt2PM":30,"oppt3PA":33,"oppt3PM":14,"opptFTA":18,"opptFTM":13,"opptORB":9,"opptDRB":38,"opptPTS1":25,"opptPTS2":34,"opptPTS3":28,"opptPTS4":28,"opptPTS5":0,"opptPTS6":0,"opptPTS7":0,"opptPTS8":0}
{"_id":{"$oid":"5cb552f6e0f627212ff3bd10"},"gmDate":"2017/12/19","offLNm3":"Lewis","offFNm3":"Eric","teamAbbr":"PHI","teamConf":"East","teamLoc":"Home","teamRslt":"Loss","teamPTS":95,"teamAST":21,"teamTO":20,"teamSTL":7,"teamBLK":6,"teamPF":19,"teamFGA":81,"teamFGM":34,"team2PA":46,"team2PM":24,"team3PA":35,"team3PM":10,"teamFTA":24,"teamFTM":17,"teamORB":13,"teamDRB":40,"teamPTS1":27,"teamPTS2":30,"teamPTS3":21,"teamPTS4":17,"teamPTS5":0,"teamPTS6":0,"teamPTS7":0,"teamPTS8":0,"opptAbbr":"SAC","opptConf":"West","opptLoc":"Away","opptRslt":"Win","opptPTS":101,"opptAST":21,"opptTO":12,"opptSTL":11,"opptBLK":6,"opptPF":20,"opptFGA":91,"opptFGM":41,"oppt2PA":64,"oppt2PM":34,"oppt3PA":27,"oppt3PM":7,"opptFTA":23,"opptFTM":12,"opptORB":9,"opptDRB":30,"opptPTS1":30,"opptPTS2":18,"opptPTS3":23,"opptPTS4":30,"opptPTS5":0,"opptPTS6":0,"opptPTS7":0,"opptPTS8":0}
{"_id":{"$oid":"5cb552f6e0f627212ff3bd20"},"gmDate":"2017/12/21","offLNm3":"Callahan","offFNm3":"Mike","teamAbbr":"PHI","teamConf":"East","teamLoc":"Home","teamRslt":"Loss","teamPTS":109,"teamAST":27,"teamTO":24,"teamSTL":14,"teamBLK":7,"teamPF":27,"teamFGA":86,"teamFGM":45,"team2PA":57,"team2PM":36,"team3PA":29,"team3PM":9,"teamFTA":14,"teamFTM":10,"teamORB":13,"teamDRB":27,"teamPTS1":31,"teamPTS2":34,"teamPTS3":23,"teamPTS4":21,"teamPTS5":0,"teamPTS6":0,"teamPTS7":0,"teamPTS8":0,"opptAbbr":"TOR","opptConf":"East","opptLoc":"Away","opptRslt":"Win","opptPTS":114,"opptAST":18,"opptTO":22,"opptSTL":14,"opptBLK":6,"opptPF":19,"opptFGA":85,"opptFGM":35,"oppt2PA":50,"oppt2PM":23,"oppt3PA":35,"oppt3PM":12,"opptFTA":35,"opptFTM":32,"opptORB":19,"opptDRB":26,"opptPTS1":30,"opptPTS2":22,"opptPTS3":34,"opptPTS4":28,"opptPTS5":0,"opptPTS6":0,"opptPTS7":0,"opptPTS8":0}
{"_id":{"$oid":"5cb552f6e0f627212ff3bd2d"},"gmDate":"2017/12/23","offLNm3":"Capers","offFNm3":"James","teamAbbr":"TOR","teamConf":"East","teamLoc":"Home","teamRslt":"Win","teamPTS":102,"teamAST":18,"teamTO":18,"teamSTL":15,"teamBLK":6,"teamPF":20,"teamFGA":85,"teamFGM":35,"team2PA":58,"team2PM":26,"team3PA":27,"team3PM":9,"teamFTA":26,"teamFTM":23,"teamORB":7,"teamDRB":36,"teamPTS1":27,"teamPTS2":28,"teamPTS3":26,"teamPTS4":21,"teamPTS5":0,"teamPTS6":0,"teamPTS7":0,"teamPTS8":0,"opptAbbr":"PHI","opptConf":"East","opptLoc":"Away","opptRslt":"Loss","opptPTS":86,"opptAST":19,"opptTO":23,"opptSTL":10,"opptBLK":7,"opptPF":23,"opptFGA":80,"opptFGM":33,"oppt2PA":53,"oppt2PM":26,"oppt3PA":27,"oppt3PM":7,"opptFTA":20,"opptFTM":13,"opptORB":7,"opptDRB":34,"opptPTS1":27,"opptPTS2":19,"opptPTS3":17,"opptPTS4":23,"opptPTS5":0,"opptPTS6":0,"opptPTS7":0,"opptPTS8":0}
{"_id":{"$oid":"5cb552f6e0f627212ff3bd3d"},"gmDate":"2017/12/25","offLNm3":"Zarba","offFNm3":"Zach","teamAbbr":"NY","teamConf":"East","teamLoc":"Home","teamRslt":"Loss","teamPTS":98,"teamAST":18,"teamTO":13,"teamSTL":7,"teamBLK":5,"teamPF":21,"teamFGA":94,"teamFGM":38,"team2PA":79,"team2PM":34,"team3PA":15,"team3PM":4,"teamFTA":28,"teamFTM":18,"teamORB":18,"teamDRB":27,"teamPTS1":24,"teamPTS2":24,"teamPTS3":27,"teamPTS4":23,"teamPTS5":0,"teamPTS6":0,"teamPTS7":0,"teamPTS8":0,"opptAbbr":"PHI","opptConf":"East","opptLoc":"Away","opptRslt":"Win","opptPTS":105,"opptAST":21,"opptTO":15,"opptSTL":7,"opptBLK":7,"opptPF":22,"opptFGA":83,"opptFGM":35,"oppt2PA":54,"oppt2PM":25,"oppt3PA":29,"oppt3PM":10,"opptFTA":30,"opptFTM":25,"opptORB":12,"opptDRB":36,"opptPTS1":21,"opptPTS2":29,"opptPTS3":29,"opptPTS4":26,"opptPTS5":0,"opptPTS6":0,"opptPTS7":0,"opptPTS8":0}
{"_id":{"$oid":"5cb552f6e0f627212ff3bd55"},"gmDate":"2017/12/28","offLNm3":"Callahan","offFNm3":"Mike","teamAbbr":"POR","teamConf":"West","teamLoc":"Home","teamRslt":"Win","teamPTS":114,"teamAST":15,"teamTO":15,"teamSTL":7,"teamBLK":3,"teamPF":18,"teamFGA":75,"teamFGM":35,"team2PA":51,"team2PM":27,"team3PA":24,"team3PM":8,"teamFTA":47,"teamFTM":36,"teamORB":8,"teamDRB":39,"teamPTS1":27,"teamPTS2":25,"teamPTS3":20,"teamPTS4":42,"teamPTS5":0,"teamPTS6":0,"teamPTS7":0,"teamPTS8":0,"opptAbbr":"PHI","opptConf":"East","opptLoc":"Away","opptRslt":"Loss","opptPTS":110,"opptAST":28,"opptTO":14,"opptSTL":8,"opptBLK":2,"opptPF":26,"opptFGA":87,"opptFGM":42,"oppt2PA":55,"oppt2PM":26,"oppt3PA":32,"oppt3PM":16,"opptFTA":14,"opptFTM":10,"opptORB":5,"opptDRB":32,"opptPTS1":30,"opptPTS2":21,"opptPTS3":34,"opptPTS4":25,"opptPTS5":0,"opptPTS6":0,"opptPTS7":0,"opptPTS8":0}
{"_id":{"$oid":"5cb552f6e0f627212ff3bd65"},"gmDate":"2017/12/30","offLNm3":"Smith","offFNm3":"Michael","teamAbbr":"DEN","teamConf":"West","teamLoc":"Home","teamRslt":"Loss","teamPTS":102,"teamAST":18,"teamTO":13,"teamSTL":10,"teamBLK":9,"teamPF":12,"teamFGA":87,"teamFGM":35,"team2PA":55,"team2PM":28,"team3PA":32,"team3PM":7,"teamFTA":34,"teamFTM":25,"teamORB":10,"teamDRB":38,"teamPTS1":29,"teamPTS2":32,"teamPTS3":19,"teamPTS4":22,"teamPTS5":0,"teamPTS6":0,"teamPTS7":0,"teamPTS8":0,"opptAbbr":"PHI","opptConf":"East","opptLoc":"Away","opptRslt":"Win","opptPTS":107,"opptAST":34,"opptTO":13,"opptSTL":6,"opptBLK":3,"opptPF":25,"opptFGA":93,"opptFGM":45,"oppt2PA":69,"oppt2PM":37,"oppt3PA":24,"oppt3PM":8,"opptFTA":10,"opptFTM":9,"opptORB":7,"opptDRB":34,"opptPTS1":31,"opptPTS2":27,"opptPTS3":25,"opptPTS4":24,"opptPTS5":0,"opptPTS6":0,"opptPTS7":0,"opptPTS8":0}
{"_id":{"$oid":"5cb552f6e0f627212ff3bd6d"},"gmDate":"2017/12/31","offLNm3":"Sterling","offFNm3":"Jonathan","teamAbbr":"PHO","teamConf":"West","teamLoc":"Home","teamRslt":"Loss","teamPTS":110,"teamAST":18,"teamTO":16,"teamSTL":9,"teamBLK":4,"teamPF":29,"teamFGA":88,"teamFGM":37,"team2PA":61,"team2PM":27,"team3PA":27,"team3PM":10,"teamFTA":34,"teamFTM":26,"teamORB":12,"teamDRB":23,"teamPTS1":32,"teamPTS2":17,"teamPTS3":40,"teamPTS4":21,"teamPTS5":0,"teamPTS6":0,"teamPTS7":0,"teamPTS8":0,"opptAbbr":"PHI","opptConf":"East","opptLoc":"Away","opptRslt":"Win","opptPTS":123,"opptAST":24,"opptTO":21,"opptSTL":11,"opptBLK":7,"opptPF":32,"opptFGA":77,"opptFGM":43,"oppt2PA":53,"oppt2PM":33,"oppt3PA":24,"oppt3PM":10,"opptFTA":34,"opptFTM":27,"opptORB":11,"opptDRB":33,"opptPTS1":38,"opptPTS2":25,"opptPTS3":29,"opptPTS4":31,"opptPTS5":0,"opptPTS6":0,"opptPTS7":0,"opptPTS8":0}
{"_id":{"$oid":"5cb552f6e0f627212ff3bd78"},"gmDate":"2018/1/3","offLNm3":"Davis","offFNm3":"Marc","teamAbbr":"PHI","teamConf":"East","teamLoc":"Home","teamRslt":"Win","teamPTS":112,"teamAST":23,"teamTO":13,"teamSTL":10,"teamBLK":5,"teamPF":21,"teamFGA":80,"teamFGM":36,"team2PA":58,"team2PM":29,"team3PA":22,"team3PM":7,"teamFTA":43,"teamFTM":33,"teamORB":13,"teamDRB":32,"teamPTS1":27,"teamPTS2":33,"teamPTS3":28,"teamPTS4":24,"teamPTS5":0,"teamPTS6":0,"teamPTS7":0,"teamPTS8":0,"opptAbbr":"SA","opptConf":"West","opptLoc":"Away","opptRslt":"Loss","opptPTS":106,"opptAST":15,"opptTO":16,"opptSTL":4,"opptBLK":4,"opptPF":25,"opptFGA":87,"opptFGM":39,"oppt2PA":62,"oppt2PM":31,"oppt3PA":25,"oppt3PM":8,"opptFTA":23,"opptFTM":20,"opptORB":12,"opptDRB":31,"opptPTS1":22,"opptPTS2":27,"opptPTS3":35,"opptPTS4":22,"opptPTS5":0,"opptPTS6":0,"opptPTS7":0,"opptPTS8":0}
{"_id":{"$oid":"5cb552f6e0f627212ff3bd86"},"gmDate":"2018/1/5","offLNm3":"Washington","offFNm3":"Tom","teamAbbr":"PHI","teamConf":"East","teamLoc":"Home","teamRslt":"Win","teamPTS":114,"teamAST":29,"teamTO":14,"teamSTL":5,"teamBLK":4,"teamPF":17,"teamFGA":90,"teamFGM":44,"team2PA":60,"team2PM":30,"team3PA":30,"team3PM":14,"teamFTA":13,"teamFTM":12,"teamORB":13,"teamDRB":42,"teamPTS1":32,"teamPTS2":30,"teamPTS3":35,"teamPTS4":17,"teamPTS5":0,"teamPTS6":0,"teamPTS7":0,"teamPTS8":0,"opptAbbr":"DET","opptConf":"East","opptLoc":"Away","opptRslt":"Loss","opptPTS":78,"opptAST":20,"opptTO":12,"opptSTL":9,"opptBLK":4,"opptPF":14,"opptFGA":79,"opptFGM":30,"oppt2PA":57,"oppt2PM":23,"oppt3PA":22,"oppt3PM":7,"opptFTA":19,"opptFTM":11,"opptORB":6,"opptDRB":28,"opptPTS1":15,"opptPTS2":17,"opptPTS3":29,"opptPTS4":17,"opptPTS5":0,"opptPTS6":0,"opptPTS7":0,"opptPTS8":0}
{"_id":{"$oid":"5cb552f6e0f627212ff3bdb3"},"gmDate":"2018/1/11","offLNm3":"Wood","offFNm3":"Leon","teamAbbr":"PHI","teamConf":"East","teamLoc":"Home","teamRslt":"Loss","teamPTS":103,"teamAST":20,"teamTO":19,"teamSTL":12,"teamBLK":4,"teamPF":19,"teamFGA":82,"teamFGM":38,"team2PA":54,"team2PM":27,"team3PA":28,"team3PM":11,"teamFTA":18,"teamFTM":16,"teamORB":3,"teamDRB":34,"teamPTS1":28,"teamPTS2":29,"teamPTS3":22,"teamPTS4":24,"teamPTS5":0,"teamPTS6":0,"teamPTS7":0,"teamPTS8":0,"opptAbbr":"BOS","opptConf":"East","opptLoc":"Away","opptRslt":"Win","opptPTS":114,"opptAST":24,"opptTO":18,"opptSTL":11,"opptBLK":2,"opptPF":18,"opptFGA":89,"opptFGM":43,"oppt2PA":54,"oppt2PM":30,"oppt3PA":35,"oppt3PM":13,"opptFTA":19,"opptFTM":15,"opptORB":11,"opptDRB":35,"opptPTS1":23,"opptPTS2":25,"opptPTS3":37,"opptPTS4":29,"opptPTS5":0,"opptPTS6":0,"opptPTS7":0,"opptPTS8":0}
{"_id":{"$oid":"5cb552f6e0f627212ff3bdcb"},"gmDate":"2018/1/15","offLNm3":"Richardson","offFNm3":"Leroy","teamAbbr":"PHI","teamConf":"East","teamLoc":"Home","teamRslt":"Win","teamPTS":117,"teamAST":22,"teamTO":22,"teamSTL":8,"teamBLK":9,"teamPF":28,"teamFGA":81,"teamFGM":40,"team2PA":56,"team2PM":34,"team3PA":25,"team3PM":6,"teamFTA":38,"teamFTM":31,"teamORB":10,"teamDRB":38,"teamPTS1":32,"teamPTS2":27,"teamPTS3":34,"teamPTS4":24,"teamPTS5":0,"teamPTS6":0,"teamPTS7":0,"teamPTS8":0,"opptAbbr":"TOR","opptConf":"East","opptLoc":"Away","opptRslt":"Loss","opptPTS":111,"opptAST":20,"opptTO":15,"opptSTL":8,"opptBLK":1,"opptPF":31,"opptFGA":95,"opptFGM":38,"oppt2PA":63,"oppt2PM":29,"oppt3PA":32,"oppt3PM":9,"opptFTA":30,"opptFTM":26,"opptORB":12,"opptDRB":32,"opptPTS1":23,"opptPTS2":26,"opptPTS3":26,"opptPTS4":36,"opptPTS5":0,"opptPTS6":0,"opptPTS7":0,"opptPTS8":0}
{"_id":{"$oid":"5cb552f6e0f627212ff3bde4"},"gmDate":"2018/1/18","offLNm3":"Spooner","offFNm3":"Bill","teamAbbr":"BOS","teamConf":"East","teamLoc":"Home","teamRslt":"Loss","teamPTS":80,"teamAST":13,"teamTO":19,"teamSTL":7,"teamBLK":5,"teamPF":20,"teamFGA":74,"teamFGM":30,"team2PA":45,"team2PM":23,"team3PA":29,"team3PM":7,"teamFTA":17,"teamFTM":13,"teamORB":3,"teamDRB":28,"teamPTS1":19,"teamPTS2":13,"teamPTS3":21,"teamPTS4":27,"teamPTS5":0,"teamPTS6":0,"teamPTS7":0,"teamPTS8":0,"opptAbbr":"PHI","opptConf":"East","opptLoc":"Away","opptRslt":"Win","opptPTS":89,"opptAST":18,"opptTO":25,"opptSTL":10,"opptBLK":5,"opptPF":20,"opptFGA":73,"opptFGM":34,"oppt2PA":56,"oppt2PM":28,"oppt3PA":17,"oppt3PM":6,"opptFTA":17,"opptFTM":15,"opptORB":8,"opptDRB":33,"opptPTS1":21,"opptPTS2":18,"opptPTS3":32,"opptPTS4":18,"opptPTS5":0,"opptPTS6":0,"opptPTS7":0,"opptPTS8":0}
{"_id":{"$oid":"5cb552f6e0f627212ff3bdf3"},"gmDate":"2018/1/20","offLNm3":"Ayotte","offFNm3":"Mark","teamAbbr":"PHI","teamConf":"East","teamLoc":"Home","teamRslt":"Win","teamPTS":116,"teamAST":32,"teamTO":18,"teamSTL":9,"teamBLK":4,"teamPF":18,"teamFGA":85,"teamFGM":45,"team2PA":60,"team2PM":35,"team3PA":25,"team3PM":10,"teamFTA":19,"teamFTM":16,"teamORB":11,"teamDRB":34,"teamPTS1":37,"teamPTS2":24,"teamPTS3":23,"teamPTS4":32,"teamPTS5":0,"teamPTS6":0,"teamPTS7":0,"teamPTS8":0,"opptAbbr":"MIL","opptConf":"East","opptLoc":"Away","opptRslt":"Loss","opptPTS":94,"opptAST":20,"opptTO":18,"opptSTL":10,"opptBLK":3,"opptPF":20,"opptFGA":82,"opptFGM":33,"oppt2PA":50,"oppt2PM":23,"oppt3PA":32,"oppt3PM":10,"opptFTA":22,"opptFTM":18,"opptORB":8,"opptDRB":27,"opptPTS1":29,"opptPTS2":26,"opptPTS3":25,"opptPTS4":14,"opptPTS5":0,"opptPTS6":0,"opptPTS7":0,"opptPTS8":0}
{"_id":{"$oid":"5cb552f6e0f627212ff3bdff"},"gmDate":"2018/1/22","offLNm3":"Collins","offFNm3":"Derrick","teamAbbr":"MEM","teamConf":"West","teamLoc":"Home","teamRslt":"Win","teamPTS":105,"teamAST":14,"teamTO":12,"teamSTL":14,"teamBLK":2,"teamPF":26,"teamFGA":78,"teamFGM":33,"team2PA":52,"team2PM":23,"team3PA":26,"team3PM":10,"teamFTA":35,"teamFTM":29,"teamORB":11,"teamDRB":21,"teamPTS1":19,"teamPTS2":30,"teamPTS3":25,"teamPTS4":31,"teamPTS5":0,"teamPTS6":0,"teamPTS7":0,"teamPTS8":0,"opptAbbr":"PHI","opptConf":"East","opptLoc":"Away","opptRslt":"Loss","opptPTS":101,"opptAST":21,"opptTO":24,"opptSTL":2,"opptBLK":4,"opptPF":28,"opptFGA":71,"opptFGM":32,"oppt2PA":40,"oppt2PM":18,"oppt3PA":31,"oppt3PM":14,"opptFTA":31,"opptFTM":23,"opptORB":16,"opptDRB":32,"opptPTS1":30,"opptPTS2":25,"opptPTS3":28,"opptPTS4":18,"opptPTS5":0,"opptPTS6":0,"opptPTS7":0,"opptPTS8":0}
{"_id":{"$oid":"5cb552f6e0f627212ff3be0d"},"gmDate":"2018/1/24","offLNm3":"Callahan","offFNm3":"Mike","teamAbbr":"PHI","teamConf":"East","teamLoc":"Home","teamRslt":"Win","teamPTS":115,"teamAST":31,"teamTO":15,"teamSTL":6,"teamBLK":7,"teamPF":20,"teamFGA":81,"teamFGM":42,"team2PA":49,"team2PM":26,"team3PA":32,"team3PM":16,"teamFTA":20,"teamFTM":15,"teamORB":6,"teamDRB":42,"teamPTS1":25,"teamPTS2":30,"teamPTS3":30,"teamPTS4":30,"teamPTS5":0,"teamPTS6":0,"teamPTS7":0,"teamPTS8":0,"opptAbbr":"CHI","opptConf":"East","opptLoc":"Away","opptRslt":"Loss","opptPTS":101,"opptAST":20,"opptTO":11,"opptSTL":8,"opptBLK":2,"opptPF":15,"opptFGA":94,"opptFGM":36,"oppt2PA":57,"oppt2PM":25,"oppt3PA":37,"oppt3PM":11,"opptFTA":22,"opptFTM":18,"opptORB":10,"opptDRB":33,"opptPTS1":16,"opptPTS2":25,"opptPTS3":26,"opptPTS4":34,"opptPTS5":0,"opptPTS6":0,"opptPTS7":0,"opptPTS8":0}
{"_id":{"$oid":"5cb552f6e0f627212ff3be1f"},"gmDate":"2018/1/26","offLNm3":"Van Duyne","offFNm3":"Justin","teamAbbr":"SA","teamConf":"West","teamLoc":"Home","teamRslt":"Loss","teamPTS":78,"teamAST":20,"teamTO":10,"teamSTL":6,"teamBLK":5,"teamPF":14,"teamFGA":75,"teamFGM":30,"team2PA":51,"team2PM":27,"team3PA":24,"team3PM":3,"teamFTA":18,"teamFTM":15,"teamORB":5,"teamDRB":31,"teamPTS1":13,"teamPTS2":18,"teamPTS3":30,"teamPTS4":17,"teamPTS5":0,"teamPTS6":0,"teamPTS7":0,"teamPTS8":0,"opptAbbr":"PHI","opptConf":"East","opptLoc":"Away","opptRslt":"Win","opptPTS":97,"opptAST":23,"opptTO":10,"opptSTL":5,"opptBLK":4,"opptPF":20,"opptFGA":79,"opptFGM":38,"oppt2PA":58,"oppt2PM":29,"oppt3PA":21,"oppt3PM":9,"opptFTA":18,"opptFTM":12,"opptORB":12,"opptDRB":38,"opptPTS1":25,"opptPTS2":25,"opptPTS3":31,"opptPTS4":16,"opptPTS5":0,"opptPTS6":0,"opptPTS7":0,"opptPTS8":0}
{"_id":{"$oid":"5cb552f6e0f627212ff3be2c"},"gmDate":"2018/1/28","offLNm3":"Lewis","offFNm3":"Eric","teamAbbr":"OKC","teamConf":"West","teamLoc":"Home","teamRslt":"Win","teamPTS":122,"teamAST":21,"teamTO":11,"teamSTL":7,"teamBLK":3,"teamPF":25,"teamFGA":92,"teamFGM":45,"team2PA":59,"team2PM":35,"team3PA":33,"team3PM":10,"teamFTA":30,"teamFTM":22,"teamORB":17,"teamDRB":24,"teamPTS1":31,"teamPTS2":26,"teamPTS3":35,"teamPTS4":30,"teamPTS5":0,"teamPTS6":0,"teamPTS7":0,"teamPTS8":0,"opptAbbr":"PHI","opptConf":"East","opptLoc":"Away","opptRslt":"Loss","opptPTS":112,"opptAST":19,"opptTO":18,"opptSTL":7,"opptBLK":5,"opptPF":26,"opptFGA":76,"opptFGM":38,"oppt2PA":47,"oppt2PM":27,"oppt3PA":29,"oppt3PM":11,"opptFTA":31,"opptFTM":25,"opptORB":12,"opptDRB":28,"opptPTS1":29,"opptPTS2":29,"opptPTS3":25,"opptPTS4":29,"opptPTS5":0,"opptPTS6":0,"opptPTS7":0,"opptPTS8":0}
{"_id":{"$oid":"5cb552f6e0f627212ff3be32"},"gmDate":"2018/1/29","offLNm3":"Brothers","offFNm3":"Tony","teamAbbr":"MIL","teamConf":"East","teamLoc":"Home","teamRslt":"Win","teamPTS":107,"teamAST":26,"teamTO":9,"teamSTL":6,"teamBLK":8,"teamPF":19,"teamFGA":80,"teamFGM":38,"team2PA":52,"team2PM":27,"team3PA":28,"team3PM":11,"teamFTA":22,"teamFTM":20,"teamORB":8,"teamDRB":34,"teamPTS1":28,"teamPTS2":27,"teamPTS3":28,"teamPTS4":24,"teamPTS5":0,"teamPTS6":0,"teamPTS7":0,"teamPTS8":0,"opptAbbr":"PHI","opptConf":"East","opptLoc":"Away","opptRslt":"Loss","opptPTS":95,"opptAST":22,"opptTO":14,"opptSTL":5,"opptBLK":4,"opptPF":17,"opptFGA":82,"opptFGM":36,"oppt2PA":56,"oppt2PM":34,"oppt3PA":26,"oppt3PM":2,"opptFTA":23,"opptFTM":21,"opptORB":10,"opptDRB":33,"opptPTS1":30,"opptPTS2":23,"opptPTS3":22,"opptPTS4":20,"opptPTS5":0,"opptPTS6":0,"opptPTS7":0,"opptPTS8":0}
{"_id":{"$oid":"5cb552f6e0f627212ff3be40"},"gmDate":"2018/1/31","offLNm3":"Mott","offFNm3":"Rodney","teamAbbr":"BKN","teamConf":"East","teamLoc":"Home","teamRslt":"Win","teamPTS":116,"teamAST":19,"teamTO":14,"teamSTL":3,"teamBLK":9,"teamPF":26,"teamFGA":77,"teamFGM":39,"team2PA":45,"team2PM":26,"team3PA":32,"team3PM":13,"teamFTA":28,"teamFTM":25,"teamORB":9,"teamDRB":30,"teamPTS1":30,"teamPTS2":34,"teamPTS3":27,"teamPTS4":25,"teamPTS5":0,"teamPTS6":0,"teamPTS7":0,"teamPTS8":0,"opptAbbr":"PHI","opptConf":"East","opptLoc":"Away","opptRslt":"Loss","opptPTS":108,"opptAST":17,"opptTO":8,"opptSTL":7,"opptBLK":5,"opptPF":21,"opptFGA":76,"opptFGM":36,"oppt2PA":58,"oppt2PM":29,"oppt3PA":18,"oppt3PM":7,"opptFTA":34,"opptFTM":29,"opptORB":6,"opptDRB":27,"opptPTS1":34,"opptPTS2":31,"opptPTS3":23,"opptPTS4":20,"opptPTS5":0,"opptPTS6":0,"opptPTS7":0,"opptPTS8":0}
{"_id":{"$oid":"5cb552f6e0f627212ff3be50"},"gmDate":"2018/2/2","offLNm3":"Collins","offFNm3":"Derrick","teamAbbr":"PHI","teamConf":"East","teamLoc":"Home","teamRslt":"Win","teamPTS":103,"teamAST":28,"teamTO":10,"teamSTL":9,"teamBLK":4,"teamPF":23,"teamFGA":85,"teamFGM":42,"team2PA":61,"team2PM":34,"team3PA":24,"team3PM":8,"teamFTA":15,"teamFTM":11,"teamORB":9,"teamDRB":30,"teamPTS1":24,"teamPTS2":27,"teamPTS3":35,"teamPTS4":17,"teamPTS5":0,"teamPTS6":0,"teamPTS7":0,"teamPTS8":0,"opptAbbr":"MIA","opptConf":"East","opptLoc":"Away","opptRslt":"Loss","opptPTS":97,"opptAST":20,"opptTO":12,"opptSTL":3,"opptBLK":5,"opptPF":16,"opptFGA":87,"opptFGM":34,"oppt2PA":50,"oppt2PM":22,"oppt3PA":37,"oppt3PM":12,"opptFTA":26,"opptFTM":17,"opptORB":16,"opptDRB":33,"opptPTS1":23,"opptPTS2":18,"opptPTS3":19,"opptPTS4":37,"opptPTS5":0,"opptPTS6":0,"opptPTS7":0,"opptPTS8":0}
{"_id":{"$oid":"5cb552f6e0f627212ff3be56"},"gmDate":"2018/2/3","offLNm3":"Sterling","offFNm3":"Jonathan","teamAbbr":"IND","teamConf":"East","teamLoc":"Home","teamRslt":"Win","teamPTS":100,"teamAST":25,"teamTO":14,"teamSTL":15,"teamBLK":8,"teamPF":19,"teamFGA":79,"teamFGM":35,"team2PA":52,"team2PM":26,"team3PA":27,"team3PM":9,"teamFTA":25,"teamFTM":21,"teamORB":6,"teamDRB":37,"teamPTS1":33,"teamPTS2":29,"teamPTS3":14,"teamPTS4":24,"teamPTS5":0,"teamPTS6":0,"teamPTS7":0,"teamPTS8":0,"opptAbbr":"PHI","opptConf":"East","opptLoc":"Away","opptRslt":"Loss","opptPTS":92,"opptAST":21,"opptTO":18,"opptSTL":8,"opptBLK":2,"opptPF":21,"opptFGA":87,"opptFGM":33,"oppt2PA":55,"oppt2PM":23,"oppt3PA":32,"oppt3PM":10,"opptFTA":24,"opptFTM":16,"opptORB":15,"opptDRB":34,"opptPTS1":27,"opptPTS2":30,"opptPTS3":18,"opptPTS4":17,"opptPTS5":0,"opptPTS6":0,"opptPTS7":0,"opptPTS8":0}
{"_id":{"$oid":"5cb552f6e0f627212ff3be6f"},"gmDate":"2018/2/6","offLNm3":"Ayotte","offFNm3":"Mark","teamAbbr":"PHI","teamConf":"East","teamLoc":"Home","teamRslt":"Win","teamPTS":115,"teamAST":27,"teamTO":17,"teamSTL":9,"teamBLK":4,"teamPF":14,"teamFGA":81,"teamFGM":45,"team2PA":53,"team2PM":31,"team3PA":28,"team3PM":14,"teamFTA":14,"teamFTM":11,"teamORB":11,"teamDRB":33,"teamPTS1":37,"teamPTS2":28,"teamPTS3":29,"teamPTS4":21,"teamPTS5":0,"teamPTS6":0,"teamPTS7":0,"teamPTS8":0,"opptAbbr":"WAS","opptConf":"East","opptLoc":"Away","opptRslt":"Loss","opptPTS":102,"opptAST":23,"opptTO":12,"opptSTL":14,"opptBLK":1,"opptPF":18,"opptFGA":93,"opptFGM":41,"oppt2PA":66,"oppt2PM":34,"oppt3PA":27,"oppt3PM":7,"opptFTA":18,"opptFTM":13,"opptORB":16,"opptDRB":23,"opptPTS1":20,"opptPTS2":35,"opptPTS3":29,"opptPTS4":18,"opptPTS5":0,"opptPTS6":0,"opptPTS7":0,"opptPTS8":0}
{"_id":{"$oid":"5cb552f6e0f627212ff3be7e"},"gmDate":"2018/2/9","offLNm3":"Van Duyne","offFNm3":"Justin","teamAbbr":"PHI","teamConf":"East","teamLoc":"Home","teamRslt":"Win","teamPTS":100,"teamAST":26,"teamTO":16,"teamSTL":10,"teamBLK":4,"teamPF":16,"teamFGA":93,"teamFGM":39,"team2PA":59,"team2PM":25,"team3PA":34,"team3PM":14,"teamFTA":9,"teamFTM":8,"teamORB":8,"teamDRB":50,"teamPTS1":32,"teamPTS2":24,"teamPTS3":28,"teamPTS4":16,"teamPTS5":0,"teamPTS6":0,"teamPTS7":0,"teamPTS8":0,"opptAbbr":"NO","opptConf":"West","opptLoc":"Away","opptRslt":"Loss","opptPTS":82,"opptAST":17,"opptTO":12,"opptSTL":8,"opptBLK":6,"opptPF":12,"opptFGA":95,"opptFGM":33,"oppt2PA":64,"oppt2PM":25,"oppt3PA":31,"oppt3PM":8,"opptFTA":16,"opptFTM":8,"opptORB":8,"opptDRB":38,"opptPTS1":14,"opptPTS2":27,"opptPTS3":11,"opptPTS4":30,"opptPTS5":0,"opptPTS6":0,"opptPTS7":0,"opptPTS8":0}
{"_id":{"$oid":"5cb552f6e0f627212ff3be88"},"gmDate":"2018/2/10","offLNm3":"DeRosa","offFNm3":"Joe","teamAbbr":"PHI","teamConf":"East","teamLoc":"Home","teamRslt":"Win","teamPTS":112,"teamAST":32,"teamTO":12,"teamSTL":12,"teamBLK":8,"teamPF":18,"teamFGA":90,"teamFGM":43,"team2PA":57,"team2PM":30,"team3PA":33,"team3PM":13,"teamFTA":17,"teamFTM":13,"teamORB":6,"teamDRB":39,"teamPTS1":37,"teamPTS2":32,"teamPTS3":16,"teamPTS4":27,"teamPTS5":0,"teamPTS6":0,"teamPTS7":0,"teamPTS8":0,"opptAbbr":"LAC","opptConf":"West","opptLoc":"Away","opptRslt":"Loss","opptPTS":98,"opptAST":20,"opptTO":17,"opptSTL":7,"opptBLK":5,"opptPF":16,"opptFGA":88,"opptFGM":38,"oppt2PA":56,"oppt2PM":30,"oppt3PA":32,"oppt3PM":8,"opptFTA":23,"opptFTM":14,"opptORB":11,"opptDRB":42,"opptPTS1":28,"opptPTS2":27,"opptPTS3":23,"opptPTS4":20,"opptPTS5":0,"opptPTS6":0,"opptPTS7":0,"opptPTS8":0}
{"_id":{"$oid":"5cb552f6e0f627212ff3be96"},"gmDate":"2018/2/12","offLNm3":"Malloy","offFNm3":"Ed","teamAbbr":"PHI","teamConf":"East","teamLoc":"Home","teamRslt":"Win","teamPTS":108,"teamAST":27,"teamTO":19,"teamSTL":13,"teamBLK":5,"teamPF":22,"teamFGA":74,"teamFGM":41,"team2PA":55,"team2PM":31,"team3PA":19,"team3PM":10,"teamFTA":24,"teamFTM":16,"teamORB":7,"teamDRB":30,"teamPTS1":31,"teamPTS2":26,"teamPTS3":29,"teamPTS4":22,"teamPTS5":0,"teamPTS6":0,"teamPTS7":0,"teamPTS8":0,"opptAbbr":"NY","opptConf":"East","opptLoc":"Away","opptRslt":"Loss","opptPTS":92,"opptAST":16,"opptTO":19,"opptSTL":5,"opptBLK":3,"opptPF":22,"opptFGA":78,"opptFGM":31,"oppt2PA":54,"oppt2PM":25,"oppt3PA":24,"oppt3PM":6,"opptFTA":28,"opptFTM":24,"opptORB":7,"opptDRB":26,"opptPTS1":21,"opptPTS2":34,"opptPTS3":24,"opptPTS4":13,"opptPTS5":0,"opptPTS6":0,"opptPTS7":0,"opptPTS8":0}
{"_id":{"$oid":"5cb552f6e0f627212ff3bea3"},"gmDate":"2018/2/14","offLNm3":"Acosta","offFNm3":"Ray","teamAbbr":"PHI","teamConf":"East","teamLoc":"Home","teamRslt":"Win","teamPTS":104,"teamAST":25,"teamTO":19,"teamSTL":6,"teamBLK":2,"teamPF":23,"teamFGA":92,"teamFGM":39,"team2PA":57,"team2PM":30,"team3PA":35,"team3PM":9,"teamFTA":25,"teamFTM":17,"teamORB":23,"teamDRB":37,"teamPTS1":20,"teamPTS2":19,"teamPTS3":34,"teamPTS4":31,"teamPTS5":0,"teamPTS6":0,"teamPTS7":0,"teamPTS8":0,"opptAbbr":"MIA","opptConf":"East","opptLoc":"Away","opptRslt":"Loss","opptPTS":102,"opptAST":23,"opptTO":11,"opptSTL":9,"opptBLK":5,"opptPF":21,"opptFGA":77,"opptFGM":35,"oppt2PA":50,"oppt2PM":24,"oppt3PA":27,"oppt3PM":11,"opptFTA":29,"opptFTM":21,"opptORB":3,"opptDRB":26,"opptPTS1":29,"opptPTS2":33,"opptPTS3":19,"opptPTS4":21,"opptPTS5":0,"opptPTS6":0,"opptPTS7":0,"opptPTS8":0}
{"_id":{"$oid":"5cb552f6e0f627212ff3beb1"},"gmDate":"2018/2/22","offLNm3":"Foster","offFNm3":"Scott","teamAbbr":"CHI","teamConf":"East","teamLoc":"Home","teamRslt":"Loss","teamPTS":115,"teamAST":27,"teamTO":14,"teamSTL":5,"teamBLK":4,"teamPF":26,"teamFGA":97,"teamFGM":44,"team2PA":63,"team2PM":26,"team3PA":34,"team3PM":18,"teamFTA":15,"teamFTM":9,"teamORB":11,"teamDRB":37,"teamPTS1":29,"teamPTS2":40,"teamPTS3":22,"teamPTS4":24,"teamPTS5":0,"teamPTS6":0,"teamPTS7":0,"teamPTS8":0,"opptAbbr":"PHI","opptConf":"East","opptLoc":"Away","opptRslt":"Win","opptPTS":116,"opptAST":25,"opptTO":11,"opptSTL":7,"opptBLK":5,"opptPF":17,"opptFGA":82,"opptFGM":42,"oppt2PA":53,"oppt2PM":31,"oppt3PA":29,"oppt3PM":11,"opptFTA":35,"opptFTM":21,"opptORB":8,"opptDRB":33,"opptPTS1":33,"opptPTS2":34,"opptPTS3":26,"opptPTS4":23,"opptPTS5":0,"opptPTS6":0,"opptPTS7":0,"opptPTS8":0}
{"_id":{"$oid":"5cb552f6e0f627212ff3bebf"},"gmDate":"2018/2/24","offLNm3":"Garretson","offFNm3":"Ron","teamAbbr":"PHI","teamConf":"East","teamLoc":"Home","teamRslt":"Win","teamPTS":116,"teamAST":31,"teamTO":14,"teamSTL":5,"teamBLK":3,"teamPF":16,"teamFGA":81,"teamFGM":42,"team2PA":54,"team2PM":33,"team3PA":27,"team3PM":9,"teamFTA":27,"teamFTM":23,"teamORB":9,"teamDRB":36,"teamPTS1":27,"teamPTS2":31,"teamPTS3":29,"teamPTS4":29,"teamPTS5":0,"teamPTS6":0,"teamPTS7":0,"teamPTS8":0,"opptAbbr":"ORL","opptConf":"East","opptLoc":"Away","opptRslt":"Loss","opptPTS":105,"opptAST":27,"opptTO":14,"opptSTL":7,"opptBLK":5,"opptPF":20,"opptFGA":84,"opptFGM":38,"oppt2PA":53,"oppt2PM":25,"oppt3PA":31,"oppt3PM":13,"opptFTA":19,"opptFTM":16,"opptORB":6,"opptDRB":27,"opptPTS1":18,"opptPTS2":22,"opptPTS3":31,"opptPTS4":34,"opptPTS5":0,"opptPTS6":0,"opptPTS7":0,"opptPTS8":0}
{"_id":{"$oid":"5cb552f6e0f627212ff3becb"},"gmDate":"2018/2/25","offLNm3":"Brown","offFNm3":"Tony","teamAbbr":"WAS","teamConf":"East","teamLoc":"Home","teamRslt":"Win","teamPTS":109,"teamAST":35,"teamTO":19,"teamSTL":9,"teamBLK":6,"teamPF":28,"teamFGA":79,"teamFGM":43,"team2PA":54,"team2PM":31,"team3PA":25,"team3PM":12,"teamFTA":12,"teamFTM":11,"teamORB":10,"teamDRB":38,"teamPTS1":30,"teamPTS2":37,"teamPTS3":20,"teamPTS4":22,"teamPTS5":0,"teamPTS6":0,"teamPTS7":0,"teamPTS8":0,"opptAbbr":"PHI","opptConf":"East","opptLoc":"Away","opptRslt":"Loss","opptPTS":94,"opptAST":24,"opptTO":16,"opptSTL":13,"opptBLK":3,"opptPF":16,"opptFGA":86,"opptFGM":31,"oppt2PA":53,"oppt2PM":22,"oppt3PA":33,"oppt3PM":9,"opptFTA":31,"opptFTM":23,"opptORB":17,"opptDRB":26,"opptPTS1":28,"opptPTS2":20,"opptPTS3":25,"opptPTS4":21,"opptPTS5":0,"opptPTS6":0,"opptPTS7":0,"opptPTS8":0}
{"_id":{"$oid":"5cb552f6e0f627212ff3bed9"},"gmDate":"2018/2/27","offLNm3":"Spooner","offFNm3":"Bill","teamAbbr":"MIA","teamConf":"East","teamLoc":"Home","teamRslt":"Win","teamPTS":102,"teamAST":19,"teamTO":17,"teamSTL":12,"teamBLK":9,"teamPF":19,"teamFGA":81,"teamFGM":36,"team2PA":54,"team2PM":27,"team3PA":27,"team3PM":9,"teamFTA":28,"teamFTM":21,"teamORB":11,"teamDRB":26,"teamPTS1":17,"teamPTS2":28,"teamPTS3":28,"teamPTS4":29,"teamPTS5":0,"teamPTS6":0,"teamPTS7":0,"teamPTS8":0,"opptAbbr":"PHI","opptConf":"East","opptLoc":"Away","opptRslt":"Loss","opptPTS":101,"opptAST":25,"opptTO":23,"opptSTL":11,"opptBLK":2,"opptPF":24,"opptFGA":84,"opptFGM":35,"oppt2PA":53,"oppt2PM":23,"oppt3PA":31,"oppt3PM":12,"opptFTA":23,"opptFTM":19,"opptORB":10,"opptDRB":33,"opptPTS1":24,"opptPTS2":24,"opptPTS3":27,"opptPTS4":26,"opptPTS5":0,"opptPTS6":0,"opptPTS7":0,"opptPTS8":0}
{"_id":{"$oid":"5cb552f6e0f627212ff3bee7"},"gmDate":"2018/3/1","offLNm3":"Lewis","offFNm3":"Eric","teamAbbr":"CLE","teamConf":"East","teamLoc":"Home","teamRslt":"Loss","teamPTS":97,"teamAST":23,"teamTO":10,"teamSTL":4,"teamBLK":6,"teamPF":21,"teamFGA":87,"teamFGM":36,"team2PA":55,"team2PM":27,"team3PA":32,"team3PM":9,"teamFTA":23,"teamFTM":16,"teamORB":10,"teamDRB":35,"teamPTS1":29,"teamPTS2":27,"teamPTS3":15,"teamPTS4":26,"teamPTS5":0,"teamPTS6":0,"teamPTS7":0,"teamPTS8":0,"opptAbbr":"PHI","opptConf":"East","opptLoc":"Away","opptRslt":"Win","opptPTS":108,"opptAST":22,"opptTO":10,"opptSTL":4,"opptBLK":5,"opptPF":20,"opptFGA":90,"opptFGM":40,"oppt2PA":60,"oppt2PM":30,"oppt3PA":30,"oppt3PM":10,"opptFTA":27,"opptFTM":18,"opptORB":14,"opptDRB":40,"opptPTS1":32,"opptPTS2":27,"opptPTS3":18,"opptPTS4":31,"opptPTS5":0,"opptPTS6":0,"opptPTS7":0,"opptPTS8":0}
{"_id":{"$oid":"5cb552f6e0f627212ff3beeb"},"gmDate":"2018/3/2","offLNm3":"Zielinski","offFNm3":"Gary","teamAbbr":"PHI","teamConf":"East","teamLoc":"Home","teamRslt":"Win","teamPTS":110,"teamAST":27,"teamTO":12,"teamSTL":4,"teamBLK":5,"teamPF":22,"teamFGA":81,"teamFGM":41,"team2PA":57,"team2PM":32,"team3PA":24,"team3PM":9,"teamFTA":25,"teamFTM":19,"teamORB":7,"teamDRB":39,"teamPTS1":27,"teamPTS2":21,"teamPTS3":26,"teamPTS4":36,"teamPTS5":0,"teamPTS6":0,"teamPTS7":0,"teamPTS8":0,"opptAbbr":"CHA","opptConf":"East","opptLoc":"Away","opptRslt":"Loss","opptPTS":99,"opptAST":21,"opptTO":10,"opptSTL":7,"opptBLK":0,"opptPF":25,"opptFGA":81,"opptFGM":34,"oppt2PA":57,"oppt2PM":23,"oppt3PA":24,"oppt3PM":11,"opptFTA":32,"opptFTM":20,"opptORB":7,"opptDRB":32,"opptPTS1":30,"opptPTS2":26,"opptPTS3":24,"opptPTS4":19,"opptPTS5":0,"opptPTS6":0,"opptPTS7":0,"opptPTS8":0}
{"_id":{"$oid":"5cb552f6e0f627212ff3beff"},"gmDate":"2018/3/4","offLNm3":"Foster","offFNm3":"Scott","teamAbbr":"MIL","teamConf":"East","teamLoc":"Home","teamRslt":"Win","teamPTS":118,"teamAST":27,"teamTO":15,"teamSTL":15,"teamBLK":4,"teamPF":24,"teamFGA":95,"teamFGM":47,"team2PA":72,"team2PM":37,"team3PA":23,"team3PM":10,"teamFTA":22,"teamFTM":14,"teamORB":16,"teamDRB":22,"teamPTS1":31,"teamPTS2":29,"teamPTS3":33,"teamPTS4":25,"teamPTS5":0,"teamPTS6":0,"teamPTS7":0,"teamPTS8":0,"opptAbbr":"PHI","opptConf":"East","opptLoc":"Away","opptRslt":"Loss","opptPTS":110,"opptAST":26,"opptTO":26,"opptSTL":4,"opptBLK":9,"opptPF":24,"opptFGA":70,"opptFGM":39,"oppt2PA":42,"oppt2PM":25,"oppt3PA":28,"oppt3PM":14,"opptFTA":22,"opptFTM":18,"opptORB":6,"opptDRB":26,"opptPTS1":43,"opptPTS2":29,"opptPTS3":14,"opptPTS4":24,"opptPTS5":0,"opptPTS6":0,"opptPTS7":0,"opptPTS8":0}
{"_id":{"$oid":"5cb552f6e0f627212ff3bf09"},"gmDate":"2018/3/6","offLNm3":"Van Duyne","offFNm3":"Justin","teamAbbr":"CHA","teamConf":"East","teamLoc":"Home","teamRslt":"Loss","teamPTS":114,"teamAST":26,"teamTO":10,"teamSTL":7,"teamBLK":5,"teamPF":12,"teamFGA":80,"teamFGM":40,"team2PA":51,"team2PM":29,"team3PA":29,"team3PM":11,"teamFTA":31,"teamFTM":23,"teamORB":8,"teamDRB":25,"teamPTS1":29,"teamPTS2":30,"teamPTS3":32,"teamPTS4":23,"teamPTS5":0,"teamPTS6":0,"teamPTS7":0,"teamPTS8":0,"opptAbbr":"PHI","opptConf":"East","opptLoc":"Away","opptRslt":"Win","opptPTS":128,"opptAST":35,"opptTO":14,"opptSTL":6,"opptBLK":4,"opptPF":20,"opptFGA":87,"opptFGM":50,"oppt2PA":54,"oppt2PM":34,"oppt3PA":33,"oppt3PM":16,"opptFTA":15,"opptFTM":12,"opptORB":10,"opptDRB":34,"opptPTS1":32,"opptPTS2":39,"opptPTS3":30,"opptPTS4":27,"opptPTS5":0,"opptPTS6":0,"opptPTS7":0,"opptPTS8":0}
{"_id":{"$oid":"5cb552f6e0f627212ff3bf19"},"gmDate":"2018/3/8","offLNm3":"Ervin","offFNm3":"Mitchell","teamAbbr":"MIA","teamConf":"East","teamLoc":"Home","teamRslt":"Win","teamPTS":108,"teamAST":26,"teamTO":16,"teamSTL":10,"teamBLK":8,"teamPF":20,"teamFGA":89,"teamFGM":42,"team2PA":63,"team2PM":28,"team3PA":26,"team3PM":14,"teamFTA":18,"teamFTM":10,"teamORB":6,"teamDRB":43,"teamPTS1":29,"teamPTS2":24,"teamPTS3":20,"teamPTS4":35,"teamPTS5":0,"teamPTS6":0,"teamPTS7":0,"teamPTS8":0,"opptAbbr":"PHI","opptConf":"East","opptLoc":"Away","opptRslt":"Loss","opptPTS":99,"opptAST":28,"opptTO":18,"opptSTL":9,"opptBLK":4,"opptPF":20,"opptFGA":86,"opptFGM":34,"oppt2PA":49,"oppt2PM":19,"oppt3PA":37,"oppt3PM":15,"opptFTA":21,"opptFTM":16,"opptORB":9,"opptDRB":37,"opptPTS1":28,"opptPTS2":21,"opptPTS3":25,"opptPTS4":25,"opptPTS5":0,"opptPTS6":0,"opptPTS7":0,"opptPTS8":0}
{"_id":{"$oid":"5cb552f6e0f627212ff3bf33"},"gmDate":"2018/3/11","offLNm3":"Stafford","offFNm3":"Derrick","teamAbbr":"BKN","teamConf":"East","teamLoc":"Home","teamRslt":"Loss","teamPTS":97,"teamAST":17,"teamTO":18,"teamSTL":5,"teamBLK":5,"teamPF":19,"teamFGA":85,"teamFGM":33,"team2PA":57,"team2PM":23,"team3PA":28,"team3PM":10,"teamFTA":24,"teamFTM":21,"teamORB":13,"teamDRB":29,"teamPTS1":25,"teamPTS2":35,"teamPTS3":23,"teamPTS4":14,"teamPTS5":0,"teamPTS6":0,"teamPTS7":0,"teamPTS8":0,"opptAbbr":"PHI","opptConf":"East","opptLoc":"Away","opptRslt":"Win","opptPTS":120,"opptAST":33,"opptTO":10,"opptSTL":12,"opptBLK":7,"opptPF":19,"opptFGA":95,"opptFGM":50,"oppt2PA":69,"oppt2PM":41,"oppt3PA":26,"oppt3PM":9,"opptFTA":18,"opptFTM":11,"opptORB":12,"opptDRB":36,"opptPTS1":37,"opptPTS2":33,"opptPTS3":26,"opptPTS4":24,"opptPTS5":0,"opptPTS6":0,"opptPTS7":0,"opptPTS8":0}
{"_id":{"$oid":"5cb552f6e0f627212ff3bf3a"},"gmDate":"2018/3/13","offLNm3":"Richardson","offFNm3":"Derek","teamAbbr":"PHI","teamConf":"East","teamLoc":"Home","teamRslt":"Loss","teamPTS":98,"teamAST":24,"teamTO":21,"teamSTL":3,"teamBLK":7,"teamPF":25,"teamFGA":75,"teamFGM":35,"team2PA":45,"team2PM":25,"team3PA":30,"team3PM":10,"teamFTA":22,"teamFTM":18,"teamORB":7,"teamDRB":41,"teamPTS1":23,"teamPTS2":30,"teamPTS3":26,"teamPTS4":19,"teamPTS5":0,"teamPTS6":0,"teamPTS7":0,"teamPTS8":0,"opptAbbr":"IND","opptConf":"East","opptLoc":"Away","opptRslt":"Win","opptPTS":101,"opptAST":20,"opptTO":10,"opptSTL":13,"opptBLK":2,"opptPF":23,"opptFGA":95,"opptFGM":38,"oppt2PA":71,"oppt2PM":33,"oppt3PA":24,"oppt3PM":5,"opptFTA":25,"opptFTM":20,"opptORB":14,"opptDRB":31,"opptPTS1":33,"opptPTS2":24,"opptPTS3":26,"opptPTS4":18,"opptPTS5":0,"opptPTS6":0,"opptPTS7":0,"opptPTS8":0}
{"_id":{"$oid":"5cb552f6e0f627212ff3bf4b"},"gmDate":"2018/3/15","offLNm3":"Malloy","offFNm3":"Ed","teamAbbr":"NY","teamConf":"East","teamLoc":"Home","teamRslt":"Loss","teamPTS":110,"teamAST":26,"teamTO":13,"teamSTL":8,"teamBLK":4,"teamPF":25,"teamFGA":87,"teamFGM":45,"team2PA":67,"team2PM":40,"team3PA":20,"team3PM":5,"teamFTA":24,"teamFTM":15,"teamORB":8,"teamDRB":36,"teamPTS1":32,"teamPTS2":36,"teamPTS3":23,"teamPTS4":19,"teamPTS5":0,"teamPTS6":0,"teamPTS7":0,"teamPTS8":0,"opptAbbr":"PHI","opptConf":"East","opptLoc":"Away","opptRslt":"Win","opptPTS":118,"opptAST":29,"opptTO":14,"opptSTL":8,"opptBLK":3,"opptPF":21,"opptFGA":91,"opptFGM":41,"oppt2PA":54,"oppt2PM":26,"oppt3PA":37,"oppt3PM":15,"opptFTA":34,"opptFTM":21,"opptORB":19,"opptDRB":34,"opptPTS1":32,"opptPTS2":28,"opptPTS3":23,"opptPTS4":35,"opptPTS5":0,"opptPTS6":0,"opptPTS7":0,"opptPTS8":0}
{"_id":{"$oid":"5cb552f6e0f627212ff3bf53"},"gmDate":"2018/3/16","offLNm3":"Ayotte","offFNm3":"Mark","teamAbbr":"PHI","teamConf":"East","teamLoc":"Home","teamRslt":"Win","teamPTS":120,"teamAST":30,"teamTO":5,"teamSTL":9,"teamBLK":3,"teamPF":21,"teamFGA":95,"teamFGM":43,"team2PA":68,"team2PM":31,"team3PA":27,"team3PM":12,"teamFTA":26,"teamFTM":22,"teamORB":13,"teamDRB":29,"teamPTS1":30,"teamPTS2":25,"teamPTS3":31,"teamPTS4":34,"teamPTS5":0,"teamPTS6":0,"teamPTS7":0,"teamPTS8":0,"opptAbbr":"BKN","opptConf":"East","opptLoc":"Away","opptRslt":"Loss","opptPTS":116,"opptAST":25,"opptTO":12,"opptSTL":4,"opptBLK":5,"opptPF":22,"opptFGA":89,"opptFGM":40,"oppt2PA":59,"oppt2PM":25,"oppt3PA":30,"oppt3PM":15,"opptFTA":27,"opptFTM":21,"opptORB":11,"opptDRB":36,"opptPTS1":33,"opptPTS2":25,"opptPTS3":23,"opptPTS4":35,"opptPTS5":0,"opptPTS6":0,"opptPTS7":0,"opptPTS8":0}
{"_id":{"$oid":"5cb552f6e0f627212ff3bf68"},"gmDate":"2018/3/19","offLNm3":"Wall","offFNm3":"Scott","teamAbbr":"PHI","teamConf":"East","teamLoc":"Home","teamRslt":"Win","teamPTS":108,"teamAST":30,"teamTO":16,"teamSTL":5,"teamBLK":7,"teamPF":22,"teamFGA":93,"teamFGM":42,"team2PA":49,"team2PM":24,"team3PA":44,"team3PM":18,"teamFTA":8,"teamFTM":6,"teamORB":17,"teamDRB":43,"teamPTS1":21,"teamPTS2":28,"teamPTS3":32,"teamPTS4":27,"teamPTS5":0,"teamPTS6":0,"teamPTS7":0,"teamPTS8":0,"opptAbbr":"CHA","opptConf":"East","opptLoc":"Away","opptRslt":"Loss","opptPTS":94,"opptAST":16,"opptTO":9,"opptSTL":8,"opptBLK":4,"opptPF":12,"opptFGA":85,"opptFGM":32,"oppt2PA":63,"oppt2PM":26,"oppt3PA":22,"oppt3PM":6,"opptFTA":30,"opptFTM":24,"opptORB":7,"opptDRB":33,"opptPTS1":18,"opptPTS2":38,"opptPTS3":14,"opptPTS4":24,"opptPTS5":0,"opptPTS6":0,"opptPTS7":0,"opptPTS8":0}
{"_id":{"$oid":"5cb552f6e0f627212ff3bf77"},"gmDate":"2018/3/21","offLNm3":"Brothers","offFNm3":"Tony","teamAbbr":"PHI","teamConf":"East","teamLoc":"Home","teamRslt":"Win","teamPTS":119,"teamAST":32,"teamTO":14,"teamSTL":8,"teamBLK":4,"teamPF":21,"teamFGA":84,"teamFGM":46,"team2PA":53,"team2PM":35,"team3PA":31,"team3PM":11,"teamFTA":20,"teamFTM":16,"teamORB":4,"teamDRB":34,"teamPTS1":26,"teamPTS2":32,"teamPTS3":41,"teamPTS4":20,"teamPTS5":0,"teamPTS6":0,"teamPTS7":0,"teamPTS8":0,"opptAbbr":"MEM","opptConf":"West","opptLoc":"Away","opptRslt":"Loss","opptPTS":105,"opptAST":25,"opptTO":13,"opptSTL":6,"opptBLK":2,"opptPF":20,"opptFGA":99,"opptFGM":40,"oppt2PA":72,"oppt2PM":31,"oppt3PA":27,"oppt3PM":9,"opptFTA":20,"opptFTM":16,"opptORB":15,"opptDRB":32,"opptPTS1":19,"opptPTS2":25,"opptPTS3":25,"opptPTS4":36,"opptPTS5":0,"opptPTS6":0,"opptPTS7":0,"opptPTS8":0}
{"_id":{"$oid":"5cb552f6e0f627212ff3bf7f"},"gmDate":"2018/3/22","offLNm3":"Van Duyne","offFNm3":"Justin","teamAbbr":"ORL","teamConf":"East","teamLoc":"Home","teamRslt":"Loss","teamPTS":98,"teamAST":26,"teamTO":13,"teamSTL":10,"teamBLK":3,"teamPF":19,"teamFGA":91,"teamFGM":37,"team2PA":58,"team2PM":27,"team3PA":33,"team3PM":10,"teamFTA":22,"teamFTM":14,"teamORB":7,"teamDRB":33,"teamPTS1":23,"teamPTS2":26,"teamPTS3":16,"teamPTS4":33,"teamPTS5":0,"teamPTS6":0,"teamPTS7":0,"teamPTS8":0,"opptAbbr":"PHI","opptConf":"East","opptLoc":"Away","opptRslt":"Win","opptPTS":118,"opptAST":30,"opptTO":18,"opptSTL":7,"opptBLK":5,"opptPF":15,"opptFGA":89,"opptFGM":42,"oppt2PA":52,"oppt2PM":27,"oppt3PA":37,"oppt3PM":15,"opptFTA":24,"opptFTM":19,"opptORB":11,"opptDRB":45,"opptPTS1":32,"opptPTS2":38,"opptPTS3":25,"opptPTS4":23,"opptPTS5":0,"opptPTS6":0,"opptPTS7":0,"opptPTS8":0}
{"_id":{"$oid":"5cb552f6e0f627212ff3bf8e"},"gmDate":"2018/3/24","offLNm3":"Tiven","offFNm3":"Josh","teamAbbr":"PHI","teamConf":"East","teamLoc":"Home","teamRslt":"Win","teamPTS":120,"teamAST":33,"teamTO":16,"teamSTL":9,"teamBLK":11,"teamPF":29,"teamFGA":88,"teamFGM":42,"team2PA":51,"team2PM":29,"team3PA":37,"team3PM":13,"teamFTA":36,"teamFTM":23,"teamORB":7,"teamDRB":44,"teamPTS1":32,"teamPTS2":27,"teamPTS3":39,"teamPTS4":22,"teamPTS5":0,"teamPTS6":0,"teamPTS7":0,"teamPTS8":0,"opptAbbr":"MIN","opptConf":"West","opptLoc":"Away","opptRslt":"Loss","opptPTS":108,"opptAST":19,"opptTO":14,"opptSTL":7,"opptBLK":3,"opptPF":27,"opptFGA":97,"opptFGM":37,"oppt2PA":74,"oppt2PM":31,"oppt3PA":23,"oppt3PM":6,"opptFTA":38,"opptFTM":28,"opptORB":13,"opptDRB":40,"opptPTS1":24,"opptPTS2":28,"opptPTS3":19,"opptPTS4":37,"opptPTS5":0,"opptPTS6":0,"opptPTS7":0,"opptPTS8":0}
{"_id":{"$oid":"5cb552f6e0f627212ff3bf9f"},"gmDate":"2018/3/26","offLNm3":"Mott","offFNm3":"Rodney","teamAbbr":"PHI","teamConf":"East","teamLoc":"Home","teamRslt":"Win","teamPTS":123,"teamAST":35,"teamTO":18,"teamSTL":5,"teamBLK":7,"teamPF":28,"teamFGA":91,"teamFGM":46,"team2PA":62,"team2PM":33,"team3PA":29,"team3PM":13,"teamFTA":25,"teamFTM":18,"teamORB":14,"teamDRB":40,"teamPTS1":23,"teamPTS2":28,"teamPTS3":34,"teamPTS4":38,"teamPTS5":0,"teamPTS6":0,"teamPTS7":0,"teamPTS8":0,"opptAbbr":"DEN","opptConf":"West","opptLoc":"Away","opptRslt":"Loss","opptPTS":104,"opptAST":27,"opptTO":16,"opptSTL":10,"opptBLK":7,"opptPF":21,"opptFGA":85,"opptFGM":36,"oppt2PA":53,"oppt2PM":25,"oppt3PA":32,"oppt3PM":11,"opptFTA":34,"opptFTM":21,"opptORB":9,"opptDRB":28,"opptPTS1":27,"opptPTS2":32,"opptPTS3":15,"opptPTS4":30,"opptPTS5":0,"opptPTS6":0,"opptPTS7":0,"opptPTS8":0}
{"_id":{"$oid":"5cb552f6e0f627212ff3bfac"},"gmDate":"2018/3/28","offLNm3":"DeRosa","offFNm3":"Joe","teamAbbr":"PHI","teamConf":"East","teamLoc":"Home","teamRslt":"Win","teamPTS":118,"teamAST":34,"teamTO":12,"teamSTL":9,"teamBLK":3,"teamPF":19,"teamFGA":98,"teamFGM":45,"team2PA":67,"team2PM":36,"team3PA":31,"team3PM":9,"teamFTA":27,"teamFTM":19,"teamORB":14,"teamDRB":44,"teamPTS1":37,"teamPTS2":30,"teamPTS3":26,"teamPTS4":25,"teamPTS5":0,"teamPTS6":0,"teamPTS7":0,"teamPTS8":0,"opptAbbr":"NY","opptConf":"East","opptLoc":"Away","opptRslt":"Loss","opptPTS":101,"opptAST":20,"opptTO":17,"opptSTL":4,"opptBLK":5,"opptPF":22,"opptFGA":94,"opptFGM":36,"oppt2PA":63,"oppt2PM":27,"oppt3PA":31,"oppt3PM":9,"opptFTA":26,"opptFTM":20,"opptORB":10,"opptDRB":36,"opptPTS1":28,"opptPTS2":35,"opptPTS3":17,"opptPTS4":21,"opptPTS5":0,"opptPTS6":0,"opptPTS7":0,"opptPTS8":0}
{"_id":{"$oid":"5cb552f6e0f627212ff3bfb8"},"gmDate":"2018/3/30","offLNm3":"Wall","offFNm3":"Scott","teamAbbr":"ATL","teamConf":"East","teamLoc":"Home","teamRslt":"Loss","teamPTS":91,"teamAST":24,"teamTO":17,"teamSTL":9,"teamBLK":4,"teamPF":14,"teamFGA":101,"teamFGM":36,"team2PA":62,"team2PM":27,"team3PA":39,"team3PM":9,"teamFTA":15,"teamFTM":10,"teamORB":15,"teamDRB":44,"teamPTS1":27,"teamPTS2":14,"teamPTS3":18,"teamPTS4":32,"teamPTS5":0,"teamPTS6":0,"teamPTS7":0,"teamPTS8":0,"opptAbbr":"PHI","opptConf":"East","opptLoc":"Away","opptRslt":"Win","opptPTS":101,"opptAST":34,"opptTO":15,"opptSTL":10,"opptBLK":6,"opptPF":18,"opptFGA":95,"opptFGM":42,"oppt2PA":57,"oppt2PM":34,"oppt3PA":38,"oppt3PM":8,"opptFTA":13,"opptFTM":9,"opptORB":9,"opptDRB":44,"opptPTS1":30,"opptPTS2":17,"opptPTS3":39,"opptPTS4":15,"opptPTS5":0,"opptPTS6":0,"opptPTS7":0,"opptPTS8":0}
{"_id":{"$oid":"5cb552f6e0f627212ff3bfc5"},"gmDate":"2018/4/1","offLNm3":"Foster","offFNm3":"Scott","teamAbbr":"CHA","teamConf":"East","teamLoc":"Home","teamRslt":"Loss","teamPTS":102,"teamAST":17,"teamTO":16,"teamSTL":8,"teamBLK":7,"teamPF":13,"teamFGA":82,"teamFGM":33,"team2PA":52,"team2PM":24,"team3PA":30,"team3PM":9,"teamFTA":34,"teamFTM":27,"teamORB":9,"teamDRB":31,"teamPTS1":29,"teamPTS2":22,"teamPTS3":27,"teamPTS4":24,"teamPTS5":0,"teamPTS6":0,"teamPTS7":0,"teamPTS8":0,"opptAbbr":"PHI","opptConf":"East","opptLoc":"Away","opptRslt":"Win","opptPTS":119,"opptAST":36,"opptTO":14,"opptSTL":15,"opptBLK":5,"opptPF":24,"opptFGA":94,"opptFGM":48,"oppt2PA":62,"oppt2PM":34,"oppt3PA":32,"oppt3PM":14,"opptFTA":10,"opptFTM":9,"opptORB":7,"opptDRB":37,"opptPTS1":28,"opptPTS2":32,"opptPTS3":31,"opptPTS4":28,"opptPTS5":0,"opptPTS6":0,"opptPTS7":0,"opptPTS8":0}
{"_id":{"$oid":"5cb552f6e0f627212ff3bfd3"},"gmDate":"2018/4/3","offLNm3":"Malloy","offFNm3":"Ed","teamAbbr":"PHI","teamConf":"East","teamLoc":"Home","teamRslt":"Win","teamPTS":121,"teamAST":28,"teamTO":10,"teamSTL":10,"teamBLK":10,"teamPF":22,"teamFGA":92,"teamFGM":50,"team2PA":71,"team2PM":41,"team3PA":21,"team3PM":9,"teamFTA":18,"teamFTM":12,"teamORB":8,"teamDRB":48,"teamPTS1":28,"teamPTS2":33,"teamPTS3":32,"teamPTS4":28,"teamPTS5":0,"teamPTS6":0,"teamPTS7":0,"teamPTS8":0,"opptAbbr":"BKN","opptConf":"East","opptLoc":"Away","opptRslt":"Loss","opptPTS":95,"opptAST":20,"opptTO":18,"opptSTL":5,"opptBLK":6,"opptPF":15,"opptFGA":81,"opptFGM":34,"oppt2PA":39,"oppt2PM":17,"oppt3PA":42,"oppt3PM":17,"opptFTA":23,"opptFTM":10,"opptORB":3,"opptDRB":33,"opptPTS1":22,"opptPTS2":27,"opptPTS3":22,"opptPTS4":24,"opptPTS5":0,"opptPTS6":0,"opptPTS7":0,"opptPTS8":0}
{"_id":{"$oid":"5cb552f6e0f627212ff3bfdf"},"gmDate":"2018/4/4","offLNm3":"Boland","offFNm3":"Matt","teamAbbr":"DET","teamConf":"East","teamLoc":"Home","teamRslt":"Loss","teamPTS":108,"teamAST":30,"teamTO":18,"teamSTL":4,"teamBLK":5,"teamPF":19,"teamFGA":88,"teamFGM":39,"team2PA":52,"team2PM":23,"team3PA":36,"team3PM":16,"teamFTA":23,"teamFTM":14,"teamORB":9,"teamDRB":33,"teamPTS1":28,"teamPTS2":21,"teamPTS3":22,"teamPTS4":37,"teamPTS5":0,"teamPTS6":0,"teamPTS7":0,"teamPTS8":0,"opptAbbr":"PHI","opptConf":"East","opptLoc":"Away","opptRslt":"Win","opptPTS":115,"opptAST":32,"opptTO":13,"opptSTL":11,"opptBLK":3,"opptPF":17,"opptFGA":89,"opptFGM":44,"oppt2PA":59,"oppt2PM":31,"oppt3PA":30,"oppt3PM":13,"opptFTA":19,"opptFTM":14,"opptORB":7,"opptDRB":37,"opptPTS1":36,"opptPTS2":29,"opptPTS3":23,"opptPTS4":27,"opptPTS5":0,"opptPTS6":0,"opptPTS7":0,"opptPTS8":0}
{"_id":{"$oid":"5cb552f6e0f627212ff3bfec"},"gmDate":"2018/4/6","offLNm3":"Washington","offFNm3":"Tom","teamAbbr":"PHI","teamConf":"East","teamLoc":"Home","teamRslt":"Win","teamPTS":132,"teamAST":35,"teamTO":12,"teamSTL":10,"teamBLK":7,"teamPF":23,"teamFGA":101,"teamFGM":50,"team2PA":62,"team2PM":36,"team3PA":39,"team3PM":14,"teamFTA":21,"teamFTM":18,"teamORB":12,"teamDRB":33,"teamPTS1":41,"teamPTS2":37,"teamPTS3":27,"teamPTS4":27,"teamPTS5":0,"teamPTS6":0,"teamPTS7":0,"teamPTS8":0,"opptAbbr":"CLE","opptConf":"East","opptLoc":"Away","opptRslt":"Loss","opptPTS":130,"opptAST":24,"opptTO":14,"opptSTL":6,"opptBLK":2,"opptPF":20,"opptFGA":87,"opptFGM":45,"oppt2PA":53,"oppt2PM":29,"oppt3PA":34,"oppt3PM":16,"opptFTA":33,"opptFTM":24,"opptORB":8,"opptDRB":32,"opptPTS1":28,"opptPTS2":27,"opptPTS3":43,"opptPTS4":32,"opptPTS5":0,"opptPTS6":0,"opptPTS7":0,"opptPTS8":0}
{"_id":{"$oid":"5cb552f6e0f627212ff3bffd"},"gmDate":"2018/4/8","offLNm3":"Kirkland","offFNm3":"Courtney","teamAbbr":"PHI","teamConf":"East","teamLoc":"Home","teamRslt":"Win","teamPTS":109,"teamAST":32,"teamTO":11,"teamSTL":9,"teamBLK":4,"teamPF":19,"teamFGA":91,"teamFGM":46,"team2PA":64,"team2PM":38,"team3PA":27,"team3PM":8,"teamFTA":14,"teamFTM":9,"teamORB":9,"teamDRB":43,"teamPTS1":28,"teamPTS2":33,"teamPTS3":24,"teamPTS4":24,"teamPTS5":0,"teamPTS6":0,"teamPTS7":0,"teamPTS8":0,"opptAbbr":"DAL","opptConf":"West","opptLoc":"Away","opptRslt":"Loss","opptPTS":97,"opptAST":24,"opptTO":12,"opptSTL":6,"opptBLK":6,"opptPF":9,"opptFGA":94,"opptFGM":40,"oppt2PA":54,"oppt2PM":29,"oppt3PA":40,"oppt3PM":11,"opptFTA":13,"opptFTM":6,"opptORB":10,"opptDRB":33,"opptPTS1":20,"opptPTS2":28,"opptPTS3":28,"opptPTS4":21,"opptPTS5":0,"opptPTS6":0,"opptPTS7":0,"opptPTS8":0}
{"_id":{"$oid":"5cb552f6e0f627212ff3c00c"},"gmDate":"2018/4/10","offLNm3":"Phillips","offFNm3":"Jason","teamAbbr":"ATL","teamConf":"East","teamLoc":"Home","teamRslt":"Loss","teamPTS":113,"teamAST":27,"teamTO":10,"teamSTL":10,"teamBLK":3,"teamPF":24,"teamFGA":98,"teamFGM":41,"team2PA":61,"team2PM":28,"team3PA":37,"team3PM":13,"teamFTA":26,"teamFTM":18,"teamORB":8,"teamDRB":31,"teamPTS1":32,"teamPTS2":23,"teamPTS3":24,"teamPTS4":34,"teamPTS5":0,"teamPTS6":0,"teamPTS7":0,"teamPTS8":0,"opptAbbr":"PHI","opptConf":"East","opptLoc":"Away","opptRslt":"Win","opptPTS":121,"opptAST":29,"opptTO":18,"opptSTL":7,"opptBLK":8,"opptPF":22,"opptFGA":87,"opptFGM":43,"oppt2PA":50,"oppt2PM":26,"oppt3PA":37,"oppt3PM":17,"opptFTA":30,"opptFTM":18,"opptORB":11,"opptDRB":43,"opptPTS1":27,"opptPTS2":34,"opptPTS3":28,"opptPTS4":32,"opptPTS5":0,"opptPTS6":0,"opptPTS7":0,"opptPTS8":0}
{"_id":{"$oid":"5cb552f6e0f627212ff3c019"},"gmDate":"2018/4/11","offLNm3":"Mauer","offFNm3":"Ken","teamAbbr":"PHI","teamConf":"East","teamLoc":"Home","teamRslt":"Win","teamPTS":130,"teamAST":35,"teamTO":12,"teamSTL":15,"teamBLK":7,"teamPF":17,"teamFGA":105,"teamFGM":52,"team2PA":69,"team2PM":37,"team3PA":36,"team3PM":15,"teamFTA":15,"teamFTM":11,"teamORB":17,"teamDRB":40,"teamPTS1":46,"teamPTS2":34,"teamPTS3":25,"teamPTS4":25,"teamPTS5":0,"teamPTS6":0,"teamPTS7":0,"teamPTS8":0,"opptAbbr":"MIL","opptConf":"East","opptLoc":"Away","opptRslt":"Loss","opptPTS":95,"opptAST":22,"opptTO":20,"opptSTL":6,"opptBLK":5,"opptPF":17,"opptFGA":90,"opptFGM":37,"oppt2PA":65,"oppt2PM":30,"oppt3PA":25,"oppt3PM":7,"opptFTA":16,"opptFTM":14,"opptORB":10,"opptDRB":33,"opptPTS1":18,"opptPTS2":26,"opptPTS3":31,"opptPTS4":20,"opptPTS5":0,"opptPTS6":0,"opptPTS7":0,"opptPTS8":0}
