{"_id":{"$oid":"5cb552e5e0f627212ff3a7ab"},"stDate":"2017/10/17","teamAbbr":"PHI","rank":2,"rankOrd":"2nd","gameWon":0,"gameLost":0,"stk":"-","homeWin":0,"homeLoss":0,"awayWin":0,"awayLoss":0}
{"_id":{"$oid":"5cb552e5e0f627212ff3a7ca"},"stDate":"2017/10/18","teamAbbr":"PHI","rank":11,"rankOrd":"11th","gameWon":0,"gameLost":1,"stk":"L1","homeWin":0,"homeLoss":0,"awayWin":0,"awayLoss":1}
{"_id":{"$oid":"5cb552e5e0f627212ff3a7fd"},"stDate":"2017/10/19","teamAbbr":"PHI","rank":9,"rankOrd":"9th","gameWon":0,"gameLost":1,"stk":"L1","homeWin":0,"homeLoss":0,"awayWin":0,"awayLoss":1}
{"_id":{"$oid":"5cb552e5e0f627212ff3a804"},"stDate":"2017/10/20","teamAbbr":"PHI","rank":15,"rankOrd":"15th","gameWon":0,"gameLost":2,"stk":"L2","homeWin":0,"homeLoss":1,"awayWin":0,"awayLoss":1}
{"_id":{"$oid":"5cb552e5e0f627212ff3a824"},"stDate":"2017/10/21","teamAbbr":"PHI","rank":15,"rankOrd":"15th","gameWon":0,"gameLost":3,"stk":"L3","homeWin":0,"homeLoss":1,"awayWin":0,"awayLoss":2}
{"_id":{"$oid":"5cb552e5e0f627212ff3a841"},"stDate":"2017/10/22","teamAbbr":"PHI","rank":15,"rankOrd":"15th","gameWon":0,"gameLost":3,"stk":"L3","homeWin":0,"homeLoss":1,"awayWin":0,"awayLoss":2}
{"_id":{"$oid":"5cb552e5e0f627212ff3a85f"},"stDate":"2017/10/23","teamAbbr":"PHI","rank":12,"rankOrd":"12th","gameWon":1,"gameLost":3,"stk":"W1","homeWin":0,"homeLoss":1,"awayWin":1,"awayLoss":2}
{"_id":{"$oid":"5cb552e5e0f627212ff3a87e"},"stDate":"2017/10/24","teamAbbr":"PHI","rank":12,"rankOrd":"12th","gameWon":1,"gameLost":3,"stk":"W1","homeWin":0,"homeLoss":1,"awayWin":1,"awayLoss":2}
{"_id":{"$oid":"5cb552e5e0f627212ff3a89b"},"stDate":"2017/10/25","teamAbbr":"PHI","rank":13,"rankOrd":"13th","gameWon":1,"gameLost":4,"stk":"L1","homeWin":0,"homeLoss":2,"awayWin":1,"awayLoss":2}
{"_id":{"$oid":"5cb552e5e0f627212ff3a8b9"},"stDate":"2017/10/26","teamAbbr":"PHI","rank":13,"rankOrd":"13th","gameWon":1,"gameLost":4,"stk":"L1","homeWin":0,"homeLoss":2,"awayWin":1,"awayLoss":2}
{"_id":{"$oid":"5cb552e5e0f627212ff3a8d8"},"stDate":"2017/10/27","teamAbbr":"PHI","rank":14,"rankOrd":"14th","gameWon":1,"gameLost":4,"stk":"L1","homeWin":0,"homeLoss":2,"awayWin":1,"awayLoss":2}
{"_id":{"$oid":"5cb552e5e0f627212ff3a8f6"},"stDate":"2017/10/28","teamAbbr":"PHI","rank":12,"rankOrd":"12th","gameWon":2,"gameLost":4,"stk":"W1","homeWin":0,"homeLoss":2,"awayWin":2,"awayLoss":2}
{"_id":{"$oid":"5cb552e5e0f627212ff3a913"},"stDate":"2017/10/29","teamAbbr":"PHI","rank":13,"rankOrd":"13th","gameWon":2,"gameLost":4,"stk":"W1","homeWin":0,"homeLoss":2,"awayWin":2,"awayLoss":2}
{"_id":{"$oid":"5cb552e5e0f627212ff3a932"},"stDate":"2017/10/30","teamAbbr":"PHI","rank":10,"rankOrd":"10th","gameWon":3,"gameLost":4,"stk":"W2","homeWin":0,"homeLoss":2,"awayWin":3,"awayLoss":2}
{"_id":{"$oid":"5cb552e5e0f627212ff3a94f"},"stDate":"2017/10/31","teamAbbr":"PHI","rank":10,"rankOrd":"10th","gameWon":3,"gameLost":4,"stk":"W2","homeWin":0,"homeLoss":2,"awayWin":3,"awayLoss":2}
{"_id":{"$oid":"5cb552e5e0f627212ff3a96d"},"stDate":"2017/11/1","teamAbbr":"PHI","rank":8,"rankOrd":"8th","gameWon":4,"gameLost":4,"stk":"W3","homeWin":1,"homeLoss":2,"awayWin":3,"awayLoss":2}
{"_id":{"$oid":"5cb552e5e0f627212ff3a986"},"stDate":"2017/11/2","teamAbbr":"PHI","rank":8,"rankOrd":"8th","gameWon":4,"gameLost":4,"stk":"W3","homeWin":1,"homeLoss":2,"awayWin":3,"awayLoss":2}
{"_id":{"$oid":"5cb552e5e0f627212ff3a9a9"},"stDate":"2017/11/3","teamAbbr":"PHI","rank":5,"rankOrd":"5th","gameWon":5,"gameLost":4,"stk":"W4","homeWin":2,"homeLoss":2,"awayWin":3,"awayLoss":2}
{"_id":{"$oid":"5cb552e5e0f627212ff3a9c7"},"stDate":"2017/11/4","teamAbbr":"PHI","rank":5,"rankOrd":"5th","gameWon":5,"gameLost":4,"stk":"W4","homeWin":2,"homeLoss":2,"awayWin":3,"awayLoss":2}
{"_id":{"$oid":"5cb552e5e0f627212ff3a9de"},"stDate":"2017/11/5","teamAbbr":"PHI","rank":4,"rankOrd":"4th","gameWon":5,"gameLost":4,"stk":"W4","homeWin":2,"homeLoss":2,"awayWin":3,"awayLoss":2}
{"_id":{"$oid":"5cb552e5e0f627212ff3aa03"},"stDate":"2017/11/6","teamAbbr":"PHI","rank":4,"rankOrd":"4th","gameWon":5,"gameLost":4,"stk":"W4","homeWin":2,"homeLoss":2,"awayWin":3,"awayLoss":2}
{"_id":{"$oid":"5cb552e5e0f627212ff3aa21"},"stDate":"2017/11/7","teamAbbr":"PHI","rank":3,"rankOrd":"3rd","gameWon":6,"gameLost":4,"stk":"W5","homeWin":2,"homeLoss":2,"awayWin":4,"awayLoss":2}
{"_id":{"$oid":"5cb552e5e0f627212ff3aa3f"},"stDate":"2017/11/8","teamAbbr":"PHI","rank":4,"rankOrd":"4th","gameWon":6,"gameLost":4,"stk":"W5","homeWin":2,"homeLoss":2,"awayWin":4,"awayLoss":2}
{"_id":{"$oid":"5cb552e5e0f627212ff3aa5d"},"stDate":"2017/11/9","teamAbbr":"PHI","rank":5,"rankOrd":"5th","gameWon":6,"gameLost":5,"stk":"L1","homeWin":2,"homeLoss":2,"awayWin":4,"awayLoss":3}
{"_id":{"$oid":"5cb552e5e0f627212ff3aa7b"},"stDate":"2017/11/10","teamAbbr":"PHI","rank":5,"rankOrd":"5th","gameWon":6,"gameLost":5,"stk":"L1","homeWin":2,"homeLoss":2,"awayWin":4,"awayLoss":3}
{"_id":{"$oid":"5cb552e5e0f627212ff3aa9a"},"stDate":"2017/11/11","teamAbbr":"PHI","rank":7,"rankOrd":"7th","gameWon":6,"gameLost":6,"stk":"L2","homeWin":2,"homeLoss":2,"awayWin":4,"awayLoss":4}
{"_id":{"$oid":"5cb552e5e0f627212ff3aab7"},"stDate":"2017/11/12","teamAbbr":"PHI","rank":7,"rankOrd":"7th","gameWon":6,"gameLost":6,"stk":"L2","homeWin":2,"homeLoss":2,"awayWin":4,"awayLoss":4}
{"_id":{"$oid":"5cb552e5e0f627212ff3aad5"},"stDate":"2017/11/13","teamAbbr":"PHI","rank":6,"rankOrd":"6th","gameWon":7,"gameLost":6,"stk":"W1","homeWin":2,"homeLoss":2,"awayWin":5,"awayLoss":4}
{"_id":{"$oid":"5cb552e5e0f627212ff3aaf3"},"stDate":"2017/11/14","teamAbbr":"PHI","rank":6,"rankOrd":"6th","gameWon":7,"gameLost":6,"stk":"W1","homeWin":2,"homeLoss":2,"awayWin":5,"awayLoss":4}
{"_id":{"$oid":"5cb552e5e0f627212ff3ab0b"},"stDate":"2017/11/15","teamAbbr":"PHI","rank":5,"rankOrd":"5th","gameWon":8,"gameLost":6,"stk":"W2","homeWin":2,"homeLoss":2,"awayWin":6,"awayLoss":4}
{"_id":{"$oid":"5cb552e5e0f627212ff3ab2f"},"stDate":"2017/11/16","teamAbbr":"PHI","rank":5,"rankOrd":"5th","gameWon":8,"gameLost":6,"stk":"W2","homeWin":2,"homeLoss":2,"awayWin":6,"awayLoss":4}
{"_id":{"$oid":"5cb552e5e0f627212ff3ab4d"},"stDate":"2017/11/17","teamAbbr":"PHI","rank":5,"rankOrd":"5th","gameWon":8,"gameLost":6,"stk":"W2","homeWin":2,"homeLoss":2,"awayWin":6,"awayLoss":4}
{"_id":{"$oid":"5cb552e5e0f627212ff3ab6b"},"stDate":"2017/11/18","teamAbbr":"PHI","rank":6,"rankOrd":"6th","gameWon":8,"gameLost":7,"stk":"L1","homeWin":2,"homeLoss":3,"awayWin":6,"awayLoss":4}
{"_id":{"$oid":"5cb552e5e0f627212ff3ab8d"},"stDate":"2017/11/19","teamAbbr":"PHI","rank":6,"rankOrd":"6th","gameWon":8,"gameLost":7,"stk":"L1","homeWin":2,"homeLoss":3,"awayWin":6,"awayLoss":4}
{"_id":{"$oid":"5cb552e5e0f627212ff3aba8"},"stDate":"2017/11/20","teamAbbr":"PHI","rank":6,"rankOrd":"6th","gameWon":9,"gameLost":7,"stk":"W1","homeWin":3,"homeLoss":3,"awayWin":6,"awayLoss":4}
{"_id":{"$oid":"5cb552e5e0f627212ff3abc5"},"stDate":"2017/11/21","teamAbbr":"PHI","rank":6,"rankOrd":"6th","gameWon":9,"gameLost":7,"stk":"W1","homeWin":3,"homeLoss":3,"awayWin":6,"awayLoss":4}
{"_id":{"$oid":"5cb552e5e0f627212ff3abe5"},"stDate":"2017/11/22","teamAbbr":"PHI","rank":5,"rankOrd":"5th","gameWon":10,"gameLost":7,"stk":"W2","homeWin":4,"homeLoss":3,"awayWin":6,"awayLoss":4}
{"_id":{"$oid":"5cb552e5e0f627212ff3abfe"},"stDate":"2017/11/24","teamAbbr":"PHI","rank":5,"rankOrd":"5th","gameWon":10,"gameLost":7,"stk":"W2","homeWin":4,"homeLoss":3,"awayWin":6,"awayLoss":4}
{"_id":{"$oid":"5cb552e5e0f627212ff3ac1f"},"stDate":"2017/11/25","teamAbbr":"PHI","rank":5,"rankOrd":"5th","gameWon":11,"gameLost":7,"stk":"W3","homeWin":5,"homeLoss":3,"awayWin":6,"awayLoss":4}
{"_id":{"$oid":"5cb552e5e0f627212ff3ac3e"},"stDate":"2017/11/26","teamAbbr":"PHI","rank":5,"rankOrd":"5th","gameWon":11,"gameLost":7,"stk":"W3","homeWin":5,"homeLoss":3,"awayWin":6,"awayLoss":4}
{"_id":{"$oid":"5cb552e5e0f627212ff3ac5c"},"stDate":"2017/11/27","teamAbbr":"PHI","rank":5,"rankOrd":"5th","gameWon":11,"gameLost":8,"stk":"L1","homeWin":5,"homeLoss":4,"awayWin":6,"awayLoss":4}
{"_id":{"$oid":"5cb552e5e0f627212ff3ac7b"},"stDate":"2017/11/28","teamAbbr":"PHI","rank":5,"rankOrd":"5th","gameWon":11,"gameLost":8,"stk":"L1","homeWin":5,"homeLoss":4,"awayWin":6,"awayLoss":4}
{"_id":{"$oid":"5cb552e5e0f627212ff3ac91"},"stDate":"2017/11/29","teamAbbr":"PHI","rank":5,"rankOrd":"5th","gameWon":12,"gameLost":8,"stk":"W1","homeWin":6,"homeLoss":4,"awayWin":6,"awayLoss":4}
{"_id":{"$oid":"5cb552e5e0f627212ff3acb6"},"stDate":"2017/11/30","teamAbbr":"PHI","rank":5,"rankOrd":"5th","gameWon":12,"gameLost":9,"stk":"L1","homeWin":6,"homeLoss":4,"awayWin":6,"awayLoss":5}
{"_id":{"$oid":"5cb552e5e0f627212ff3acd4"},"stDate":"2017/12/1","teamAbbr":"PHI","rank":5,"rankOrd":"5th","gameWon":12,"gameLost":9,"stk":"L1","homeWin":6,"homeLoss":4,"awayWin":6,"awayLoss":5}
{"_id":{"$oid":"5cb552e5e0f627212ff3acec"},"stDate":"2017/12/2","teamAbbr":"PHI","rank":5,"rankOrd":"5th","gameWon":13,"gameLost":9,"stk":"W1","homeWin":7,"homeLoss":4,"awayWin":6,"awayLoss":5}
{"_id":{"$oid":"5cb552e5e0f627212ff3ad0a"},"stDate":"2017/12/3","teamAbbr":"PHI","rank":5,"rankOrd":"5th","gameWon":13,"gameLost":9,"stk":"W1","homeWin":7,"homeLoss":4,"awayWin":6,"awayLoss":5}
{"_id":{"$oid":"5cb552e5e0f627212ff3ad42"},"stDate":"2017/12/4","teamAbbr":"PHI","rank":5,"rankOrd":"5th","gameWon":13,"gameLost":10,"stk":"L1","homeWin":7,"homeLoss":5,"awayWin":6,"awayLoss":5}
{"_id":{"$oid":"5cb552e5e0f627212ff3ad4c"},"stDate":"2017/12/5","teamAbbr":"PHI","rank":5,"rankOrd":"5th","gameWon":13,"gameLost":10,"stk":"L1","homeWin":7,"homeLoss":5,"awayWin":6,"awayLoss":5}
{"_id":{"$oid":"5cb552e5e0f627212ff3ad6a"},"stDate":"2017/12/6","teamAbbr":"PHI","rank":5,"rankOrd":"5th","gameWon":13,"gameLost":10,"stk":"L1","homeWin":7,"homeLoss":5,"awayWin":6,"awayLoss":5}
{"_id":{"$oid":"5cb552e5e0f627212ff3ad8a"},"stDate":"2017/12/7","teamAbbr":"PHI","rank":8,"rankOrd":"8th","gameWon":13,"gameLost":11,"stk":"L2","homeWin":7,"homeLoss":6,"awayWin":6,"awayLoss":5}
{"_id":{"$oid":"5cb552e5e0f627212ff3ada7"},"stDate":"2017/12/8","teamAbbr":"PHI","rank":8,"rankOrd":"8th","gameWon":13,"gameLost":11,"stk":"L2","homeWin":7,"homeLoss":6,"awayWin":6,"awayLoss":5}
{"_id":{"$oid":"5cb552e5e0f627212ff3adc3"},"stDate":"2017/12/9","teamAbbr":"PHI","rank":8,"rankOrd":"8th","gameWon":13,"gameLost":12,"stk":"L3","homeWin":7,"homeLoss":6,"awayWin":6,"awayLoss":6}
{"_id":{"$oid":"5cb552e5e0f627212ff3addc"},"stDate":"2017/12/10","teamAbbr":"PHI","rank":8,"rankOrd":"8th","gameWon":13,"gameLost":13,"stk":"L4","homeWin":7,"homeLoss":6,"awayWin":6,"awayLoss":7}
{"_id":{"$oid":"5cb552e5e0f627212ff3ae00"},"stDate":"2017/12/11","teamAbbr":"PHI","rank":8,"rankOrd":"8th","gameWon":13,"gameLost":13,"stk":"L4","homeWin":7,"homeLoss":6,"awayWin":6,"awayLoss":7}
{"_id":{"$oid":"5cb552e5e0f627212ff3ae1e"},"stDate":"2017/12/12","teamAbbr":"PHI","rank":6,"rankOrd":"6th","gameWon":14,"gameLost":13,"stk":"W1","homeWin":7,"homeLoss":6,"awayWin":7,"awayLoss":7}
{"_id":{"$oid":"5cb552e5e0f627212ff3ae3c"},"stDate":"2017/12/13","teamAbbr":"PHI","rank":7,"rankOrd":"7th","gameWon":14,"gameLost":13,"stk":"W1","homeWin":7,"homeLoss":6,"awayWin":7,"awayLoss":7}
{"_id":{"$oid":"5cb552e5e0f627212ff3ae5b"},"stDate":"2017/12/14","teamAbbr":"PHI","rank":9,"rankOrd":"9th","gameWon":14,"gameLost":13,"stk":"W1","homeWin":7,"homeLoss":6,"awayWin":7,"awayLoss":7}
{"_id":{"$oid":"5cb552e5e0f627212ff3ae78"},"stDate":"2017/12/15","teamAbbr":"PHI","rank":9,"rankOrd":"9th","gameWon":14,"gameLost":14,"stk":"L1","homeWin":7,"homeLoss":7,"awayWin":7,"awayLoss":7}
{"_id":{"$oid":"5cb552e5e0f627212ff3ae96"},"stDate":"2017/12/16","teamAbbr":"PHI","rank":10,"rankOrd":"10th","gameWon":14,"gameLost":14,"stk":"L1","homeWin":7,"homeLoss":7,"awayWin":7,"awayLoss":7}
{"_id":{"$oid":"5cb552e5e0f627212ff3aeb4"},"stDate":"2017/12/17","teamAbbr":"PHI","rank":10,"rankOrd":"10th","gameWon":14,"gameLost":14,"stk":"L1","homeWin":7,"homeLoss":7,"awayWin":7,"awayLoss":7}
{"_id":{"$oid":"5cb552e5e0f627212ff3aed3"},"stDate":"2017/12/18","teamAbbr":"PHI","rank":10,"rankOrd":"10th","gameWon":14,"gameLost":15,"stk":"L2","homeWin":7,"homeLoss":7,"awayWin":7,"awayLoss":8}
{"_id":{"$oid":"5cb552e5e0f627212ff3aef0"},"stDate":"2017/12/19","teamAbbr":"PHI","rank":10,"rankOrd":"10th","gameWon":14,"gameLost":16,"stk":"L3","homeWin":7,"homeLoss":8,"awayWin":7,"awayLoss":8}
{"_id":{"$oid":"5cb552e5e0f627212ff3af0e"},"stDate":"2017/12/20","teamAbbr":"PHI","rank":10,"rankOrd":"10th","gameWon":14,"gameLost":16,"stk":"L3","homeWin":7,"homeLoss":8,"awayWin":7,"awayLoss":8}
{"_id":{"$oid":"5cb552e5e0f627212ff3af26"},"stDate":"2017/12/21","teamAbbr":"PHI","rank":10,"rankOrd":"10th","gameWon":14,"gameLost":17,"stk":"L4","homeWin":7,"homeLoss":9,"awayWin":7,"awayLoss":8}
{"_id":{"$oid":"5cb552e5e0f627212ff3af4a"},"stDate":"2017/12/22","teamAbbr":"PHI","rank":10,"rankOrd":"10th","gameWon":14,"gameLost":17,"stk":"L4","homeWin":7,"homeLoss":9,"awayWin":7,"awayLoss":8}
{"_id":{"$oid":"5cb552e5e0f627212ff3af69"},"stDate":"2017/12/23","teamAbbr":"PHI","rank":10,"rankOrd":"10th","gameWon":14,"gameLost":18,"stk":"L5","homeWin":7,"homeLoss":9,"awayWin":7,"awayLoss":9}
{"_id":{"$oid":"5cb552e5e0f627212ff3af87"},"stDate":"2017/12/25","teamAbbr":"PHI","rank":10,"rankOrd":"10th","gameWon":15,"gameLost":18,"stk":"W1","homeWin":7,"homeLoss":9,"awayWin":8,"awayLoss":9}
{"_id":{"$oid":"5cb552e5e0f627212ff3afa4"},"stDate":"2017/12/26","teamAbbr":"PHI","rank":10,"rankOrd":"10th","gameWon":15,"gameLost":18,"stk":"W1","homeWin":7,"homeLoss":9,"awayWin":8,"awayLoss":9}
{"_id":{"$oid":"5cb552e5e0f627212ff3afc4"},"stDate":"2017/12/27","teamAbbr":"PHI","rank":10,"rankOrd":"10th","gameWon":15,"gameLost":18,"stk":"W1","homeWin":7,"homeLoss":9,"awayWin":8,"awayLoss":9}
{"_id":{"$oid":"5cb552e5e0f627212ff3afe2"},"stDate":"2017/12/28","teamAbbr":"PHI","rank":10,"rankOrd":"10th","gameWon":15,"gameLost":19,"stk":"L1","homeWin":7,"homeLoss":9,"awayWin":8,"awayLoss":10}
{"_id":{"$oid":"5cb552e5e0f627212ff3aff9"},"stDate":"2017/12/29","teamAbbr":"PHI","rank":10,"rankOrd":"10th","gameWon":15,"gameLost":19,"stk":"L1","homeWin":7,"homeLoss":9,"awayWin":8,"awayLoss":10}
{"_id":{"$oid":"5cb552e5e0f627212ff3b01c"},"stDate":"2017/12/30","teamAbbr":"PHI","rank":10,"rankOrd":"10th","gameWon":16,"gameLost":19,"stk":"W1","homeWin":7,"homeLoss":9,"awayWin":9,"awayLoss":10}
{"_id":{"$oid":"5cb552e5e0f627212ff3b03a"},"stDate":"2017/12/31","teamAbbr":"PHI","rank":10,"rankOrd":"10th","gameWon":17,"gameLost":19,"stk":"W2","homeWin":7,"homeLoss":9,"awayWin":10,"awayLoss":10}
{"_id":{"$oid":"5cb552e5e0f627212ff3b053"},"stDate":"2018/1/1","teamAbbr":"PHI","rank":10,"rankOrd":"10th","gameWon":17,"gameLost":19,"stk":"W2","homeWin":7,"homeLoss":9,"awayWin":10,"awayLoss":10}
{"_id":{"$oid":"5cb552e5e0f627212ff3b076"},"stDate":"2018/1/2","teamAbbr":"PHI","rank":10,"rankOrd":"10th","gameWon":17,"gameLost":19,"stk":"W2","homeWin":7,"homeLoss":9,"awayWin":10,"awayLoss":10}
{"_id":{"$oid":"5cb552e5e0f627212ff3b095"},"stDate":"2018/1/3","teamAbbr":"PHI","rank":9,"rankOrd":"9th","gameWon":18,"gameLost":19,"stk":"W3","homeWin":8,"homeLoss":9,"awayWin":10,"awayLoss":10}
{"_id":{"$oid":"5cb552e5e0f627212ff3b0c3"},"stDate":"2018/1/4","teamAbbr":"PHI","rank":9,"rankOrd":"9th","gameWon":18,"gameLost":19,"stk":"W3","homeWin":8,"homeLoss":9,"awayWin":10,"awayLoss":10}
{"_id":{"$oid":"5cb552e5e0f627212ff3b0ce"},"stDate":"2018/1/5","teamAbbr":"PHI","rank":8,"rankOrd":"8th","gameWon":19,"gameLost":19,"stk":"W4","homeWin":9,"homeLoss":9,"awayWin":10,"awayLoss":10}
{"_id":{"$oid":"5cb552e5e0f627212ff3b0ef"},"stDate":"2018/1/6","teamAbbr":"PHI","rank":9,"rankOrd":"9th","gameWon":19,"gameLost":19,"stk":"W4","homeWin":9,"homeLoss":9,"awayWin":10,"awayLoss":10}
{"_id":{"$oid":"5cb552e5e0f627212ff3b10d"},"stDate":"2018/1/7","teamAbbr":"PHI","rank":9,"rankOrd":"9th","gameWon":19,"gameLost":19,"stk":"W4","homeWin":9,"homeLoss":9,"awayWin":10,"awayLoss":10}
{"_id":{"$oid":"5cb552e5e0f627212ff3b124"},"stDate":"2018/1/8","teamAbbr":"PHI","rank":9,"rankOrd":"9th","gameWon":19,"gameLost":19,"stk":"W4","homeWin":9,"homeLoss":9,"awayWin":10,"awayLoss":10}
{"_id":{"$oid":"5cb552e5e0f627212ff3b149"},"stDate":"2018/1/9","teamAbbr":"PHI","rank":9,"rankOrd":"9th","gameWon":19,"gameLost":19,"stk":"W4","homeWin":9,"homeLoss":9,"awayWin":10,"awayLoss":10}
{"_id":{"$oid":"5cb552e5e0f627212ff3b167"},"stDate":"2018/1/10","teamAbbr":"PHI","rank":9,"rankOrd":"9th","gameWon":19,"gameLost":19,"stk":"W4","homeWin":9,"homeLoss":9,"awayWin":10,"awayLoss":10}
{"_id":{"$oid":"5cb552e5e0f627212ff3b184"},"stDate":"2018/1/11","teamAbbr":"PHI","rank":9,"rankOrd":"9th","gameWon":19,"gameLost":20,"stk":"L1","homeWin":9,"homeLoss":10,"awayWin":10,"awayLoss":10}
{"_id":{"$oid":"5cb552e5e0f627212ff3b19c"},"stDate":"2018/1/12","teamAbbr":"PHI","rank":9,"rankOrd":"9th","gameWon":19,"gameLost":20,"stk":"L1","homeWin":9,"homeLoss":10,"awayWin":10,"awayLoss":10}
{"_id":{"$oid":"5cb552e5e0f627212ff3b1c0"},"stDate":"2018/1/13","teamAbbr":"PHI","rank":9,"rankOrd":"9th","gameWon":19,"gameLost":20,"stk":"L1","homeWin":9,"homeLoss":10,"awayWin":10,"awayLoss":10}
{"_id":{"$oid":"5cb552e5e0f627212ff3b1de"},"stDate":"2018/1/14","teamAbbr":"PHI","rank":9,"rankOrd":"9th","gameWon":19,"gameLost":20,"stk":"L1","homeWin":9,"homeLoss":10,"awayWin":10,"awayLoss":10}
{"_id":{"$oid":"5cb552e5e0f627212ff3b1fd"},"stDate":"2018/1/15","teamAbbr":"PHI","rank":9,"rankOrd":"9th","gameWon":20,"gameLost":20,"stk":"W1","homeWin":10,"homeLoss":10,"awayWin":10,"awayLoss":10}
{"_id":{"$oid":"5cb552e5e0f627212ff3b21b"},"stDate":"2018/1/16","teamAbbr":"PHI","rank":9,"rankOrd":"9th","gameWon":20,"gameLost":20,"stk":"W1","homeWin":10,"homeLoss":10,"awayWin":10,"awayLoss":10}
{"_id":{"$oid":"5cb552e5e0f627212ff3b23a"},"stDate":"2018/1/17","teamAbbr":"PHI","rank":9,"rankOrd":"9th","gameWon":20,"gameLost":20,"stk":"W1","homeWin":10,"homeLoss":10,"awayWin":10,"awayLoss":10}
{"_id":{"$oid":"5cb552e5e0f627212ff3b256"},"stDate":"2018/1/18","teamAbbr":"PHI","rank":8,"rankOrd":"8th","gameWon":21,"gameLost":20,"stk":"W2","homeWin":10,"homeLoss":10,"awayWin":11,"awayLoss":10}
{"_id":{"$oid":"5cb552e5e0f627212ff3b275"},"stDate":"2018/1/19","teamAbbr":"PHI","rank":8,"rankOrd":"8th","gameWon":21,"gameLost":20,"stk":"W2","homeWin":10,"homeLoss":10,"awayWin":11,"awayLoss":10}
{"_id":{"$oid":"5cb552e5e0f627212ff3b293"},"stDate":"2018/1/20","teamAbbr":"PHI","rank":6,"rankOrd":"6th","gameWon":22,"gameLost":20,"stk":"W3","homeWin":11,"homeLoss":10,"awayWin":11,"awayLoss":10}
{"_id":{"$oid":"5cb552e5e0f627212ff3b2b4"},"stDate":"2018/1/21","teamAbbr":"PHI","rank":7,"rankOrd":"7th","gameWon":22,"gameLost":20,"stk":"W3","homeWin":11,"homeLoss":10,"awayWin":11,"awayLoss":10}
{"_id":{"$oid":"5cb552e5e0f627212ff3b2cf"},"stDate":"2018/1/22","teamAbbr":"PHI","rank":8,"rankOrd":"8th","gameWon":22,"gameLost":21,"stk":"L1","homeWin":11,"homeLoss":10,"awayWin":11,"awayLoss":11}
{"_id":{"$oid":"5cb552e5e0f627212ff3b2ed"},"stDate":"2018/1/23","teamAbbr":"PHI","rank":8,"rankOrd":"8th","gameWon":22,"gameLost":21,"stk":"L1","homeWin":11,"homeLoss":10,"awayWin":11,"awayLoss":11}
{"_id":{"$oid":"5cb552e5e0f627212ff3b30b"},"stDate":"2018/1/24","teamAbbr":"PHI","rank":7,"rankOrd":"7th","gameWon":23,"gameLost":21,"stk":"W1","homeWin":12,"homeLoss":10,"awayWin":11,"awayLoss":11}
{"_id":{"$oid":"5cb552e5e0f627212ff3b329"},"stDate":"2018/1/25","teamAbbr":"PHI","rank":7,"rankOrd":"7th","gameWon":23,"gameLost":21,"stk":"W1","homeWin":12,"homeLoss":10,"awayWin":11,"awayLoss":11}
{"_id":{"$oid":"5cb552e5e0f627212ff3b347"},"stDate":"2018/1/26","teamAbbr":"PHI","rank":6,"rankOrd":"6th","gameWon":24,"gameLost":21,"stk":"W2","homeWin":12,"homeLoss":10,"awayWin":12,"awayLoss":11}
{"_id":{"$oid":"5cb552e5e0f627212ff3b366"},"stDate":"2018/1/27","teamAbbr":"PHI","rank":7,"rankOrd":"7th","gameWon":24,"gameLost":21,"stk":"W2","homeWin":12,"homeLoss":10,"awayWin":12,"awayLoss":11}
{"_id":{"$oid":"5cb552e5e0f627212ff3b386"},"stDate":"2018/1/28","teamAbbr":"PHI","rank":8,"rankOrd":"8th","gameWon":24,"gameLost":22,"stk":"L1","homeWin":12,"homeLoss":10,"awayWin":12,"awayLoss":12}
{"_id":{"$oid":"5cb552e5e0f627212ff3b3a2"},"stDate":"2018/1/29","teamAbbr":"PHI","rank":8,"rankOrd":"8th","gameWon":24,"gameLost":23,"stk":"L2","homeWin":12,"homeLoss":10,"awayWin":12,"awayLoss":13}
{"_id":{"$oid":"5cb552e5e0f627212ff3b3bf"},"stDate":"2018/1/30","teamAbbr":"PHI","rank":8,"rankOrd":"8th","gameWon":24,"gameLost":23,"stk":"L2","homeWin":12,"homeLoss":10,"awayWin":12,"awayLoss":13}
{"_id":{"$oid":"5cb552e5e0f627212ff3b3e0"},"stDate":"2018/1/31","teamAbbr":"PHI","rank":8,"rankOrd":"8th","gameWon":24,"gameLost":24,"stk":"L3","homeWin":12,"homeLoss":10,"awayWin":12,"awayLoss":14}
{"_id":{"$oid":"5cb552e5e0f627212ff3b3fc"},"stDate":"2018/2/1","teamAbbr":"PHI","rank":8,"rankOrd":"8th","gameWon":24,"gameLost":24,"stk":"L3","homeWin":12,"homeLoss":10,"awayWin":12,"awayLoss":14}
{"_id":{"$oid":"5cb552e5e0f627212ff3b41b"},"stDate":"2018/2/2","teamAbbr":"PHI","rank":8,"rankOrd":"8th","gameWon":25,"gameLost":24,"stk":"W1","homeWin":13,"homeLoss":10,"awayWin":12,"awayLoss":14}
{"_id":{"$oid":"5cb552e5e0f627212ff3b44a"},"stDate":"2018/2/3","teamAbbr":"PHI","rank":8,"rankOrd":"8th","gameWon":25,"gameLost":25,"stk":"L1","homeWin":13,"homeLoss":10,"awayWin":12,"awayLoss":15}
{"_id":{"$oid":"5cb552e5e0f627212ff3b456"},"stDate":"2018/2/4","teamAbbr":"PHI","rank":8,"rankOrd":"8th","gameWon":25,"gameLost":25,"stk":"L1","homeWin":13,"homeLoss":10,"awayWin":12,"awayLoss":15}
{"_id":{"$oid":"5cb552e5e0f627212ff3b475"},"stDate":"2018/2/5","teamAbbr":"PHI","rank":8,"rankOrd":"8th","gameWon":25,"gameLost":25,"stk":"L1","homeWin":13,"homeLoss":10,"awayWin":12,"awayLoss":15}
{"_id":{"$oid":"5cb552e5e0f627212ff3b48c"},"stDate":"2018/2/6","teamAbbr":"PHI","rank":8,"rankOrd":"8th","gameWon":26,"gameLost":25,"stk":"W1","homeWin":14,"homeLoss":10,"awayWin":12,"awayLoss":15}
{"_id":{"$oid":"5cb552e5e0f627212ff3b4b1"},"stDate":"2018/2/7","teamAbbr":"PHI","rank":8,"rankOrd":"8th","gameWon":26,"gameLost":25,"stk":"W1","homeWin":14,"homeLoss":10,"awayWin":12,"awayLoss":15}
{"_id":{"$oid":"5cb552e5e0f627212ff3b4ce"},"stDate":"2018/2/8","teamAbbr":"PHI","rank":8,"rankOrd":"8th","gameWon":26,"gameLost":25,"stk":"W1","homeWin":14,"homeLoss":10,"awayWin":12,"awayLoss":15}
{"_id":{"$oid":"5cb552e5e0f627212ff3b4ed"},"stDate":"2018/2/9","teamAbbr":"PHI","rank":8,"rankOrd":"8th","gameWon":27,"gameLost":25,"stk":"W2","homeWin":15,"homeLoss":10,"awayWin":12,"awayLoss":15}
{"_id":{"$oid":"5cb552e5e0f627212ff3b50b"},"stDate":"2018/2/10","teamAbbr":"PHI","rank":8,"rankOrd":"8th","gameWon":28,"gameLost":25,"stk":"W3","homeWin":16,"homeLoss":10,"awayWin":12,"awayLoss":15}
{"_id":{"$oid":"5cb552e5e0f627212ff3b52a"},"stDate":"2018/2/11","teamAbbr":"PHI","rank":8,"rankOrd":"8th","gameWon":28,"gameLost":25,"stk":"W3","homeWin":16,"homeLoss":10,"awayWin":12,"awayLoss":15}
{"_id":{"$oid":"5cb552e5e0f627212ff3b545"},"stDate":"2018/2/12","teamAbbr":"PHI","rank":7,"rankOrd":"7th","gameWon":29,"gameLost":25,"stk":"W4","homeWin":17,"homeLoss":10,"awayWin":12,"awayLoss":15}
{"_id":{"$oid":"5cb552e5e0f627212ff3b560"},"stDate":"2018/2/13","teamAbbr":"PHI","rank":7,"rankOrd":"7th","gameWon":29,"gameLost":25,"stk":"W4","homeWin":17,"homeLoss":10,"awayWin":12,"awayLoss":15}
{"_id":{"$oid":"5cb552e5e0f627212ff3b582"},"stDate":"2018/2/14","teamAbbr":"PHI","rank":7,"rankOrd":"7th","gameWon":30,"gameLost":25,"stk":"W5","homeWin":18,"homeLoss":10,"awayWin":12,"awayLoss":15}
{"_id":{"$oid":"5cb552e5e0f627212ff3b5a2"},"stDate":"2018/2/15","teamAbbr":"PHI","rank":7,"rankOrd":"7th","gameWon":30,"gameLost":25,"stk":"W5","homeWin":18,"homeLoss":10,"awayWin":12,"awayLoss":15}
{"_id":{"$oid":"5cb552e5e0f627212ff3b5be"},"stDate":"2018/2/22","teamAbbr":"PHI","rank":7,"rankOrd":"7th","gameWon":31,"gameLost":25,"stk":"W6","homeWin":18,"homeLoss":10,"awayWin":13,"awayLoss":15}
{"_id":{"$oid":"5cb552e5e0f627212ff3b5db"},"stDate":"2018/2/23","teamAbbr":"PHI","rank":7,"rankOrd":"7th","gameWon":31,"gameLost":25,"stk":"W6","homeWin":18,"homeLoss":10,"awayWin":13,"awayLoss":15}
{"_id":{"$oid":"5cb552e5e0f627212ff3b5fa"},"stDate":"2018/2/24","teamAbbr":"PHI","rank":7,"rankOrd":"7th","gameWon":32,"gameLost":25,"stk":"W7","homeWin":19,"homeLoss":10,"awayWin":13,"awayLoss":15}
{"_id":{"$oid":"5cb552e5e0f627212ff3b617"},"stDate":"2018/2/25","teamAbbr":"PHI","rank":7,"rankOrd":"7th","gameWon":32,"gameLost":26,"stk":"L1","homeWin":19,"homeLoss":10,"awayWin":13,"awayLoss":16}
{"_id":{"$oid":"5cb552e5e0f627212ff3b637"},"stDate":"2018/2/26","teamAbbr":"PHI","rank":7,"rankOrd":"7th","gameWon":32,"gameLost":26,"stk":"L1","homeWin":19,"homeLoss":10,"awayWin":13,"awayLoss":16}
{"_id":{"$oid":"5cb552e5e0f627212ff3b655"},"stDate":"2018/2/27","teamAbbr":"PHI","rank":7,"rankOrd":"7th","gameWon":32,"gameLost":27,"stk":"L2","homeWin":19,"homeLoss":10,"awayWin":13,"awayLoss":17}
{"_id":{"$oid":"5cb552e5e0f627212ff3b671"},"stDate":"2018/2/28","teamAbbr":"PHI","rank":6,"rankOrd":"6th","gameWon":32,"gameLost":27,"stk":"L2","homeWin":19,"homeLoss":10,"awayWin":13,"awayLoss":17}
{"_id":{"$oid":"5cb552e5e0f627212ff3b68f"},"stDate":"2018/3/1","teamAbbr":"PHI","rank":6,"rankOrd":"6th","gameWon":33,"gameLost":27,"stk":"W1","homeWin":19,"homeLoss":10,"awayWin":14,"awayLoss":17}
{"_id":{"$oid":"5cb552e5e0f627212ff3b6ad"},"stDate":"2018/3/2","teamAbbr":"PHI","rank":6,"rankOrd":"6th","gameWon":34,"gameLost":27,"stk":"W2","homeWin":20,"homeLoss":10,"awayWin":14,"awayLoss":17}
{"_id":{"$oid":"5cb552e5e0f627212ff3b6cb"},"stDate":"2018/3/3","teamAbbr":"PHI","rank":6,"rankOrd":"6th","gameWon":34,"gameLost":27,"stk":"W2","homeWin":20,"homeLoss":10,"awayWin":14,"awayLoss":17}
{"_id":{"$oid":"5cb552e5e0f627212ff3b6ea"},"stDate":"2018/3/4","teamAbbr":"PHI","rank":6,"rankOrd":"6th","gameWon":34,"gameLost":28,"stk":"L1","homeWin":20,"homeLoss":10,"awayWin":14,"awayLoss":18}
{"_id":{"$oid":"5cb552e5e0f627212ff3b702"},"stDate":"2018/3/5","teamAbbr":"PHI","rank":6,"rankOrd":"6th","gameWon":34,"gameLost":28,"stk":"L1","homeWin":20,"homeLoss":10,"awayWin":14,"awayLoss":18}
{"_id":{"$oid":"5cb552e5e0f627212ff3b725"},"stDate":"2018/3/6","teamAbbr":"PHI","rank":6,"rankOrd":"6th","gameWon":35,"gameLost":28,"stk":"W1","homeWin":20,"homeLoss":10,"awayWin":15,"awayLoss":18}
{"_id":{"$oid":"5cb552e5e0f627212ff3b745"},"stDate":"2018/3/7","teamAbbr":"PHI","rank":6,"rankOrd":"6th","gameWon":35,"gameLost":28,"stk":"W1","homeWin":20,"homeLoss":10,"awayWin":15,"awayLoss":18}
{"_id":{"$oid":"5cb552e5e0f627212ff3b763"},"stDate":"2018/3/8","teamAbbr":"PHI","rank":6,"rankOrd":"6th","gameWon":35,"gameLost":29,"stk":"L1","homeWin":20,"homeLoss":10,"awayWin":15,"awayLoss":19}
{"_id":{"$oid":"5cb552e5e0f627212ff3b781"},"stDate":"2018/3/9","teamAbbr":"PHI","rank":6,"rankOrd":"6th","gameWon":35,"gameLost":29,"stk":"L1","homeWin":20,"homeLoss":10,"awayWin":15,"awayLoss":19}
{"_id":{"$oid":"5cb552e5e0f627212ff3b79f"},"stDate":"2018/3/10","teamAbbr":"PHI","rank":6,"rankOrd":"6th","gameWon":35,"gameLost":29,"stk":"L1","homeWin":20,"homeLoss":10,"awayWin":15,"awayLoss":19}
{"_id":{"$oid":"5cb552e5e0f627212ff3b7bd"},"stDate":"2018/3/11","teamAbbr":"PHI","rank":6,"rankOrd":"6th","gameWon":36,"gameLost":29,"stk":"W1","homeWin":20,"homeLoss":10,"awayWin":16,"awayLoss":19}
{"_id":{"$oid":"5cb552e5e0f627212ff3b7db"},"stDate":"2018/3/12","teamAbbr":"PHI","rank":6,"rankOrd":"6th","gameWon":36,"gameLost":29,"stk":"W1","homeWin":20,"homeLoss":10,"awayWin":16,"awayLoss":19}
{"_id":{"$oid":"5cb552e5e0f627212ff3b7f9"},"stDate":"2018/3/13","teamAbbr":"PHI","rank":6,"rankOrd":"6th","gameWon":36,"gameLost":30,"stk":"L1","homeWin":20,"homeLoss":11,"awayWin":16,"awayLoss":19}
{"_id":{"$oid":"5cb552e5e0f627212ff3b818"},"stDate":"2018/3/14","teamAbbr":"PHI","rank":6,"rankOrd":"6th","gameWon":36,"gameLost":30,"stk":"L1","homeWin":20,"homeLoss":11,"awayWin":16,"awayLoss":19}
{"_id":{"$oid":"5cb552e5e0f627212ff3b836"},"stDate":"2018/3/15","teamAbbr":"PHI","rank":6,"rankOrd":"6th","gameWon":37,"gameLost":30,"stk":"W1","homeWin":20,"homeLoss":11,"awayWin":17,"awayLoss":19}
{"_id":{"$oid":"5cb552e5e0f627212ff3b853"},"stDate":"2018/3/16","teamAbbr":"PHI","rank":6,"rankOrd":"6th","gameWon":38,"gameLost":30,"stk":"W2","homeWin":21,"homeLoss":11,"awayWin":17,"awayLoss":19}
{"_id":{"$oid":"5cb552e5e0f627212ff3b871"},"stDate":"2018/3/17","teamAbbr":"PHI","rank":6,"rankOrd":"6th","gameWon":38,"gameLost":30,"stk":"W2","homeWin":21,"homeLoss":11,"awayWin":17,"awayLoss":19}
{"_id":{"$oid":"5cb552e5e0f627212ff3b88e"},"stDate":"2018/3/18","teamAbbr":"PHI","rank":6,"rankOrd":"6th","gameWon":38,"gameLost":30,"stk":"W2","homeWin":21,"homeLoss":11,"awayWin":17,"awayLoss":19}
{"_id":{"$oid":"5cb552e5e0f627212ff3b8ad"},"stDate":"2018/3/19","teamAbbr":"PHI","rank":6,"rankOrd":"6th","gameWon":39,"gameLost":30,"stk":"W3","homeWin":22,"homeLoss":11,"awayWin":17,"awayLoss":19}
{"_id":{"$oid":"5cb552e5e0f627212ff3b8cd"},"stDate":"2018/3/20","teamAbbr":"PHI","rank":6,"rankOrd":"6th","gameWon":39,"gameLost":30,"stk":"W3","homeWin":22,"homeLoss":11,"awayWin":17,"awayLoss":19}
{"_id":{"$oid":"5cb552e5e0f627212ff3b8ea"},"stDate":"2018/3/21","teamAbbr":"PHI","rank":4,"rankOrd":"4th","gameWon":40,"gameLost":30,"stk":"W4","homeWin":23,"homeLoss":11,"awayWin":17,"awayLoss":19}
{"_id":{"$oid":"5cb552e5e0f627212ff3b906"},"stDate":"2018/3/22","teamAbbr":"PHI","rank":4,"rankOrd":"4th","gameWon":41,"gameLost":30,"stk":"W5","homeWin":23,"homeLoss":11,"awayWin":18,"awayLoss":19}
{"_id":{"$oid":"5cb552e5e0f627212ff3b91e"},"stDate":"2018/3/23","teamAbbr":"PHI","rank":4,"rankOrd":"4th","gameWon":41,"gameLost":30,"stk":"W5","homeWin":23,"homeLoss":11,"awayWin":18,"awayLoss":19}
{"_id":{"$oid":"5cb552e5e0f627212ff3b943"},"stDate":"2018/3/24","teamAbbr":"PHI","rank":4,"rankOrd":"4th","gameWon":42,"gameLost":30,"stk":"W6","homeWin":24,"homeLoss":11,"awayWin":18,"awayLoss":19}
{"_id":{"$oid":"5cb552e5e0f627212ff3b961"},"stDate":"2018/3/25","teamAbbr":"PHI","rank":4,"rankOrd":"4th","gameWon":42,"gameLost":30,"stk":"W6","homeWin":24,"homeLoss":11,"awayWin":18,"awayLoss":19}
{"_id":{"$oid":"5cb552e5e0f627212ff3b97f"},"stDate":"2018/3/26","teamAbbr":"PHI","rank":4,"rankOrd":"4th","gameWon":43,"gameLost":30,"stk":"W7","homeWin":25,"homeLoss":11,"awayWin":18,"awayLoss":19}
{"_id":{"$oid":"5cb552e5e0f627212ff3b99e"},"stDate":"2018/3/27","teamAbbr":"PHI","rank":4,"rankOrd":"4th","gameWon":43,"gameLost":30,"stk":"W7","homeWin":25,"homeLoss":11,"awayWin":18,"awayLoss":19}
{"_id":{"$oid":"5cb552e5e0f627212ff3b9bc"},"stDate":"2018/3/28","teamAbbr":"PHI","rank":4,"rankOrd":"4th","gameWon":44,"gameLost":30,"stk":"W8","homeWin":26,"homeLoss":11,"awayWin":18,"awayLoss":19}
{"_id":{"$oid":"5cb552e5e0f627212ff3b9dc"},"stDate":"2018/3/29","teamAbbr":"PHI","rank":4,"rankOrd":"4th","gameWon":44,"gameLost":30,"stk":"W8","homeWin":26,"homeLoss":11,"awayWin":18,"awayLoss":19}
{"_id":{"$oid":"5cb552e5e0f627212ff3b9f7"},"stDate":"2018/3/30","teamAbbr":"PHI","rank":4,"rankOrd":"4th","gameWon":45,"gameLost":30,"stk":"W9","homeWin":26,"homeLoss":11,"awayWin":19,"awayLoss":19}
{"_id":{"$oid":"5cb552e5e0f627212ff3ba14"},"stDate":"2018/3/31","teamAbbr":"PHI","rank":4,"rankOrd":"4th","gameWon":45,"gameLost":30,"stk":"W9","homeWin":26,"homeLoss":11,"awayWin":19,"awayLoss":19}
{"_id":{"$oid":"5cb552e5e0f627212ff3ba34"},"stDate":"2018/4/1","teamAbbr":"PHI","rank":4,"rankOrd":"4th","gameWon":46,"gameLost":30,"stk":"W10","homeWin":26,"homeLoss":11,"awayWin":20,"awayLoss":19}
{"_id":{"$oid":"5cb552e5e0f627212ff3ba51"},"stDate":"2018/4/3","teamAbbr":"PHI","rank":4,"rankOrd":"4th","gameWon":47,"gameLost":30,"stk":"W11","homeWin":27,"homeLoss":11,"awayWin":20,"awayLoss":19}
{"_id":{"$oid":"5cb552e5e0f627212ff3ba6f"},"stDate":"2018/4/4","teamAbbr":"PHI","rank":3,"rankOrd":"3rd","gameWon":48,"gameLost":30,"stk":"W12","homeWin":27,"homeLoss":11,"awayWin":21,"awayLoss":19}
{"_id":{"$oid":"5cb552e5e0f627212ff3ba8d"},"stDate":"2018/4/5","teamAbbr":"PHI","rank":4,"rankOrd":"4th","gameWon":48,"gameLost":30,"stk":"W12","homeWin":27,"homeLoss":11,"awayWin":21,"awayLoss":19}
{"_id":{"$oid":"5cb552e5e0f627212ff3baaa"},"stDate":"2018/4/6","teamAbbr":"PHI","rank":3,"rankOrd":"3rd","gameWon":49,"gameLost":30,"stk":"W13","homeWin":28,"homeLoss":11,"awayWin":21,"awayLoss":19}
{"_id":{"$oid":"5cb552e5e0f627212ff3bac9"},"stDate":"2018/4/7","teamAbbr":"PHI","rank":3,"rankOrd":"3rd","gameWon":49,"gameLost":30,"stk":"W13","homeWin":28,"homeLoss":11,"awayWin":21,"awayLoss":19}
{"_id":{"$oid":"5cb552e5e0f627212ff3bae8"},"stDate":"2018/4/8","teamAbbr":"PHI","rank":3,"rankOrd":"3rd","gameWon":50,"gameLost":30,"stk":"W14","homeWin":29,"homeLoss":11,"awayWin":21,"awayLoss":19}
{"_id":{"$oid":"5cb552e5e0f627212ff3bb05"},"stDate":"2018/4/9","teamAbbr":"PHI","rank":3,"rankOrd":"3rd","gameWon":50,"gameLost":30,"stk":"W14","homeWin":29,"homeLoss":11,"awayWin":21,"awayLoss":19}
{"_id":{"$oid":"5cb552e5e0f627212ff3bb28"},"stDate":"2018/4/10","teamAbbr":"PHI","rank":3,"rankOrd":"3rd","gameWon":51,"gameLost":30,"stk":"W15","homeWin":29,"homeLoss":11,"awayWin":22,"awayLoss":19}
{"_id":{"$oid":"5cb552e5e0f627212ff3bb42"},"stDate":"2018/4/11","teamAbbr":"PHI","rank":3,"rankOrd":"3rd","gameWon":52,"gameLost":30,"stk":"W16","homeWin":30,"homeLoss":11,"awayWin":22,"awayLoss":19}
