{"_id":{"$oid":"5cb552f6e0f627212ff3bb59"},"gmDate":"2017/10/18","offLNm3":"Wall","offFNm3":"Scott","teamAbbr":"SA","teamConf":"West","teamLoc":"Home","teamRslt":"Win","teamPTS":107,"teamAST":22,"teamTO":11,"teamSTL":8,"teamBLK":11,"teamPF":18,"teamFGA":89,"teamFGM":41,"team2PA":68,"team2PM":33,"team3PA":21,"team3PM":8,"teamFTA":19,"teamFTM":17,"teamORB":12,"teamDRB":38,"teamPTS1":32,"teamPTS2":21,"teamPTS3":34,"teamPTS4":20,"teamPTS5":0,"teamPTS6":0,"teamPTS7":0,"teamPTS8":0,"opptAbbr":"MIN","opptConf":"West","opptLoc":"Away","opptRslt":"Loss","opptPTS":99,"opptAST":23,"opptTO":13,"opptSTL":7,"opptBLK":4,"opptPF":16,"opptFGA":85,"opptFGM":37,"oppt2PA":66,"oppt2PM":29,"oppt3PA":19,"oppt3PM":8,"opptFTA":23,"opptFTM":17,"opptORB":11,"opptDRB":31,"opptPTS1":25,"opptPTS2":24,"opptPTS3":28,"opptPTS4":22,"opptPTS5":0,"opptPTS6":0,"opptPTS7":0,"opptPTS8":0}
{"_id":{"$oid":"5cb552f6e0f627212ff3bb69"},"gmDate":"2017/10/21","offLNm3":"Wood","offFNm3":"Leon","teamAbbr":"CHI","teamConf":"East","teamLoc":"Home","teamRslt":"Loss","teamPTS":77,"teamAST":18,"teamTO":20,"teamSTL":3,"teamBLK":5,"teamPF":15,"teamFGA":82,"teamFGM":31,"team2PA":54,"team2PM":23,"team3PA":28,"team3PM":8,"teamFTA":9,"teamFTM":7,"teamORB":8,"teamDRB":40,"teamPTS1":21,"teamPTS2":17,"teamPTS3":17,"teamPTS4":22,"teamPTS5":0,"teamPTS6":0,"teamPTS7":0,"teamPTS8":0,"opptAbbr":"SA","opptConf":"West","opptLoc":"Away","opptRslt":"Win","opptPTS":87,"opptAST":25,"opptTO":11,"opptSTL":8,"opptBLK":3,"opptPF":14,"opptFGA":93,"opptFGM":38,"oppt2PA":81,"oppt2PM":37,"oppt3PA":12,"oppt3PM":1,"opptFTA":16,"opptFTM":10,"opptORB":14,"opptDRB":38,"opptPTS1":19,"opptPTS2":22,"opptPTS3":24,"opptPTS4":22,"opptPTS5":0,"opptPTS6":0,"opptPTS7":0,"opptPTS8":0}
{"_id":{"$oid":"5cb552f6e0f627212ff3bb7b"},"gmDate":"2017/10/23","offLNm3":"Smith","offFNm3":"Michael","teamAbbr":"SA","teamConf":"West","teamLoc":"Home","teamRslt":"Win","teamPTS":101,"teamAST":19,"teamTO":20,"teamSTL":4,"teamBLK":12,"teamPF":22,"teamFGA":90,"teamFGM":40,"team2PA":70,"team2PM":35,"team3PA":20,"team3PM":5,"teamFTA":23,"teamFTM":16,"teamORB":18,"teamDRB":37,"teamPTS1":21,"teamPTS2":29,"teamPTS3":25,"teamPTS4":26,"teamPTS5":0,"teamPTS6":0,"teamPTS7":0,"teamPTS8":0,"opptAbbr":"TOR","opptConf":"East","opptLoc":"Away","opptRslt":"Loss","opptPTS":97,"opptAST":17,"opptTO":15,"opptSTL":11,"opptBLK":4,"opptPF":30,"opptFGA":80,"opptFGM":34,"oppt2PA":43,"oppt2PM":24,"oppt3PA":37,"oppt3PM":10,"opptFTA":24,"opptFTM":19,"opptORB":5,"opptDRB":29,"opptPTS1":23,"opptPTS2":27,"opptPTS3":24,"opptPTS4":23,"opptPTS5":0,"opptPTS6":0,"opptPTS7":0,"opptPTS8":0}
{"_id":{"$oid":"5cb552f6e0f627212ff3bb88"},"gmDate":"2017/10/25","offLNm3":"McCutchen","offFNm3":"Monty","teamAbbr":"MIA","teamConf":"East","teamLoc":"Home","teamRslt":"Loss","teamPTS":100,"teamAST":19,"teamTO":9,"teamSTL":6,"teamBLK":2,"teamPF":25,"teamFGA":80,"teamFGM":37,"team2PA":54,"team2PM":28,"team3PA":26,"team3PM":9,"teamFTA":18,"teamFTM":17,"teamORB":4,"teamDRB":28,"teamPTS1":30,"teamPTS2":21,"teamPTS3":22,"teamPTS4":27,"teamPTS5":0,"teamPTS6":0,"teamPTS7":0,"teamPTS8":0,"opptAbbr":"SA","opptConf":"West","opptLoc":"Away","opptRslt":"Win","opptPTS":117,"opptAST":18,"opptTO":15,"opptSTL":6,"opptBLK":3,"opptPF":20,"opptFGA":76,"opptFGM":42,"oppt2PA":59,"oppt2PM":32,"oppt3PA":17,"oppt3PM":10,"opptFTA":30,"opptFTM":23,"opptORB":8,"opptDRB":36,"opptPTS1":30,"opptPTS2":26,"opptPTS3":32,"opptPTS4":29,"opptPTS5":0,"opptPTS6":0,"opptPTS7":0,"opptPTS8":0}
{"_id":{"$oid":"5cb552f6e0f627212ff3bb94"},"gmDate":"2017/10/27","offLNm3":"Foster","offFNm3":"Scott","teamAbbr":"ORL","teamConf":"East","teamLoc":"Home","teamRslt":"Win","teamPTS":114,"teamAST":22,"teamTO":19,"teamSTL":9,"teamBLK":7,"teamPF":24,"teamFGA":84,"teamFGM":48,"team2PA":61,"team2PM":37,"team3PA":23,"team3PM":11,"teamFTA":14,"teamFTM":7,"teamORB":6,"teamDRB":39,"teamPTS1":32,"teamPTS2":29,"teamPTS3":34,"teamPTS4":19,"teamPTS5":0,"teamPTS6":0,"teamPTS7":0,"teamPTS8":0,"opptAbbr":"SA","opptConf":"West","opptLoc":"Away","opptRslt":"Loss","opptPTS":87,"opptAST":19,"opptTO":18,"opptSTL":8,"opptBLK":8,"opptPF":15,"opptFGA":89,"opptFGM":30,"oppt2PA":65,"oppt2PM":26,"oppt3PA":24,"oppt3PM":4,"opptFTA":27,"opptFTM":23,"opptORB":17,"opptDRB":32,"opptPTS1":18,"opptPTS2":16,"opptPTS3":30,"opptPTS4":23,"opptPTS5":0,"opptPTS6":0,"opptPTS7":0,"opptPTS8":0}
{"_id":{"$oid":"5cb552f6e0f627212ff3bba3"},"gmDate":"2017/10/29","offLNm3":"Zarba","offFNm3":"Zach","teamAbbr":"IND","teamConf":"East","teamLoc":"Home","teamRslt":"Win","teamPTS":97,"teamAST":21,"teamTO":19,"teamSTL":9,"teamBLK":3,"teamPF":20,"teamFGA":77,"teamFGM":36,"team2PA":55,"team2PM":26,"team3PA":22,"team3PM":10,"teamFTA":20,"teamFTM":15,"teamORB":6,"teamDRB":38,"teamPTS1":26,"teamPTS2":27,"teamPTS3":15,"teamPTS4":29,"teamPTS5":0,"teamPTS6":0,"teamPTS7":0,"teamPTS8":0,"opptAbbr":"SA","opptConf":"West","opptLoc":"Away","opptRslt":"Loss","opptPTS":94,"opptAST":19,"opptTO":17,"opptSTL":12,"opptBLK":8,"opptPF":11,"opptFGA":90,"opptFGM":36,"oppt2PA":62,"oppt2PM":27,"oppt3PA":28,"oppt3PM":9,"opptFTA":18,"opptFTM":13,"opptORB":12,"opptDRB":32,"opptPTS1":24,"opptPTS2":24,"opptPTS3":16,"opptPTS4":30,"opptPTS5":0,"opptPTS6":0,"opptPTS7":0,"opptPTS8":0}
{"_id":{"$oid":"5cb552f6e0f627212ff3bbaa"},"gmDate":"2017/10/30","offLNm3":"Mauer","offFNm3":"Ken","teamAbbr":"BOS","teamConf":"East","teamLoc":"Home","teamRslt":"Win","teamPTS":108,"teamAST":24,"teamTO":15,"teamSTL":10,"teamBLK":6,"teamPF":22,"teamFGA":88,"teamFGM":42,"team2PA":57,"team2PM":31,"team3PA":31,"team3PM":11,"teamFTA":16,"teamFTM":13,"teamORB":15,"teamDRB":39,"teamPTS1":30,"teamPTS2":24,"teamPTS3":26,"teamPTS4":28,"teamPTS5":0,"teamPTS6":0,"teamPTS7":0,"teamPTS8":0,"opptAbbr":"SA","opptConf":"West","opptLoc":"Away","opptRslt":"Loss","opptPTS":94,"opptAST":24,"opptTO":11,"opptSTL":8,"opptBLK":4,"opptPF":14,"opptFGA":87,"opptFGM":36,"oppt2PA":61,"oppt2PM":24,"oppt3PA":26,"oppt3PM":12,"opptFTA":20,"opptFTM":10,"opptORB":12,"opptDRB":28,"opptPTS1":26,"opptPTS2":23,"opptPTS3":18,"opptPTS4":27,"opptPTS5":0,"opptPTS6":0,"opptPTS7":0,"opptPTS8":0}
{"_id":{"$oid":"5cb552f6e0f627212ff3bbc2"},"gmDate":"2017/11/2","offLNm3":"Davis","offFNm3":"Marc","teamAbbr":"SA","teamConf":"West","teamLoc":"Home","teamRslt":"Loss","teamPTS":92,"teamAST":19,"teamTO":19,"teamSTL":6,"teamBLK":7,"teamPF":10,"teamFGA":87,"teamFGM":34,"team2PA":63,"team2PM":27,"team3PA":24,"team3PM":7,"teamFTA":23,"teamFTM":17,"teamORB":14,"teamDRB":32,"teamPTS1":33,"teamPTS2":22,"teamPTS3":23,"teamPTS4":14,"teamPTS5":0,"teamPTS6":0,"teamPTS7":0,"teamPTS8":0,"opptAbbr":"GS","opptConf":"West","opptLoc":"Away","opptRslt":"Win","opptPTS":112,"opptAST":30,"opptTO":14,"opptSTL":11,"opptBLK":11,"opptPF":20,"opptFGA":83,"opptFGM":43,"oppt2PA":55,"oppt2PM":29,"oppt3PA":28,"oppt3PM":14,"opptFTA":16,"opptFTM":12,"opptORB":4,"opptDRB":36,"opptPTS1":24,"opptPTS2":26,"opptPTS3":34,"opptPTS4":28,"opptPTS5":0,"opptPTS6":0,"opptPTS7":0,"opptPTS8":0}
{"_id":{"$oid":"5cb552f6e0f627212ff3bbcb"},"gmDate":"2017/11/3","offLNm3":"Lewis","offFNm3":"Eric","teamAbbr":"SA","teamConf":"West","teamLoc":"Home","teamRslt":"Win","teamPTS":108,"teamAST":31,"teamTO":16,"teamSTL":7,"teamBLK":6,"teamPF":26,"teamFGA":83,"teamFGM":39,"team2PA":56,"team2PM":30,"team3PA":27,"team3PM":9,"teamFTA":26,"teamFTM":21,"teamORB":7,"teamDRB":38,"teamPTS1":25,"teamPTS2":24,"teamPTS3":31,"teamPTS4":28,"teamPTS5":0,"teamPTS6":0,"teamPTS7":0,"teamPTS8":0,"opptAbbr":"CHA","opptConf":"East","opptLoc":"Away","opptRslt":"Loss","opptPTS":101,"opptAST":16,"opptTO":12,"opptSTL":11,"opptBLK":1,"opptPF":20,"opptFGA":80,"opptFGM":33,"oppt2PA":56,"oppt2PM":25,"oppt3PA":24,"oppt3PM":8,"opptFTA":42,"opptFTM":27,"opptORB":11,"opptDRB":35,"opptPTS1":19,"opptPTS2":26,"opptPTS3":26,"opptPTS4":30,"opptPTS5":0,"opptPTS6":0,"opptPTS7":0,"opptPTS8":0}
{"_id":{"$oid":"5cb552f6e0f627212ff3bbda"},"gmDate":"2017/11/5","offLNm3":"Callahan","offFNm3":"Mike","teamAbbr":"SA","teamConf":"West","teamLoc":"Home","teamRslt":"Win","teamPTS":112,"teamAST":21,"teamTO":10,"teamSTL":9,"teamBLK":4,"teamPF":19,"teamFGA":88,"teamFGM":44,"team2PA":66,"team2PM":33,"team3PA":22,"team3PM":11,"teamFTA":18,"teamFTM":13,"teamORB":8,"teamDRB":35,"teamPTS1":28,"teamPTS2":23,"teamPTS3":34,"teamPTS4":27,"teamPTS5":0,"teamPTS6":0,"teamPTS7":0,"teamPTS8":0,"opptAbbr":"PHO","opptConf":"West","opptLoc":"Away","opptRslt":"Loss","opptPTS":95,"opptAST":23,"opptTO":18,"opptSTL":5,"opptBLK":4,"opptPF":16,"opptFGA":81,"opptFGM":37,"oppt2PA":58,"oppt2PM":29,"oppt3PA":23,"oppt3PM":8,"opptFTA":22,"opptFTM":13,"opptORB":11,"opptDRB":34,"opptPTS1":20,"opptPTS2":35,"opptPTS3":13,"opptPTS4":27,"opptPTS5":0,"opptPTS6":0,"opptPTS7":0,"opptPTS8":0}
{"_id":{"$oid":"5cb552f6e0f627212ff3bbe7"},"gmDate":"2017/11/7","offLNm3":"Ervin","offFNm3":"Mitchell","teamAbbr":"SA","teamConf":"West","teamLoc":"Home","teamRslt":"Win","teamPTS":120,"teamAST":33,"teamTO":13,"teamSTL":13,"teamBLK":3,"teamPF":21,"teamFGA":84,"teamFGM":45,"team2PA":56,"team2PM":30,"team3PA":28,"team3PM":15,"teamFTA":19,"teamFTM":15,"teamORB":11,"teamDRB":28,"teamPTS1":32,"teamPTS2":20,"teamPTS3":40,"teamPTS4":28,"teamPTS5":0,"teamPTS6":0,"teamPTS7":0,"teamPTS8":0,"opptAbbr":"LAC","opptConf":"West","opptLoc":"Away","opptRslt":"Loss","opptPTS":107,"opptAST":20,"opptTO":18,"opptSTL":6,"opptBLK":4,"opptPF":19,"opptFGA":82,"opptFGM":42,"oppt2PA":52,"oppt2PM":31,"oppt3PA":30,"oppt3PM":11,"opptFTA":17,"opptFTM":12,"opptORB":10,"opptDRB":29,"opptPTS1":26,"opptPTS2":29,"opptPTS3":21,"opptPTS4":31,"opptPTS5":0,"opptPTS6":0,"opptPTS7":0,"opptPTS8":0}
{"_id":{"$oid":"5cb552f6e0f627212ff3bbfb"},"gmDate":"2017/11/10","offLNm3":"Brothers","offFNm3":"Tony","teamAbbr":"SA","teamConf":"West","teamLoc":"Home","teamRslt":"Loss","teamPTS":87,"teamAST":23,"teamTO":18,"teamSTL":8,"teamBLK":6,"teamPF":15,"teamFGA":80,"teamFGM":34,"team2PA":51,"team2PM":25,"team3PA":29,"team3PM":9,"teamFTA":11,"teamFTM":10,"teamORB":9,"teamDRB":34,"teamPTS1":27,"teamPTS2":20,"teamPTS3":23,"teamPTS4":17,"teamPTS5":0,"teamPTS6":0,"teamPTS7":0,"teamPTS8":0,"opptAbbr":"MIL","opptConf":"East","opptLoc":"Away","opptRslt":"Win","opptPTS":94,"opptAST":27,"opptTO":14,"opptSTL":10,"opptBLK":7,"opptPF":13,"opptFGA":89,"opptFGM":41,"oppt2PA":71,"oppt2PM":36,"oppt3PA":18,"oppt3PM":5,"opptFTA":14,"opptFTM":7,"opptORB":11,"opptDRB":36,"opptPTS1":25,"opptPTS2":21,"opptPTS3":30,"opptPTS4":18,"opptPTS5":0,"opptPTS6":0,"opptPTS7":0,"opptPTS8":0}
{"_id":{"$oid":"5cb552f6e0f627212ff3bc05"},"gmDate":"2017/11/11","offLNm3":"Foster","offFNm3":"Scott","teamAbbr":"SA","teamConf":"West","teamLoc":"Home","teamRslt":"Win","teamPTS":133,"teamAST":33,"teamTO":14,"teamSTL":5,"teamBLK":6,"teamPF":16,"teamFGA":85,"teamFGM":51,"team2PA":58,"team2PM":33,"team3PA":27,"team3PM":18,"teamFTA":16,"teamFTM":13,"teamORB":8,"teamDRB":36,"teamPTS1":37,"teamPTS2":26,"teamPTS3":34,"teamPTS4":36,"teamPTS5":0,"teamPTS6":0,"teamPTS7":0,"teamPTS8":0,"opptAbbr":"CHI","opptConf":"East","opptLoc":"Away","opptRslt":"Loss","opptPTS":94,"opptAST":22,"opptTO":13,"opptSTL":9,"opptBLK":4,"opptPF":15,"opptFGA":86,"opptFGM":40,"oppt2PA":63,"oppt2PM":34,"oppt3PA":23,"oppt3PM":6,"opptFTA":13,"opptFTM":8,"opptORB":5,"opptDRB":23,"opptPTS1":15,"opptPTS2":32,"opptPTS3":23,"opptPTS4":24,"opptPTS5":0,"opptPTS6":0,"opptPTS7":0,"opptPTS8":0}
{"_id":{"$oid":"5cb552f6e0f627212ff3bc18"},"gmDate":"2017/11/14","offLNm3":"Callahan","offFNm3":"Mike","teamAbbr":"DAL","teamConf":"West","teamLoc":"Home","teamRslt":"Loss","teamPTS":91,"teamAST":18,"teamTO":15,"teamSTL":7,"teamBLK":4,"teamPF":23,"teamFGA":81,"teamFGM":33,"team2PA":47,"team2PM":23,"team3PA":34,"team3PM":10,"teamFTA":18,"teamFTM":15,"teamORB":5,"teamDRB":35,"teamPTS1":16,"teamPTS2":23,"teamPTS3":21,"teamPTS4":31,"teamPTS5":0,"teamPTS6":0,"teamPTS7":0,"teamPTS8":0,"opptAbbr":"SA","opptConf":"West","opptLoc":"Away","opptRslt":"Win","opptPTS":97,"opptAST":18,"opptTO":12,"opptSTL":9,"opptBLK":7,"opptPF":16,"opptFGA":79,"opptFGM":35,"oppt2PA":53,"oppt2PM":29,"oppt3PA":26,"oppt3PM":6,"opptFTA":27,"opptFTM":21,"opptORB":8,"opptDRB":39,"opptPTS1":17,"opptPTS2":27,"opptPTS3":18,"opptPTS4":35,"opptPTS5":0,"opptPTS6":0,"opptPTS7":0,"opptPTS8":0}
{"_id":{"$oid":"5cb552f6e0f627212ff3bc1f"},"gmDate":"2017/11/15","offLNm3":"Brown","offFNm3":"Tony","teamAbbr":"MIN","teamConf":"West","teamLoc":"Home","teamRslt":"Win","teamPTS":98,"teamAST":27,"teamTO":7,"teamSTL":9,"teamBLK":4,"teamPF":16,"teamFGA":87,"teamFGM":39,"team2PA":69,"team2PM":30,"team3PA":18,"team3PM":9,"teamFTA":16,"teamFTM":11,"teamORB":11,"teamDRB":30,"teamPTS1":18,"teamPTS2":39,"teamPTS3":18,"teamPTS4":23,"teamPTS5":0,"teamPTS6":0,"teamPTS7":0,"teamPTS8":0,"opptAbbr":"SA","opptConf":"West","opptLoc":"Away","opptRslt":"Loss","opptPTS":86,"opptAST":20,"opptTO":16,"opptSTL":4,"opptBLK":4,"opptPF":18,"opptFGA":79,"opptFGM":33,"oppt2PA":55,"oppt2PM":26,"oppt3PA":24,"oppt3PM":7,"opptFTA":15,"opptFTM":13,"opptORB":13,"opptDRB":32,"opptPTS1":24,"opptPTS2":19,"opptPTS3":22,"opptPTS4":21,"opptPTS5":0,"opptPTS6":0,"opptPTS7":0,"opptPTS8":0}
{"_id":{"$oid":"5cb552f6e0f627212ff3bc2c"},"gmDate":"2017/11/17","offLNm3":"Kennedy","offFNm3":"Bill","teamAbbr":"SA","teamConf":"West","teamLoc":"Home","teamRslt":"Win","teamPTS":104,"teamAST":23,"teamTO":13,"teamSTL":6,"teamBLK":7,"teamPF":18,"teamFGA":77,"teamFGM":34,"team2PA":42,"team2PM":20,"team3PA":35,"team3PM":14,"teamFTA":28,"teamFTM":22,"teamORB":12,"teamDRB":32,"teamPTS1":15,"teamPTS2":33,"teamPTS3":30,"teamPTS4":26,"teamPTS5":0,"teamPTS6":0,"teamPTS7":0,"teamPTS8":0,"opptAbbr":"OKC","opptConf":"West","opptLoc":"Away","opptRslt":"Loss","opptPTS":101,"opptAST":24,"opptTO":9,"opptSTL":7,"opptBLK":3,"opptPF":22,"opptFGA":89,"opptFGM":39,"oppt2PA":66,"oppt2PM":30,"oppt3PA":23,"oppt3PM":9,"opptFTA":21,"opptFTM":14,"opptORB":13,"opptDRB":28,"opptPTS1":32,"opptPTS2":23,"opptPTS3":23,"opptPTS4":23,"opptPTS5":0,"opptPTS6":0,"opptPTS7":0,"opptPTS8":0}
{"_id":{"$oid":"5cb552f6e0f627212ff3bc47"},"gmDate":"2017/11/20","offLNm3":"Boland","offFNm3":"Matt","teamAbbr":"SA","teamConf":"West","teamLoc":"Home","teamRslt":"Win","teamPTS":96,"teamAST":29,"teamTO":18,"teamSTL":7,"teamBLK":5,"teamPF":17,"teamFGA":89,"teamFGM":40,"team2PA":58,"team2PM":30,"team3PA":31,"team3PM":10,"teamFTA":6,"teamFTM":6,"teamORB":14,"teamDRB":38,"teamPTS1":24,"teamPTS2":22,"teamPTS3":24,"teamPTS4":26,"teamPTS5":0,"teamPTS6":0,"teamPTS7":0,"teamPTS8":0,"opptAbbr":"ATL","opptConf":"East","opptLoc":"Away","opptRslt":"Loss","opptPTS":85,"opptAST":21,"opptTO":15,"opptSTL":7,"opptBLK":7,"opptPF":15,"opptFGA":85,"opptFGM":37,"oppt2PA":55,"oppt2PM":29,"oppt3PA":30,"oppt3PM":8,"opptFTA":8,"opptFTM":3,"opptORB":9,"opptDRB":29,"opptPTS1":22,"opptPTS2":16,"opptPTS3":27,"opptPTS4":20,"opptPTS5":0,"opptPTS6":0,"opptPTS7":0,"opptPTS8":0}
{"_id":{"$oid":"5cb552f6e0f627212ff3bc53"},"gmDate":"2017/11/22","offLNm3":"Ford","offFNm3":"Tyler","teamAbbr":"NO","teamConf":"West","teamLoc":"Home","teamRslt":"Win","teamPTS":107,"teamAST":23,"teamTO":16,"teamSTL":7,"teamBLK":2,"teamPF":18,"teamFGA":81,"teamFGM":39,"team2PA":57,"team2PM":32,"team3PA":24,"team3PM":7,"teamFTA":24,"teamFTM":22,"teamORB":7,"teamDRB":38,"teamPTS1":19,"teamPTS2":31,"teamPTS3":37,"teamPTS4":20,"teamPTS5":0,"teamPTS6":0,"teamPTS7":0,"teamPTS8":0,"opptAbbr":"SA","opptConf":"West","opptLoc":"Away","opptRslt":"Loss","opptPTS":90,"opptAST":22,"opptTO":16,"opptSTL":10,"opptBLK":5,"opptPF":23,"opptFGA":88,"opptFGM":35,"oppt2PA":64,"oppt2PM":29,"oppt3PA":24,"oppt3PM":6,"opptFTA":15,"opptFTM":14,"opptORB":8,"opptDRB":31,"opptPTS1":29,"opptPTS2":13,"opptPTS3":17,"opptPTS4":31,"opptPTS5":0,"opptPTS6":0,"opptPTS7":0,"opptPTS8":0}
{"_id":{"$oid":"5cb552f6e0f627212ff3bc62"},"gmDate":"2017/11/25","offLNm3":"Corbin","offFNm3":"Sean","teamAbbr":"CHA","teamConf":"East","teamLoc":"Home","teamRslt":"Loss","teamPTS":86,"teamAST":20,"teamTO":14,"teamSTL":7,"teamBLK":3,"teamPF":19,"teamFGA":84,"teamFGM":31,"team2PA":59,"team2PM":27,"team3PA":25,"team3PM":4,"teamFTA":26,"teamFTM":20,"teamORB":14,"teamDRB":28,"teamPTS1":15,"teamPTS2":14,"teamPTS3":29,"teamPTS4":28,"teamPTS5":0,"teamPTS6":0,"teamPTS7":0,"teamPTS8":0,"opptAbbr":"SA","opptConf":"West","opptLoc":"Away","opptRslt":"Win","opptPTS":106,"opptAST":22,"opptTO":11,"opptSTL":8,"opptBLK":7,"opptPF":19,"opptFGA":80,"opptFGM":39,"oppt2PA":55,"oppt2PM":33,"oppt3PA":25,"oppt3PM":6,"opptFTA":25,"opptFTM":22,"opptORB":7,"opptDRB":37,"opptPTS1":14,"opptPTS2":26,"opptPTS3":32,"opptPTS4":34,"opptPTS5":0,"opptPTS6":0,"opptPTS7":0,"opptPTS8":0}
{"_id":{"$oid":"5cb552f6e0f627212ff3bc74"},"gmDate":"2017/11/27","offLNm3":"Mauer","offFNm3":"Ken","teamAbbr":"SA","teamConf":"West","teamLoc":"Home","teamRslt":"Win","teamPTS":115,"teamAST":27,"teamTO":10,"teamSTL":7,"teamBLK":5,"teamPF":16,"teamFGA":82,"teamFGM":43,"team2PA":58,"team2PM":33,"team3PA":24,"team3PM":10,"teamFTA":21,"teamFTM":19,"teamORB":4,"teamDRB":39,"teamPTS1":21,"teamPTS2":25,"teamPTS3":31,"teamPTS4":38,"teamPTS5":0,"teamPTS6":0,"teamPTS7":0,"teamPTS8":0,"opptAbbr":"DAL","opptConf":"West","opptLoc":"Away","opptRslt":"Loss","opptPTS":108,"opptAST":25,"opptTO":11,"opptSTL":7,"opptBLK":0,"opptPF":19,"opptFGA":85,"opptFGM":41,"oppt2PA":53,"oppt2PM":27,"oppt3PA":32,"oppt3PM":14,"opptFTA":17,"opptFTM":12,"opptORB":4,"opptDRB":36,"opptPTS1":23,"opptPTS2":30,"opptPTS3":22,"opptPTS4":33,"opptPTS5":0,"opptPTS6":0,"opptPTS7":0,"opptPTS8":0}
{"_id":{"$oid":"5cb552f6e0f627212ff3bc84"},"gmDate":"2017/11/29","offLNm3":"Capers","offFNm3":"James","teamAbbr":"SA","teamConf":"West","teamLoc":"Home","teamRslt":"Win","teamPTS":104,"teamAST":22,"teamTO":12,"teamSTL":9,"teamBLK":5,"teamPF":17,"teamFGA":75,"teamFGM":38,"team2PA":55,"team2PM":30,"team3PA":20,"team3PM":8,"teamFTA":24,"teamFTM":20,"teamORB":5,"teamDRB":27,"teamPTS1":28,"teamPTS2":30,"teamPTS3":21,"teamPTS4":25,"teamPTS5":0,"teamPTS6":0,"teamPTS7":0,"teamPTS8":0,"opptAbbr":"MEM","opptConf":"West","opptLoc":"Away","opptRslt":"Loss","opptPTS":95,"opptAST":21,"opptTO":17,"opptSTL":4,"opptBLK":1,"opptPF":19,"opptFGA":77,"opptFGM":35,"oppt2PA":55,"oppt2PM":24,"oppt3PA":22,"oppt3PM":11,"opptFTA":16,"opptFTM":14,"opptORB":11,"opptDRB":26,"opptPTS1":21,"opptPTS2":28,"opptPTS3":24,"opptPTS4":22,"opptPTS5":0,"opptPTS6":0,"opptPTS7":0,"opptPTS8":0}
{"_id":{"$oid":"5cb552f6e0f627212ff3bc8f"},"gmDate":"2017/12/1","offLNm3":"Wall","offFNm3":"Scott","teamAbbr":"MEM","teamConf":"West","teamLoc":"Home","teamRslt":"Loss","teamPTS":79,"teamAST":19,"teamTO":16,"teamSTL":8,"teamBLK":7,"teamPF":26,"teamFGA":74,"teamFGM":30,"team2PA":59,"team2PM":25,"team3PA":15,"team3PM":5,"teamFTA":18,"teamFTM":14,"teamORB":8,"teamDRB":30,"teamPTS1":18,"teamPTS2":20,"teamPTS3":21,"teamPTS4":20,"teamPTS5":0,"teamPTS6":0,"teamPTS7":0,"teamPTS8":0,"opptAbbr":"SA","opptConf":"West","opptLoc":"Away","opptRslt":"Win","opptPTS":95,"opptAST":20,"opptTO":15,"opptSTL":8,"opptBLK":5,"opptPF":18,"opptFGA":70,"opptFGM":31,"oppt2PA":43,"oppt2PM":20,"oppt3PA":27,"oppt3PM":11,"opptFTA":32,"opptFTM":22,"opptORB":7,"opptDRB":36,"opptPTS1":24,"opptPTS2":23,"opptPTS3":21,"opptPTS4":27,"opptPTS5":0,"opptPTS6":0,"opptPTS7":0,"opptPTS8":0}
{"_id":{"$oid":"5cb552f6e0f627212ff3bc9e"},"gmDate":"2017/12/3","offLNm3":"Adams","offFNm3":"Bennie","teamAbbr":"OKC","teamConf":"West","teamLoc":"Home","teamRslt":"Win","teamPTS":90,"teamAST":21,"teamTO":20,"teamSTL":8,"teamBLK":2,"teamPF":19,"teamFGA":87,"teamFGM":37,"team2PA":65,"team2PM":31,"team3PA":22,"team3PM":6,"teamFTA":21,"teamFTM":10,"teamORB":15,"teamDRB":32,"teamPTS1":25,"teamPTS2":29,"teamPTS3":22,"teamPTS4":14,"teamPTS5":0,"teamPTS6":0,"teamPTS7":0,"teamPTS8":0,"opptAbbr":"SA","opptConf":"West","opptLoc":"Away","opptRslt":"Loss","opptPTS":87,"opptAST":14,"opptTO":17,"opptSTL":11,"opptBLK":10,"opptPF":24,"opptFGA":76,"opptFGM":31,"oppt2PA":48,"oppt2PM":23,"oppt3PA":28,"oppt3PM":8,"opptFTA":23,"opptFTM":17,"opptORB":8,"opptDRB":31,"opptPTS1":18,"opptPTS2":25,"opptPTS3":30,"opptPTS4":14,"opptPTS5":0,"opptPTS6":0,"opptPTS7":0,"opptPTS8":0}
{"_id":{"$oid":"5cb552f6e0f627212ff3bca9"},"gmDate":"2017/12/4","offLNm3":"Maddox","offFNm3":"Tre","teamAbbr":"SA","teamConf":"West","teamLoc":"Home","teamRslt":"Win","teamPTS":96,"teamAST":30,"teamTO":17,"teamSTL":2,"teamBLK":7,"teamPF":20,"teamFGA":82,"teamFGM":35,"team2PA":51,"team2PM":21,"team3PA":31,"team3PM":14,"teamFTA":12,"teamFTM":12,"teamORB":10,"teamDRB":41,"teamPTS1":28,"teamPTS2":22,"teamPTS3":19,"teamPTS4":27,"teamPTS5":0,"teamPTS6":0,"teamPTS7":0,"teamPTS8":0,"opptAbbr":"DET","opptConf":"East","opptLoc":"Away","opptRslt":"Loss","opptPTS":93,"opptAST":15,"opptTO":10,"opptSTL":8,"opptBLK":2,"opptPF":22,"opptFGA":85,"opptFGM":35,"oppt2PA":58,"oppt2PM":27,"oppt3PA":27,"oppt3PM":8,"opptFTA":24,"opptFTM":15,"opptORB":7,"opptDRB":35,"opptPTS1":29,"opptPTS2":24,"opptPTS3":20,"opptPTS4":20,"opptPTS5":0,"opptPTS6":0,"opptPTS7":0,"opptPTS8":0}
{"_id":{"$oid":"5cb552f6e0f627212ff3bcb6"},"gmDate":"2017/12/6","offLNm3":"Mott","offFNm3":"Rodney","teamAbbr":"SA","teamConf":"West","teamLoc":"Home","teamRslt":"Win","teamPTS":117,"teamAST":30,"teamTO":11,"teamSTL":6,"teamBLK":7,"teamPF":13,"teamFGA":87,"teamFGM":46,"team2PA":62,"team2PM":33,"team3PA":25,"team3PM":13,"teamFTA":14,"teamFTM":12,"teamORB":10,"teamDRB":24,"teamPTS1":27,"teamPTS2":30,"teamPTS3":29,"teamPTS4":31,"teamPTS5":0,"teamPTS6":0,"teamPTS7":0,"teamPTS8":0,"opptAbbr":"MIA","opptConf":"East","opptLoc":"Away","opptRslt":"Loss","opptPTS":105,"opptAST":28,"opptTO":19,"opptSTL":7,"opptBLK":4,"opptPF":16,"opptFGA":72,"opptFGM":39,"oppt2PA":38,"oppt2PM":21,"oppt3PA":34,"oppt3PM":18,"opptFTA":12,"opptFTM":9,"opptORB":6,"opptDRB":23,"opptPTS1":35,"opptPTS2":23,"opptPTS3":24,"opptPTS4":23,"opptPTS5":0,"opptPTS6":0,"opptPTS7":0,"opptPTS8":0}
{"_id":{"$oid":"5cb552f6e0f627212ff3bcc3"},"gmDate":"2017/12/8","offLNm3":"Lewis","offFNm3":"Eric","teamAbbr":"SA","teamConf":"West","teamLoc":"Home","teamRslt":"Win","teamPTS":105,"teamAST":16,"teamTO":13,"teamSTL":6,"teamBLK":3,"teamPF":14,"teamFGA":81,"teamFGM":38,"team2PA":54,"team2PM":30,"team3PA":27,"team3PM":8,"teamFTA":24,"teamFTM":21,"teamORB":14,"teamDRB":32,"teamPTS1":26,"teamPTS2":30,"teamPTS3":21,"teamPTS4":28,"teamPTS5":0,"teamPTS6":0,"teamPTS7":0,"teamPTS8":0,"opptAbbr":"BOS","opptConf":"East","opptLoc":"Away","opptRslt":"Loss","opptPTS":102,"opptAST":14,"opptTO":14,"opptSTL":10,"opptBLK":0,"opptPF":22,"opptFGA":83,"opptFGM":38,"oppt2PA":45,"oppt2PM":27,"oppt3PA":38,"oppt3PM":11,"opptFTA":17,"opptFTM":15,"opptORB":11,"opptDRB":28,"opptPTS1":31,"opptPTS2":24,"opptPTS3":27,"opptPTS4":20,"opptPTS5":0,"opptPTS6":0,"opptPTS7":0,"opptPTS8":0}
{"_id":{"$oid":"5cb552f6e0f627212ff3bccc"},"gmDate":"2017/12/9","offLNm3":"Mauer","offFNm3":"Ken","teamAbbr":"PHO","teamConf":"West","teamLoc":"Home","teamRslt":"Loss","teamPTS":101,"teamAST":11,"teamTO":11,"teamSTL":4,"teamBLK":1,"teamPF":21,"teamFGA":80,"teamFGM":35,"team2PA":55,"team2PM":28,"team3PA":25,"team3PM":7,"teamFTA":30,"teamFTM":24,"teamORB":10,"teamDRB":30,"teamPTS1":17,"teamPTS2":22,"teamPTS3":32,"teamPTS4":30,"teamPTS5":0,"teamPTS6":0,"teamPTS7":0,"teamPTS8":0,"opptAbbr":"SA","opptConf":"West","opptLoc":"Away","opptRslt":"Win","opptPTS":104,"opptAST":18,"opptTO":15,"opptSTL":5,"opptBLK":6,"opptPF":23,"opptFGA":87,"opptFGM":40,"oppt2PA":68,"oppt2PM":34,"oppt3PA":19,"oppt3PM":6,"opptFTA":25,"opptFTM":18,"opptORB":18,"opptDRB":34,"opptPTS1":28,"opptPTS2":24,"opptPTS3":27,"opptPTS4":25,"opptPTS5":0,"opptPTS6":0,"opptPTS7":0,"opptPTS8":0}
{"_id":{"$oid":"5cb552f6e0f627212ff3bcdf"},"gmDate":"2017/12/12","offLNm3":"Malloy","offFNm3":"Ed","teamAbbr":"DAL","teamConf":"West","teamLoc":"Home","teamRslt":"Win","teamPTS":95,"teamAST":17,"teamTO":8,"teamSTL":8,"teamBLK":2,"teamPF":19,"teamFGA":89,"teamFGM":38,"team2PA":65,"team2PM":29,"team3PA":24,"team3PM":9,"teamFTA":12,"teamFTM":10,"teamORB":8,"teamDRB":41,"teamPTS1":30,"teamPTS2":16,"teamPTS3":21,"teamPTS4":28,"teamPTS5":0,"teamPTS6":0,"teamPTS7":0,"teamPTS8":0,"opptAbbr":"SA","opptConf":"West","opptLoc":"Away","opptRslt":"Loss","opptPTS":89,"opptAST":20,"opptTO":10,"opptSTL":4,"opptBLK":5,"opptPF":11,"opptFGA":87,"opptFGM":35,"oppt2PA":59,"oppt2PM":28,"oppt3PA":28,"oppt3PM":7,"opptFTA":19,"opptFTM":12,"opptORB":10,"opptDRB":39,"opptPTS1":23,"opptPTS2":21,"opptPTS3":25,"opptPTS4":20,"opptPTS5":0,"opptPTS6":0,"opptPTS7":0,"opptPTS8":0}
{"_id":{"$oid":"5cb552f6e0f627212ff3bcf9"},"gmDate":"2017/12/15","offLNm3":"Capers","offFNm3":"James","teamAbbr":"HOU","teamConf":"West","teamLoc":"Home","teamRslt":"Win","teamPTS":124,"teamAST":20,"teamTO":14,"teamSTL":15,"teamBLK":3,"teamPF":16,"teamFGA":91,"teamFGM":43,"team2PA":41,"team2PM":25,"team3PA":50,"team3PM":18,"teamFTA":25,"teamFTM":20,"teamORB":12,"teamDRB":33,"teamPTS1":31,"teamPTS2":29,"teamPTS3":32,"teamPTS4":32,"teamPTS5":0,"teamPTS6":0,"teamPTS7":0,"teamPTS8":0,"opptAbbr":"SA","opptConf":"West","opptLoc":"Away","opptRslt":"Loss","opptPTS":109,"opptAST":22,"opptTO":17,"opptSTL":10,"opptBLK":5,"opptPF":17,"opptFGA":94,"opptFGM":46,"oppt2PA":68,"oppt2PM":36,"oppt3PA":26,"oppt3PM":10,"opptFTA":13,"opptFTM":7,"opptORB":12,"opptDRB":27,"opptPTS1":16,"opptPTS2":27,"opptPTS3":29,"opptPTS4":37,"opptPTS5":0,"opptPTS6":0,"opptPTS7":0,"opptPTS8":0}
{"_id":{"$oid":"5cb552f6e0f627212ff3bd00"},"gmDate":"2017/12/16","offLNm3":"Foster","offFNm3":"Scott","teamAbbr":"SA","teamConf":"West","teamLoc":"Home","teamRslt":"Win","teamPTS":98,"teamAST":14,"teamTO":7,"teamSTL":5,"teamBLK":2,"teamPF":14,"teamFGA":86,"teamFGM":39,"team2PA":61,"team2PM":34,"team3PA":25,"team3PM":5,"teamFTA":18,"teamFTM":15,"teamORB":9,"teamDRB":32,"teamPTS1":18,"teamPTS2":25,"teamPTS3":28,"teamPTS4":27,"teamPTS5":0,"teamPTS6":0,"teamPTS7":0,"teamPTS8":0,"opptAbbr":"DAL","opptConf":"West","opptLoc":"Away","opptRslt":"Loss","opptPTS":96,"opptAST":23,"opptTO":10,"opptSTL":4,"opptBLK":4,"opptPF":16,"opptFGA":80,"opptFGM":39,"oppt2PA":52,"oppt2PM":29,"oppt3PA":28,"oppt3PM":10,"opptFTA":9,"opptFTM":8,"opptORB":4,"opptDRB":34,"opptPTS1":31,"opptPTS2":22,"opptPTS3":27,"opptPTS4":16,"opptPTS5":0,"opptPTS6":0,"opptPTS7":0,"opptPTS8":0}
{"_id":{"$oid":"5cb552f6e0f627212ff3bd0e"},"gmDate":"2017/12/18","offLNm3":"Richardson","offFNm3":"Derek","teamAbbr":"SA","teamConf":"West","teamLoc":"Home","teamRslt":"Win","teamPTS":109,"teamAST":22,"teamTO":19,"teamSTL":7,"teamBLK":4,"teamPF":19,"teamFGA":82,"teamFGM":40,"team2PA":58,"team2PM":31,"team3PA":24,"team3PM":9,"teamFTA":25,"teamFTM":20,"teamORB":8,"teamDRB":37,"teamPTS1":31,"teamPTS2":26,"teamPTS3":28,"teamPTS4":24,"teamPTS5":0,"teamPTS6":0,"teamPTS7":0,"teamPTS8":0,"opptAbbr":"LAC","opptConf":"West","opptLoc":"Away","opptRslt":"Loss","opptPTS":91,"opptAST":21,"opptTO":18,"opptSTL":13,"opptBLK":4,"opptPF":23,"opptFGA":84,"opptFGM":37,"oppt2PA":55,"oppt2PM":28,"oppt3PA":29,"oppt3PM":9,"opptFTA":16,"opptFTM":8,"opptORB":8,"opptDRB":35,"opptPTS1":17,"opptPTS2":32,"opptPTS3":21,"opptPTS4":21,"opptPTS5":0,"opptPTS6":0,"opptPTS7":0,"opptPTS8":0}
{"_id":{"$oid":"5cb552f6e0f627212ff3bd1c"},"gmDate":"2017/12/20","offLNm3":"Spooner","offFNm3":"Bill","teamAbbr":"POR","teamConf":"West","teamLoc":"Home","teamRslt":"Loss","teamPTS":91,"teamAST":18,"teamTO":9,"teamSTL":12,"teamBLK":2,"teamPF":14,"teamFGA":96,"teamFGM":38,"team2PA":71,"team2PM":32,"team3PA":25,"team3PM":6,"teamFTA":14,"teamFTM":9,"teamORB":12,"teamDRB":26,"teamPTS1":22,"teamPTS2":24,"teamPTS3":26,"teamPTS4":19,"teamPTS5":0,"teamPTS6":0,"teamPTS7":0,"teamPTS8":0,"opptAbbr":"SA","opptConf":"West","opptLoc":"Away","opptRslt":"Win","opptPTS":93,"opptAST":17,"opptTO":22,"opptSTL":7,"opptBLK":9,"opptPF":16,"opptFGA":80,"opptFGM":41,"oppt2PA":63,"oppt2PM":35,"oppt3PA":17,"oppt3PM":6,"opptFTA":6,"opptFTM":5,"opptORB":9,"opptDRB":44,"opptPTS1":25,"opptPTS2":29,"opptPTS3":20,"opptPTS4":19,"opptPTS5":0,"opptPTS6":0,"opptPTS7":0,"opptPTS8":0}
{"_id":{"$oid":"5cb552f6e0f627212ff3bd23"},"gmDate":"2017/12/21","offLNm3":"Kennedy","offFNm3":"Bill","teamAbbr":"UTA","teamConf":"West","teamLoc":"Home","teamRslt":"Win","teamPTS":100,"teamAST":18,"teamTO":15,"teamSTL":7,"teamBLK":4,"teamPF":18,"teamFGA":74,"teamFGM":34,"team2PA":48,"team2PM":22,"team3PA":26,"team3PM":12,"teamFTA":24,"teamFTM":20,"teamORB":5,"teamDRB":36,"teamPTS1":24,"teamPTS2":26,"teamPTS3":22,"teamPTS4":28,"teamPTS5":0,"teamPTS6":0,"teamPTS7":0,"teamPTS8":0,"opptAbbr":"SA","opptConf":"West","opptLoc":"Away","opptRslt":"Loss","opptPTS":89,"opptAST":14,"opptTO":14,"opptSTL":7,"opptBLK":3,"opptPF":21,"opptFGA":78,"opptFGM":34,"oppt2PA":57,"oppt2PM":24,"oppt3PA":21,"oppt3PM":10,"opptFTA":16,"opptFTM":11,"opptORB":5,"opptDRB":33,"opptPTS1":17,"opptPTS2":21,"opptPTS3":32,"opptPTS4":19,"opptPTS5":0,"opptPTS6":0,"opptPTS7":0,"opptPTS8":0}
{"_id":{"$oid":"5cb552f6e0f627212ff3bd39"},"gmDate":"2017/12/23","offLNm3":"Malloy","offFNm3":"Ed","teamAbbr":"SAC","teamConf":"West","teamLoc":"Home","teamRslt":"Loss","teamPTS":99,"teamAST":21,"teamTO":10,"teamSTL":2,"teamBLK":2,"teamPF":17,"teamFGA":86,"teamFGM":40,"team2PA":64,"team2PM":28,"team3PA":22,"team3PM":12,"teamFTA":11,"teamFTM":7,"teamORB":9,"teamDRB":33,"teamPTS1":33,"teamPTS2":16,"teamPTS3":27,"teamPTS4":23,"teamPTS5":0,"teamPTS6":0,"teamPTS7":0,"teamPTS8":0,"opptAbbr":"SA","opptConf":"West","opptLoc":"Away","opptRslt":"Win","opptPTS":108,"opptAST":29,"opptTO":8,"opptSTL":3,"opptBLK":1,"opptPF":11,"opptFGA":88,"opptFGM":44,"oppt2PA":65,"oppt2PM":33,"oppt3PA":23,"oppt3PM":11,"opptFTA":11,"opptFTM":9,"opptORB":7,"opptDRB":37,"opptPTS1":33,"opptPTS2":29,"opptPTS3":22,"opptPTS4":24,"opptPTS5":0,"opptPTS6":0,"opptPTS7":0,"opptPTS8":0}
{"_id":{"$oid":"5cb552f6e0f627212ff3bd43"},"gmDate":"2017/12/26","offLNm3":"Collins","offFNm3":"Derrick","teamAbbr":"SA","teamConf":"West","teamLoc":"Home","teamRslt":"Win","teamPTS":109,"teamAST":18,"teamTO":12,"teamSTL":7,"teamBLK":5,"teamPF":14,"teamFGA":80,"teamFGM":41,"team2PA":64,"team2PM":34,"team3PA":16,"team3PM":7,"teamFTA":24,"teamFTM":20,"teamORB":5,"teamDRB":38,"teamPTS1":19,"teamPTS2":31,"teamPTS3":30,"teamPTS4":29,"teamPTS5":0,"teamPTS6":0,"teamPTS7":0,"teamPTS8":0,"opptAbbr":"BKN","opptConf":"East","opptLoc":"Away","opptRslt":"Loss","opptPTS":97,"opptAST":23,"opptTO":13,"opptSTL":5,"opptBLK":0,"opptPF":18,"opptFGA":93,"opptFGM":39,"oppt2PA":61,"oppt2PM":27,"oppt3PA":32,"oppt3PM":12,"opptFTA":9,"opptFTM":7,"opptORB":12,"opptDRB":33,"opptPTS1":16,"opptPTS2":28,"opptPTS3":25,"opptPTS4":28,"opptPTS5":0,"opptPTS6":0,"opptPTS7":0,"opptPTS8":0}
{"_id":{"$oid":"5cb552f6e0f627212ff3bd54"},"gmDate":"2017/12/28","offLNm3":"Smith","offFNm3":"Michael","teamAbbr":"SA","teamConf":"West","teamLoc":"Home","teamRslt":"Win","teamPTS":119,"teamAST":28,"teamTO":9,"teamSTL":2,"teamBLK":4,"teamPF":18,"teamFGA":80,"teamFGM":41,"team2PA":60,"team2PM":32,"team3PA":20,"team3PM":9,"teamFTA":39,"teamFTM":28,"teamORB":10,"teamDRB":33,"teamPTS1":32,"teamPTS2":22,"teamPTS3":32,"teamPTS4":33,"teamPTS5":0,"teamPTS6":0,"teamPTS7":0,"teamPTS8":0,"opptAbbr":"NY","opptConf":"East","opptLoc":"Away","opptRslt":"Loss","opptPTS":107,"opptAST":31,"opptTO":10,"opptSTL":6,"opptBLK":8,"opptPF":26,"opptFGA":90,"opptFGM":41,"oppt2PA":76,"oppt2PM":36,"oppt3PA":14,"oppt3PM":5,"opptFTA":22,"opptFTM":20,"opptORB":12,"opptDRB":32,"opptPTS1":24,"opptPTS2":29,"opptPTS3":26,"opptPTS4":28,"opptPTS5":0,"opptPTS6":0,"opptPTS7":0,"opptPTS8":0}
{"_id":{"$oid":"5cb552f6e0f627212ff3bd5f"},"gmDate":"2017/12/30","offLNm3":"Zarba","offFNm3":"Zach","teamAbbr":"DET","teamConf":"East","teamLoc":"Home","teamRslt":"Win","teamPTS":93,"teamAST":22,"teamTO":11,"teamSTL":10,"teamBLK":1,"teamPF":11,"teamFGA":81,"teamFGM":36,"team2PA":57,"team2PM":28,"team3PA":24,"team3PM":8,"teamFTA":16,"teamFTM":13,"teamORB":6,"teamDRB":39,"teamPTS1":24,"teamPTS2":15,"teamPTS3":24,"teamPTS4":30,"teamPTS5":0,"teamPTS6":0,"teamPTS7":0,"teamPTS8":0,"opptAbbr":"SA","opptConf":"West","opptLoc":"Away","opptRslt":"Loss","opptPTS":79,"opptAST":18,"opptTO":14,"opptSTL":8,"opptBLK":5,"opptPF":13,"opptFGA":84,"opptFGM":31,"oppt2PA":58,"oppt2PM":26,"oppt3PA":26,"oppt3PM":5,"opptFTA":13,"opptFTM":12,"opptORB":10,"opptDRB":36,"opptPTS1":13,"opptPTS2":23,"opptPTS3":21,"opptPTS4":22,"opptPTS5":0,"opptPTS6":0,"opptPTS7":0,"opptPTS8":0}
{"_id":{"$oid":"5cb552f6e0f627212ff3bd73"},"gmDate":"2018/1/2","offLNm3":"Tiven","offFNm3":"Josh","teamAbbr":"NY","teamConf":"East","teamLoc":"Home","teamRslt":"Loss","teamPTS":91,"teamAST":21,"teamTO":14,"teamSTL":5,"teamBLK":7,"teamPF":23,"teamFGA":87,"teamFGM":35,"team2PA":65,"team2PM":28,"team3PA":22,"team3PM":7,"teamFTA":18,"teamFTM":14,"teamORB":12,"teamDRB":38,"teamPTS1":29,"teamPTS2":20,"teamPTS3":18,"teamPTS4":24,"teamPTS5":0,"teamPTS6":0,"teamPTS7":0,"teamPTS8":0,"opptAbbr":"SA","opptConf":"West","opptLoc":"Away","opptRslt":"Win","opptPTS":100,"opptAST":18,"opptTO":8,"opptSTL":11,"opptBLK":5,"opptPF":17,"opptFGA":82,"opptFGM":31,"oppt2PA":55,"oppt2PM":21,"oppt3PA":27,"oppt3PM":10,"opptFTA":34,"opptFTM":28,"opptORB":14,"opptDRB":36,"opptPTS1":25,"opptPTS2":27,"opptPTS3":29,"opptPTS4":19,"opptPTS5":0,"opptPTS6":0,"opptPTS7":0,"opptPTS8":0}
{"_id":{"$oid":"5cb552f6e0f627212ff3bd78"},"gmDate":"2018/1/3","offLNm3":"Davis","offFNm3":"Marc","teamAbbr":"PHI","teamConf":"East","teamLoc":"Home","teamRslt":"Win","teamPTS":112,"teamAST":23,"teamTO":13,"teamSTL":10,"teamBLK":5,"teamPF":21,"teamFGA":80,"teamFGM":36,"team2PA":58,"team2PM":29,"team3PA":22,"team3PM":7,"teamFTA":43,"teamFTM":33,"teamORB":13,"teamDRB":32,"teamPTS1":27,"teamPTS2":33,"teamPTS3":28,"teamPTS4":24,"teamPTS5":0,"teamPTS6":0,"teamPTS7":0,"teamPTS8":0,"opptAbbr":"SA","opptConf":"West","opptLoc":"Away","opptRslt":"Loss","opptPTS":106,"opptAST":15,"opptTO":16,"opptSTL":4,"opptBLK":4,"opptPF":25,"opptFGA":87,"opptFGM":39,"oppt2PA":62,"oppt2PM":31,"oppt3PA":25,"oppt3PM":8,"opptFTA":23,"opptFTM":20,"opptORB":12,"opptDRB":31,"opptPTS1":22,"opptPTS2":27,"opptPTS3":35,"opptPTS4":22,"opptPTS5":0,"opptPTS6":0,"opptPTS7":0,"opptPTS8":0}
{"_id":{"$oid":"5cb552f6e0f627212ff3bd8a"},"gmDate":"2018/1/5","offLNm3":"Richardson","offFNm3":"Leroy","teamAbbr":"SA","teamConf":"West","teamLoc":"Home","teamRslt":"Win","teamPTS":103,"teamAST":21,"teamTO":17,"teamSTL":15,"teamBLK":6,"teamPF":16,"teamFGA":87,"teamFGM":41,"team2PA":57,"team2PM":30,"team3PA":30,"team3PM":11,"teamFTA":18,"teamFTM":10,"teamORB":7,"teamDRB":37,"teamPTS1":26,"teamPTS2":23,"teamPTS3":31,"teamPTS4":23,"teamPTS5":0,"teamPTS6":0,"teamPTS7":0,"teamPTS8":0,"opptAbbr":"PHO","opptConf":"West","opptLoc":"Away","opptRslt":"Loss","opptPTS":89,"opptAST":22,"opptTO":23,"opptSTL":11,"opptBLK":2,"opptPF":23,"opptFGA":83,"opptFGM":35,"oppt2PA":53,"oppt2PM":28,"oppt3PA":30,"oppt3PM":7,"opptFTA":18,"opptFTM":12,"opptORB":9,"opptDRB":37,"opptPTS1":26,"opptPTS2":16,"opptPTS3":30,"opptPTS4":17,"opptPTS5":0,"opptPTS6":0,"opptPTS7":0,"opptPTS8":0}
{"_id":{"$oid":"5cb552f6e0f627212ff3bd9a"},"gmDate":"2018/1/7","offLNm3":"Ford","offFNm3":"Tyler","teamAbbr":"POR","teamConf":"West","teamLoc":"Home","teamRslt":"Win","teamPTS":111,"teamAST":19,"teamTO":9,"teamSTL":7,"teamBLK":5,"teamPF":24,"teamFGA":92,"teamFGM":48,"team2PA":69,"team2PM":40,"team3PA":23,"team3PM":8,"teamFTA":10,"teamFTM":7,"teamORB":9,"teamDRB":29,"teamPTS1":27,"teamPTS2":21,"teamPTS3":32,"teamPTS4":31,"teamPTS5":0,"teamPTS6":0,"teamPTS7":0,"teamPTS8":0,"opptAbbr":"SA","opptConf":"West","opptLoc":"Away","opptRslt":"Loss","opptPTS":110,"opptAST":26,"opptTO":14,"opptSTL":4,"opptBLK":5,"opptPF":16,"opptFGA":81,"opptFGM":40,"oppt2PA":58,"oppt2PM":29,"oppt3PA":23,"oppt3PM":11,"opptFTA":26,"opptFTM":19,"opptORB":10,"opptDRB":32,"opptPTS1":27,"opptPTS2":26,"opptPTS3":27,"opptPTS4":30,"opptPTS5":0,"opptPTS6":0,"opptPTS7":0,"opptPTS8":0}
{"_id":{"$oid":"5cb552f6e0f627212ff3bda1"},"gmDate":"2018/1/8","offLNm3":"Mauer","offFNm3":"Ken","teamAbbr":"SAC","teamConf":"West","teamLoc":"Home","teamRslt":"Loss","teamPTS":100,"teamAST":19,"teamTO":18,"teamSTL":6,"teamBLK":1,"teamPF":14,"teamFGA":82,"teamFGM":40,"team2PA":59,"team2PM":32,"team3PA":23,"team3PM":8,"teamFTA":16,"teamFTM":12,"teamORB":8,"teamDRB":37,"teamPTS1":25,"teamPTS2":31,"teamPTS3":20,"teamPTS4":24,"teamPTS5":0,"teamPTS6":0,"teamPTS7":0,"teamPTS8":0,"opptAbbr":"SA","opptConf":"West","opptLoc":"Away","opptRslt":"Win","opptPTS":107,"opptAST":23,"opptTO":10,"opptSTL":11,"opptBLK":4,"opptPF":12,"opptFGA":90,"opptFGM":44,"oppt2PA":64,"oppt2PM":33,"oppt3PA":26,"oppt3PM":11,"opptFTA":13,"opptFTM":8,"opptORB":8,"opptDRB":29,"opptPTS1":21,"opptPTS2":25,"opptPTS3":27,"opptPTS4":34,"opptPTS5":0,"opptPTS6":0,"opptPTS7":0,"opptPTS8":0}
{"_id":{"$oid":"5cb552f6e0f627212ff3bdb6"},"gmDate":"2018/1/11","offLNm3":"Washington","offFNm3":"Tom","teamAbbr":"LAL","teamConf":"West","teamLoc":"Home","teamRslt":"Win","teamPTS":93,"teamAST":22,"teamTO":16,"teamSTL":15,"teamBLK":4,"teamPF":17,"teamFGA":87,"teamFGM":36,"team2PA":49,"team2PM":23,"team3PA":38,"team3PM":13,"teamFTA":14,"teamFTM":8,"teamORB":12,"teamDRB":35,"teamPTS1":20,"teamPTS2":29,"teamPTS3":19,"teamPTS4":25,"teamPTS5":0,"teamPTS6":0,"teamPTS7":0,"teamPTS8":0,"opptAbbr":"SA","opptConf":"West","opptLoc":"Away","opptRslt":"Loss","opptPTS":81,"opptAST":21,"opptTO":21,"opptSTL":6,"opptBLK":5,"opptPF":15,"opptFGA":76,"opptFGM":31,"oppt2PA":56,"oppt2PM":23,"oppt3PA":20,"oppt3PM":8,"opptFTA":15,"opptFTM":11,"opptORB":7,"opptDRB":38,"opptPTS1":15,"opptPTS2":23,"opptPTS3":24,"opptPTS4":19,"opptPTS5":0,"opptPTS6":0,"opptPTS7":0,"opptPTS8":0}
{"_id":{"$oid":"5cb552f6e0f627212ff3bdc6"},"gmDate":"2018/1/13","offLNm3":"Lewis","offFNm3":"Eric","teamAbbr":"SA","teamConf":"West","teamLoc":"Home","teamRslt":"Win","teamPTS":112,"teamAST":24,"teamTO":15,"teamSTL":9,"teamBLK":3,"teamPF":17,"teamFGA":78,"teamFGM":41,"team2PA":51,"team2PM":27,"team3PA":27,"team3PM":14,"teamFTA":18,"teamFTM":16,"teamORB":5,"teamDRB":37,"teamPTS1":32,"teamPTS2":24,"teamPTS3":26,"teamPTS4":30,"teamPTS5":0,"teamPTS6":0,"teamPTS7":0,"teamPTS8":0,"opptAbbr":"DEN","opptConf":"West","opptLoc":"Away","opptRslt":"Loss","opptPTS":80,"opptAST":18,"opptTO":16,"opptSTL":9,"opptBLK":3,"opptPF":16,"opptFGA":83,"opptFGM":29,"oppt2PA":55,"oppt2PM":22,"oppt3PA":28,"oppt3PM":7,"opptFTA":17,"opptFTM":15,"opptORB":11,"opptDRB":30,"opptPTS1":16,"opptPTS2":28,"opptPTS3":25,"opptPTS4":11,"opptPTS5":0,"opptPTS6":0,"opptPTS7":0,"opptPTS8":0}
{"_id":{"$oid":"5cb552f6e0f627212ff3bdcd"},"gmDate":"2018/1/15","offLNm3":"Richardson","offFNm3":"Derek","teamAbbr":"ATL","teamConf":"East","teamLoc":"Home","teamRslt":"Win","teamPTS":102,"teamAST":24,"teamTO":15,"teamSTL":8,"teamBLK":2,"teamPF":23,"teamFGA":86,"teamFGM":40,"team2PA":61,"team2PM":31,"team3PA":25,"team3PM":9,"teamFTA":14,"teamFTM":13,"teamORB":11,"teamDRB":39,"teamPTS1":21,"teamPTS2":23,"teamPTS3":28,"teamPTS4":30,"teamPTS5":0,"teamPTS6":0,"teamPTS7":0,"teamPTS8":0,"opptAbbr":"SA","opptConf":"West","opptLoc":"Away","opptRslt":"Loss","opptPTS":99,"opptAST":24,"opptTO":9,"opptSTL":12,"opptBLK":5,"opptPF":13,"opptFGA":87,"opptFGM":37,"oppt2PA":65,"oppt2PM":29,"oppt3PA":22,"oppt3PM":8,"opptFTA":20,"opptFTM":17,"opptORB":8,"opptDRB":29,"opptPTS1":23,"opptPTS2":25,"opptPTS3":25,"opptPTS4":26,"opptPTS5":0,"opptPTS6":0,"opptPTS7":0,"opptPTS8":0}
{"_id":{"$oid":"5cb552f6e0f627212ff3bddc"},"gmDate":"2018/1/17","offLNm3":"Van Duyne","offFNm3":"Justin","teamAbbr":"BKN","teamConf":"East","teamLoc":"Home","teamRslt":"Loss","teamPTS":95,"teamAST":23,"teamTO":14,"teamSTL":3,"teamBLK":1,"teamPF":28,"teamFGA":83,"teamFGM":35,"team2PA":47,"team2PM":22,"team3PA":36,"team3PM":13,"teamFTA":18,"teamFTM":12,"teamORB":5,"teamDRB":41,"teamPTS1":26,"teamPTS2":20,"teamPTS3":18,"teamPTS4":31,"teamPTS5":0,"teamPTS6":0,"teamPTS7":0,"teamPTS8":0,"opptAbbr":"SA","opptConf":"West","opptLoc":"Away","opptRslt":"Win","opptPTS":100,"opptAST":24,"opptTO":9,"opptSTL":8,"opptBLK":4,"opptPF":20,"opptFGA":82,"opptFGM":34,"oppt2PA":63,"oppt2PM":25,"oppt3PA":19,"oppt3PM":9,"opptFTA":31,"opptFTM":23,"opptORB":7,"opptDRB":35,"opptPTS1":31,"opptPTS2":20,"opptPTS3":25,"opptPTS4":24,"opptPTS5":0,"opptPTS6":0,"opptPTS7":0,"opptPTS8":0}
{"_id":{"$oid":"5cb552f6e0f627212ff3bde8"},"gmDate":"2018/1/19","offLNm3":"DeRosa","offFNm3":"Joe","teamAbbr":"TOR","teamConf":"East","teamLoc":"Home","teamRslt":"Win","teamPTS":86,"teamAST":16,"teamTO":14,"teamSTL":8,"teamBLK":1,"teamPF":19,"teamFGA":85,"teamFGM":34,"team2PA":59,"team2PM":25,"team3PA":26,"team3PM":9,"teamFTA":14,"teamFTM":9,"teamORB":9,"teamDRB":41,"teamPTS1":17,"teamPTS2":27,"teamPTS3":19,"teamPTS4":23,"teamPTS5":0,"teamPTS6":0,"teamPTS7":0,"teamPTS8":0,"opptAbbr":"SA","opptConf":"West","opptLoc":"Away","opptRslt":"Loss","opptPTS":83,"opptAST":18,"opptTO":12,"opptSTL":9,"opptBLK":7,"opptPF":13,"opptFGA":91,"opptFGM":31,"oppt2PA":71,"oppt2PM":26,"oppt3PA":20,"oppt3PM":5,"opptFTA":20,"opptFTM":16,"opptORB":17,"opptDRB":39,"opptPTS1":18,"opptPTS2":19,"opptPTS3":23,"opptPTS4":23,"opptPTS5":0,"opptPTS6":0,"opptPTS7":0,"opptPTS8":0}
{"_id":{"$oid":"5cb552f6e0f627212ff3bdfb"},"gmDate":"2018/1/21","offLNm3":"Kennedy","offFNm3":"Bill","teamAbbr":"SA","teamConf":"West","teamLoc":"Home","teamRslt":"Loss","teamPTS":86,"teamAST":24,"teamTO":20,"teamSTL":9,"teamBLK":9,"teamPF":14,"teamFGA":82,"teamFGM":35,"team2PA":48,"team2PM":26,"team3PA":34,"team3PM":9,"teamFTA":12,"teamFTM":7,"teamORB":10,"teamDRB":35,"teamPTS1":23,"teamPTS2":20,"teamPTS3":16,"teamPTS4":27,"teamPTS5":0,"teamPTS6":0,"teamPTS7":0,"teamPTS8":0,"opptAbbr":"IND","opptConf":"East","opptLoc":"Away","opptRslt":"Win","opptPTS":94,"opptAST":14,"opptTO":11,"opptSTL":14,"opptBLK":1,"opptPF":15,"opptFGA":83,"opptFGM":37,"oppt2PA":64,"oppt2PM":33,"oppt3PA":19,"oppt3PM":4,"opptFTA":17,"opptFTM":16,"opptORB":7,"opptDRB":34,"opptPTS1":22,"opptPTS2":24,"opptPTS3":25,"opptPTS4":23,"opptPTS5":0,"opptPTS6":0,"opptPTS7":0,"opptPTS8":0}
{"_id":{"$oid":"5cb552f6e0f627212ff3be07"},"gmDate":"2018/1/23","offLNm3":"Washington","offFNm3":"Tom","teamAbbr":"SA","teamConf":"West","teamLoc":"Home","teamRslt":"Win","teamPTS":114,"teamAST":23,"teamTO":10,"teamSTL":11,"teamBLK":4,"teamPF":19,"teamFGA":94,"teamFGM":47,"team2PA":66,"team2PM":39,"team3PA":28,"team3PM":8,"teamFTA":16,"teamFTM":12,"teamORB":13,"teamDRB":32,"teamPTS1":25,"teamPTS2":38,"teamPTS3":26,"teamPTS4":25,"teamPTS5":0,"teamPTS6":0,"teamPTS7":0,"teamPTS8":0,"opptAbbr":"CLE","opptConf":"East","opptLoc":"Away","opptRslt":"Loss","opptPTS":102,"opptAST":19,"opptTO":18,"opptSTL":6,"opptBLK":3,"opptPF":14,"opptFGA":72,"opptFGM":35,"oppt2PA":51,"oppt2PM":29,"oppt3PA":21,"oppt3PM":6,"opptFTA":31,"opptFTM":26,"opptORB":6,"opptDRB":35,"opptPTS1":29,"opptPTS2":26,"opptPTS3":26,"opptPTS4":21,"opptPTS5":0,"opptPTS6":0,"opptPTS7":0,"opptPTS8":0}
{"_id":{"$oid":"5cb552f6e0f627212ff3be10"},"gmDate":"2018/1/24","offLNm3":"Wood","offFNm3":"Leon","teamAbbr":"MEM","teamConf":"West","teamLoc":"Home","teamRslt":"Loss","teamPTS":85,"teamAST":19,"teamTO":18,"teamSTL":7,"teamBLK":4,"teamPF":25,"teamFGA":83,"teamFGM":36,"team2PA":65,"team2PM":34,"team3PA":18,"team3PM":2,"teamFTA":14,"teamFTM":11,"teamORB":9,"teamDRB":32,"teamPTS1":21,"teamPTS2":19,"teamPTS3":24,"teamPTS4":21,"teamPTS5":0,"teamPTS6":0,"teamPTS7":0,"teamPTS8":0,"opptAbbr":"SA","opptConf":"West","opptLoc":"Away","opptRslt":"Win","opptPTS":108,"opptAST":29,"opptTO":14,"opptSTL":9,"opptBLK":6,"opptPF":19,"opptFGA":82,"opptFGM":38,"oppt2PA":58,"oppt2PM":28,"oppt3PA":24,"oppt3PM":10,"opptFTA":25,"opptFTM":22,"opptORB":11,"opptDRB":34,"opptPTS1":22,"opptPTS2":29,"opptPTS3":26,"opptPTS4":31,"opptPTS5":0,"opptPTS6":0,"opptPTS7":0,"opptPTS8":0}
{"_id":{"$oid":"5cb552f6e0f627212ff3be1f"},"gmDate":"2018/1/26","offLNm3":"Van Duyne","offFNm3":"Justin","teamAbbr":"SA","teamConf":"West","teamLoc":"Home","teamRslt":"Loss","teamPTS":78,"teamAST":20,"teamTO":10,"teamSTL":6,"teamBLK":5,"teamPF":14,"teamFGA":75,"teamFGM":30,"team2PA":51,"team2PM":27,"team3PA":24,"team3PM":3,"teamFTA":18,"teamFTM":15,"teamORB":5,"teamDRB":31,"teamPTS1":13,"teamPTS2":18,"teamPTS3":30,"teamPTS4":17,"teamPTS5":0,"teamPTS6":0,"teamPTS7":0,"teamPTS8":0,"opptAbbr":"PHI","opptConf":"East","opptLoc":"Away","opptRslt":"Win","opptPTS":97,"opptAST":23,"opptTO":10,"opptSTL":5,"opptBLK":4,"opptPF":20,"opptFGA":79,"opptFGM":38,"oppt2PA":58,"oppt2PM":29,"oppt3PA":21,"oppt3PM":9,"opptFTA":18,"opptFTM":12,"opptORB":12,"opptDRB":38,"opptPTS1":25,"opptPTS2":25,"opptPTS3":31,"opptPTS4":16,"opptPTS5":0,"opptPTS6":0,"opptPTS7":0,"opptPTS8":0}
{"_id":{"$oid":"5cb552f6e0f627212ff3be2e"},"gmDate":"2018/1/28","offLNm3":"Brown","offFNm3":"Tony","teamAbbr":"SA","teamConf":"West","teamLoc":"Home","teamRslt":"Win","teamPTS":113,"teamAST":33,"teamTO":7,"teamSTL":4,"teamBLK":2,"teamPF":13,"teamFGA":90,"teamFGM":45,"team2PA":65,"team2PM":34,"team3PA":25,"team3PM":11,"teamFTA":17,"teamFTM":12,"teamORB":13,"teamDRB":39,"teamPTS1":29,"teamPTS2":20,"teamPTS3":30,"teamPTS4":34,"teamPTS5":0,"teamPTS6":0,"teamPTS7":0,"teamPTS8":0,"opptAbbr":"SAC","opptConf":"West","opptLoc":"Away","opptRslt":"Loss","opptPTS":98,"opptAST":21,"opptTO":9,"opptSTL":5,"opptBLK":3,"opptPF":20,"opptFGA":82,"opptFGM":35,"oppt2PA":48,"oppt2PM":17,"oppt3PA":34,"oppt3PM":18,"opptFTA":11,"opptFTM":10,"opptORB":6,"opptDRB":28,"opptPTS1":22,"opptPTS2":28,"opptPTS3":19,"opptPTS4":29,"opptPTS5":0,"opptPTS6":0,"opptPTS7":0,"opptPTS8":0}
{"_id":{"$oid":"5cb552f6e0f627212ff3be3b"},"gmDate":"2018/1/30","offLNm3":"Fraher","offFNm3":"Pat","teamAbbr":"SA","teamConf":"West","teamLoc":"Home","teamRslt":"Win","teamPTS":106,"teamAST":33,"teamTO":16,"teamSTL":4,"teamBLK":9,"teamPF":15,"teamFGA":92,"teamFGM":46,"team2PA":68,"team2PM":37,"team3PA":24,"team3PM":9,"teamFTA":5,"teamFTM":5,"teamORB":13,"teamDRB":30,"teamPTS1":30,"teamPTS2":30,"teamPTS3":20,"teamPTS4":26,"teamPTS5":0,"teamPTS6":0,"teamPTS7":0,"teamPTS8":0,"opptAbbr":"DEN","opptConf":"West","opptLoc":"Away","opptRslt":"Loss","opptPTS":104,"opptAST":22,"opptTO":14,"opptSTL":11,"opptBLK":6,"opptPF":14,"opptFGA":86,"opptFGM":40,"oppt2PA":63,"oppt2PM":30,"oppt3PA":23,"oppt3PM":10,"opptFTA":14,"opptFTM":14,"opptORB":10,"opptDRB":28,"opptPTS1":30,"opptPTS2":25,"opptPTS3":26,"opptPTS4":23,"opptPTS5":0,"opptPTS6":0,"opptPTS7":0,"opptPTS8":0}
{"_id":{"$oid":"5cb552f6e0f627212ff3be4a"},"gmDate":"2018/2/1","offLNm3":"Ayotte","offFNm3":"Mark","teamAbbr":"SA","teamConf":"West","teamLoc":"Home","teamRslt":"Loss","teamPTS":91,"teamAST":21,"teamTO":16,"teamSTL":7,"teamBLK":5,"teamPF":12,"teamFGA":83,"teamFGM":35,"team2PA":59,"team2PM":29,"team3PA":24,"team3PM":6,"teamFTA":17,"teamFTM":15,"teamORB":9,"teamDRB":37,"teamPTS1":14,"teamPTS2":24,"teamPTS3":32,"teamPTS4":21,"teamPTS5":0,"teamPTS6":0,"teamPTS7":0,"teamPTS8":0,"opptAbbr":"HOU","opptConf":"West","opptLoc":"Away","opptRslt":"Win","opptPTS":102,"opptAST":20,"opptTO":9,"opptSTL":10,"opptBLK":7,"opptPF":16,"opptFGA":83,"opptFGM":37,"oppt2PA":41,"oppt2PM":23,"oppt3PA":42,"oppt3PM":14,"opptFTA":17,"opptFTM":14,"opptORB":7,"opptDRB":31,"opptPTS1":27,"opptPTS2":27,"opptPTS3":28,"opptPTS4":20,"opptPTS5":0,"opptPTS6":0,"opptPTS7":0,"opptPTS8":0}
{"_id":{"$oid":"5cb552f6e0f627212ff3be5b"},"gmDate":"2018/2/3","offLNm3":"DeRosa","offFNm3":"Joe","teamAbbr":"SA","teamConf":"West","teamLoc":"Home","teamRslt":"Loss","teamPTS":111,"teamAST":25,"teamTO":12,"teamSTL":9,"teamBLK":5,"teamPF":27,"teamFGA":91,"teamFGM":44,"team2PA":65,"team2PM":34,"team3PA":26,"team3PM":10,"teamFTA":18,"teamFTM":13,"teamORB":11,"teamDRB":25,"teamPTS1":24,"teamPTS2":25,"teamPTS3":29,"teamPTS4":33,"teamPTS5":0,"teamPTS6":0,"teamPTS7":0,"teamPTS8":0,"opptAbbr":"UTA","opptConf":"West","opptLoc":"Away","opptRslt":"Win","opptPTS":120,"opptAST":26,"opptTO":18,"opptSTL":6,"opptBLK":5,"opptPF":19,"opptFGA":69,"opptFGM":39,"oppt2PA":46,"oppt2PM":27,"oppt3PA":23,"oppt3PM":12,"opptFTA":36,"opptFTM":30,"opptORB":5,"opptDRB":32,"opptPTS1":33,"opptPTS2":28,"opptPTS3":26,"opptPTS4":33,"opptPTS5":0,"opptPTS6":0,"opptPTS7":0,"opptPTS8":0}
{"_id":{"$oid":"5cb552f6e0f627212ff3be76"},"gmDate":"2018/2/7","offLNm3":"Phillips","offFNm3":"Jason","teamAbbr":"PHO","teamConf":"West","teamLoc":"Home","teamRslt":"Loss","teamPTS":81,"teamAST":15,"teamTO":11,"teamSTL":8,"teamBLK":4,"teamPF":23,"teamFGA":97,"teamFGM":33,"team2PA":65,"team2PM":30,"team3PA":32,"team3PM":3,"teamFTA":18,"teamFTM":12,"teamORB":11,"teamDRB":33,"teamPTS1":9,"teamPTS2":22,"teamPTS3":19,"teamPTS4":31,"teamPTS5":0,"teamPTS6":0,"teamPTS7":0,"teamPTS8":0,"opptAbbr":"SA","opptConf":"West","opptLoc":"Away","opptRslt":"Win","opptPTS":129,"opptAST":26,"opptTO":12,"opptSTL":6,"opptBLK":6,"opptPF":17,"opptFGA":93,"opptFGM":46,"oppt2PA":61,"oppt2PM":30,"oppt3PA":32,"oppt3PM":16,"opptFTA":27,"opptFTM":21,"opptORB":14,"opptDRB":48,"opptPTS1":28,"opptPTS2":41,"opptPTS3":28,"opptPTS4":32,"opptPTS5":0,"opptPTS6":0,"opptPTS7":0,"opptPTS8":0}
{"_id":{"$oid":"5cb552f6e0f627212ff3be8b"},"gmDate":"2018/2/10","offLNm3":"Collins","offFNm3":"Derrick","teamAbbr":"GS","teamConf":"West","teamLoc":"Home","teamRslt":"Win","teamPTS":122,"teamAST":35,"teamTO":16,"teamSTL":5,"teamBLK":6,"teamPF":18,"teamFGA":85,"teamFGM":48,"team2PA":58,"team2PM":36,"team3PA":27,"team3PM":12,"teamFTA":15,"teamFTM":14,"teamORB":11,"teamDRB":33,"teamPTS1":27,"teamPTS2":31,"teamPTS3":33,"teamPTS4":31,"teamPTS5":0,"teamPTS6":0,"teamPTS7":0,"teamPTS8":0,"opptAbbr":"SA","opptConf":"West","opptLoc":"Away","opptRslt":"Loss","opptPTS":105,"opptAST":30,"opptTO":10,"opptSTL":8,"opptBLK":5,"opptPF":13,"opptFGA":94,"opptFGM":43,"oppt2PA":67,"oppt2PM":38,"oppt3PA":27,"oppt3PM":5,"opptFTA":19,"opptFTM":14,"opptORB":11,"opptDRB":23,"opptPTS1":37,"opptPTS2":18,"opptPTS3":20,"opptPTS4":30,"opptPTS5":0,"opptPTS6":0,"opptPTS7":0,"opptPTS8":0}
{"_id":{"$oid":"5cb552f6e0f627212ff3be99"},"gmDate":"2018/2/12","offLNm3":"Brown","offFNm3":"Tony","teamAbbr":"UTA","teamConf":"West","teamLoc":"Home","teamRslt":"Win","teamPTS":101,"teamAST":15,"teamTO":10,"teamSTL":7,"teamBLK":5,"teamPF":24,"teamFGA":84,"teamFGM":35,"team2PA":60,"team2PM":24,"team3PA":24,"team3PM":11,"teamFTA":30,"teamFTM":20,"teamORB":9,"teamDRB":34,"teamPTS1":25,"teamPTS2":29,"teamPTS3":15,"teamPTS4":32,"teamPTS5":0,"teamPTS6":0,"teamPTS7":0,"teamPTS8":0,"opptAbbr":"SA","opptConf":"West","opptLoc":"Away","opptRslt":"Loss","opptPTS":99,"opptAST":23,"opptTO":11,"opptSTL":5,"opptBLK":8,"opptPF":24,"opptFGA":85,"opptFGM":38,"oppt2PA":60,"oppt2PM":32,"oppt3PA":25,"oppt3PM":6,"opptFTA":25,"opptFTM":17,"opptORB":8,"opptDRB":36,"opptPTS1":22,"opptPTS2":26,"opptPTS3":29,"opptPTS4":22,"opptPTS5":0,"opptPTS6":0,"opptPTS7":0,"opptPTS8":0}
{"_id":{"$oid":"5cb552f6e0f627212ff3bea0"},"gmDate":"2018/2/13","offLNm3":"Washington","offFNm3":"Tom","teamAbbr":"DEN","teamConf":"West","teamLoc":"Home","teamRslt":"Win","teamPTS":117,"teamAST":29,"teamTO":12,"teamSTL":10,"teamBLK":3,"teamPF":18,"teamFGA":93,"teamFGM":46,"team2PA":61,"team2PM":36,"team3PA":32,"team3PM":10,"teamFTA":18,"teamFTM":15,"teamORB":11,"teamDRB":24,"teamPTS1":30,"teamPTS2":28,"teamPTS3":29,"teamPTS4":30,"teamPTS5":0,"teamPTS6":0,"teamPTS7":0,"teamPTS8":0,"opptAbbr":"SA","opptConf":"West","opptLoc":"Away","opptRslt":"Loss","opptPTS":109,"opptAST":24,"opptTO":19,"opptSTL":6,"opptBLK":7,"opptPF":22,"opptFGA":82,"opptFGM":44,"oppt2PA":60,"oppt2PM":38,"oppt3PA":22,"oppt3PM":6,"opptFTA":22,"opptFTM":15,"opptORB":10,"opptDRB":32,"opptPTS1":32,"opptPTS2":29,"opptPTS3":29,"opptPTS4":19,"opptPTS5":0,"opptPTS6":0,"opptPTS7":0,"opptPTS8":0}
{"_id":{"$oid":"5cb552f6e0f627212ff3bebc"},"gmDate":"2018/2/23","offLNm3":"DeRosa","offFNm3":"Joe","teamAbbr":"DEN","teamConf":"West","teamLoc":"Home","teamRslt":"Win","teamPTS":122,"teamAST":33,"teamTO":11,"teamSTL":5,"teamBLK":3,"teamPF":27,"teamFGA":97,"teamFGM":48,"team2PA":65,"team2PM":36,"team3PA":32,"team3PM":12,"teamFTA":19,"teamFTM":14,"teamORB":18,"teamDRB":34,"teamPTS1":32,"teamPTS2":31,"teamPTS3":33,"teamPTS4":26,"teamPTS5":0,"teamPTS6":0,"teamPTS7":0,"teamPTS8":0,"opptAbbr":"SA","opptConf":"West","opptLoc":"Away","opptRslt":"Loss","opptPTS":119,"opptAST":28,"opptTO":7,"opptSTL":4,"opptBLK":4,"opptPF":20,"opptFGA":85,"opptFGM":43,"oppt2PA":69,"oppt2PM":38,"oppt3PA":16,"oppt3PM":5,"opptFTA":39,"opptFTM":28,"opptORB":11,"opptDRB":27,"opptPTS1":30,"opptPTS2":31,"opptPTS3":28,"opptPTS4":30,"opptPTS5":0,"opptPTS6":0,"opptPTS7":0,"opptPTS8":0}
{"_id":{"$oid":"5cb552f6e0f627212ff3beca"},"gmDate":"2018/2/25","offLNm3":"Richardson","offFNm3":"Derek","teamAbbr":"CLE","teamConf":"East","teamLoc":"Home","teamRslt":"Loss","teamPTS":94,"teamAST":18,"teamTO":16,"teamSTL":8,"teamBLK":3,"teamPF":24,"teamFGA":91,"teamFGM":38,"team2PA":57,"team2PM":30,"team3PA":34,"team3PM":8,"teamFTA":14,"teamFTM":10,"teamORB":13,"teamDRB":34,"teamPTS1":20,"teamPTS2":33,"teamPTS3":21,"teamPTS4":20,"teamPTS5":0,"teamPTS6":0,"teamPTS7":0,"teamPTS8":0,"opptAbbr":"SA","opptConf":"West","opptLoc":"Away","opptRslt":"Win","opptPTS":110,"opptAST":22,"opptTO":10,"opptSTL":11,"opptBLK":9,"opptPF":12,"opptFGA":86,"opptFGM":38,"oppt2PA":67,"oppt2PM":29,"oppt3PA":19,"oppt3PM":9,"opptFTA":32,"opptFTM":25,"opptORB":10,"opptDRB":34,"opptPTS1":25,"opptPTS2":25,"opptPTS3":26,"opptPTS4":34,"opptPTS5":0,"opptPTS6":0,"opptPTS7":0,"opptPTS8":0}
{"_id":{"$oid":"5cb552f6e0f627212ff3bee4"},"gmDate":"2018/2/28","offLNm3":"Zarba","offFNm3":"Zach","teamAbbr":"SA","teamConf":"West","teamLoc":"Home","teamRslt":"Loss","teamPTS":116,"teamAST":23,"teamTO":11,"teamSTL":7,"teamBLK":9,"teamPF":15,"teamFGA":99,"teamFGM":48,"team2PA":73,"team2PM":39,"team3PA":26,"team3PM":9,"teamFTA":14,"teamFTM":11,"teamORB":13,"teamDRB":34,"teamPTS1":29,"teamPTS2":31,"teamPTS3":35,"teamPTS4":21,"teamPTS5":0,"teamPTS6":0,"teamPTS7":0,"teamPTS8":0,"opptAbbr":"NO","opptConf":"West","opptLoc":"Away","opptRslt":"Win","opptPTS":121,"opptAST":26,"opptTO":12,"opptSTL":7,"opptBLK":3,"opptPF":17,"opptFGA":99,"opptFGM":50,"oppt2PA":73,"oppt2PM":41,"oppt3PA":26,"oppt3PM":9,"opptFTA":15,"opptFTM":12,"opptORB":12,"opptDRB":31,"opptPTS1":24,"opptPTS2":27,"opptPTS3":36,"opptPTS4":34,"opptPTS5":0,"opptPTS6":0,"opptPTS7":0,"opptPTS8":0}
{"_id":{"$oid":"5cb552f6e0f627212ff3bef8"},"gmDate":"2018/3/3","offLNm3":"Sterling","offFNm3":"Jonathan","teamAbbr":"SA","teamConf":"West","teamLoc":"Home","teamRslt":"Loss","teamPTS":112,"teamAST":28,"teamTO":16,"teamSTL":10,"teamBLK":5,"teamPF":19,"teamFGA":98,"teamFGM":44,"team2PA":68,"team2PM":37,"team3PA":30,"team3PM":7,"teamFTA":20,"teamFTM":17,"teamORB":12,"teamDRB":38,"teamPTS1":30,"teamPTS2":30,"teamPTS3":31,"teamPTS4":21,"teamPTS5":0,"teamPTS6":0,"teamPTS7":0,"teamPTS8":0,"opptAbbr":"LAL","opptConf":"West","opptLoc":"Away","opptRslt":"Win","opptPTS":116,"opptAST":26,"opptTO":15,"opptSTL":10,"opptBLK":4,"opptPF":21,"opptFGA":92,"opptFGM":40,"oppt2PA":58,"oppt2PM":25,"oppt3PA":34,"oppt3PM":15,"opptFTA":27,"opptFTM":21,"opptORB":10,"opptDRB":36,"opptPTS1":23,"opptPTS2":30,"opptPTS3":27,"opptPTS4":36,"opptPTS5":0,"opptPTS6":0,"opptPTS7":0,"opptPTS8":0}
{"_id":{"$oid":"5cb552f6e0f627212ff3bf06"},"gmDate":"2018/3/5","offLNm3":"Davis","offFNm3":"Marc","teamAbbr":"SA","teamConf":"West","teamLoc":"Home","teamRslt":"Win","teamPTS":100,"teamAST":18,"teamTO":12,"teamSTL":14,"teamBLK":4,"teamPF":10,"teamFGA":76,"teamFGM":35,"team2PA":54,"team2PM":29,"team3PA":22,"team3PM":6,"teamFTA":31,"teamFTM":24,"teamORB":4,"teamDRB":32,"teamPTS1":21,"teamPTS2":26,"teamPTS3":23,"teamPTS4":30,"teamPTS5":0,"teamPTS6":0,"teamPTS7":0,"teamPTS8":0,"opptAbbr":"MEM","opptConf":"West","opptLoc":"Away","opptRslt":"Loss","opptPTS":98,"opptAST":26,"opptTO":20,"opptSTL":8,"opptBLK":5,"opptPF":22,"opptFGA":80,"opptFGM":42,"oppt2PA":58,"oppt2PM":34,"oppt3PA":22,"oppt3PM":8,"opptFTA":9,"opptFTM":6,"opptORB":6,"opptDRB":36,"opptPTS1":23,"opptPTS2":22,"opptPTS3":27,"opptPTS4":26,"opptPTS5":0,"opptPTS6":0,"opptPTS7":0,"opptPTS8":0}
{"_id":{"$oid":"5cb552f6e0f627212ff3bf1c"},"gmDate":"2018/3/8","offLNm3":"Malloy","offFNm3":"Ed","teamAbbr":"GS","teamConf":"West","teamLoc":"Home","teamRslt":"Win","teamPTS":110,"teamAST":30,"teamTO":10,"teamSTL":6,"teamBLK":12,"teamPF":18,"teamFGA":95,"teamFGM":41,"team2PA":65,"team2PM":33,"team3PA":30,"team3PM":8,"teamFTA":23,"teamFTM":20,"teamORB":12,"teamDRB":37,"teamPTS1":28,"teamPTS2":18,"teamPTS3":32,"teamPTS4":32,"teamPTS5":0,"teamPTS6":0,"teamPTS7":0,"teamPTS8":0,"opptAbbr":"SA","opptConf":"West","opptLoc":"Away","opptRslt":"Loss","opptPTS":107,"opptAST":29,"opptTO":12,"opptSTL":7,"opptBLK":2,"opptPF":20,"opptFGA":95,"opptFGM":43,"oppt2PA":73,"oppt2PM":37,"oppt3PA":22,"oppt3PM":6,"opptFTA":18,"opptFTM":15,"opptORB":10,"opptDRB":35,"opptPTS1":21,"opptPTS2":29,"opptPTS3":37,"opptPTS4":20,"opptPTS5":0,"opptPTS6":0,"opptPTS7":0,"opptPTS8":0}
{"_id":{"$oid":"5cb552f6e0f627212ff3bf2a"},"gmDate":"2018/3/10","offLNm3":"Collins","offFNm3":"Derrick","teamAbbr":"OKC","teamConf":"West","teamLoc":"Home","teamRslt":"Win","teamPTS":104,"teamAST":24,"teamTO":15,"teamSTL":8,"teamBLK":4,"teamPF":13,"teamFGA":86,"teamFGM":39,"team2PA":58,"team2PM":29,"team3PA":28,"team3PM":10,"teamFTA":24,"teamFTM":16,"teamORB":12,"teamDRB":38,"teamPTS1":24,"teamPTS2":28,"teamPTS3":25,"teamPTS4":27,"teamPTS5":0,"teamPTS6":0,"teamPTS7":0,"teamPTS8":0,"opptAbbr":"SA","opptConf":"West","opptLoc":"Away","opptRslt":"Loss","opptPTS":94,"opptAST":26,"opptTO":15,"opptSTL":6,"opptBLK":4,"opptPF":22,"opptFGA":86,"opptFGM":40,"oppt2PA":66,"oppt2PM":30,"oppt3PA":20,"oppt3PM":10,"opptFTA":7,"opptFTM":4,"opptORB":6,"opptDRB":37,"opptPTS1":19,"opptPTS2":24,"opptPTS3":25,"opptPTS4":26,"opptPTS5":0,"opptPTS6":0,"opptPTS7":0,"opptPTS8":0}
{"_id":{"$oid":"5cb552f6e0f627212ff3bf35"},"gmDate":"2018/3/12","offLNm3":"Foster","offFNm3":"Scott","teamAbbr":"HOU","teamConf":"West","teamLoc":"Home","teamRslt":"Win","teamPTS":109,"teamAST":24,"teamTO":17,"teamSTL":6,"teamBLK":4,"teamPF":24,"teamFGA":80,"teamFGM":39,"team2PA":36,"team2PM":26,"team3PA":44,"team3PM":13,"teamFTA":23,"teamFTM":18,"teamORB":9,"teamDRB":41,"teamPTS1":25,"teamPTS2":29,"teamPTS3":34,"teamPTS4":21,"teamPTS5":0,"teamPTS6":0,"teamPTS7":0,"teamPTS8":0,"opptAbbr":"SA","opptConf":"West","opptLoc":"Away","opptRslt":"Loss","opptPTS":93,"opptAST":20,"opptTO":13,"opptSTL":5,"opptBLK":2,"opptPF":17,"opptFGA":81,"opptFGM":33,"oppt2PA":53,"oppt2PM":22,"oppt3PA":28,"oppt3PM":11,"opptFTA":23,"opptFTM":16,"opptORB":7,"opptDRB":29,"opptPTS1":21,"opptPTS2":22,"opptPTS3":24,"opptPTS4":26,"opptPTS5":0,"opptPTS6":0,"opptPTS7":0,"opptPTS8":0}
{"_id":{"$oid":"5cb552f6e0f627212ff3bf41"},"gmDate":"2018/3/13","offLNm3":"Van Duyne","offFNm3":"Justin","teamAbbr":"SA","teamConf":"West","teamLoc":"Home","teamRslt":"Win","teamPTS":108,"teamAST":24,"teamTO":13,"teamSTL":10,"teamBLK":7,"teamPF":13,"teamFGA":84,"teamFGM":40,"team2PA":65,"team2PM":31,"team3PA":19,"team3PM":9,"teamFTA":23,"teamFTM":19,"teamORB":11,"teamDRB":37,"teamPTS1":24,"teamPTS2":38,"teamPTS3":34,"teamPTS4":12,"teamPTS5":0,"teamPTS6":0,"teamPTS7":0,"teamPTS8":0,"opptAbbr":"ORL","opptConf":"East","opptLoc":"Away","opptRslt":"Loss","opptPTS":72,"opptAST":16,"opptTO":21,"opptSTL":5,"opptBLK":3,"opptPF":19,"opptFGA":82,"opptFGM":28,"oppt2PA":59,"oppt2PM":21,"oppt3PA":23,"oppt3PM":7,"opptFTA":9,"opptFTM":9,"opptORB":9,"opptDRB":32,"opptPTS1":18,"opptPTS2":29,"opptPTS3":20,"opptPTS4":15,"opptPTS5":0,"opptPTS6":0,"opptPTS7":0,"opptPTS8":0}
{"_id":{"$oid":"5cb552f6e0f627212ff3bf4e"},"gmDate":"2018/3/15","offLNm3":"Zarba","offFNm3":"Zach","teamAbbr":"SA","teamConf":"West","teamLoc":"Home","teamRslt":"Win","teamPTS":98,"teamAST":16,"teamTO":11,"teamSTL":10,"teamBLK":11,"teamPF":14,"teamFGA":99,"teamFGM":37,"team2PA":73,"team2PM":30,"team3PA":26,"team3PM":7,"teamFTA":19,"teamFTM":17,"teamORB":15,"teamDRB":37,"teamPTS1":37,"teamPTS2":23,"teamPTS3":18,"teamPTS4":20,"teamPTS5":0,"teamPTS6":0,"teamPTS7":0,"teamPTS8":0,"opptAbbr":"NO","opptConf":"West","opptLoc":"Away","opptRslt":"Loss","opptPTS":93,"opptAST":18,"opptTO":16,"opptSTL":7,"opptBLK":7,"opptPF":18,"opptFGA":90,"opptFGM":36,"oppt2PA":74,"oppt2PM":30,"oppt3PA":16,"oppt3PM":6,"opptFTA":16,"opptFTM":15,"opptORB":12,"opptDRB":41,"opptPTS1":26,"opptPTS2":32,"opptPTS3":15,"opptPTS4":20,"opptPTS5":0,"opptPTS6":0,"opptPTS7":0,"opptPTS8":0}
{"_id":{"$oid":"5cb552f6e0f627212ff3bf5f"},"gmDate":"2018/3/17","offLNm3":"Collins","offFNm3":"Derrick","teamAbbr":"SA","teamConf":"West","teamLoc":"Home","teamRslt":"Win","teamPTS":117,"teamAST":32,"teamTO":5,"teamSTL":11,"teamBLK":8,"teamPF":17,"teamFGA":96,"teamFGM":49,"team2PA":70,"team2PM":43,"team3PA":26,"team3PM":6,"teamFTA":14,"teamFTM":13,"teamORB":14,"teamDRB":27,"teamPTS1":23,"teamPTS2":38,"teamPTS3":29,"teamPTS4":27,"teamPTS5":0,"teamPTS6":0,"teamPTS7":0,"teamPTS8":0,"opptAbbr":"MIN","opptConf":"West","opptLoc":"Away","opptRslt":"Loss","opptPTS":101,"opptAST":22,"opptTO":16,"opptSTL":3,"opptBLK":2,"opptPF":16,"opptFGA":81,"opptFGM":39,"oppt2PA":69,"oppt2PM":32,"oppt3PA":12,"oppt3PM":7,"opptFTA":20,"opptFTM":16,"opptORB":10,"opptDRB":24,"opptPTS1":24,"opptPTS2":26,"opptPTS3":31,"opptPTS4":20,"opptPTS5":0,"opptPTS6":0,"opptPTS7":0,"opptPTS8":0}
{"_id":{"$oid":"5cb552f6e0f627212ff3bf6c"},"gmDate":"2018/3/19","offLNm3":"Capers","offFNm3":"James","teamAbbr":"SA","teamConf":"West","teamLoc":"Home","teamRslt":"Win","teamPTS":89,"teamAST":21,"teamTO":16,"teamSTL":6,"teamBLK":5,"teamPF":20,"teamFGA":82,"teamFGM":33,"team2PA":59,"team2PM":25,"team3PA":23,"team3PM":8,"teamFTA":21,"teamFTM":15,"teamORB":11,"teamDRB":37,"teamPTS1":30,"teamPTS2":19,"teamPTS3":12,"teamPTS4":28,"teamPTS5":0,"teamPTS6":0,"teamPTS7":0,"teamPTS8":0,"opptAbbr":"GS","opptConf":"West","opptLoc":"Away","opptRslt":"Loss","opptPTS":75,"opptAST":17,"opptTO":15,"opptSTL":7,"opptBLK":9,"opptPF":24,"opptFGA":74,"opptFGM":30,"oppt2PA":55,"oppt2PM":27,"oppt3PA":19,"oppt3PM":3,"opptFTA":16,"opptFTM":12,"opptORB":2,"opptDRB":34,"opptPTS1":21,"opptPTS2":20,"opptPTS3":22,"opptPTS4":12,"opptPTS5":0,"opptPTS6":0,"opptPTS7":0,"opptPTS8":0}
{"_id":{"$oid":"5cb552f6e0f627212ff3bf7c"},"gmDate":"2018/3/21","offLNm3":"Phillips","offFNm3":"Jason","teamAbbr":"SA","teamConf":"West","teamLoc":"Home","teamRslt":"Win","teamPTS":98,"teamAST":21,"teamTO":15,"teamSTL":7,"teamBLK":10,"teamPF":17,"teamFGA":79,"teamFGM":39,"team2PA":56,"team2PM":32,"team3PA":23,"team3PM":7,"teamFTA":18,"teamFTM":13,"teamORB":12,"teamDRB":30,"teamPTS1":18,"teamPTS2":32,"teamPTS3":27,"teamPTS4":21,"teamPTS5":0,"teamPTS6":0,"teamPTS7":0,"teamPTS8":0,"opptAbbr":"WAS","opptConf":"East","opptLoc":"Away","opptRslt":"Loss","opptPTS":90,"opptAST":27,"opptTO":14,"opptSTL":11,"opptBLK":4,"opptPF":16,"opptFGA":83,"opptFGM":35,"oppt2PA":58,"oppt2PM":27,"oppt3PA":25,"oppt3PM":8,"opptFTA":16,"opptFTM":12,"opptORB":9,"opptDRB":26,"opptPTS1":18,"opptPTS2":26,"opptPTS3":16,"opptPTS4":30,"opptPTS5":0,"opptPTS6":0,"opptPTS7":0,"opptPTS8":0}
{"_id":{"$oid":"5cb552f6e0f627212ff3bf8b"},"gmDate":"2018/3/23","offLNm3":"Davis","offFNm3":"Marc","teamAbbr":"SA","teamConf":"West","teamLoc":"Home","teamRslt":"Win","teamPTS":124,"teamAST":21,"teamTO":14,"teamSTL":9,"teamBLK":7,"teamPF":25,"teamFGA":92,"teamFGM":47,"team2PA":75,"team2PM":40,"team3PA":17,"team3PM":7,"teamFTA":27,"teamFTM":23,"teamORB":11,"teamDRB":38,"teamPTS1":29,"teamPTS2":27,"teamPTS3":21,"teamPTS4":37,"teamPTS5":10,"teamPTS6":0,"teamPTS7":0,"teamPTS8":0,"opptAbbr":"UTA","opptConf":"West","opptLoc":"Away","opptRslt":"Loss","opptPTS":120,"opptAST":24,"opptTO":15,"opptSTL":10,"opptBLK":3,"opptPF":23,"opptFGA":88,"opptFGM":43,"oppt2PA":60,"oppt2PM":32,"oppt3PA":28,"oppt3PM":11,"opptFTA":29,"opptFTM":23,"opptORB":5,"opptDRB":29,"opptPTS1":21,"opptPTS2":30,"opptPTS3":22,"opptPTS4":41,"opptPTS5":6,"opptPTS6":0,"opptPTS7":0,"opptPTS8":0}
{"_id":{"$oid":"5cb552f6e0f627212ff3bf95"},"gmDate":"2018/3/25","offLNm3":"Washington","offFNm3":"Tom","teamAbbr":"MIL","teamConf":"East","teamLoc":"Home","teamRslt":"Win","teamPTS":106,"teamAST":27,"teamTO":10,"teamSTL":6,"teamBLK":6,"teamPF":18,"teamFGA":86,"teamFGM":42,"team2PA":59,"team2PM":33,"team3PA":27,"team3PM":9,"teamFTA":18,"teamFTM":13,"teamORB":9,"teamDRB":28,"teamPTS1":27,"teamPTS2":20,"teamPTS3":41,"teamPTS4":18,"teamPTS5":0,"teamPTS6":0,"teamPTS7":0,"teamPTS8":0,"opptAbbr":"SA","opptConf":"West","opptLoc":"Away","opptRslt":"Loss","opptPTS":103,"opptAST":16,"opptTO":12,"opptSTL":4,"opptBLK":2,"opptPF":17,"opptFGA":92,"opptFGM":41,"oppt2PA":75,"oppt2PM":37,"oppt3PA":17,"oppt3PM":4,"opptFTA":21,"opptFTM":17,"opptORB":20,"opptDRB":33,"opptPTS1":15,"opptPTS2":32,"opptPTS3":28,"opptPTS4":28,"opptPTS5":0,"opptPTS6":0,"opptPTS7":0,"opptPTS8":0}
{"_id":{"$oid":"5cb552f6e0f627212ff3bfa2"},"gmDate":"2018/3/27","offLNm3":"Boland","offFNm3":"Matt","teamAbbr":"WAS","teamConf":"East","teamLoc":"Home","teamRslt":"Win","teamPTS":116,"teamAST":33,"teamTO":16,"teamSTL":5,"teamBLK":7,"teamPF":27,"teamFGA":85,"teamFGM":46,"team2PA":61,"team2PM":36,"team3PA":24,"team3PM":10,"teamFTA":18,"teamFTM":14,"teamORB":10,"teamDRB":40,"teamPTS1":21,"teamPTS2":38,"teamPTS3":29,"teamPTS4":28,"teamPTS5":0,"teamPTS6":0,"teamPTS7":0,"teamPTS8":0,"opptAbbr":"SA","opptConf":"West","opptLoc":"Away","opptRslt":"Loss","opptPTS":106,"opptAST":29,"opptTO":8,"opptSTL":7,"opptBLK":5,"opptPF":17,"opptFGA":87,"opptFGM":39,"oppt2PA":62,"oppt2PM":29,"oppt3PA":25,"oppt3PM":10,"opptFTA":33,"opptFTM":18,"opptORB":10,"opptDRB":27,"opptPTS1":24,"opptPTS2":21,"opptPTS3":21,"opptPTS4":40,"opptPTS5":0,"opptPTS6":0,"opptPTS7":0,"opptPTS8":0}
{"_id":{"$oid":"5cb552f6e0f627212ff3bfb4"},"gmDate":"2018/3/29","offLNm3":"Zielinski","offFNm3":"Gary","teamAbbr":"SA","teamConf":"West","teamLoc":"Home","teamRslt":"Win","teamPTS":103,"teamAST":22,"teamTO":18,"teamSTL":13,"teamBLK":6,"teamPF":18,"teamFGA":81,"teamFGM":34,"team2PA":50,"team2PM":21,"team3PA":31,"team3PM":13,"teamFTA":30,"teamFTM":22,"teamORB":14,"teamDRB":34,"teamPTS1":24,"teamPTS2":35,"teamPTS3":18,"teamPTS4":26,"teamPTS5":0,"teamPTS6":0,"teamPTS7":0,"teamPTS8":0,"opptAbbr":"OKC","opptConf":"West","opptLoc":"Away","opptRslt":"Loss","opptPTS":99,"opptAST":19,"opptTO":15,"opptSTL":11,"opptBLK":3,"opptPF":23,"opptFGA":85,"opptFGM":37,"oppt2PA":55,"oppt2PM":26,"oppt3PA":30,"oppt3PM":11,"opptFTA":21,"opptFTM":14,"opptORB":10,"opptDRB":33,"opptPTS1":29,"opptPTS2":27,"opptPTS3":25,"opptPTS4":18,"opptPTS5":0,"opptPTS6":0,"opptPTS7":0,"opptPTS8":0}
{"_id":{"$oid":"5cb552f6e0f627212ff3bfc8"},"gmDate":"2018/4/1","offLNm3":"Kennedy","offFNm3":"Bill","teamAbbr":"SA","teamConf":"West","teamLoc":"Home","teamRslt":"Win","teamPTS":100,"teamAST":19,"teamTO":9,"teamSTL":8,"teamBLK":8,"teamPF":19,"teamFGA":81,"teamFGM":40,"team2PA":64,"team2PM":34,"team3PA":17,"team3PM":6,"teamFTA":21,"teamFTM":14,"teamORB":8,"teamDRB":40,"teamPTS1":26,"teamPTS2":20,"teamPTS3":29,"teamPTS4":25,"teamPTS5":0,"teamPTS6":0,"teamPTS7":0,"teamPTS8":0,"opptAbbr":"HOU","opptConf":"West","opptLoc":"Away","opptRslt":"Loss","opptPTS":83,"opptAST":12,"opptTO":10,"opptSTL":3,"opptBLK":3,"opptPF":19,"opptFGA":77,"opptFGM":26,"oppt2PA":46,"oppt2PM":19,"oppt3PA":31,"oppt3PM":7,"opptFTA":29,"opptFTM":24,"opptORB":8,"opptDRB":34,"opptPTS1":17,"opptPTS2":21,"opptPTS3":28,"opptPTS4":17,"opptPTS5":0,"opptPTS6":0,"opptPTS7":0,"opptPTS8":0}
{"_id":{"$oid":"5cb552f6e0f627212ff3bfde"},"gmDate":"2018/4/3","offLNm3":"Callahan","offFNm3":"Mike","teamAbbr":"LAC","teamConf":"West","teamLoc":"Home","teamRslt":"Win","teamPTS":113,"teamAST":21,"teamTO":15,"teamSTL":8,"teamBLK":2,"teamPF":23,"teamFGA":82,"teamFGM":37,"team2PA":66,"team2PM":32,"team3PA":16,"team3PM":5,"teamFTA":43,"teamFTM":34,"teamORB":12,"teamDRB":35,"teamPTS1":17,"teamPTS2":32,"teamPTS3":23,"teamPTS4":41,"teamPTS5":0,"teamPTS6":0,"teamPTS7":0,"teamPTS8":0,"opptAbbr":"SA","opptConf":"West","opptLoc":"Away","opptRslt":"Loss","opptPTS":110,"opptAST":24,"opptTO":12,"opptSTL":13,"opptBLK":10,"opptPF":29,"opptFGA":88,"opptFGM":39,"oppt2PA":64,"oppt2PM":31,"oppt3PA":24,"oppt3PM":8,"opptFTA":28,"opptFTM":24,"opptORB":10,"opptDRB":29,"opptPTS1":31,"opptPTS2":25,"opptPTS3":27,"opptPTS4":27,"opptPTS5":0,"opptPTS6":0,"opptPTS7":0,"opptPTS8":0}
{"_id":{"$oid":"5cb552f6e0f627212ff3bfe4"},"gmDate":"2018/4/4","offLNm3":"Stafford","offFNm3":"Derrick","teamAbbr":"LAL","teamConf":"West","teamLoc":"Home","teamRslt":"Win","teamPTS":122,"teamAST":32,"teamTO":14,"teamSTL":4,"teamBLK":4,"teamPF":22,"teamFGA":86,"teamFGM":47,"team2PA":62,"team2PM":34,"team3PA":24,"team3PM":13,"teamFTA":18,"teamFTM":15,"teamORB":4,"teamDRB":40,"teamPTS1":29,"teamPTS2":29,"teamPTS3":23,"teamPTS4":27,"teamPTS5":14,"teamPTS6":0,"teamPTS7":0,"teamPTS8":0,"opptAbbr":"SA","opptConf":"West","opptLoc":"Away","opptRslt":"Loss","opptPTS":112,"opptAST":25,"opptTO":10,"opptSTL":7,"opptBLK":5,"opptPF":20,"opptFGA":97,"opptFGM":42,"oppt2PA":74,"oppt2PM":33,"oppt3PA":23,"oppt3PM":9,"opptFTA":27,"opptFTM":19,"opptORB":15,"opptDRB":31,"opptPTS1":30,"opptPTS2":31,"opptPTS3":26,"opptPTS4":21,"opptPTS5":4,"opptPTS6":0,"opptPTS7":0,"opptPTS8":0}
{"_id":{"$oid":"5cb552f6e0f627212ff3bffa"},"gmDate":"2018/4/7","offLNm3":"Adams","offFNm3":"Bennie","teamAbbr":"SA","teamConf":"West","teamLoc":"Home","teamRslt":"Win","teamPTS":116,"teamAST":21,"teamTO":8,"teamSTL":12,"teamBLK":3,"teamPF":12,"teamFGA":84,"teamFGM":47,"team2PA":63,"team2PM":40,"team3PA":21,"team3PM":7,"teamFTA":21,"teamFTM":15,"teamORB":4,"teamDRB":32,"teamPTS1":32,"teamPTS2":22,"teamPTS3":27,"teamPTS4":35,"teamPTS5":0,"teamPTS6":0,"teamPTS7":0,"teamPTS8":0,"opptAbbr":"POR","opptConf":"West","opptLoc":"Away","opptRslt":"Loss","opptPTS":105,"opptAST":18,"opptTO":13,"opptSTL":4,"opptBLK":5,"opptPF":17,"opptFGA":88,"opptFGM":42,"oppt2PA":60,"oppt2PM":31,"oppt3PA":28,"oppt3PM":11,"opptFTA":11,"opptFTM":10,"opptORB":11,"opptDRB":29,"opptPTS1":33,"opptPTS2":23,"opptPTS3":21,"opptPTS4":28,"opptPTS5":0,"opptPTS6":0,"opptPTS7":0,"opptPTS8":0}
{"_id":{"$oid":"5cb552f6e0f627212ff3c008"},"gmDate":"2018/4/9","offLNm3":"Brown","offFNm3":"Tony","teamAbbr":"SA","teamConf":"West","teamLoc":"Home","teamRslt":"Win","teamPTS":98,"teamAST":18,"teamTO":8,"teamSTL":6,"teamBLK":6,"teamPF":14,"teamFGA":82,"teamFGM":34,"team2PA":55,"team2PM":28,"team3PA":27,"team3PM":6,"teamFTA":29,"teamFTM":24,"teamORB":11,"teamDRB":34,"teamPTS1":17,"teamPTS2":26,"teamPTS3":17,"teamPTS4":38,"teamPTS5":0,"teamPTS6":0,"teamPTS7":0,"teamPTS8":0,"opptAbbr":"SAC","opptConf":"West","opptLoc":"Away","opptRslt":"Loss","opptPTS":85,"opptAST":16,"opptTO":12,"opptSTL":4,"opptBLK":2,"opptPF":24,"opptFGA":81,"opptFGM":33,"oppt2PA":63,"oppt2PM":25,"oppt3PA":18,"oppt3PM":8,"opptFTA":17,"opptFTM":11,"opptORB":12,"opptDRB":33,"opptPTS1":25,"opptPTS2":25,"opptPTS3":16,"opptPTS4":19,"opptPTS5":0,"opptPTS6":0,"opptPTS7":0,"opptPTS8":0}
{"_id":{"$oid":"5cb552f6e0f627212ff3c016"},"gmDate":"2018/4/11","offLNm3":"Callahan","offFNm3":"Mike","teamAbbr":"NO","teamConf":"West","teamLoc":"Home","teamRslt":"Win","teamPTS":122,"teamAST":30,"teamTO":19,"teamSTL":11,"teamBLK":5,"teamPF":20,"teamFGA":88,"teamFGM":52,"team2PA":69,"team2PM":47,"team3PA":19,"team3PM":5,"teamFTA":19,"teamFTM":13,"teamORB":11,"teamDRB":40,"teamPTS1":27,"teamPTS2":34,"teamPTS3":29,"teamPTS4":32,"teamPTS5":0,"teamPTS6":0,"teamPTS7":0,"teamPTS8":0,"opptAbbr":"SA","opptConf":"West","opptLoc":"Away","opptRslt":"Loss","opptPTS":98,"opptAST":22,"opptTO":17,"opptSTL":9,"opptBLK":1,"opptPF":17,"opptFGA":92,"opptFGM":37,"oppt2PA":68,"oppt2PM":29,"oppt3PA":24,"oppt3PM":8,"opptFTA":19,"opptFTM":16,"opptORB":12,"opptDRB":26,"opptPTS1":26,"opptPTS2":17,"opptPTS3":29,"opptPTS4":26,"opptPTS5":0,"opptPTS6":0,"opptPTS7":0,"opptPTS8":0}
