{"_id":{"$oid":"5cb552e5e0f627212ff3a7af"},"stDate":"2017/10/17","teamAbbr":"SA","rank":2,"rankOrd":"2nd","gameWon":0,"gameLost":0,"stk":"-","homeWin":0,"homeLoss":0,"awayWin":0,"awayLoss":0}
{"_id":{"$oid":"5cb552e5e0f627212ff3a7cd"},"stDate":"2017/10/18","teamAbbr":"SA","rank":2,"rankOrd":"2nd","gameWon":1,"gameLost":0,"stk":"W1","homeWin":1,"homeLoss":0,"awayWin":0,"awayLoss":0}
{"_id":{"$oid":"5cb552e5e0f627212ff3a7fc"},"stDate":"2017/10/19","teamAbbr":"SA","rank":2,"rankOrd":"2nd","gameWon":1,"gameLost":0,"stk":"W1","homeWin":1,"homeLoss":0,"awayWin":0,"awayLoss":0}
{"_id":{"$oid":"5cb552e5e0f627212ff3a807"},"stDate":"2017/10/20","teamAbbr":"SA","rank":3,"rankOrd":"3rd","gameWon":1,"gameLost":0,"stk":"W1","homeWin":1,"homeLoss":0,"awayWin":0,"awayLoss":0}
{"_id":{"$oid":"5cb552e5e0f627212ff3a827"},"stDate":"2017/10/21","teamAbbr":"SA","rank":2,"rankOrd":"2nd","gameWon":2,"gameLost":0,"stk":"W2","homeWin":1,"homeLoss":0,"awayWin":1,"awayLoss":0}
{"_id":{"$oid":"5cb552e5e0f627212ff3a844"},"stDate":"2017/10/22","teamAbbr":"SA","rank":2,"rankOrd":"2nd","gameWon":2,"gameLost":0,"stk":"W2","homeWin":1,"homeLoss":0,"awayWin":1,"awayLoss":0}
{"_id":{"$oid":"5cb552e5e0f627212ff3a862"},"stDate":"2017/10/23","teamAbbr":"SA","rank":1,"rankOrd":"1st","gameWon":3,"gameLost":0,"stk":"W3","homeWin":2,"homeLoss":0,"awayWin":1,"awayLoss":0}
{"_id":{"$oid":"5cb552e5e0f627212ff3a87d"},"stDate":"2017/10/24","teamAbbr":"SA","rank":1,"rankOrd":"1st","gameWon":3,"gameLost":0,"stk":"W3","homeWin":2,"homeLoss":0,"awayWin":1,"awayLoss":0}
{"_id":{"$oid":"5cb552e5e0f627212ff3a89e"},"stDate":"2017/10/25","teamAbbr":"SA","rank":1,"rankOrd":"1st","gameWon":4,"gameLost":0,"stk":"W4","homeWin":2,"homeLoss":0,"awayWin":2,"awayLoss":0}
{"_id":{"$oid":"5cb552e5e0f627212ff3a8bc"},"stDate":"2017/10/26","teamAbbr":"SA","rank":1,"rankOrd":"1st","gameWon":4,"gameLost":0,"stk":"W4","homeWin":2,"homeLoss":0,"awayWin":2,"awayLoss":0}
{"_id":{"$oid":"5cb552e5e0f627212ff3a8d9"},"stDate":"2017/10/27","teamAbbr":"SA","rank":3,"rankOrd":"3rd","gameWon":4,"gameLost":1,"stk":"L1","homeWin":2,"homeLoss":0,"awayWin":2,"awayLoss":1}
{"_id":{"$oid":"5cb552e5e0f627212ff3a8fa"},"stDate":"2017/10/28","teamAbbr":"SA","rank":2,"rankOrd":"2nd","gameWon":4,"gameLost":1,"stk":"L1","homeWin":2,"homeLoss":0,"awayWin":2,"awayLoss":1}
{"_id":{"$oid":"5cb552e5e0f627212ff3a916"},"stDate":"2017/10/29","teamAbbr":"SA","rank":4,"rankOrd":"4th","gameWon":4,"gameLost":2,"stk":"L2","homeWin":2,"homeLoss":0,"awayWin":2,"awayLoss":2}
{"_id":{"$oid":"5cb552e5e0f627212ff3a933"},"stDate":"2017/10/30","teamAbbr":"SA","rank":5,"rankOrd":"5th","gameWon":4,"gameLost":3,"stk":"L3","homeWin":2,"homeLoss":0,"awayWin":2,"awayLoss":3}
{"_id":{"$oid":"5cb552e5e0f627212ff3a950"},"stDate":"2017/10/31","teamAbbr":"SA","rank":5,"rankOrd":"5th","gameWon":4,"gameLost":3,"stk":"L3","homeWin":2,"homeLoss":0,"awayWin":2,"awayLoss":3}
{"_id":{"$oid":"5cb552e5e0f627212ff3a970"},"stDate":"2017/11/1","teamAbbr":"SA","rank":7,"rankOrd":"7th","gameWon":4,"gameLost":3,"stk":"L3","homeWin":2,"homeLoss":0,"awayWin":2,"awayLoss":3}
{"_id":{"$oid":"5cb552e5e0f627212ff3a988"},"stDate":"2017/11/2","teamAbbr":"SA","rank":9,"rankOrd":"9th","gameWon":4,"gameLost":4,"stk":"L4","homeWin":2,"homeLoss":1,"awayWin":2,"awayLoss":3}
{"_id":{"$oid":"5cb552e5e0f627212ff3a9af"},"stDate":"2017/11/3","teamAbbr":"SA","rank":6,"rankOrd":"6th","gameWon":5,"gameLost":4,"stk":"W1","homeWin":3,"homeLoss":1,"awayWin":2,"awayLoss":3}
{"_id":{"$oid":"5cb552e5e0f627212ff3a9ca"},"stDate":"2017/11/4","teamAbbr":"SA","rank":6,"rankOrd":"6th","gameWon":5,"gameLost":4,"stk":"W1","homeWin":3,"homeLoss":1,"awayWin":2,"awayLoss":3}
{"_id":{"$oid":"5cb552e5e0f627212ff3a9e3"},"stDate":"2017/11/5","teamAbbr":"SA","rank":4,"rankOrd":"4th","gameWon":6,"gameLost":4,"stk":"W2","homeWin":4,"homeLoss":1,"awayWin":2,"awayLoss":3}
{"_id":{"$oid":"5cb552e5e0f627212ff3aa05"},"stDate":"2017/11/6","teamAbbr":"SA","rank":5,"rankOrd":"5th","gameWon":6,"gameLost":4,"stk":"W2","homeWin":4,"homeLoss":1,"awayWin":2,"awayLoss":3}
{"_id":{"$oid":"5cb552e5e0f627212ff3aa24"},"stDate":"2017/11/7","teamAbbr":"SA","rank":4,"rankOrd":"4th","gameWon":7,"gameLost":4,"stk":"W3","homeWin":5,"homeLoss":1,"awayWin":2,"awayLoss":3}
{"_id":{"$oid":"5cb552e5e0f627212ff3aa43"},"stDate":"2017/11/8","teamAbbr":"SA","rank":3,"rankOrd":"3rd","gameWon":7,"gameLost":4,"stk":"W3","homeWin":5,"homeLoss":1,"awayWin":2,"awayLoss":3}
{"_id":{"$oid":"5cb552e5e0f627212ff3aa60"},"stDate":"2017/11/9","teamAbbr":"SA","rank":3,"rankOrd":"3rd","gameWon":7,"gameLost":4,"stk":"W3","homeWin":5,"homeLoss":1,"awayWin":2,"awayLoss":3}
{"_id":{"$oid":"5cb552e5e0f627212ff3aa7d"},"stDate":"2017/11/10","teamAbbr":"SA","rank":5,"rankOrd":"5th","gameWon":7,"gameLost":5,"stk":"L1","homeWin":5,"homeLoss":2,"awayWin":2,"awayLoss":3}
{"_id":{"$oid":"5cb552e5e0f627212ff3aa9d"},"stDate":"2017/11/11","teamAbbr":"SA","rank":3,"rankOrd":"3rd","gameWon":8,"gameLost":5,"stk":"W1","homeWin":6,"homeLoss":2,"awayWin":2,"awayLoss":3}
{"_id":{"$oid":"5cb552e5e0f627212ff3aabb"},"stDate":"2017/11/12","teamAbbr":"SA","rank":3,"rankOrd":"3rd","gameWon":8,"gameLost":5,"stk":"W1","homeWin":6,"homeLoss":2,"awayWin":2,"awayLoss":3}
{"_id":{"$oid":"5cb552e5e0f627212ff3aad8"},"stDate":"2017/11/13","teamAbbr":"SA","rank":3,"rankOrd":"3rd","gameWon":8,"gameLost":5,"stk":"W1","homeWin":6,"homeLoss":2,"awayWin":2,"awayLoss":3}
{"_id":{"$oid":"5cb552e5e0f627212ff3aaf5"},"stDate":"2017/11/14","teamAbbr":"SA","rank":3,"rankOrd":"3rd","gameWon":9,"gameLost":5,"stk":"W2","homeWin":6,"homeLoss":2,"awayWin":3,"awayLoss":3}
{"_id":{"$oid":"5cb552e5e0f627212ff3ab0e"},"stDate":"2017/11/15","teamAbbr":"SA","rank":4,"rankOrd":"4th","gameWon":9,"gameLost":6,"stk":"L1","homeWin":6,"homeLoss":2,"awayWin":3,"awayLoss":4}
{"_id":{"$oid":"5cb552e5e0f627212ff3ab33"},"stDate":"2017/11/16","teamAbbr":"SA","rank":4,"rankOrd":"4th","gameWon":9,"gameLost":6,"stk":"L1","homeWin":6,"homeLoss":2,"awayWin":3,"awayLoss":4}
{"_id":{"$oid":"5cb552e5e0f627212ff3ab50"},"stDate":"2017/11/17","teamAbbr":"SA","rank":4,"rankOrd":"4th","gameWon":10,"gameLost":6,"stk":"W1","homeWin":7,"homeLoss":2,"awayWin":3,"awayLoss":4}
{"_id":{"$oid":"5cb552e5e0f627212ff3ab6e"},"stDate":"2017/11/18","teamAbbr":"SA","rank":4,"rankOrd":"4th","gameWon":10,"gameLost":6,"stk":"W1","homeWin":7,"homeLoss":2,"awayWin":3,"awayLoss":4}
{"_id":{"$oid":"5cb552e5e0f627212ff3ab8f"},"stDate":"2017/11/19","teamAbbr":"SA","rank":3,"rankOrd":"3rd","gameWon":10,"gameLost":6,"stk":"W1","homeWin":7,"homeLoss":2,"awayWin":3,"awayLoss":4}
{"_id":{"$oid":"5cb552e5e0f627212ff3aba9"},"stDate":"2017/11/20","teamAbbr":"SA","rank":3,"rankOrd":"3rd","gameWon":11,"gameLost":6,"stk":"W2","homeWin":8,"homeLoss":2,"awayWin":3,"awayLoss":4}
{"_id":{"$oid":"5cb552e5e0f627212ff3abcb"},"stDate":"2017/11/21","teamAbbr":"SA","rank":3,"rankOrd":"3rd","gameWon":11,"gameLost":6,"stk":"W2","homeWin":8,"homeLoss":2,"awayWin":3,"awayLoss":4}
{"_id":{"$oid":"5cb552e5e0f627212ff3abe7"},"stDate":"2017/11/22","teamAbbr":"SA","rank":3,"rankOrd":"3rd","gameWon":11,"gameLost":7,"stk":"L1","homeWin":8,"homeLoss":2,"awayWin":3,"awayLoss":5}
{"_id":{"$oid":"5cb552e5e0f627212ff3ac03"},"stDate":"2017/11/24","teamAbbr":"SA","rank":3,"rankOrd":"3rd","gameWon":11,"gameLost":7,"stk":"L1","homeWin":8,"homeLoss":2,"awayWin":3,"awayLoss":5}
{"_id":{"$oid":"5cb552e5e0f627212ff3ac24"},"stDate":"2017/11/25","teamAbbr":"SA","rank":3,"rankOrd":"3rd","gameWon":12,"gameLost":7,"stk":"W1","homeWin":8,"homeLoss":2,"awayWin":4,"awayLoss":5}
{"_id":{"$oid":"5cb552e5e0f627212ff3ac41"},"stDate":"2017/11/26","teamAbbr":"SA","rank":3,"rankOrd":"3rd","gameWon":12,"gameLost":7,"stk":"W1","homeWin":8,"homeLoss":2,"awayWin":4,"awayLoss":5}
{"_id":{"$oid":"5cb552e5e0f627212ff3ac5f"},"stDate":"2017/11/27","teamAbbr":"SA","rank":3,"rankOrd":"3rd","gameWon":13,"gameLost":7,"stk":"W2","homeWin":9,"homeLoss":2,"awayWin":4,"awayLoss":5}
{"_id":{"$oid":"5cb552e5e0f627212ff3ac7e"},"stDate":"2017/11/28","teamAbbr":"SA","rank":3,"rankOrd":"3rd","gameWon":13,"gameLost":7,"stk":"W2","homeWin":9,"homeLoss":2,"awayWin":4,"awayLoss":5}
{"_id":{"$oid":"5cb552e5e0f627212ff3ac94"},"stDate":"2017/11/29","teamAbbr":"SA","rank":3,"rankOrd":"3rd","gameWon":14,"gameLost":7,"stk":"W3","homeWin":10,"homeLoss":2,"awayWin":4,"awayLoss":5}
{"_id":{"$oid":"5cb552e5e0f627212ff3acb9"},"stDate":"2017/11/30","teamAbbr":"SA","rank":3,"rankOrd":"3rd","gameWon":14,"gameLost":7,"stk":"W3","homeWin":10,"homeLoss":2,"awayWin":4,"awayLoss":5}
{"_id":{"$oid":"5cb552e5e0f627212ff3acd7"},"stDate":"2017/12/1","teamAbbr":"SA","rank":3,"rankOrd":"3rd","gameWon":15,"gameLost":7,"stk":"W4","homeWin":10,"homeLoss":2,"awayWin":5,"awayLoss":5}
{"_id":{"$oid":"5cb552e5e0f627212ff3acef"},"stDate":"2017/12/2","teamAbbr":"SA","rank":3,"rankOrd":"3rd","gameWon":15,"gameLost":7,"stk":"W4","homeWin":10,"homeLoss":2,"awayWin":5,"awayLoss":5}
{"_id":{"$oid":"5cb552e5e0f627212ff3ad18"},"stDate":"2017/12/3","teamAbbr":"SA","rank":3,"rankOrd":"3rd","gameWon":15,"gameLost":8,"stk":"L1","homeWin":10,"homeLoss":2,"awayWin":5,"awayLoss":6}
{"_id":{"$oid":"5cb552e5e0f627212ff3ad2a"},"stDate":"2017/12/4","teamAbbr":"SA","rank":3,"rankOrd":"3rd","gameWon":16,"gameLost":8,"stk":"W1","homeWin":11,"homeLoss":2,"awayWin":5,"awayLoss":6}
{"_id":{"$oid":"5cb552e5e0f627212ff3ad4f"},"stDate":"2017/12/5","teamAbbr":"SA","rank":3,"rankOrd":"3rd","gameWon":16,"gameLost":8,"stk":"W1","homeWin":11,"homeLoss":2,"awayWin":5,"awayLoss":6}
{"_id":{"$oid":"5cb552e5e0f627212ff3ad6c"},"stDate":"2017/12/6","teamAbbr":"SA","rank":3,"rankOrd":"3rd","gameWon":17,"gameLost":8,"stk":"W2","homeWin":12,"homeLoss":2,"awayWin":5,"awayLoss":6}
{"_id":{"$oid":"5cb552e5e0f627212ff3ad8c"},"stDate":"2017/12/7","teamAbbr":"SA","rank":3,"rankOrd":"3rd","gameWon":17,"gameLost":8,"stk":"W2","homeWin":12,"homeLoss":2,"awayWin":5,"awayLoss":6}
{"_id":{"$oid":"5cb552e5e0f627212ff3adaa"},"stDate":"2017/12/8","teamAbbr":"SA","rank":3,"rankOrd":"3rd","gameWon":18,"gameLost":8,"stk":"W3","homeWin":13,"homeLoss":2,"awayWin":5,"awayLoss":6}
{"_id":{"$oid":"5cb552e5e0f627212ff3adc7"},"stDate":"2017/12/9","teamAbbr":"SA","rank":3,"rankOrd":"3rd","gameWon":19,"gameLost":8,"stk":"W4","homeWin":13,"homeLoss":2,"awayWin":6,"awayLoss":6}
{"_id":{"$oid":"5cb552e5e0f627212ff3ade8"},"stDate":"2017/12/10","teamAbbr":"SA","rank":3,"rankOrd":"3rd","gameWon":19,"gameLost":8,"stk":"W4","homeWin":13,"homeLoss":2,"awayWin":6,"awayLoss":6}
{"_id":{"$oid":"5cb552e5e0f627212ff3ae03"},"stDate":"2017/12/11","teamAbbr":"SA","rank":3,"rankOrd":"3rd","gameWon":19,"gameLost":8,"stk":"W4","homeWin":13,"homeLoss":2,"awayWin":6,"awayLoss":6}
{"_id":{"$oid":"5cb552e5e0f627212ff3ae20"},"stDate":"2017/12/12","teamAbbr":"SA","rank":3,"rankOrd":"3rd","gameWon":19,"gameLost":9,"stk":"L1","homeWin":13,"homeLoss":2,"awayWin":6,"awayLoss":7}
{"_id":{"$oid":"5cb552e5e0f627212ff3ae3f"},"stDate":"2017/12/13","teamAbbr":"SA","rank":3,"rankOrd":"3rd","gameWon":19,"gameLost":9,"stk":"L1","homeWin":13,"homeLoss":2,"awayWin":6,"awayLoss":7}
{"_id":{"$oid":"5cb552e5e0f627212ff3ae5c"},"stDate":"2017/12/14","teamAbbr":"SA","rank":3,"rankOrd":"3rd","gameWon":19,"gameLost":9,"stk":"L1","homeWin":13,"homeLoss":2,"awayWin":6,"awayLoss":7}
{"_id":{"$oid":"5cb552e5e0f627212ff3ae7b"},"stDate":"2017/12/15","teamAbbr":"SA","rank":3,"rankOrd":"3rd","gameWon":19,"gameLost":10,"stk":"L2","homeWin":13,"homeLoss":2,"awayWin":6,"awayLoss":8}
{"_id":{"$oid":"5cb552e5e0f627212ff3ae98"},"stDate":"2017/12/16","teamAbbr":"SA","rank":3,"rankOrd":"3rd","gameWon":20,"gameLost":10,"stk":"W1","homeWin":14,"homeLoss":2,"awayWin":6,"awayLoss":8}
{"_id":{"$oid":"5cb552e5e0f627212ff3aeb7"},"stDate":"2017/12/17","teamAbbr":"SA","rank":3,"rankOrd":"3rd","gameWon":20,"gameLost":10,"stk":"W1","homeWin":14,"homeLoss":2,"awayWin":6,"awayLoss":8}
{"_id":{"$oid":"5cb552e5e0f627212ff3aed4"},"stDate":"2017/12/18","teamAbbr":"SA","rank":3,"rankOrd":"3rd","gameWon":21,"gameLost":10,"stk":"W2","homeWin":15,"homeLoss":2,"awayWin":6,"awayLoss":8}
{"_id":{"$oid":"5cb552e5e0f627212ff3aef3"},"stDate":"2017/12/19","teamAbbr":"SA","rank":3,"rankOrd":"3rd","gameWon":21,"gameLost":10,"stk":"W2","homeWin":15,"homeLoss":2,"awayWin":6,"awayLoss":8}
{"_id":{"$oid":"5cb552e5e0f627212ff3af11"},"stDate":"2017/12/20","teamAbbr":"SA","rank":3,"rankOrd":"3rd","gameWon":22,"gameLost":10,"stk":"W3","homeWin":15,"homeLoss":2,"awayWin":7,"awayLoss":8}
{"_id":{"$oid":"5cb552e5e0f627212ff3af2d"},"stDate":"2017/12/21","teamAbbr":"SA","rank":3,"rankOrd":"3rd","gameWon":22,"gameLost":11,"stk":"L1","homeWin":15,"homeLoss":2,"awayWin":7,"awayLoss":9}
{"_id":{"$oid":"5cb552e5e0f627212ff3af4d"},"stDate":"2017/12/22","teamAbbr":"SA","rank":3,"rankOrd":"3rd","gameWon":22,"gameLost":11,"stk":"L1","homeWin":15,"homeLoss":2,"awayWin":7,"awayLoss":9}
{"_id":{"$oid":"5cb552e5e0f627212ff3af6b"},"stDate":"2017/12/23","teamAbbr":"SA","rank":3,"rankOrd":"3rd","gameWon":23,"gameLost":11,"stk":"W1","homeWin":15,"homeLoss":2,"awayWin":8,"awayLoss":9}
{"_id":{"$oid":"5cb552e5e0f627212ff3af8b"},"stDate":"2017/12/25","teamAbbr":"SA","rank":3,"rankOrd":"3rd","gameWon":23,"gameLost":11,"stk":"W1","homeWin":15,"homeLoss":2,"awayWin":8,"awayLoss":9}
{"_id":{"$oid":"5cb552e5e0f627212ff3afa8"},"stDate":"2017/12/26","teamAbbr":"SA","rank":3,"rankOrd":"3rd","gameWon":24,"gameLost":11,"stk":"W2","homeWin":16,"homeLoss":2,"awayWin":8,"awayLoss":9}
{"_id":{"$oid":"5cb552e5e0f627212ff3afc6"},"stDate":"2017/12/27","teamAbbr":"SA","rank":3,"rankOrd":"3rd","gameWon":24,"gameLost":11,"stk":"W2","homeWin":16,"homeLoss":2,"awayWin":8,"awayLoss":9}
{"_id":{"$oid":"5cb552e5e0f627212ff3afe4"},"stDate":"2017/12/28","teamAbbr":"SA","rank":3,"rankOrd":"3rd","gameWon":25,"gameLost":11,"stk":"W3","homeWin":17,"homeLoss":2,"awayWin":8,"awayLoss":9}
{"_id":{"$oid":"5cb552e5e0f627212ff3affc"},"stDate":"2017/12/29","teamAbbr":"SA","rank":3,"rankOrd":"3rd","gameWon":25,"gameLost":11,"stk":"W3","homeWin":17,"homeLoss":2,"awayWin":8,"awayLoss":9}
{"_id":{"$oid":"5cb552e5e0f627212ff3b020"},"stDate":"2017/12/30","teamAbbr":"SA","rank":3,"rankOrd":"3rd","gameWon":25,"gameLost":12,"stk":"L1","homeWin":17,"homeLoss":2,"awayWin":8,"awayLoss":10}
{"_id":{"$oid":"5cb552e5e0f627212ff3b03e"},"stDate":"2017/12/31","teamAbbr":"SA","rank":3,"rankOrd":"3rd","gameWon":25,"gameLost":12,"stk":"L1","homeWin":17,"homeLoss":2,"awayWin":8,"awayLoss":10}
{"_id":{"$oid":"5cb552e5e0f627212ff3b06a"},"stDate":"2018/1/1","teamAbbr":"SA","rank":3,"rankOrd":"3rd","gameWon":25,"gameLost":12,"stk":"L1","homeWin":17,"homeLoss":2,"awayWin":8,"awayLoss":10}
{"_id":{"$oid":"5cb552e5e0f627212ff3b07a"},"stDate":"2018/1/2","teamAbbr":"SA","rank":3,"rankOrd":"3rd","gameWon":26,"gameLost":12,"stk":"W1","homeWin":17,"homeLoss":2,"awayWin":9,"awayLoss":10}
{"_id":{"$oid":"5cb552e5e0f627212ff3b098"},"stDate":"2018/1/3","teamAbbr":"SA","rank":3,"rankOrd":"3rd","gameWon":26,"gameLost":13,"stk":"L1","homeWin":17,"homeLoss":2,"awayWin":9,"awayLoss":11}
{"_id":{"$oid":"5cb552e5e0f627212ff3b0d1"},"stDate":"2018/1/5","teamAbbr":"SA","rank":3,"rankOrd":"3rd","gameWon":27,"gameLost":13,"stk":"W1","homeWin":18,"homeLoss":2,"awayWin":9,"awayLoss":11}
{"_id":{"$oid":"5cb552e5e0f627212ff3b0d8"},"stDate":"2018/1/4","teamAbbr":"SA","rank":3,"rankOrd":"3rd","gameWon":26,"gameLost":13,"stk":"L1","homeWin":17,"homeLoss":2,"awayWin":9,"awayLoss":11}
{"_id":{"$oid":"5cb552e5e0f627212ff3b0f1"},"stDate":"2018/1/6","teamAbbr":"SA","rank":3,"rankOrd":"3rd","gameWon":27,"gameLost":13,"stk":"W1","homeWin":18,"homeLoss":2,"awayWin":9,"awayLoss":11}
{"_id":{"$oid":"5cb552e5e0f627212ff3b110"},"stDate":"2018/1/7","teamAbbr":"SA","rank":3,"rankOrd":"3rd","gameWon":27,"gameLost":14,"stk":"L1","homeWin":18,"homeLoss":2,"awayWin":9,"awayLoss":12}
{"_id":{"$oid":"5cb552e5e0f627212ff3b127"},"stDate":"2018/1/8","teamAbbr":"SA","rank":3,"rankOrd":"3rd","gameWon":28,"gameLost":14,"stk":"W1","homeWin":18,"homeLoss":2,"awayWin":10,"awayLoss":12}
{"_id":{"$oid":"5cb552e5e0f627212ff3b14c"},"stDate":"2018/1/9","teamAbbr":"SA","rank":3,"rankOrd":"3rd","gameWon":28,"gameLost":14,"stk":"W1","homeWin":18,"homeLoss":2,"awayWin":10,"awayLoss":12}
{"_id":{"$oid":"5cb552e5e0f627212ff3b16a"},"stDate":"2018/1/10","teamAbbr":"SA","rank":3,"rankOrd":"3rd","gameWon":28,"gameLost":14,"stk":"W1","homeWin":18,"homeLoss":2,"awayWin":10,"awayLoss":12}
{"_id":{"$oid":"5cb552e5e0f627212ff3b186"},"stDate":"2018/1/11","teamAbbr":"SA","rank":3,"rankOrd":"3rd","gameWon":28,"gameLost":15,"stk":"L1","homeWin":18,"homeLoss":2,"awayWin":10,"awayLoss":13}
{"_id":{"$oid":"5cb552e5e0f627212ff3b1a0"},"stDate":"2018/1/12","teamAbbr":"SA","rank":3,"rankOrd":"3rd","gameWon":28,"gameLost":15,"stk":"L1","homeWin":18,"homeLoss":2,"awayWin":10,"awayLoss":13}
{"_id":{"$oid":"5cb552e5e0f627212ff3b1c4"},"stDate":"2018/1/13","teamAbbr":"SA","rank":3,"rankOrd":"3rd","gameWon":29,"gameLost":15,"stk":"W1","homeWin":19,"homeLoss":2,"awayWin":10,"awayLoss":13}
{"_id":{"$oid":"5cb552e5e0f627212ff3b1e2"},"stDate":"2018/1/14","teamAbbr":"SA","rank":3,"rankOrd":"3rd","gameWon":29,"gameLost":15,"stk":"W1","homeWin":19,"homeLoss":2,"awayWin":10,"awayLoss":13}
{"_id":{"$oid":"5cb552e5e0f627212ff3b200"},"stDate":"2018/1/15","teamAbbr":"SA","rank":3,"rankOrd":"3rd","gameWon":29,"gameLost":16,"stk":"L1","homeWin":19,"homeLoss":2,"awayWin":10,"awayLoss":14}
{"_id":{"$oid":"5cb552e5e0f627212ff3b21e"},"stDate":"2018/1/16","teamAbbr":"SA","rank":3,"rankOrd":"3rd","gameWon":29,"gameLost":16,"stk":"L1","homeWin":19,"homeLoss":2,"awayWin":10,"awayLoss":14}
{"_id":{"$oid":"5cb552e5e0f627212ff3b23c"},"stDate":"2018/1/17","teamAbbr":"SA","rank":3,"rankOrd":"3rd","gameWon":30,"gameLost":16,"stk":"W1","homeWin":19,"homeLoss":2,"awayWin":11,"awayLoss":14}
{"_id":{"$oid":"5cb552e5e0f627212ff3b259"},"stDate":"2018/1/18","teamAbbr":"SA","rank":3,"rankOrd":"3rd","gameWon":30,"gameLost":16,"stk":"W1","homeWin":19,"homeLoss":2,"awayWin":11,"awayLoss":14}
{"_id":{"$oid":"5cb552e5e0f627212ff3b278"},"stDate":"2018/1/19","teamAbbr":"SA","rank":3,"rankOrd":"3rd","gameWon":30,"gameLost":17,"stk":"L1","homeWin":19,"homeLoss":2,"awayWin":11,"awayLoss":15}
{"_id":{"$oid":"5cb552e5e0f627212ff3b294"},"stDate":"2018/1/20","teamAbbr":"SA","rank":3,"rankOrd":"3rd","gameWon":30,"gameLost":17,"stk":"L1","homeWin":19,"homeLoss":2,"awayWin":11,"awayLoss":15}
{"_id":{"$oid":"5cb552e5e0f627212ff3b2ba"},"stDate":"2018/1/21","teamAbbr":"SA","rank":3,"rankOrd":"3rd","gameWon":30,"gameLost":18,"stk":"L2","homeWin":19,"homeLoss":3,"awayWin":11,"awayLoss":15}
{"_id":{"$oid":"5cb552e5e0f627212ff3b2d1"},"stDate":"2018/1/22","teamAbbr":"SA","rank":4,"rankOrd":"4th","gameWon":30,"gameLost":18,"stk":"L2","homeWin":19,"homeLoss":3,"awayWin":11,"awayLoss":15}
{"_id":{"$oid":"5cb552e5e0f627212ff3b2f0"},"stDate":"2018/1/23","teamAbbr":"SA","rank":3,"rankOrd":"3rd","gameWon":31,"gameLost":18,"stk":"W1","homeWin":20,"homeLoss":3,"awayWin":11,"awayLoss":15}
{"_id":{"$oid":"5cb552e5e0f627212ff3b30e"},"stDate":"2018/1/24","teamAbbr":"SA","rank":3,"rankOrd":"3rd","gameWon":32,"gameLost":18,"stk":"W2","homeWin":20,"homeLoss":3,"awayWin":12,"awayLoss":15}
{"_id":{"$oid":"5cb552e5e0f627212ff3b32c"},"stDate":"2018/1/25","teamAbbr":"SA","rank":3,"rankOrd":"3rd","gameWon":32,"gameLost":18,"stk":"W2","homeWin":20,"homeLoss":3,"awayWin":12,"awayLoss":15}
{"_id":{"$oid":"5cb552e5e0f627212ff3b34a"},"stDate":"2018/1/26","teamAbbr":"SA","rank":3,"rankOrd":"3rd","gameWon":32,"gameLost":19,"stk":"L1","homeWin":20,"homeLoss":4,"awayWin":12,"awayLoss":15}
{"_id":{"$oid":"5cb552e5e0f627212ff3b369"},"stDate":"2018/1/27","teamAbbr":"SA","rank":3,"rankOrd":"3rd","gameWon":32,"gameLost":19,"stk":"L1","homeWin":20,"homeLoss":4,"awayWin":12,"awayLoss":15}
{"_id":{"$oid":"5cb552e5e0f627212ff3b385"},"stDate":"2018/1/28","teamAbbr":"SA","rank":3,"rankOrd":"3rd","gameWon":33,"gameLost":19,"stk":"W1","homeWin":21,"homeLoss":4,"awayWin":12,"awayLoss":15}
{"_id":{"$oid":"5cb552e5e0f627212ff3b3a6"},"stDate":"2018/1/29","teamAbbr":"SA","rank":3,"rankOrd":"3rd","gameWon":33,"gameLost":19,"stk":"W1","homeWin":21,"homeLoss":4,"awayWin":12,"awayLoss":15}
{"_id":{"$oid":"5cb552e5e0f627212ff3b3c2"},"stDate":"2018/1/30","teamAbbr":"SA","rank":3,"rankOrd":"3rd","gameWon":34,"gameLost":19,"stk":"W2","homeWin":22,"homeLoss":4,"awayWin":12,"awayLoss":15}
{"_id":{"$oid":"5cb552e5e0f627212ff3b3da"},"stDate":"2018/1/31","teamAbbr":"SA","rank":3,"rankOrd":"3rd","gameWon":34,"gameLost":19,"stk":"W2","homeWin":22,"homeLoss":4,"awayWin":12,"awayLoss":15}
{"_id":{"$oid":"5cb552e5e0f627212ff3b3fe"},"stDate":"2018/2/1","teamAbbr":"SA","rank":3,"rankOrd":"3rd","gameWon":34,"gameLost":20,"stk":"L1","homeWin":22,"homeLoss":5,"awayWin":12,"awayLoss":15}
{"_id":{"$oid":"5cb552e5e0f627212ff3b41f"},"stDate":"2018/2/2","teamAbbr":"SA","rank":3,"rankOrd":"3rd","gameWon":34,"gameLost":20,"stk":"L1","homeWin":22,"homeLoss":5,"awayWin":12,"awayLoss":15}
{"_id":{"$oid":"5cb552e5e0f627212ff3b44b"},"stDate":"2018/2/3","teamAbbr":"SA","rank":3,"rankOrd":"3rd","gameWon":34,"gameLost":21,"stk":"L2","homeWin":22,"homeLoss":6,"awayWin":12,"awayLoss":15}
{"_id":{"$oid":"5cb552e5e0f627212ff3b458"},"stDate":"2018/2/4","teamAbbr":"SA","rank":3,"rankOrd":"3rd","gameWon":34,"gameLost":21,"stk":"L2","homeWin":22,"homeLoss":6,"awayWin":12,"awayLoss":15}
{"_id":{"$oid":"5cb552e5e0f627212ff3b476"},"stDate":"2018/2/5","teamAbbr":"SA","rank":3,"rankOrd":"3rd","gameWon":34,"gameLost":21,"stk":"L2","homeWin":22,"homeLoss":6,"awayWin":12,"awayLoss":15}
{"_id":{"$oid":"5cb552e5e0f627212ff3b496"},"stDate":"2018/2/6","teamAbbr":"SA","rank":3,"rankOrd":"3rd","gameWon":34,"gameLost":21,"stk":"L2","homeWin":22,"homeLoss":6,"awayWin":12,"awayLoss":15}
{"_id":{"$oid":"5cb552e5e0f627212ff3b4b2"},"stDate":"2018/2/7","teamAbbr":"SA","rank":3,"rankOrd":"3rd","gameWon":35,"gameLost":21,"stk":"W1","homeWin":22,"homeLoss":6,"awayWin":13,"awayLoss":15}
{"_id":{"$oid":"5cb552e5e0f627212ff3b4d1"},"stDate":"2018/2/8","teamAbbr":"SA","rank":3,"rankOrd":"3rd","gameWon":35,"gameLost":21,"stk":"W1","homeWin":22,"homeLoss":6,"awayWin":13,"awayLoss":15}
{"_id":{"$oid":"5cb552e5e0f627212ff3b4ee"},"stDate":"2018/2/9","teamAbbr":"SA","rank":3,"rankOrd":"3rd","gameWon":35,"gameLost":21,"stk":"W1","homeWin":22,"homeLoss":6,"awayWin":13,"awayLoss":15}
{"_id":{"$oid":"5cb552e5e0f627212ff3b50d"},"stDate":"2018/2/10","teamAbbr":"SA","rank":3,"rankOrd":"3rd","gameWon":35,"gameLost":22,"stk":"L1","homeWin":22,"homeLoss":6,"awayWin":13,"awayLoss":16}
{"_id":{"$oid":"5cb552e5e0f627212ff3b52d"},"stDate":"2018/2/11","teamAbbr":"SA","rank":3,"rankOrd":"3rd","gameWon":35,"gameLost":22,"stk":"L1","homeWin":22,"homeLoss":6,"awayWin":13,"awayLoss":16}
{"_id":{"$oid":"5cb552e5e0f627212ff3b557"},"stDate":"2018/2/12","teamAbbr":"SA","rank":3,"rankOrd":"3rd","gameWon":35,"gameLost":23,"stk":"L2","homeWin":22,"homeLoss":6,"awayWin":13,"awayLoss":17}
{"_id":{"$oid":"5cb552e5e0f627212ff3b565"},"stDate":"2018/2/13","teamAbbr":"SA","rank":3,"rankOrd":"3rd","gameWon":35,"gameLost":24,"stk":"L3","homeWin":22,"homeLoss":6,"awayWin":13,"awayLoss":18}
{"_id":{"$oid":"5cb552e5e0f627212ff3b585"},"stDate":"2018/2/14","teamAbbr":"SA","rank":3,"rankOrd":"3rd","gameWon":35,"gameLost":24,"stk":"L3","homeWin":22,"homeLoss":6,"awayWin":13,"awayLoss":18}
{"_id":{"$oid":"5cb552e5e0f627212ff3b5a3"},"stDate":"2018/2/15","teamAbbr":"SA","rank":3,"rankOrd":"3rd","gameWon":35,"gameLost":24,"stk":"L3","homeWin":22,"homeLoss":6,"awayWin":13,"awayLoss":18}
{"_id":{"$oid":"5cb552e5e0f627212ff3b5c0"},"stDate":"2018/2/22","teamAbbr":"SA","rank":3,"rankOrd":"3rd","gameWon":35,"gameLost":24,"stk":"L3","homeWin":22,"homeLoss":6,"awayWin":13,"awayLoss":18}
{"_id":{"$oid":"5cb552e5e0f627212ff3b5df"},"stDate":"2018/2/23","teamAbbr":"SA","rank":3,"rankOrd":"3rd","gameWon":35,"gameLost":25,"stk":"L4","homeWin":22,"homeLoss":6,"awayWin":13,"awayLoss":19}
{"_id":{"$oid":"5cb552e5e0f627212ff3b5fd"},"stDate":"2018/2/24","teamAbbr":"SA","rank":4,"rankOrd":"4th","gameWon":35,"gameLost":25,"stk":"L4","homeWin":22,"homeLoss":6,"awayWin":13,"awayLoss":19}
{"_id":{"$oid":"5cb552e5e0f627212ff3b61b"},"stDate":"2018/2/25","teamAbbr":"SA","rank":3,"rankOrd":"3rd","gameWon":36,"gameLost":25,"stk":"W1","homeWin":22,"homeLoss":6,"awayWin":14,"awayLoss":19}
{"_id":{"$oid":"5cb552e5e0f627212ff3b638"},"stDate":"2018/2/26","teamAbbr":"SA","rank":4,"rankOrd":"4th","gameWon":36,"gameLost":25,"stk":"W1","homeWin":22,"homeLoss":6,"awayWin":14,"awayLoss":19}
{"_id":{"$oid":"5cb552e5e0f627212ff3b657"},"stDate":"2018/2/27","teamAbbr":"SA","rank":4,"rankOrd":"4th","gameWon":36,"gameLost":25,"stk":"W1","homeWin":22,"homeLoss":6,"awayWin":14,"awayLoss":19}
{"_id":{"$oid":"5cb552e5e0f627212ff3b674"},"stDate":"2018/2/28","teamAbbr":"SA","rank":4,"rankOrd":"4th","gameWon":36,"gameLost":26,"stk":"L1","homeWin":22,"homeLoss":7,"awayWin":14,"awayLoss":19}
{"_id":{"$oid":"5cb552e5e0f627212ff3b694"},"stDate":"2018/3/1","teamAbbr":"SA","rank":4,"rankOrd":"4th","gameWon":36,"gameLost":26,"stk":"L1","homeWin":22,"homeLoss":7,"awayWin":14,"awayLoss":19}
{"_id":{"$oid":"5cb552e5e0f627212ff3b6b2"},"stDate":"2018/3/2","teamAbbr":"SA","rank":3,"rankOrd":"3rd","gameWon":36,"gameLost":26,"stk":"L1","homeWin":22,"homeLoss":7,"awayWin":14,"awayLoss":19}
{"_id":{"$oid":"5cb552e5e0f627212ff3b6cf"},"stDate":"2018/3/3","teamAbbr":"SA","rank":5,"rankOrd":"5th","gameWon":36,"gameLost":27,"stk":"L2","homeWin":22,"homeLoss":8,"awayWin":14,"awayLoss":19}
{"_id":{"$oid":"5cb552e5e0f627212ff3b6f8"},"stDate":"2018/3/4","teamAbbr":"SA","rank":6,"rankOrd":"6th","gameWon":36,"gameLost":27,"stk":"L2","homeWin":22,"homeLoss":8,"awayWin":14,"awayLoss":19}
{"_id":{"$oid":"5cb552e5e0f627212ff3b705"},"stDate":"2018/3/5","teamAbbr":"SA","rank":4,"rankOrd":"4th","gameWon":37,"gameLost":27,"stk":"W1","homeWin":23,"homeLoss":8,"awayWin":14,"awayLoss":19}
{"_id":{"$oid":"5cb552e5e0f627212ff3b729"},"stDate":"2018/3/6","teamAbbr":"SA","rank":5,"rankOrd":"5th","gameWon":37,"gameLost":27,"stk":"W1","homeWin":23,"homeLoss":8,"awayWin":14,"awayLoss":19}
{"_id":{"$oid":"5cb552e5e0f627212ff3b748"},"stDate":"2018/3/7","teamAbbr":"SA","rank":5,"rankOrd":"5th","gameWon":37,"gameLost":27,"stk":"W1","homeWin":23,"homeLoss":8,"awayWin":14,"awayLoss":19}
{"_id":{"$oid":"5cb552e5e0f627212ff3b766"},"stDate":"2018/3/8","teamAbbr":"SA","rank":5,"rankOrd":"5th","gameWon":37,"gameLost":28,"stk":"L1","homeWin":23,"homeLoss":8,"awayWin":14,"awayLoss":20}
{"_id":{"$oid":"5cb552e5e0f627212ff3b784"},"stDate":"2018/3/9","teamAbbr":"SA","rank":5,"rankOrd":"5th","gameWon":37,"gameLost":28,"stk":"L1","homeWin":23,"homeLoss":8,"awayWin":14,"awayLoss":20}
{"_id":{"$oid":"5cb552e5e0f627212ff3b7a2"},"stDate":"2018/3/10","teamAbbr":"SA","rank":7,"rankOrd":"7th","gameWon":37,"gameLost":29,"stk":"L2","homeWin":23,"homeLoss":8,"awayWin":14,"awayLoss":21}
{"_id":{"$oid":"5cb552e5e0f627212ff3b7c0"},"stDate":"2018/3/11","teamAbbr":"SA","rank":7,"rankOrd":"7th","gameWon":37,"gameLost":29,"stk":"L2","homeWin":23,"homeLoss":8,"awayWin":14,"awayLoss":21}
{"_id":{"$oid":"5cb552e5e0f627212ff3b7de"},"stDate":"2018/3/12","teamAbbr":"SA","rank":7,"rankOrd":"7th","gameWon":37,"gameLost":30,"stk":"L3","homeWin":23,"homeLoss":8,"awayWin":14,"awayLoss":22}
{"_id":{"$oid":"5cb552e5e0f627212ff3b7fc"},"stDate":"2018/3/13","teamAbbr":"SA","rank":7,"rankOrd":"7th","gameWon":38,"gameLost":30,"stk":"W1","homeWin":24,"homeLoss":8,"awayWin":14,"awayLoss":22}
{"_id":{"$oid":"5cb552e5e0f627212ff3b819"},"stDate":"2018/3/14","teamAbbr":"SA","rank":7,"rankOrd":"7th","gameWon":38,"gameLost":30,"stk":"W1","homeWin":24,"homeLoss":8,"awayWin":14,"awayLoss":22}
{"_id":{"$oid":"5cb552e5e0f627212ff3b837"},"stDate":"2018/3/15","teamAbbr":"SA","rank":7,"rankOrd":"7th","gameWon":39,"gameLost":30,"stk":"W2","homeWin":25,"homeLoss":8,"awayWin":14,"awayLoss":22}
{"_id":{"$oid":"5cb552e5e0f627212ff3b856"},"stDate":"2018/3/16","teamAbbr":"SA","rank":7,"rankOrd":"7th","gameWon":39,"gameLost":30,"stk":"W2","homeWin":25,"homeLoss":8,"awayWin":14,"awayLoss":22}
{"_id":{"$oid":"5cb552e5e0f627212ff3b874"},"stDate":"2018/3/17","teamAbbr":"SA","rank":5,"rankOrd":"5th","gameWon":40,"gameLost":30,"stk":"W3","homeWin":26,"homeLoss":8,"awayWin":14,"awayLoss":22}
{"_id":{"$oid":"5cb552e5e0f627212ff3b892"},"stDate":"2018/3/18","teamAbbr":"SA","rank":5,"rankOrd":"5th","gameWon":40,"gameLost":30,"stk":"W3","homeWin":26,"homeLoss":8,"awayWin":14,"awayLoss":22}
{"_id":{"$oid":"5cb552e5e0f627212ff3b8af"},"stDate":"2018/3/19","teamAbbr":"SA","rank":5,"rankOrd":"5th","gameWon":41,"gameLost":30,"stk":"W4","homeWin":27,"homeLoss":8,"awayWin":14,"awayLoss":22}
{"_id":{"$oid":"5cb552e5e0f627212ff3b8ce"},"stDate":"2018/3/20","teamAbbr":"SA","rank":5,"rankOrd":"5th","gameWon":41,"gameLost":30,"stk":"W4","homeWin":27,"homeLoss":8,"awayWin":14,"awayLoss":22}
{"_id":{"$oid":"5cb552e5e0f627212ff3b8ec"},"stDate":"2018/3/21","teamAbbr":"SA","rank":5,"rankOrd":"5th","gameWon":42,"gameLost":30,"stk":"W5","homeWin":28,"homeLoss":8,"awayWin":14,"awayLoss":22}
{"_id":{"$oid":"5cb552e5e0f627212ff3b90a"},"stDate":"2018/3/22","teamAbbr":"SA","rank":6,"rankOrd":"6th","gameWon":42,"gameLost":30,"stk":"W5","homeWin":28,"homeLoss":8,"awayWin":14,"awayLoss":22}
{"_id":{"$oid":"5cb552e5e0f627212ff3b921"},"stDate":"2018/3/23","teamAbbr":"SA","rank":5,"rankOrd":"5th","gameWon":43,"gameLost":30,"stk":"W6","homeWin":29,"homeLoss":8,"awayWin":14,"awayLoss":22}
{"_id":{"$oid":"5cb552e5e0f627212ff3b946"},"stDate":"2018/3/24","teamAbbr":"SA","rank":5,"rankOrd":"5th","gameWon":43,"gameLost":30,"stk":"W6","homeWin":29,"homeLoss":8,"awayWin":14,"awayLoss":22}
{"_id":{"$oid":"5cb552e5e0f627212ff3b964"},"stDate":"2018/3/25","teamAbbr":"SA","rank":5,"rankOrd":"5th","gameWon":43,"gameLost":31,"stk":"L1","homeWin":29,"homeLoss":8,"awayWin":14,"awayLoss":23}
{"_id":{"$oid":"5cb552e5e0f627212ff3b983"},"stDate":"2018/3/26","teamAbbr":"SA","rank":5,"rankOrd":"5th","gameWon":43,"gameLost":31,"stk":"L1","homeWin":29,"homeLoss":8,"awayWin":14,"awayLoss":23}
{"_id":{"$oid":"5cb552e5e0f627212ff3b9a0"},"stDate":"2018/3/27","teamAbbr":"SA","rank":5,"rankOrd":"5th","gameWon":43,"gameLost":32,"stk":"L2","homeWin":29,"homeLoss":8,"awayWin":14,"awayLoss":24}
{"_id":{"$oid":"5cb552e5e0f627212ff3b9be"},"stDate":"2018/3/28","teamAbbr":"SA","rank":5,"rankOrd":"5th","gameWon":43,"gameLost":32,"stk":"L2","homeWin":29,"homeLoss":8,"awayWin":14,"awayLoss":24}
{"_id":{"$oid":"5cb552e5e0f627212ff3b9da"},"stDate":"2018/3/29","teamAbbr":"SA","rank":4,"rankOrd":"4th","gameWon":44,"gameLost":32,"stk":"W1","homeWin":30,"homeLoss":8,"awayWin":14,"awayLoss":24}
{"_id":{"$oid":"5cb552e5e0f627212ff3b9fa"},"stDate":"2018/3/30","teamAbbr":"SA","rank":4,"rankOrd":"4th","gameWon":44,"gameLost":32,"stk":"W1","homeWin":30,"homeLoss":8,"awayWin":14,"awayLoss":24}
{"_id":{"$oid":"5cb552e5e0f627212ff3ba17"},"stDate":"2018/3/31","teamAbbr":"SA","rank":4,"rankOrd":"4th","gameWon":44,"gameLost":32,"stk":"W1","homeWin":30,"homeLoss":8,"awayWin":14,"awayLoss":24}
{"_id":{"$oid":"5cb552e5e0f627212ff3ba37"},"stDate":"2018/4/1","teamAbbr":"SA","rank":4,"rankOrd":"4th","gameWon":45,"gameLost":32,"stk":"W2","homeWin":31,"homeLoss":8,"awayWin":14,"awayLoss":24}
{"_id":{"$oid":"5cb552e5e0f627212ff3ba55"},"stDate":"2018/4/3","teamAbbr":"SA","rank":4,"rankOrd":"4th","gameWon":45,"gameLost":33,"stk":"L1","homeWin":31,"homeLoss":8,"awayWin":14,"awayLoss":25}
{"_id":{"$oid":"5cb552e5e0f627212ff3ba72"},"stDate":"2018/4/4","teamAbbr":"SA","rank":5,"rankOrd":"5th","gameWon":45,"gameLost":34,"stk":"L2","homeWin":31,"homeLoss":8,"awayWin":14,"awayLoss":26}
{"_id":{"$oid":"5cb552e5e0f627212ff3ba8f"},"stDate":"2018/4/5","teamAbbr":"SA","rank":5,"rankOrd":"5th","gameWon":45,"gameLost":34,"stk":"L2","homeWin":31,"homeLoss":8,"awayWin":14,"awayLoss":26}
{"_id":{"$oid":"5cb552e5e0f627212ff3baae"},"stDate":"2018/4/6","teamAbbr":"SA","rank":5,"rankOrd":"5th","gameWon":45,"gameLost":34,"stk":"L2","homeWin":31,"homeLoss":8,"awayWin":14,"awayLoss":26}
{"_id":{"$oid":"5cb552e5e0f627212ff3bacb"},"stDate":"2018/4/7","teamAbbr":"SA","rank":5,"rankOrd":"5th","gameWon":46,"gameLost":34,"stk":"W1","homeWin":32,"homeLoss":8,"awayWin":14,"awayLoss":26}
{"_id":{"$oid":"5cb552e5e0f627212ff3baea"},"stDate":"2018/4/8","teamAbbr":"SA","rank":5,"rankOrd":"5th","gameWon":46,"gameLost":34,"stk":"W1","homeWin":32,"homeLoss":8,"awayWin":14,"awayLoss":26}
{"_id":{"$oid":"5cb552e5e0f627212ff3bb08"},"stDate":"2018/4/9","teamAbbr":"SA","rank":5,"rankOrd":"5th","gameWon":47,"gameLost":34,"stk":"W2","homeWin":33,"homeLoss":8,"awayWin":14,"awayLoss":26}
{"_id":{"$oid":"5cb552e5e0f627212ff3bb27"},"stDate":"2018/4/10","teamAbbr":"SA","rank":5,"rankOrd":"5th","gameWon":47,"gameLost":34,"stk":"W2","homeWin":33,"homeLoss":8,"awayWin":14,"awayLoss":26}
{"_id":{"$oid":"5cb552e5e0f627212ff3bb44"},"stDate":"2018/4/11","teamAbbr":"SA","rank":7,"rankOrd":"7th","gameWon":47,"gameLost":35,"stk":"L1","homeWin":33,"homeLoss":8,"awayWin":14,"awayLoss":27}
