{"_id":{"$oid":"5cb552f6e0f627212ff3bb5b"},"gmDate":"2017/10/19","offLNm3":"Kirkland","offFNm3":"Courtney","teamAbbr":"TOR","teamConf":"East","teamLoc":"Home","teamRslt":"Win","teamPTS":117,"teamAST":26,"teamTO":17,"teamSTL":10,"teamBLK":4,"teamPF":19,"teamFGA":83,"teamFGM":39,"team2PA":54,"team2PM":26,"team3PA":29,"team3PM":13,"teamFTA":28,"teamFTM":26,"teamORB":13,"teamDRB":36,"teamPTS1":25,"teamPTS2":33,"teamPTS3":26,"teamPTS4":33,"teamPTS5":0,"teamPTS6":0,"teamPTS7":0,"teamPTS8":0,"opptAbbr":"CHI","opptConf":"East","opptLoc":"Away","opptRslt":"Loss","opptPTS":101,"opptAST":22,"opptTO":19,"opptSTL":7,"opptBLK":2,"opptPF":23,"opptFGA":89,"opptFGM":37,"oppt2PA":56,"oppt2PM":26,"oppt3PA":33,"oppt3PM":11,"opptFTA":19,"opptFTM":16,"opptORB":10,"opptDRB":29,"opptPTS1":23,"opptPTS2":14,"opptPTS3":27,"opptPTS4":37,"opptPTS5":0,"opptPTS6":0,"opptPTS7":0,"opptPTS8":0}
{"_id":{"$oid":"5cb552f6e0f627212ff3bb68"},"gmDate":"2017/10/21","offLNm3":"Spooner","offFNm3":"Bill","teamAbbr":"TOR","teamConf":"East","teamLoc":"Home","teamRslt":"Win","teamPTS":128,"teamAST":23,"teamTO":13,"teamSTL":5,"teamBLK":10,"teamPF":29,"teamFGA":89,"teamFGM":42,"team2PA":45,"team2PM":29,"team3PA":44,"team3PM":13,"teamFTA":37,"teamFTM":31,"teamORB":8,"teamDRB":43,"teamPTS1":36,"teamPTS2":26,"teamPTS3":40,"teamPTS4":26,"teamPTS5":0,"teamPTS6":0,"teamPTS7":0,"teamPTS8":0,"opptAbbr":"PHI","opptConf":"East","opptLoc":"Away","opptRslt":"Loss","opptPTS":94,"opptAST":18,"opptTO":20,"opptSTL":5,"opptBLK":4,"opptPF":26,"opptFGA":82,"opptFGM":32,"oppt2PA":58,"oppt2PM":24,"oppt3PA":24,"oppt3PM":8,"opptFTA":36,"opptFTM":22,"opptORB":8,"opptDRB":33,"opptPTS1":19,"opptPTS2":30,"opptPTS3":22,"opptPTS4":23,"opptPTS5":0,"opptPTS6":0,"opptPTS7":0,"opptPTS8":0}
{"_id":{"$oid":"5cb552f6e0f627212ff3bb7b"},"gmDate":"2017/10/23","offLNm3":"Smith","offFNm3":"Michael","teamAbbr":"SA","teamConf":"West","teamLoc":"Home","teamRslt":"Win","teamPTS":101,"teamAST":19,"teamTO":20,"teamSTL":4,"teamBLK":12,"teamPF":22,"teamFGA":90,"teamFGM":40,"team2PA":70,"team2PM":35,"team3PA":20,"team3PM":5,"teamFTA":23,"teamFTM":16,"teamORB":18,"teamDRB":37,"teamPTS1":21,"teamPTS2":29,"teamPTS3":25,"teamPTS4":26,"teamPTS5":0,"teamPTS6":0,"teamPTS7":0,"teamPTS8":0,"opptAbbr":"TOR","opptConf":"East","opptLoc":"Away","opptRslt":"Loss","opptPTS":97,"opptAST":17,"opptTO":15,"opptSTL":11,"opptBLK":4,"opptPF":30,"opptFGA":80,"opptFGM":34,"oppt2PA":43,"oppt2PM":24,"oppt3PA":37,"oppt3PM":10,"opptFTA":24,"opptFTM":19,"opptORB":5,"opptDRB":29,"opptPTS1":23,"opptPTS2":27,"opptPTS3":24,"opptPTS4":23,"opptPTS5":0,"opptPTS6":0,"opptPTS7":0,"opptPTS8":0}
{"_id":{"$oid":"5cb552f6e0f627212ff3bb8c"},"gmDate":"2017/10/25","offLNm3":"Cutler","offFNm3":"Kevin","teamAbbr":"GS","teamConf":"West","teamLoc":"Home","teamRslt":"Win","teamPTS":117,"teamAST":32,"teamTO":17,"teamSTL":10,"teamBLK":7,"teamPF":15,"teamFGA":77,"teamFGM":43,"team2PA":51,"team2PM":31,"team3PA":26,"team3PM":12,"teamFTA":22,"teamFTM":19,"teamORB":6,"teamDRB":31,"teamPTS1":29,"teamPTS2":32,"teamPTS3":30,"teamPTS4":26,"teamPTS5":0,"teamPTS6":0,"teamPTS7":0,"teamPTS8":0,"opptAbbr":"TOR","opptConf":"East","opptLoc":"Away","opptRslt":"Loss","opptPTS":112,"opptAST":30,"opptTO":18,"opptSTL":10,"opptBLK":6,"opptPF":16,"opptFGA":94,"opptFGM":43,"oppt2PA":60,"oppt2PM":35,"oppt3PA":34,"oppt3PM":8,"opptFTA":19,"opptFTM":18,"opptORB":17,"opptDRB":25,"opptPTS1":26,"opptPTS2":27,"opptPTS3":33,"opptPTS4":26,"opptPTS5":0,"opptPTS6":0,"opptPTS7":0,"opptPTS8":0}
{"_id":{"$oid":"5cb552f6e0f627212ff3bb99"},"gmDate":"2017/10/27","offLNm3":"Wall","offFNm3":"Scott","teamAbbr":"LAL","teamConf":"West","teamLoc":"Home","teamRslt":"Loss","teamPTS":92,"teamAST":20,"teamTO":21,"teamSTL":7,"teamBLK":6,"teamPF":22,"teamFGA":79,"teamFGM":36,"team2PA":56,"team2PM":33,"team3PA":23,"team3PM":3,"teamFTA":24,"teamFTM":17,"teamORB":9,"teamDRB":40,"teamPTS1":26,"teamPTS2":25,"teamPTS3":20,"teamPTS4":21,"teamPTS5":0,"teamPTS6":0,"teamPTS7":0,"teamPTS8":0,"opptAbbr":"TOR","opptConf":"East","opptLoc":"Away","opptRslt":"Win","opptPTS":101,"opptAST":27,"opptTO":14,"opptSTL":12,"opptBLK":4,"opptPF":24,"opptFGA":93,"opptFGM":40,"oppt2PA":64,"oppt2PM":33,"oppt3PA":29,"oppt3PM":7,"opptFTA":20,"opptFTM":14,"opptORB":9,"opptDRB":31,"opptPTS1":19,"opptPTS2":26,"opptPTS3":27,"opptPTS4":29,"opptPTS5":0,"opptPTS6":0,"opptPTS7":0,"opptPTS8":0}
{"_id":{"$oid":"5cb552f6e0f627212ff3bbaf"},"gmDate":"2017/10/30","offLNm3":"McCutchen","offFNm3":"Monty","teamAbbr":"POR","teamConf":"West","teamLoc":"Home","teamRslt":"Loss","teamPTS":85,"teamAST":13,"teamTO":13,"teamSTL":5,"teamBLK":7,"teamPF":15,"teamFGA":80,"teamFGM":31,"team2PA":54,"team2PM":23,"team3PA":26,"team3PM":8,"teamFTA":19,"teamFTM":15,"teamORB":6,"teamDRB":32,"teamPTS1":29,"teamPTS2":6,"teamPTS3":26,"teamPTS4":24,"teamPTS5":0,"teamPTS6":0,"teamPTS7":0,"teamPTS8":0,"opptAbbr":"TOR","opptConf":"East","opptLoc":"Away","opptRslt":"Win","opptPTS":99,"opptAST":17,"opptTO":10,"opptSTL":10,"opptBLK":9,"opptPF":14,"opptFGA":87,"opptFGM":39,"oppt2PA":63,"oppt2PM":31,"oppt3PA":24,"oppt3PM":8,"opptFTA":17,"opptFTM":13,"opptORB":8,"opptDRB":39,"opptPTS1":29,"opptPTS2":25,"opptPTS3":27,"opptPTS4":18,"opptPTS5":0,"opptPTS6":0,"opptPTS7":0,"opptPTS8":0}
{"_id":{"$oid":"5cb552f6e0f627212ff3bbbf"},"gmDate":"2017/11/1","offLNm3":"Washington","offFNm3":"Tom","teamAbbr":"DEN","teamConf":"West","teamLoc":"Home","teamRslt":"Win","teamPTS":129,"teamAST":35,"teamTO":12,"teamSTL":9,"teamBLK":4,"teamPF":20,"teamFGA":88,"teamFGM":47,"team2PA":56,"team2PM":31,"team3PA":32,"team3PM":16,"teamFTA":29,"teamFTM":19,"teamORB":9,"teamDRB":34,"teamPTS1":34,"teamPTS2":26,"teamPTS3":43,"teamPTS4":26,"teamPTS5":0,"teamPTS6":0,"teamPTS7":0,"teamPTS8":0,"opptAbbr":"TOR","opptConf":"East","opptLoc":"Away","opptRslt":"Loss","opptPTS":111,"opptAST":20,"opptTO":14,"opptSTL":7,"opptBLK":4,"opptPF":25,"opptFGA":85,"opptFGM":42,"oppt2PA":54,"oppt2PM":31,"oppt3PA":31,"oppt3PM":11,"opptFTA":25,"opptFTM":16,"opptORB":9,"opptDRB":29,"opptPTS1":19,"opptPTS2":27,"opptPTS3":25,"opptPTS4":40,"opptPTS5":0,"opptPTS6":0,"opptPTS7":0,"opptPTS8":0}
{"_id":{"$oid":"5cb552f6e0f627212ff3bbce"},"gmDate":"2017/11/3","offLNm3":"Ayotte","offFNm3":"Mark","teamAbbr":"UTA","teamConf":"West","teamLoc":"Home","teamRslt":"Loss","teamPTS":100,"teamAST":11,"teamTO":14,"teamSTL":9,"teamBLK":5,"teamPF":25,"teamFGA":80,"teamFGM":35,"team2PA":57,"team2PM":27,"team3PA":23,"team3PM":8,"teamFTA":24,"teamFTM":22,"teamORB":10,"teamDRB":23,"teamPTS1":26,"teamPTS2":28,"teamPTS3":28,"teamPTS4":18,"teamPTS5":0,"teamPTS6":0,"teamPTS7":0,"teamPTS8":0,"opptAbbr":"TOR","opptConf":"East","opptLoc":"Away","opptRslt":"Win","opptPTS":109,"opptAST":20,"opptTO":17,"opptSTL":9,"opptBLK":4,"opptPF":27,"opptFGA":71,"opptFGM":38,"oppt2PA":41,"oppt2PM":27,"oppt3PA":30,"oppt3PM":11,"opptFTA":28,"opptFTM":22,"opptORB":5,"opptDRB":34,"opptPTS1":29,"opptPTS2":24,"opptPTS3":36,"opptPTS4":20,"opptPTS5":0,"opptPTS6":0,"opptPTS7":0,"opptPTS8":0}
{"_id":{"$oid":"5cb552f6e0f627212ff3bbd8"},"gmDate":"2017/11/5","offLNm3":"DeRosa","offFNm3":"Joe","teamAbbr":"TOR","teamConf":"East","teamLoc":"Home","teamRslt":"Loss","teamPTS":96,"teamAST":17,"teamTO":13,"teamSTL":7,"teamBLK":8,"teamPF":24,"teamFGA":80,"teamFGM":37,"team2PA":56,"team2PM":32,"team3PA":24,"team3PM":5,"teamFTA":27,"teamFTM":17,"teamORB":9,"teamDRB":27,"teamPTS1":17,"teamPTS2":29,"teamPTS3":30,"teamPTS4":20,"teamPTS5":0,"teamPTS6":0,"teamPTS7":0,"teamPTS8":0,"opptAbbr":"WAS","opptConf":"East","opptLoc":"Away","opptRslt":"Win","opptPTS":107,"opptAST":19,"opptTO":17,"opptSTL":9,"opptBLK":3,"opptPF":26,"opptFGA":85,"opptFGM":40,"oppt2PA":62,"oppt2PM":29,"oppt3PA":23,"oppt3PM":11,"opptFTA":23,"opptFTM":16,"opptORB":11,"opptDRB":35,"opptPTS1":32,"opptPTS2":30,"opptPTS3":22,"opptPTS4":23,"opptPTS5":0,"opptPTS6":0,"opptPTS7":0,"opptPTS8":0}
{"_id":{"$oid":"5cb552f6e0f627212ff3bbe6"},"gmDate":"2017/11/7","offLNm3":"Stafford","offFNm3":"Derrick","teamAbbr":"TOR","teamConf":"East","teamLoc":"Home","teamRslt":"Win","teamPTS":119,"teamAST":22,"teamTO":16,"teamSTL":5,"teamBLK":0,"teamPF":22,"teamFGA":81,"teamFGM":44,"team2PA":56,"team2PM":31,"team3PA":25,"team3PM":13,"teamFTA":24,"teamFTM":18,"teamORB":7,"teamDRB":30,"teamPTS1":29,"teamPTS2":36,"teamPTS3":33,"teamPTS4":21,"teamPTS5":0,"teamPTS6":0,"teamPTS7":0,"teamPTS8":0,"opptAbbr":"CHI","opptConf":"East","opptLoc":"Away","opptRslt":"Loss","opptPTS":114,"opptAST":26,"opptTO":15,"opptSTL":11,"opptBLK":2,"opptPF":23,"opptFGA":80,"opptFGM":40,"oppt2PA":51,"oppt2PM":29,"oppt3PA":29,"oppt3PM":11,"opptFTA":28,"opptFTM":23,"opptORB":8,"opptDRB":29,"opptPTS1":26,"opptPTS2":19,"opptPTS3":36,"opptPTS4":33,"opptPTS5":0,"opptPTS6":0,"opptPTS7":0,"opptPTS8":0}
{"_id":{"$oid":"5cb552f6e0f627212ff3bbf2"},"gmDate":"2017/11/9","offLNm3":"Lewis","offFNm3":"Eric","teamAbbr":"TOR","teamConf":"East","teamLoc":"Home","teamRslt":"Win","teamPTS":122,"teamAST":27,"teamTO":12,"teamSTL":8,"teamBLK":4,"teamPF":24,"teamFGA":98,"teamFGM":45,"team2PA":56,"team2PM":29,"team3PA":42,"team3PM":16,"teamFTA":23,"teamFTM":16,"teamORB":10,"teamDRB":38,"teamPTS1":34,"teamPTS2":32,"teamPTS3":26,"teamPTS4":30,"teamPTS5":0,"teamPTS6":0,"teamPTS7":0,"teamPTS8":0,"opptAbbr":"NO","opptConf":"West","opptLoc":"Away","opptRslt":"Loss","opptPTS":118,"opptAST":31,"opptTO":14,"opptSTL":7,"opptBLK":4,"opptPF":20,"opptFGA":82,"opptFGM":44,"oppt2PA":51,"oppt2PM":31,"oppt3PA":31,"oppt3PM":13,"opptFTA":25,"opptFTM":17,"opptORB":4,"opptDRB":34,"opptPTS1":32,"opptPTS2":28,"opptPTS3":32,"opptPTS4":26,"opptPTS5":0,"opptPTS6":0,"opptPTS7":0,"opptPTS8":0}
{"_id":{"$oid":"5cb552f6e0f627212ff3bc09"},"gmDate":"2017/11/12","offLNm3":"Holtkamp","offFNm3":"Lauren","teamAbbr":"BOS","teamConf":"East","teamLoc":"Home","teamRslt":"Win","teamPTS":95,"teamAST":24,"teamTO":15,"teamSTL":9,"teamBLK":2,"teamPF":18,"teamFGA":87,"teamFGM":35,"team2PA":61,"team2PM":25,"team3PA":26,"team3PM":10,"teamFTA":19,"teamFTM":15,"teamORB":15,"teamDRB":31,"teamPTS1":24,"teamPTS2":20,"teamPTS3":33,"teamPTS4":18,"teamPTS5":0,"teamPTS6":0,"teamPTS7":0,"teamPTS8":0,"opptAbbr":"TOR","opptConf":"East","opptLoc":"Away","opptRslt":"Loss","opptPTS":94,"opptAST":18,"opptTO":17,"opptSTL":8,"opptBLK":8,"opptPF":20,"opptFGA":69,"opptFGM":32,"oppt2PA":45,"oppt2PM":22,"oppt3PA":24,"oppt3PM":10,"opptFTA":23,"opptFTM":20,"opptORB":6,"opptDRB":30,"opptPTS1":24,"opptPTS2":25,"opptPTS3":27,"opptPTS4":18,"opptPTS5":0,"opptPTS6":0,"opptPTS7":0,"opptPTS8":0}
{"_id":{"$oid":"5cb552f6e0f627212ff3bc17"},"gmDate":"2017/11/14","offLNm3":"Corbin","offFNm3":"Sean","teamAbbr":"HOU","teamConf":"West","teamLoc":"Home","teamRslt":"Loss","teamPTS":113,"teamAST":21,"teamTO":19,"teamSTL":4,"teamBLK":4,"teamPF":27,"teamFGA":79,"teamFGM":33,"team2PA":40,"team2PM":21,"team3PA":39,"team3PM":12,"teamFTA":41,"teamFTM":35,"teamORB":14,"teamDRB":34,"teamPTS1":33,"teamPTS2":31,"teamPTS3":30,"teamPTS4":19,"teamPTS5":0,"teamPTS6":0,"teamPTS7":0,"teamPTS8":0,"opptAbbr":"TOR","opptConf":"East","opptLoc":"Away","opptRslt":"Win","opptPTS":129,"opptAST":28,"opptTO":14,"opptSTL":11,"opptBLK":4,"opptPF":30,"opptFGA":79,"opptFGM":41,"oppt2PA":49,"oppt2PM":27,"oppt3PA":30,"oppt3PM":14,"opptFTA":42,"opptFTM":33,"opptORB":6,"opptDRB":31,"opptPTS1":31,"opptPTS2":45,"opptPTS3":27,"opptPTS4":26,"opptPTS5":0,"opptPTS6":0,"opptPTS7":0,"opptPTS8":0}
{"_id":{"$oid":"5cb552f6e0f627212ff3bc20"},"gmDate":"2017/11/15","offLNm3":"Scott","offFNm3":"Kevin","teamAbbr":"NO","teamConf":"West","teamLoc":"Home","teamRslt":"Loss","teamPTS":116,"teamAST":31,"teamTO":14,"teamSTL":13,"teamBLK":3,"teamPF":21,"teamFGA":91,"teamFGM":46,"team2PA":64,"team2PM":36,"team3PA":27,"team3PM":10,"teamFTA":14,"teamFTM":14,"teamORB":10,"teamDRB":22,"teamPTS1":34,"teamPTS2":29,"teamPTS3":23,"teamPTS4":30,"teamPTS5":0,"teamPTS6":0,"teamPTS7":0,"teamPTS8":0,"opptAbbr":"TOR","opptConf":"East","opptLoc":"Away","opptRslt":"Win","opptPTS":125,"opptAST":27,"opptTO":21,"opptSTL":8,"opptBLK":6,"opptPF":20,"opptFGA":76,"opptFGM":45,"oppt2PA":42,"oppt2PM":29,"oppt3PA":34,"oppt3PM":16,"opptFTA":20,"opptFTM":19,"opptORB":6,"opptDRB":31,"opptPTS1":29,"opptPTS2":35,"opptPTS3":34,"opptPTS4":27,"opptPTS5":0,"opptPTS6":0,"opptPTS7":0,"opptPTS8":0}
{"_id":{"$oid":"5cb552f6e0f627212ff3bc2a"},"gmDate":"2017/11/17","offLNm3":"Collins","offFNm3":"Derrick","teamAbbr":"TOR","teamConf":"East","teamLoc":"Home","teamRslt":"Win","teamPTS":107,"teamAST":29,"teamTO":12,"teamSTL":4,"teamBLK":11,"teamPF":19,"teamFGA":78,"teamFGM":44,"team2PA":52,"team2PM":35,"team3PA":26,"team3PM":9,"teamFTA":11,"teamFTM":10,"teamORB":3,"teamDRB":37,"teamPTS1":30,"teamPTS2":24,"teamPTS3":24,"teamPTS4":29,"teamPTS5":0,"teamPTS6":0,"teamPTS7":0,"teamPTS8":0,"opptAbbr":"NY","opptConf":"East","opptLoc":"Away","opptRslt":"Loss","opptPTS":84,"opptAST":17,"opptTO":10,"opptSTL":7,"opptBLK":4,"opptPF":12,"opptFGA":91,"opptFGM":30,"oppt2PA":68,"oppt2PM":21,"oppt3PA":23,"oppt3PM":9,"opptFTA":17,"opptFTM":15,"opptORB":14,"opptDRB":29,"opptPTS1":18,"opptPTS2":18,"opptPTS3":28,"opptPTS4":20,"opptPTS5":0,"opptPTS6":0,"opptPTS7":0,"opptPTS8":0}
{"_id":{"$oid":"5cb552f6e0f627212ff3bc39"},"gmDate":"2017/11/19","offLNm3":"Malloy","offFNm3":"Ed","teamAbbr":"TOR","teamConf":"East","teamLoc":"Home","teamRslt":"Win","teamPTS":100,"teamAST":20,"teamTO":8,"teamSTL":8,"teamBLK":7,"teamPF":19,"teamFGA":90,"teamFGM":40,"team2PA":51,"team2PM":30,"team3PA":39,"team3PM":10,"teamFTA":14,"teamFTM":10,"teamORB":11,"teamDRB":37,"teamPTS1":28,"teamPTS2":32,"teamPTS3":19,"teamPTS4":21,"teamPTS5":0,"teamPTS6":0,"teamPTS7":0,"teamPTS8":0,"opptAbbr":"WAS","opptConf":"East","opptLoc":"Away","opptRslt":"Loss","opptPTS":91,"opptAST":20,"opptTO":14,"opptSTL":5,"opptBLK":3,"opptPF":12,"opptFGA":81,"opptFGM":34,"oppt2PA":62,"oppt2PM":23,"oppt3PA":19,"oppt3PM":11,"opptFTA":21,"opptFTM":12,"opptORB":8,"opptDRB":35,"opptPTS1":28,"opptPTS2":27,"opptPTS3":21,"opptPTS4":15,"opptPTS5":0,"opptPTS6":0,"opptPTS7":0,"opptPTS8":0}
{"_id":{"$oid":"5cb552f6e0f627212ff3bc4f"},"gmDate":"2017/11/22","offLNm3":"Acosta","offFNm3":"Ray","teamAbbr":"NY","teamConf":"East","teamLoc":"Home","teamRslt":"Win","teamPTS":108,"teamAST":29,"teamTO":12,"teamSTL":8,"teamBLK":7,"teamPF":19,"teamFGA":93,"teamFGM":43,"team2PA":69,"team2PM":35,"team3PA":24,"team3PM":8,"teamFTA":17,"teamFTM":14,"teamORB":13,"teamDRB":34,"teamPTS1":26,"teamPTS2":22,"teamPTS3":41,"teamPTS4":19,"teamPTS5":0,"teamPTS6":0,"teamPTS7":0,"teamPTS8":0,"opptAbbr":"TOR","opptConf":"East","opptLoc":"Away","opptRslt":"Loss","opptPTS":100,"opptAST":21,"opptTO":15,"opptSTL":4,"opptBLK":10,"opptPF":23,"opptFGA":87,"opptFGM":37,"oppt2PA":49,"oppt2PM":23,"oppt3PA":38,"oppt3PM":14,"opptFTA":18,"opptFTM":12,"opptORB":12,"opptDRB":30,"opptPTS1":34,"opptPTS2":25,"opptPTS3":10,"opptPTS4":31,"opptPTS5":0,"opptPTS6":0,"opptPTS7":0,"opptPTS8":0}
{"_id":{"$oid":"5cb552f6e0f627212ff3bc5b"},"gmDate":"2017/11/24","offLNm3":"Sterling","offFNm3":"Jonathan","teamAbbr":"IND","teamConf":"East","teamLoc":"Home","teamRslt":"Win","teamPTS":107,"teamAST":19,"teamTO":16,"teamSTL":10,"teamBLK":3,"teamPF":18,"teamFGA":83,"teamFGM":38,"team2PA":57,"team2PM":27,"team3PA":26,"team3PM":11,"teamFTA":27,"teamFTM":20,"teamORB":10,"teamDRB":31,"teamPTS1":29,"teamPTS2":21,"teamPTS3":31,"teamPTS4":26,"teamPTS5":0,"teamPTS6":0,"teamPTS7":0,"teamPTS8":0,"opptAbbr":"TOR","opptConf":"East","opptLoc":"Away","opptRslt":"Loss","opptPTS":102,"opptAST":17,"opptTO":20,"opptSTL":14,"opptBLK":4,"opptPF":20,"opptFGA":81,"opptFGM":40,"oppt2PA":51,"oppt2PM":31,"oppt3PA":30,"oppt3PM":9,"opptFTA":20,"opptFTM":15,"opptORB":7,"opptDRB":35,"opptPTS1":25,"opptPTS2":35,"opptPTS3":20,"opptPTS4":24,"opptPTS5":0,"opptPTS6":0,"opptPTS7":0,"opptPTS8":0}
{"_id":{"$oid":"5cb552f6e0f627212ff3bc65"},"gmDate":"2017/11/25","offLNm3":"Taylor","offFNm3":"Ben","teamAbbr":"ATL","teamConf":"East","teamLoc":"Home","teamRslt":"Loss","teamPTS":78,"teamAST":18,"teamTO":19,"teamSTL":9,"teamBLK":1,"teamPF":15,"teamFGA":75,"teamFGM":26,"team2PA":48,"team2PM":20,"team3PA":27,"team3PM":6,"teamFTA":23,"teamFTM":20,"teamORB":7,"teamDRB":25,"teamPTS1":25,"teamPTS2":14,"teamPTS3":19,"teamPTS4":20,"teamPTS5":0,"teamPTS6":0,"teamPTS7":0,"teamPTS8":0,"opptAbbr":"TOR","opptConf":"East","opptLoc":"Away","opptRslt":"Win","opptPTS":112,"opptAST":31,"opptTO":16,"opptSTL":10,"opptBLK":3,"opptPF":22,"opptFGA":84,"opptFGM":46,"oppt2PA":52,"oppt2PM":33,"oppt3PA":32,"oppt3PM":13,"opptFTA":9,"opptFTM":7,"opptORB":11,"opptDRB":35,"opptPTS1":28,"opptPTS2":39,"opptPTS3":32,"opptPTS4":13,"opptPTS5":0,"opptPTS6":0,"opptPTS7":0,"opptPTS8":0}
{"_id":{"$oid":"5cb552f6e0f627212ff3bc7f"},"gmDate":"2017/11/29","offLNm3":"Davis","offFNm3":"Marc","teamAbbr":"TOR","teamConf":"East","teamLoc":"Home","teamRslt":"Win","teamPTS":126,"teamAST":24,"teamTO":9,"teamSTL":6,"teamBLK":2,"teamPF":23,"teamFGA":98,"teamFGM":52,"team2PA":66,"team2PM":38,"team3PA":32,"team3PM":14,"teamFTA":11,"teamFTM":8,"teamORB":11,"teamDRB":28,"teamPTS1":32,"teamPTS2":39,"teamPTS3":22,"teamPTS4":33,"teamPTS5":0,"teamPTS6":0,"teamPTS7":0,"teamPTS8":0,"opptAbbr":"CHA","opptConf":"East","opptLoc":"Away","opptRslt":"Loss","opptPTS":113,"opptAST":26,"opptTO":13,"opptSTL":6,"opptBLK":2,"opptPF":17,"opptFGA":79,"opptFGM":37,"oppt2PA":60,"oppt2PM":28,"oppt3PA":19,"oppt3PM":9,"opptFTA":35,"opptFTM":30,"opptORB":7,"opptDRB":29,"opptPTS1":25,"opptPTS2":27,"opptPTS3":33,"opptPTS4":28,"opptPTS5":0,"opptPTS6":0,"opptPTS7":0,"opptPTS8":0}
{"_id":{"$oid":"5cb552f6e0f627212ff3bc8d"},"gmDate":"2017/12/1","offLNm3":"Boland","offFNm3":"Matt","teamAbbr":"TOR","teamConf":"East","teamLoc":"Home","teamRslt":"Win","teamPTS":120,"teamAST":29,"teamTO":12,"teamSTL":6,"teamBLK":8,"teamPF":18,"teamFGA":97,"teamFGM":48,"team2PA":65,"team2PM":38,"team3PA":32,"team3PM":10,"teamFTA":21,"teamFTM":14,"teamORB":12,"teamDRB":35,"teamPTS1":27,"teamPTS2":38,"teamPTS3":29,"teamPTS4":26,"teamPTS5":0,"teamPTS6":0,"teamPTS7":0,"teamPTS8":0,"opptAbbr":"IND","opptConf":"East","opptLoc":"Away","opptRslt":"Loss","opptPTS":115,"opptAST":21,"opptTO":11,"opptSTL":7,"opptBLK":5,"opptPF":17,"opptFGA":102,"opptFGM":45,"oppt2PA":76,"oppt2PM":37,"oppt3PA":26,"oppt3PM":8,"opptFTA":22,"opptFTM":17,"opptORB":15,"opptDRB":31,"opptPTS1":32,"opptPTS2":26,"opptPTS3":31,"opptPTS4":26,"opptPTS5":0,"opptPTS6":0,"opptPTS7":0,"opptPTS8":0}
{"_id":{"$oid":"5cb552f6e0f627212ff3bcab"},"gmDate":"2017/12/5","offLNm3":"Adams","offFNm3":"Bennie","teamAbbr":"TOR","teamConf":"East","teamLoc":"Home","teamRslt":"Win","teamPTS":126,"teamAST":30,"teamTO":18,"teamSTL":13,"teamBLK":4,"teamPF":28,"teamFGA":92,"teamFGM":44,"team2PA":56,"team2PM":29,"team3PA":36,"team3PM":15,"teamFTA":26,"teamFTM":23,"teamORB":8,"teamDRB":34,"teamPTS1":36,"teamPTS2":19,"teamPTS3":42,"teamPTS4":29,"teamPTS5":0,"teamPTS6":0,"teamPTS7":0,"teamPTS8":0,"opptAbbr":"PHO","opptConf":"West","opptLoc":"Away","opptRslt":"Loss","opptPTS":113,"opptAST":23,"opptTO":17,"opptSTL":7,"opptBLK":4,"opptPF":24,"opptFGA":75,"opptFGM":37,"oppt2PA":51,"oppt2PM":28,"oppt3PA":24,"oppt3PM":9,"opptFTA":38,"opptFTM":30,"opptORB":0,"opptDRB":35,"opptPTS1":23,"opptPTS2":23,"opptPTS3":33,"opptPTS4":34,"opptPTS5":0,"opptPTS6":0,"opptPTS7":0,"opptPTS8":0}
{"_id":{"$oid":"5cb552f6e0f627212ff3bcc0"},"gmDate":"2017/12/8","offLNm3":"Smith","offFNm3":"Michael","teamAbbr":"MEM","teamConf":"West","teamLoc":"Home","teamRslt":"Loss","teamPTS":107,"teamAST":24,"teamTO":17,"teamSTL":8,"teamBLK":3,"teamPF":25,"teamFGA":82,"teamFGM":41,"team2PA":55,"team2PM":32,"team3PA":27,"team3PM":9,"teamFTA":22,"teamFTM":16,"teamORB":11,"teamDRB":24,"teamPTS1":34,"teamPTS2":28,"teamPTS3":31,"teamPTS4":14,"teamPTS5":0,"teamPTS6":0,"teamPTS7":0,"teamPTS8":0,"opptAbbr":"TOR","opptConf":"East","opptLoc":"Away","opptRslt":"Win","opptPTS":116,"opptAST":21,"opptTO":11,"opptSTL":8,"opptBLK":3,"opptPF":23,"opptFGA":78,"opptFGM":37,"oppt2PA":47,"oppt2PM":24,"oppt3PA":31,"oppt3PM":13,"opptFTA":33,"opptFTM":29,"opptORB":10,"opptDRB":26,"opptPTS1":25,"opptPTS2":32,"opptPTS3":35,"opptPTS4":24,"opptPTS5":0,"opptPTS6":0,"opptPTS7":0,"opptPTS8":0}
{"_id":{"$oid":"5cb552f6e0f627212ff3bcce"},"gmDate":"2017/12/10","offLNm3":"Kennedy","offFNm3":"Bill","teamAbbr":"SAC","teamConf":"West","teamLoc":"Home","teamRslt":"Loss","teamPTS":87,"teamAST":15,"teamTO":21,"teamSTL":7,"teamBLK":6,"teamPF":17,"teamFGA":73,"teamFGM":35,"team2PA":50,"team2PM":25,"team3PA":23,"team3PM":10,"teamFTA":14,"teamFTM":7,"teamORB":7,"teamDRB":35,"teamPTS1":17,"teamPTS2":29,"teamPTS3":21,"teamPTS4":20,"teamPTS5":0,"teamPTS6":0,"teamPTS7":0,"teamPTS8":0,"opptAbbr":"TOR","opptConf":"East","opptLoc":"Away","opptRslt":"Win","opptPTS":102,"opptAST":22,"opptTO":13,"opptSTL":8,"opptBLK":2,"opptPF":17,"opptFGA":87,"opptFGM":39,"oppt2PA":50,"oppt2PM":28,"oppt3PA":37,"oppt3PM":11,"opptFTA":19,"opptFTM":13,"opptORB":12,"opptDRB":32,"opptPTS1":22,"opptPTS2":32,"opptPTS3":25,"opptPTS4":23,"opptPTS5":0,"opptPTS6":0,"opptPTS7":0,"opptPTS8":0}
{"_id":{"$oid":"5cb552f6e0f627212ff3bcd9"},"gmDate":"2017/12/11","offLNm3":"Mauer","offFNm3":"Ken","teamAbbr":"LAC","teamConf":"West","teamLoc":"Home","teamRslt":"Win","teamPTS":96,"teamAST":18,"teamTO":13,"teamSTL":6,"teamBLK":7,"teamPF":20,"teamFGA":91,"teamFGM":34,"team2PA":55,"team2PM":26,"team3PA":36,"team3PM":8,"teamFTA":24,"teamFTM":20,"teamORB":14,"teamDRB":43,"teamPTS1":19,"teamPTS2":32,"teamPTS3":19,"teamPTS4":26,"teamPTS5":0,"teamPTS6":0,"teamPTS7":0,"teamPTS8":0,"opptAbbr":"TOR","opptConf":"East","opptLoc":"Away","opptRslt":"Loss","opptPTS":91,"opptAST":18,"opptTO":13,"opptSTL":9,"opptBLK":6,"opptPF":22,"opptFGA":80,"opptFGM":32,"oppt2PA":51,"oppt2PM":25,"oppt3PA":29,"oppt3PM":7,"opptFTA":26,"opptFTM":20,"opptORB":3,"opptDRB":39,"opptPTS1":30,"opptPTS2":23,"opptPTS3":21,"opptPTS4":17,"opptPTS5":0,"opptPTS6":0,"opptPTS7":0,"opptPTS8":0}
{"_id":{"$oid":"5cb552f6e0f627212ff3bce8"},"gmDate":"2017/12/13","offLNm3":"Capers","offFNm3":"James","teamAbbr":"PHO","teamConf":"West","teamLoc":"Home","teamRslt":"Loss","teamPTS":109,"teamAST":20,"teamTO":11,"teamSTL":3,"teamBLK":9,"teamPF":24,"teamFGA":83,"teamFGM":37,"team2PA":59,"team2PM":29,"team3PA":24,"team3PM":8,"teamFTA":34,"teamFTM":27,"teamORB":10,"teamDRB":31,"teamPTS1":31,"teamPTS2":21,"teamPTS3":27,"teamPTS4":30,"teamPTS5":0,"teamPTS6":0,"teamPTS7":0,"teamPTS8":0,"opptAbbr":"TOR","opptConf":"East","opptLoc":"Away","opptRslt":"Win","opptPTS":115,"opptAST":16,"opptTO":7,"opptSTL":7,"opptBLK":3,"opptPF":25,"opptFGA":92,"opptFGM":40,"oppt2PA":66,"oppt2PM":31,"oppt3PA":26,"oppt3PM":9,"opptFTA":31,"opptFTM":26,"opptORB":8,"opptDRB":37,"opptPTS1":37,"opptPTS2":21,"opptPTS3":34,"opptPTS4":23,"opptPTS5":0,"opptPTS6":0,"opptPTS7":0,"opptPTS8":0}
{"_id":{"$oid":"5cb552f6e0f627212ff3bcf5"},"gmDate":"2017/12/15","offLNm3":"Richardson","offFNm3":"Randy","teamAbbr":"TOR","teamConf":"East","teamLoc":"Home","teamRslt":"Win","teamPTS":120,"teamAST":26,"teamTO":10,"teamSTL":11,"teamBLK":5,"teamPF":16,"teamFGA":97,"teamFGM":54,"team2PA":69,"team2PM":47,"team3PA":28,"team3PM":7,"teamFTA":9,"teamFTM":5,"teamORB":11,"teamDRB":34,"teamPTS1":30,"teamPTS2":28,"teamPTS3":33,"teamPTS4":29,"teamPTS5":0,"teamPTS6":0,"teamPTS7":0,"teamPTS8":0,"opptAbbr":"BKN","opptConf":"East","opptLoc":"Away","opptRslt":"Loss","opptPTS":87,"opptAST":15,"opptTO":24,"opptSTL":4,"opptBLK":1,"opptPF":14,"opptFGA":76,"opptFGM":32,"oppt2PA":53,"oppt2PM":25,"oppt3PA":23,"oppt3PM":7,"opptFTA":19,"opptFTM":16,"opptORB":6,"opptDRB":31,"opptPTS1":20,"opptPTS2":24,"opptPTS3":20,"opptPTS4":23,"opptPTS5":0,"opptPTS6":0,"opptPTS7":0,"opptPTS8":0}
{"_id":{"$oid":"5cb552f6e0f627212ff3bd02"},"gmDate":"2017/12/17","offLNm3":"DeRosa","offFNm3":"Joe","teamAbbr":"TOR","teamConf":"East","teamLoc":"Home","teamRslt":"Win","teamPTS":108,"teamAST":20,"teamTO":12,"teamSTL":8,"teamBLK":9,"teamPF":13,"teamFGA":85,"teamFGM":36,"team2PA":55,"team2PM":23,"team3PA":30,"team3PM":13,"teamFTA":28,"teamFTM":23,"teamORB":12,"teamDRB":34,"teamPTS1":35,"teamPTS2":26,"teamPTS3":22,"teamPTS4":25,"teamPTS5":0,"teamPTS6":0,"teamPTS7":0,"teamPTS8":0,"opptAbbr":"SAC","opptConf":"West","opptLoc":"Away","opptRslt":"Loss","opptPTS":93,"opptAST":25,"opptTO":17,"opptSTL":9,"opptBLK":9,"opptPF":19,"opptFGA":81,"opptFGM":38,"oppt2PA":55,"oppt2PM":27,"oppt3PA":26,"oppt3PM":11,"opptFTA":8,"opptFTM":6,"opptORB":6,"opptDRB":26,"opptPTS1":30,"opptPTS2":33,"opptPTS3":14,"opptPTS4":16,"opptPTS5":0,"opptPTS6":0,"opptPTS7":0,"opptPTS8":0}
{"_id":{"$oid":"5cb552f6e0f627212ff3bd13"},"gmDate":"2017/12/20","offLNm3":"Stafford","offFNm3":"Derrick","teamAbbr":"CHA","teamConf":"East","teamLoc":"Home","teamRslt":"Loss","teamPTS":111,"teamAST":21,"teamTO":12,"teamSTL":10,"teamBLK":6,"teamPF":18,"teamFGA":85,"teamFGM":39,"team2PA":62,"team2PM":32,"team3PA":23,"team3PM":7,"teamFTA":35,"teamFTM":26,"teamORB":8,"teamDRB":31,"teamPTS1":26,"teamPTS2":21,"teamPTS3":32,"teamPTS4":32,"teamPTS5":0,"teamPTS6":0,"teamPTS7":0,"teamPTS8":0,"opptAbbr":"TOR","opptConf":"East","opptLoc":"Away","opptRslt":"Win","opptPTS":129,"opptAST":35,"opptTO":14,"opptSTL":6,"opptBLK":7,"opptPF":27,"opptFGA":91,"opptFGM":49,"oppt2PA":58,"oppt2PM":33,"oppt3PA":33,"oppt3PM":16,"opptFTA":18,"opptFTM":15,"opptORB":10,"opptDRB":33,"opptPTS1":22,"opptPTS2":41,"opptPTS3":36,"opptPTS4":30,"opptPTS5":0,"opptPTS6":0,"opptPTS7":0,"opptPTS8":0}
{"_id":{"$oid":"5cb552f6e0f627212ff3bd20"},"gmDate":"2017/12/21","offLNm3":"Callahan","offFNm3":"Mike","teamAbbr":"PHI","teamConf":"East","teamLoc":"Home","teamRslt":"Loss","teamPTS":109,"teamAST":27,"teamTO":24,"teamSTL":14,"teamBLK":7,"teamPF":27,"teamFGA":86,"teamFGM":45,"team2PA":57,"team2PM":36,"team3PA":29,"team3PM":9,"teamFTA":14,"teamFTM":10,"teamORB":13,"teamDRB":27,"teamPTS1":31,"teamPTS2":34,"teamPTS3":23,"teamPTS4":21,"teamPTS5":0,"teamPTS6":0,"teamPTS7":0,"teamPTS8":0,"opptAbbr":"TOR","opptConf":"East","opptLoc":"Away","opptRslt":"Win","opptPTS":114,"opptAST":18,"opptTO":22,"opptSTL":14,"opptBLK":6,"opptPF":19,"opptFGA":85,"opptFGM":35,"oppt2PA":50,"oppt2PM":23,"oppt3PA":35,"oppt3PM":12,"opptFTA":35,"opptFTM":32,"opptORB":19,"opptDRB":26,"opptPTS1":30,"opptPTS2":22,"opptPTS3":34,"opptPTS4":28,"opptPTS5":0,"opptPTS6":0,"opptPTS7":0,"opptPTS8":0}
{"_id":{"$oid":"5cb552f6e0f627212ff3bd2d"},"gmDate":"2017/12/23","offLNm3":"Capers","offFNm3":"James","teamAbbr":"TOR","teamConf":"East","teamLoc":"Home","teamRslt":"Win","teamPTS":102,"teamAST":18,"teamTO":18,"teamSTL":15,"teamBLK":6,"teamPF":20,"teamFGA":85,"teamFGM":35,"team2PA":58,"team2PM":26,"team3PA":27,"team3PM":9,"teamFTA":26,"teamFTM":23,"teamORB":7,"teamDRB":36,"teamPTS1":27,"teamPTS2":28,"teamPTS3":26,"teamPTS4":21,"teamPTS5":0,"teamPTS6":0,"teamPTS7":0,"teamPTS8":0,"opptAbbr":"PHI","opptConf":"East","opptLoc":"Away","opptRslt":"Loss","opptPTS":86,"opptAST":19,"opptTO":23,"opptSTL":10,"opptBLK":7,"opptPF":23,"opptFGA":80,"opptFGM":33,"oppt2PA":53,"oppt2PM":26,"oppt3PA":27,"oppt3PM":7,"opptFTA":20,"opptFTM":13,"opptORB":7,"opptDRB":34,"opptPTS1":27,"opptPTS2":19,"opptPTS3":17,"opptPTS4":23,"opptPTS5":0,"opptPTS6":0,"opptPTS7":0,"opptPTS8":0}
{"_id":{"$oid":"5cb552f6e0f627212ff3bd3f"},"gmDate":"2017/12/26","offLNm3":"Smith","offFNm3":"Michael","teamAbbr":"DAL","teamConf":"West","teamLoc":"Home","teamRslt":"Win","teamPTS":98,"teamAST":20,"teamTO":14,"teamSTL":5,"teamBLK":11,"teamPF":24,"teamFGA":94,"teamFGM":40,"team2PA":70,"team2PM":34,"team3PA":24,"team3PM":6,"teamFTA":16,"teamFTM":12,"teamORB":16,"teamDRB":40,"teamPTS1":31,"teamPTS2":26,"teamPTS3":28,"teamPTS4":13,"teamPTS5":0,"teamPTS6":0,"teamPTS7":0,"teamPTS8":0,"opptAbbr":"TOR","opptConf":"East","opptLoc":"Away","opptRslt":"Loss","opptPTS":93,"opptAST":16,"opptTO":12,"opptSTL":10,"opptBLK":7,"opptPF":24,"opptFGA":89,"opptFGM":30,"oppt2PA":58,"oppt2PM":21,"oppt3PA":31,"oppt3PM":9,"opptFTA":32,"opptFTM":24,"opptORB":16,"opptDRB":37,"opptPTS1":23,"opptPTS2":30,"opptPTS3":24,"opptPTS4":16,"opptPTS5":0,"opptPTS6":0,"opptPTS7":0,"opptPTS8":0}
{"_id":{"$oid":"5cb552f6e0f627212ff3bd4d"},"gmDate":"2017/12/27","offLNm3":"Acosta","offFNm3":"Ray","teamAbbr":"OKC","teamConf":"West","teamLoc":"Home","teamRslt":"Win","teamPTS":124,"teamAST":25,"teamTO":12,"teamSTL":9,"teamBLK":7,"teamPF":26,"teamFGA":87,"teamFGM":46,"team2PA":62,"team2PM":37,"team3PA":25,"team3PM":9,"teamFTA":33,"teamFTM":23,"teamORB":15,"teamDRB":37,"teamPTS1":32,"teamPTS2":34,"teamPTS3":36,"teamPTS4":22,"teamPTS5":0,"teamPTS6":0,"teamPTS7":0,"teamPTS8":0,"opptAbbr":"TOR","opptConf":"East","opptLoc":"Away","opptRslt":"Loss","opptPTS":107,"opptAST":24,"opptTO":11,"opptSTL":9,"opptBLK":4,"opptPF":29,"opptFGA":85,"opptFGM":36,"oppt2PA":47,"oppt2PM":25,"oppt3PA":38,"oppt3PM":11,"opptFTA":26,"opptFTM":24,"opptORB":7,"opptDRB":27,"opptPTS1":38,"opptPTS2":25,"opptPTS3":25,"opptPTS4":19,"opptPTS5":0,"opptPTS6":0,"opptPTS7":0,"opptPTS8":0}
{"_id":{"$oid":"5cb552f6e0f627212ff3bd57"},"gmDate":"2017/12/29","offLNm3":"Kennedy","offFNm3":"Bill","teamAbbr":"TOR","teamConf":"East","teamLoc":"Home","teamRslt":"Win","teamPTS":111,"teamAST":22,"teamTO":12,"teamSTL":9,"teamBLK":15,"teamPF":22,"teamFGA":105,"teamFGM":46,"team2PA":68,"team2PM":33,"team3PA":37,"team3PM":13,"teamFTA":8,"teamFTM":6,"teamORB":19,"teamDRB":32,"teamPTS1":30,"teamPTS2":32,"teamPTS3":26,"teamPTS4":23,"teamPTS5":0,"teamPTS6":0,"teamPTS7":0,"teamPTS8":0,"opptAbbr":"ATL","opptConf":"East","opptLoc":"Away","opptRslt":"Loss","opptPTS":98,"opptAST":21,"opptTO":18,"opptSTL":6,"opptBLK":7,"opptPF":15,"opptFGA":88,"opptFGM":38,"oppt2PA":64,"oppt2PM":29,"oppt3PA":24,"oppt3PM":9,"opptFTA":20,"opptFTM":13,"opptORB":14,"opptDRB":34,"opptPTS1":22,"opptPTS2":25,"opptPTS3":22,"opptPTS4":29,"opptPTS5":0,"opptPTS6":0,"opptPTS7":0,"opptPTS8":0}
{"_id":{"$oid":"5cb552f6e0f627212ff3bd6f"},"gmDate":"2018/1/1","offLNm3":"Richardson","offFNm3":"Derek","teamAbbr":"TOR","teamConf":"East","teamLoc":"Home","teamRslt":"Win","teamPTS":131,"teamAST":25,"teamTO":13,"teamSTL":8,"teamBLK":8,"teamPF":20,"teamFGA":91,"teamFGM":45,"team2PA":58,"team2PM":31,"team3PA":33,"team3PM":14,"teamFTA":33,"teamFTM":27,"teamORB":6,"teamDRB":34,"teamPTS1":35,"teamPTS2":25,"teamPTS3":28,"teamPTS4":26,"teamPTS5":17,"teamPTS6":0,"teamPTS7":0,"teamPTS8":0,"opptAbbr":"MIL","opptConf":"East","opptLoc":"Away","opptRslt":"Loss","opptPTS":127,"opptAST":27,"opptTO":15,"opptSTL":9,"opptBLK":3,"opptPF":23,"opptFGA":93,"opptFGM":44,"oppt2PA":66,"oppt2PM":31,"oppt3PA":27,"oppt3PM":13,"opptFTA":28,"opptFTM":26,"opptORB":10,"opptDRB":33,"opptPTS1":30,"opptPTS2":26,"opptPTS3":28,"opptPTS4":30,"opptPTS5":13,"opptPTS6":0,"opptPTS7":0,"opptPTS8":0}
{"_id":{"$oid":"5cb552f6e0f627212ff3bd7d"},"gmDate":"2018/1/3","offLNm3":"Washington","offFNm3":"Tom","teamAbbr":"CHI","teamConf":"East","teamLoc":"Home","teamRslt":"Loss","teamPTS":115,"teamAST":29,"teamTO":13,"teamSTL":5,"teamBLK":2,"teamPF":20,"teamFGA":93,"teamFGM":43,"team2PA":60,"team2PM":30,"team3PA":33,"team3PM":13,"teamFTA":19,"teamFTM":16,"teamORB":9,"teamDRB":34,"teamPTS1":31,"teamPTS2":28,"teamPTS3":31,"teamPTS4":25,"teamPTS5":0,"teamPTS6":0,"teamPTS7":0,"teamPTS8":0,"opptAbbr":"TOR","opptConf":"East","opptLoc":"Away","opptRslt":"Win","opptPTS":124,"opptAST":23,"opptTO":11,"opptSTL":9,"opptBLK":5,"opptPF":20,"opptFGA":92,"opptFGM":45,"oppt2PA":54,"oppt2PM":30,"oppt3PA":38,"oppt3PM":15,"opptFTA":19,"opptFTM":19,"opptORB":7,"opptDRB":42,"opptPTS1":21,"opptPTS2":35,"opptPTS3":34,"opptPTS4":34,"opptPTS5":0,"opptPTS6":0,"opptPTS7":0,"opptPTS8":0}
{"_id":{"$oid":"5cb552f6e0f627212ff3bd88"},"gmDate":"2018/1/5","offLNm3":"Ayotte","offFNm3":"Mark","teamAbbr":"MIL","teamConf":"East","teamLoc":"Home","teamRslt":"Loss","teamPTS":110,"teamAST":26,"teamTO":11,"teamSTL":4,"teamBLK":4,"teamPF":23,"teamFGA":77,"teamFGM":41,"team2PA":60,"team2PM":34,"team3PA":17,"team3PM":7,"teamFTA":29,"teamFTM":21,"teamORB":5,"teamDRB":23,"teamPTS1":24,"teamPTS2":35,"teamPTS3":19,"teamPTS4":32,"teamPTS5":0,"teamPTS6":0,"teamPTS7":0,"teamPTS8":0,"opptAbbr":"TOR","opptConf":"East","opptLoc":"Away","opptRslt":"Win","opptPTS":129,"opptAST":25,"opptTO":11,"opptSTL":9,"opptBLK":5,"opptPF":22,"opptFGA":86,"opptFGM":48,"oppt2PA":53,"oppt2PM":38,"oppt3PA":33,"oppt3PM":10,"opptFTA":28,"opptFTM":23,"opptORB":12,"opptDRB":31,"opptPTS1":33,"opptPTS2":28,"opptPTS3":43,"opptPTS4":25,"opptPTS5":0,"opptPTS6":0,"opptPTS7":0,"opptPTS8":0}
{"_id":{"$oid":"5cb552f6e0f627212ff3bd9d"},"gmDate":"2018/1/8","offLNm3":"Lewis","offFNm3":"Eric","teamAbbr":"BKN","teamConf":"East","teamLoc":"Home","teamRslt":"Loss","teamPTS":113,"teamAST":22,"teamTO":16,"teamSTL":8,"teamBLK":2,"teamPF":27,"teamFGA":101,"teamFGM":39,"team2PA":68,"team2PM":27,"team3PA":33,"team3PM":12,"teamFTA":28,"teamFTM":23,"teamORB":12,"teamDRB":44,"teamPTS1":19,"teamPTS2":25,"teamPTS3":27,"teamPTS4":36,"teamPTS5":6,"teamPTS6":0,"teamPTS7":0,"teamPTS8":0,"opptAbbr":"TOR","opptConf":"East","opptLoc":"Away","opptRslt":"Win","opptPTS":114,"opptAST":19,"opptTO":15,"opptSTL":7,"opptBLK":12,"opptPF":27,"opptFGA":101,"opptFGM":43,"oppt2PA":67,"oppt2PM":33,"oppt3PA":34,"oppt3PM":10,"opptFTA":23,"opptFTM":18,"opptORB":8,"opptDRB":43,"opptPTS1":26,"opptPTS2":19,"opptPTS3":33,"opptPTS4":29,"opptPTS5":7,"opptPTS6":0,"opptPTS7":0,"opptPTS8":0}
{"_id":{"$oid":"5cb552f6e0f627212ff3bda4"},"gmDate":"2018/1/9","offLNm3":"Brown","offFNm3":"Tony","teamAbbr":"TOR","teamConf":"East","teamLoc":"Home","teamRslt":"Loss","teamPTS":89,"teamAST":15,"teamTO":5,"teamSTL":7,"teamBLK":12,"teamPF":16,"teamFGA":90,"teamFGM":35,"team2PA":69,"team2PM":28,"team3PA":21,"team3PM":7,"teamFTA":15,"teamFTM":12,"teamORB":7,"teamDRB":30,"teamPTS1":21,"teamPTS2":20,"teamPTS3":23,"teamPTS4":25,"teamPTS5":0,"teamPTS6":0,"teamPTS7":0,"teamPTS8":0,"opptAbbr":"MIA","opptConf":"East","opptLoc":"Away","opptRslt":"Win","opptPTS":90,"opptAST":18,"opptTO":14,"opptSTL":2,"opptBLK":14,"opptPF":19,"opptFGA":97,"opptFGM":39,"oppt2PA":75,"oppt2PM":35,"oppt3PA":22,"oppt3PM":4,"opptFTA":10,"opptFTM":8,"opptORB":20,"opptDRB":44,"opptPTS1":22,"opptPTS2":29,"opptPTS3":21,"opptPTS4":18,"opptPTS5":0,"opptPTS6":0,"opptPTS7":0,"opptPTS8":0}
{"_id":{"$oid":"5cb552f6e0f627212ff3bdb4"},"gmDate":"2018/1/11","offLNm3":"Capers","offFNm3":"James","teamAbbr":"TOR","teamConf":"East","teamLoc":"Home","teamRslt":"Win","teamPTS":133,"teamAST":31,"teamTO":9,"teamSTL":3,"teamBLK":7,"teamPF":25,"teamFGA":106,"teamFGM":53,"team2PA":64,"team2PM":35,"team3PA":42,"team3PM":18,"teamFTA":13,"teamFTM":9,"teamORB":18,"teamDRB":45,"teamPTS1":30,"teamPTS2":35,"teamPTS3":35,"teamPTS4":33,"teamPTS5":0,"teamPTS6":0,"teamPTS7":0,"teamPTS8":0,"opptAbbr":"CLE","opptConf":"East","opptLoc":"Away","opptRslt":"Loss","opptPTS":99,"opptAST":18,"opptTO":10,"opptSTL":3,"opptBLK":4,"opptPF":16,"opptFGA":89,"opptFGM":34,"oppt2PA":63,"oppt2PM":28,"oppt3PA":26,"oppt3PM":6,"opptFTA":30,"opptFTM":25,"opptORB":9,"opptDRB":26,"opptPTS1":24,"opptPTS2":16,"opptPTS3":32,"opptPTS4":27,"opptPTS5":0,"opptPTS6":0,"opptPTS7":0,"opptPTS8":0}
{"_id":{"$oid":"5cb552f6e0f627212ff3bdc4"},"gmDate":"2018/1/13","offLNm3":"Brothers","offFNm3":"Tony","teamAbbr":"TOR","teamConf":"East","teamLoc":"Home","teamRslt":"Loss","teamPTS":125,"teamAST":22,"teamTO":11,"teamSTL":3,"teamBLK":2,"teamPF":23,"teamFGA":92,"teamFGM":45,"team2PA":67,"team2PM":37,"team3PA":25,"team3PM":8,"teamFTA":32,"teamFTM":27,"teamORB":14,"teamDRB":30,"teamPTS1":35,"teamPTS2":19,"teamPTS3":35,"teamPTS4":36,"teamPTS5":0,"teamPTS6":0,"teamPTS7":0,"teamPTS8":0,"opptAbbr":"GS","opptConf":"West","opptLoc":"Away","opptRslt":"Win","opptPTS":127,"opptAST":28,"opptTO":7,"opptSTL":5,"opptBLK":2,"opptPF":20,"opptFGA":81,"opptFGM":47,"oppt2PA":57,"oppt2PM":38,"oppt3PA":24,"oppt3PM":9,"opptFTA":28,"opptFTM":24,"opptORB":3,"opptDRB":26,"opptPTS1":43,"opptPTS2":38,"opptPTS3":27,"opptPTS4":19,"opptPTS5":0,"opptPTS6":0,"opptPTS7":0,"opptPTS8":0}
{"_id":{"$oid":"5cb552f6e0f627212ff3bdcb"},"gmDate":"2018/1/15","offLNm3":"Richardson","offFNm3":"Leroy","teamAbbr":"PHI","teamConf":"East","teamLoc":"Home","teamRslt":"Win","teamPTS":117,"teamAST":22,"teamTO":22,"teamSTL":8,"teamBLK":9,"teamPF":28,"teamFGA":81,"teamFGM":40,"team2PA":56,"team2PM":34,"team3PA":25,"team3PM":6,"teamFTA":38,"teamFTM":31,"teamORB":10,"teamDRB":38,"teamPTS1":32,"teamPTS2":27,"teamPTS3":34,"teamPTS4":24,"teamPTS5":0,"teamPTS6":0,"teamPTS7":0,"teamPTS8":0,"opptAbbr":"TOR","opptConf":"East","opptLoc":"Away","opptRslt":"Loss","opptPTS":111,"opptAST":20,"opptTO":15,"opptSTL":8,"opptBLK":1,"opptPF":31,"opptFGA":95,"opptFGM":38,"oppt2PA":63,"oppt2PM":29,"oppt3PA":32,"oppt3PM":9,"opptFTA":30,"opptFTM":26,"opptORB":12,"opptDRB":32,"opptPTS1":23,"opptPTS2":26,"opptPTS3":26,"opptPTS4":36,"opptPTS5":0,"opptPTS6":0,"opptPTS7":0,"opptPTS8":0}
{"_id":{"$oid":"5cb552f6e0f627212ff3bddd"},"gmDate":"2018/1/17","offLNm3":"Richardson","offFNm3":"Derek","teamAbbr":"TOR","teamConf":"East","teamLoc":"Home","teamRslt":"Win","teamPTS":96,"teamAST":24,"teamTO":21,"teamSTL":6,"teamBLK":8,"teamPF":20,"teamFGA":80,"teamFGM":34,"team2PA":49,"team2PM":23,"team3PA":31,"team3PM":11,"teamFTA":23,"teamFTM":17,"teamORB":12,"teamDRB":37,"teamPTS1":31,"teamPTS2":23,"teamPTS3":19,"teamPTS4":23,"teamPTS5":0,"teamPTS6":0,"teamPTS7":0,"teamPTS8":0,"opptAbbr":"DET","opptConf":"East","opptLoc":"Away","opptRslt":"Loss","opptPTS":91,"opptAST":22,"opptTO":15,"opptSTL":14,"opptBLK":7,"opptPF":20,"opptFGA":88,"opptFGM":37,"oppt2PA":60,"oppt2PM":27,"oppt3PA":28,"oppt3PM":10,"opptFTA":15,"opptFTM":7,"opptORB":11,"opptDRB":31,"opptPTS1":18,"opptPTS2":33,"opptPTS3":22,"opptPTS4":18,"opptPTS5":0,"opptPTS6":0,"opptPTS7":0,"opptPTS8":0}
{"_id":{"$oid":"5cb552f6e0f627212ff3bde8"},"gmDate":"2018/1/19","offLNm3":"DeRosa","offFNm3":"Joe","teamAbbr":"TOR","teamConf":"East","teamLoc":"Home","teamRslt":"Win","teamPTS":86,"teamAST":16,"teamTO":14,"teamSTL":8,"teamBLK":1,"teamPF":19,"teamFGA":85,"teamFGM":34,"team2PA":59,"team2PM":25,"team3PA":26,"team3PM":9,"teamFTA":14,"teamFTM":9,"teamORB":9,"teamDRB":41,"teamPTS1":17,"teamPTS2":27,"teamPTS3":19,"teamPTS4":23,"teamPTS5":0,"teamPTS6":0,"teamPTS7":0,"teamPTS8":0,"opptAbbr":"SA","opptConf":"West","opptLoc":"Away","opptRslt":"Loss","opptPTS":83,"opptAST":18,"opptTO":12,"opptSTL":9,"opptBLK":7,"opptPF":13,"opptFGA":91,"opptFGM":31,"oppt2PA":71,"oppt2PM":26,"oppt3PA":20,"oppt3PM":5,"opptFTA":20,"opptFTM":16,"opptORB":17,"opptDRB":39,"opptPTS1":18,"opptPTS2":19,"opptPTS3":23,"opptPTS4":23,"opptPTS5":0,"opptPTS6":0,"opptPTS7":0,"opptPTS8":0}
{"_id":{"$oid":"5cb552f6e0f627212ff3bdf5"},"gmDate":"2018/1/20","offLNm3":"Corbin","offFNm3":"Sean","teamAbbr":"MIN","teamConf":"West","teamLoc":"Home","teamRslt":"Win","teamPTS":115,"teamAST":21,"teamTO":11,"teamSTL":4,"teamBLK":3,"teamPF":20,"teamFGA":81,"teamFGM":38,"team2PA":65,"team2PM":31,"team3PA":16,"team3PM":7,"teamFTA":42,"teamFTM":32,"teamORB":15,"teamDRB":29,"teamPTS1":26,"teamPTS2":28,"teamPTS3":33,"teamPTS4":28,"teamPTS5":0,"teamPTS6":0,"teamPTS7":0,"teamPTS8":0,"opptAbbr":"TOR","opptConf":"East","opptLoc":"Away","opptRslt":"Loss","opptPTS":109,"opptAST":23,"opptTO":15,"opptSTL":7,"opptBLK":7,"opptPF":30,"opptFGA":83,"opptFGM":39,"oppt2PA":50,"oppt2PM":27,"oppt3PA":33,"oppt3PM":12,"opptFTA":21,"opptFTM":19,"opptORB":8,"opptDRB":27,"opptPTS1":28,"opptPTS2":34,"opptPTS3":21,"opptPTS4":26,"opptPTS5":0,"opptPTS6":0,"opptPTS7":0,"opptPTS8":0}
{"_id":{"$oid":"5cb552f6e0f627212ff3be0e"},"gmDate":"2018/1/24","offLNm3":"Collins","offFNm3":"Derrick","teamAbbr":"ATL","teamConf":"East","teamLoc":"Home","teamRslt":"Loss","teamPTS":93,"teamAST":19,"teamTO":17,"teamSTL":8,"teamBLK":9,"teamPF":21,"teamFGA":94,"teamFGM":37,"team2PA":73,"team2PM":30,"team3PA":21,"team3PM":7,"teamFTA":17,"teamFTM":12,"teamORB":12,"teamDRB":35,"teamPTS1":16,"teamPTS2":24,"teamPTS3":25,"teamPTS4":28,"teamPTS5":0,"teamPTS6":0,"teamPTS7":0,"teamPTS8":0,"opptAbbr":"TOR","opptConf":"East","opptLoc":"Away","opptRslt":"Win","opptPTS":108,"opptAST":25,"opptTO":17,"opptSTL":10,"opptBLK":12,"opptPF":22,"opptFGA":89,"opptFGM":39,"oppt2PA":53,"oppt2PM":25,"oppt3PA":36,"oppt3PM":14,"opptFTA":25,"opptFTM":16,"opptORB":12,"opptDRB":40,"opptPTS1":28,"opptPTS2":30,"opptPTS3":27,"opptPTS4":23,"opptPTS5":0,"opptPTS6":0,"opptPTS7":0,"opptPTS8":0}
{"_id":{"$oid":"5cb552f6e0f627212ff3be19"},"gmDate":"2018/1/26","offLNm3":"Callahan","offFNm3":"Mike","teamAbbr":"TOR","teamConf":"East","teamLoc":"Home","teamRslt":"Loss","teamPTS":93,"teamAST":23,"teamTO":11,"teamSTL":10,"teamBLK":13,"teamPF":18,"teamFGA":95,"teamFGM":37,"team2PA":68,"team2PM":30,"team3PA":27,"team3PM":7,"teamFTA":17,"teamFTM":12,"teamORB":16,"teamDRB":36,"teamPTS1":24,"teamPTS2":24,"teamPTS3":21,"teamPTS4":24,"teamPTS5":0,"teamPTS6":0,"teamPTS7":0,"teamPTS8":0,"opptAbbr":"UTA","opptConf":"West","opptLoc":"Away","opptRslt":"Win","opptPTS":97,"opptAST":20,"opptTO":13,"opptSTL":7,"opptBLK":5,"opptPF":16,"opptFGA":87,"opptFGM":36,"oppt2PA":66,"oppt2PM":26,"oppt3PA":21,"oppt3PM":10,"opptFTA":21,"opptFTM":15,"opptORB":10,"opptDRB":37,"opptPTS1":30,"opptPTS2":15,"opptPTS3":30,"opptPTS4":22,"opptPTS5":0,"opptPTS6":0,"opptPTS7":0,"opptPTS8":0}
{"_id":{"$oid":"5cb552f6e0f627212ff3be2d"},"gmDate":"2018/1/28","offLNm3":"Mott","offFNm3":"Rodney","teamAbbr":"TOR","teamConf":"East","teamLoc":"Home","teamRslt":"Win","teamPTS":123,"teamAST":23,"teamTO":15,"teamSTL":4,"teamBLK":4,"teamPF":23,"teamFGA":92,"teamFGM":46,"team2PA":61,"team2PM":34,"team3PA":31,"team3PM":12,"teamFTA":25,"teamFTM":19,"teamORB":12,"teamDRB":41,"teamPTS1":28,"teamPTS2":31,"teamPTS3":32,"teamPTS4":32,"teamPTS5":0,"teamPTS6":0,"teamPTS7":0,"teamPTS8":0,"opptAbbr":"LAL","opptConf":"West","opptLoc":"Away","opptRslt":"Loss","opptPTS":111,"opptAST":22,"opptTO":13,"opptSTL":9,"opptBLK":4,"opptPF":21,"opptFGA":92,"opptFGM":40,"oppt2PA":66,"oppt2PM":32,"oppt3PA":26,"oppt3PM":8,"opptFTA":33,"opptFTM":23,"opptORB":13,"opptDRB":31,"opptPTS1":21,"opptPTS2":28,"opptPTS3":28,"opptPTS4":34,"opptPTS5":0,"opptPTS6":0,"opptPTS7":0,"opptPTS8":0}
{"_id":{"$oid":"5cb552f6e0f627212ff3be37"},"gmDate":"2018/1/30","offLNm3":"Phillips","offFNm3":"Jason","teamAbbr":"TOR","teamConf":"East","teamLoc":"Home","teamRslt":"Win","teamPTS":109,"teamAST":28,"teamTO":9,"teamSTL":3,"teamBLK":4,"teamPF":18,"teamFGA":81,"teamFGM":39,"team2PA":52,"team2PM":30,"team3PA":29,"team3PM":9,"teamFTA":26,"teamFTM":22,"teamORB":9,"teamDRB":30,"teamPTS1":19,"teamPTS2":32,"teamPTS3":27,"teamPTS4":31,"teamPTS5":0,"teamPTS6":0,"teamPTS7":0,"teamPTS8":0,"opptAbbr":"MIN","opptConf":"West","opptLoc":"Away","opptRslt":"Loss","opptPTS":104,"opptAST":21,"opptTO":8,"opptSTL":4,"opptBLK":2,"opptPF":19,"opptFGA":85,"opptFGM":42,"oppt2PA":73,"oppt2PM":37,"oppt3PA":12,"oppt3PM":5,"opptFTA":24,"opptFTM":15,"opptORB":10,"opptDRB":30,"opptPTS1":27,"opptPTS2":30,"opptPTS3":23,"opptPTS4":24,"opptPTS5":0,"opptPTS6":0,"opptPTS7":0,"opptPTS8":0}
{"_id":{"$oid":"5cb552f6e0f627212ff3be48"},"gmDate":"2018/2/1","offLNm3":"Washington","offFNm3":"Tom","teamAbbr":"WAS","teamConf":"East","teamLoc":"Home","teamRslt":"Win","teamPTS":122,"teamAST":30,"teamTO":16,"teamSTL":10,"teamBLK":2,"teamPF":21,"teamFGA":85,"teamFGM":44,"team2PA":55,"team2PM":34,"team3PA":30,"team3PM":10,"teamFTA":26,"teamFTM":24,"teamORB":12,"teamDRB":32,"teamPTS1":27,"teamPTS2":28,"teamPTS3":33,"teamPTS4":34,"teamPTS5":0,"teamPTS6":0,"teamPTS7":0,"teamPTS8":0,"opptAbbr":"TOR","opptConf":"East","opptLoc":"Away","opptRslt":"Loss","opptPTS":119,"opptAST":20,"opptTO":18,"opptSTL":7,"opptBLK":3,"opptPF":26,"opptFGA":83,"opptFGM":44,"oppt2PA":54,"oppt2PM":32,"oppt3PA":29,"oppt3PM":12,"opptFTA":24,"opptFTM":19,"opptORB":8,"opptDRB":24,"opptPTS1":34,"opptPTS2":28,"opptPTS3":25,"opptPTS4":32,"opptPTS5":0,"opptPTS6":0,"opptPTS7":0,"opptPTS8":0}
{"_id":{"$oid":"5cb552f6e0f627212ff3be4e"},"gmDate":"2018/2/2","offLNm3":"Brothers","offFNm3":"Tony","teamAbbr":"TOR","teamConf":"East","teamLoc":"Home","teamRslt":"Win","teamPTS":130,"teamAST":21,"teamTO":6,"teamSTL":5,"teamBLK":4,"teamPF":23,"teamFGA":99,"teamFGM":46,"team2PA":59,"team2PM":27,"team3PA":40,"team3PM":19,"teamFTA":21,"teamFTM":19,"teamORB":17,"teamDRB":25,"teamPTS1":37,"teamPTS2":37,"teamPTS3":27,"teamPTS4":29,"teamPTS5":0,"teamPTS6":0,"teamPTS7":0,"teamPTS8":0,"opptAbbr":"POR","opptConf":"West","opptLoc":"Away","opptRslt":"Loss","opptPTS":105,"opptAST":20,"opptTO":11,"opptSTL":4,"opptBLK":3,"opptPF":15,"opptFGA":73,"opptFGM":37,"oppt2PA":52,"oppt2PM":30,"oppt3PA":21,"oppt3PM":7,"opptFTA":33,"opptFTM":24,"opptORB":4,"opptDRB":32,"opptPTS1":18,"opptPTS2":34,"opptPTS3":28,"opptPTS4":25,"opptPTS5":0,"opptPTS6":0,"opptPTS7":0,"opptPTS8":0}
{"_id":{"$oid":"5cb552f6e0f627212ff3be62"},"gmDate":"2018/2/4","offLNm3":"Smith","offFNm3":"Michael","teamAbbr":"TOR","teamConf":"East","teamLoc":"Home","teamRslt":"Win","teamPTS":101,"teamAST":21,"teamTO":12,"teamSTL":13,"teamBLK":7,"teamPF":20,"teamFGA":89,"teamFGM":41,"team2PA":54,"team2PM":35,"team3PA":35,"team3PM":6,"teamFTA":15,"teamFTM":13,"teamORB":10,"teamDRB":34,"teamPTS1":25,"teamPTS2":31,"teamPTS3":20,"teamPTS4":25,"teamPTS5":0,"teamPTS6":0,"teamPTS7":0,"teamPTS8":0,"opptAbbr":"MEM","opptConf":"West","opptLoc":"Away","opptRslt":"Loss","opptPTS":86,"opptAST":17,"opptTO":19,"opptSTL":7,"opptBLK":6,"opptPF":23,"opptFGA":81,"opptFGM":29,"oppt2PA":56,"oppt2PM":21,"oppt3PA":25,"oppt3PM":8,"opptFTA":23,"opptFTM":20,"opptORB":13,"opptDRB":32,"opptPTS1":24,"opptPTS2":20,"opptPTS3":30,"opptPTS4":12,"opptPTS5":0,"opptPTS6":0,"opptPTS7":0,"opptPTS8":0}
{"_id":{"$oid":"5cb552f6e0f627212ff3be6e"},"gmDate":"2018/2/6","offLNm3":"Capers","offFNm3":"James","teamAbbr":"TOR","teamConf":"East","teamLoc":"Home","teamRslt":"Win","teamPTS":111,"teamAST":29,"teamTO":15,"teamSTL":10,"teamBLK":5,"teamPF":18,"teamFGA":80,"teamFGM":40,"team2PA":44,"team2PM":23,"team3PA":36,"team3PM":17,"teamFTA":17,"teamFTM":14,"teamORB":5,"teamDRB":34,"teamPTS1":22,"teamPTS2":36,"teamPTS3":25,"teamPTS4":28,"teamPTS5":0,"teamPTS6":0,"teamPTS7":0,"teamPTS8":0,"opptAbbr":"BOS","opptConf":"East","opptLoc":"Away","opptRslt":"Loss","opptPTS":91,"opptAST":21,"opptTO":17,"opptSTL":3,"opptBLK":3,"opptPF":19,"opptFGA":83,"opptFGM":33,"oppt2PA":60,"oppt2PM":23,"oppt3PA":23,"oppt3PM":10,"opptFTA":20,"opptFTM":15,"opptORB":9,"opptDRB":29,"opptPTS1":18,"opptPTS2":19,"opptPTS3":23,"opptPTS4":31,"opptPTS5":0,"opptPTS6":0,"opptPTS7":0,"opptPTS8":0}
{"_id":{"$oid":"5cb552f6e0f627212ff3be78"},"gmDate":"2018/2/8","offLNm3":"Ayotte","offFNm3":"Mark","teamAbbr":"TOR","teamConf":"East","teamLoc":"Home","teamRslt":"Win","teamPTS":113,"teamAST":31,"teamTO":9,"teamSTL":11,"teamBLK":5,"teamPF":17,"teamFGA":95,"teamFGM":43,"team2PA":52,"team2PM":27,"team3PA":43,"team3PM":16,"teamFTA":14,"teamFTM":11,"teamORB":9,"teamDRB":43,"teamPTS1":23,"teamPTS2":29,"teamPTS3":30,"teamPTS4":31,"teamPTS5":0,"teamPTS6":0,"teamPTS7":0,"teamPTS8":0,"opptAbbr":"NY","opptConf":"East","opptLoc":"Away","opptRslt":"Loss","opptPTS":88,"opptAST":19,"opptTO":16,"opptSTL":4,"opptBLK":8,"opptPF":15,"opptFGA":83,"opptFGM":33,"oppt2PA":56,"oppt2PM":26,"oppt3PA":27,"oppt3PM":7,"opptFTA":18,"opptFTM":15,"opptORB":5,"opptDRB":38,"opptPTS1":18,"opptPTS2":23,"opptPTS3":25,"opptPTS4":22,"opptPTS5":0,"opptPTS6":0,"opptPTS7":0,"opptPTS8":0}
{"_id":{"$oid":"5cb552f6e0f627212ff3be8d"},"gmDate":"2018/2/11","offLNm3":"Richardson","offFNm3":"Derek","teamAbbr":"CHA","teamConf":"East","teamLoc":"Home","teamRslt":"Loss","teamPTS":103,"teamAST":26,"teamTO":13,"teamSTL":5,"teamBLK":5,"teamPF":13,"teamFGA":89,"teamFGM":38,"team2PA":66,"team2PM":28,"team3PA":23,"team3PM":10,"teamFTA":23,"teamFTM":17,"teamORB":11,"teamDRB":31,"teamPTS1":26,"teamPTS2":29,"teamPTS3":19,"teamPTS4":29,"teamPTS5":0,"teamPTS6":0,"teamPTS7":0,"teamPTS8":0,"opptAbbr":"TOR","opptConf":"East","opptLoc":"Away","opptRslt":"Win","opptPTS":123,"opptAST":35,"opptTO":13,"opptSTL":7,"opptBLK":8,"opptPF":24,"opptFGA":87,"opptFGM":49,"oppt2PA":50,"oppt2PM":31,"oppt3PA":37,"oppt3PM":18,"opptFTA":10,"opptFTM":7,"opptORB":6,"opptDRB":34,"opptPTS1":30,"opptPTS2":32,"opptPTS3":28,"opptPTS4":33,"opptPTS5":0,"opptPTS6":0,"opptPTS7":0,"opptPTS8":0}
{"_id":{"$oid":"5cb552f6e0f627212ff3be9b"},"gmDate":"2018/2/13","offLNm3":"Wall","offFNm3":"Scott","teamAbbr":"TOR","teamConf":"East","teamLoc":"Home","teamRslt":"Win","teamPTS":115,"teamAST":24,"teamTO":8,"teamSTL":7,"teamBLK":3,"teamPF":19,"teamFGA":90,"teamFGM":42,"team2PA":55,"team2PM":29,"team3PA":35,"team3PM":13,"teamFTA":23,"teamFTM":18,"teamORB":7,"teamDRB":33,"teamPTS1":28,"teamPTS2":29,"teamPTS3":41,"teamPTS4":17,"teamPTS5":0,"teamPTS6":0,"teamPTS7":0,"teamPTS8":0,"opptAbbr":"MIA","opptConf":"East","opptLoc":"Away","opptRslt":"Loss","opptPTS":112,"opptAST":24,"opptTO":16,"opptSTL":5,"opptBLK":3,"opptPF":18,"opptFGA":86,"opptFGM":42,"oppt2PA":57,"oppt2PM":30,"oppt3PA":29,"oppt3PM":12,"opptFTA":19,"opptFTM":16,"opptORB":10,"opptDRB":41,"opptPTS1":24,"opptPTS2":31,"opptPTS3":26,"opptPTS4":31,"opptPTS5":0,"opptPTS6":0,"opptPTS7":0,"opptPTS8":0}
{"_id":{"$oid":"5cb552f6e0f627212ff3bea7"},"gmDate":"2018/2/14","offLNm3":"Zarba","offFNm3":"Zach","teamAbbr":"CHI","teamConf":"East","teamLoc":"Home","teamRslt":"Loss","teamPTS":98,"teamAST":17,"teamTO":6,"teamSTL":5,"teamBLK":6,"teamPF":16,"teamFGA":91,"teamFGM":39,"team2PA":67,"team2PM":35,"team3PA":24,"team3PM":4,"teamFTA":20,"teamFTM":16,"teamORB":4,"teamDRB":38,"teamPTS1":33,"teamPTS2":16,"teamPTS3":27,"teamPTS4":22,"teamPTS5":0,"teamPTS6":0,"teamPTS7":0,"teamPTS8":0,"opptAbbr":"TOR","opptConf":"East","opptLoc":"Away","opptRslt":"Win","opptPTS":122,"opptAST":38,"opptTO":8,"opptSTL":5,"opptBLK":8,"opptPF":22,"opptFGA":92,"opptFGM":48,"oppt2PA":54,"oppt2PM":34,"oppt3PA":38,"oppt3PM":14,"opptFTA":15,"opptFTM":12,"opptORB":5,"opptDRB":45,"opptPTS1":27,"opptPTS2":34,"opptPTS3":34,"opptPTS4":27,"opptPTS5":0,"opptPTS6":0,"opptPTS7":0,"opptPTS8":0}
{"_id":{"$oid":"5cb552f6e0f627212ff3beb8"},"gmDate":"2018/2/23","offLNm3":"Stafford","offFNm3":"Derrick","teamAbbr":"TOR","teamConf":"East","teamLoc":"Home","teamRslt":"Loss","teamPTS":119,"teamAST":23,"teamTO":12,"teamSTL":7,"teamBLK":8,"teamPF":21,"teamFGA":90,"teamFGM":43,"team2PA":56,"team2PM":34,"team3PA":34,"team3PM":9,"teamFTA":26,"teamFTM":24,"teamORB":5,"teamDRB":32,"teamPTS1":29,"teamPTS2":28,"teamPTS3":31,"teamPTS4":22,"teamPTS5":9,"teamPTS6":0,"teamPTS7":0,"teamPTS8":0,"opptAbbr":"MIL","opptConf":"East","opptLoc":"Away","opptRslt":"Win","opptPTS":122,"opptAST":21,"opptTO":21,"opptSTL":6,"opptBLK":3,"opptPF":24,"opptFGA":90,"opptFGM":43,"oppt2PA":64,"oppt2PM":30,"oppt3PA":26,"oppt3PM":13,"opptFTA":27,"opptFTM":23,"opptORB":13,"opptDRB":38,"opptPTS1":23,"opptPTS2":42,"opptPTS3":31,"opptPTS4":14,"opptPTS5":12,"opptPTS6":0,"opptPTS7":0,"opptPTS8":0}
{"_id":{"$oid":"5cb552f6e0f627212ff3bed1"},"gmDate":"2018/2/26","offLNm3":"Garretson","offFNm3":"Ron","teamAbbr":"TOR","teamConf":"East","teamLoc":"Home","teamRslt":"Win","teamPTS":123,"teamAST":31,"teamTO":18,"teamSTL":10,"teamBLK":7,"teamPF":18,"teamFGA":80,"teamFGM":42,"team2PA":42,"team2PM":25,"team3PA":38,"team3PM":17,"teamFTA":23,"teamFTM":22,"teamORB":6,"teamDRB":41,"teamPTS1":30,"teamPTS2":29,"teamPTS3":34,"teamPTS4":30,"teamPTS5":0,"teamPTS6":0,"teamPTS7":0,"teamPTS8":0,"opptAbbr":"DET","opptConf":"East","opptLoc":"Away","opptRslt":"Loss","opptPTS":94,"opptAST":20,"opptTO":13,"opptSTL":11,"opptBLK":3,"opptPF":22,"opptFGA":94,"opptFGM":36,"oppt2PA":72,"oppt2PM":29,"oppt3PA":22,"oppt3PM":7,"opptFTA":20,"opptFTM":15,"opptORB":13,"opptDRB":29,"opptPTS1":26,"opptPTS2":27,"opptPTS3":22,"opptPTS4":19,"opptPTS5":0,"opptPTS6":0,"opptPTS7":0,"opptPTS8":0}
{"_id":{"$oid":"5cb552f6e0f627212ff3bede"},"gmDate":"2018/2/28","offLNm3":"Brothers","offFNm3":"Tony","teamAbbr":"ORL","teamConf":"East","teamLoc":"Home","teamRslt":"Loss","teamPTS":104,"teamAST":27,"teamTO":13,"teamSTL":8,"teamBLK":2,"teamPF":19,"teamFGA":81,"teamFGM":39,"team2PA":51,"team2PM":26,"team3PA":30,"team3PM":13,"teamFTA":23,"teamFTM":13,"teamORB":8,"teamDRB":34,"teamPTS1":37,"teamPTS2":26,"teamPTS3":26,"teamPTS4":15,"teamPTS5":0,"teamPTS6":0,"teamPTS7":0,"teamPTS8":0,"opptAbbr":"TOR","opptConf":"East","opptLoc":"Away","opptRslt":"Win","opptPTS":117,"opptAST":33,"opptTO":12,"opptSTL":9,"opptBLK":6,"opptPF":22,"opptFGA":83,"opptFGM":45,"oppt2PA":53,"oppt2PM":33,"oppt3PA":30,"oppt3PM":12,"opptFTA":24,"opptFTM":15,"opptORB":7,"opptDRB":35,"opptPTS1":42,"opptPTS2":27,"opptPTS3":21,"opptPTS4":27,"opptPTS5":0,"opptPTS6":0,"opptPTS7":0,"opptPTS8":0}
{"_id":{"$oid":"5cb552f6e0f627212ff3bef0"},"gmDate":"2018/3/2","offLNm3":"Zarba","offFNm3":"Zach","teamAbbr":"WAS","teamConf":"East","teamLoc":"Home","teamRslt":"Loss","teamPTS":95,"teamAST":24,"teamTO":18,"teamSTL":2,"teamBLK":5,"teamPF":25,"teamFGA":79,"teamFGM":36,"team2PA":55,"team2PM":27,"team3PA":24,"team3PM":9,"teamFTA":21,"teamFTM":14,"teamORB":15,"teamDRB":32,"teamPTS1":27,"teamPTS2":20,"teamPTS3":27,"teamPTS4":21,"teamPTS5":0,"teamPTS6":0,"teamPTS7":0,"teamPTS8":0,"opptAbbr":"TOR","opptConf":"East","opptLoc":"Away","opptRslt":"Win","opptPTS":102,"opptAST":19,"opptTO":7,"opptSTL":9,"opptBLK":5,"opptPF":22,"opptFGA":78,"opptFGM":36,"oppt2PA":45,"oppt2PM":26,"oppt3PA":33,"oppt3PM":10,"opptFTA":32,"opptFTM":20,"opptORB":8,"opptDRB":26,"opptPTS1":19,"opptPTS2":32,"opptPTS3":26,"opptPTS4":25,"opptPTS5":0,"opptPTS6":0,"opptPTS7":0,"opptPTS8":0}
{"_id":{"$oid":"5cb552f6e0f627212ff3befc"},"gmDate":"2018/3/4","offLNm3":"Acosta","offFNm3":"Ray","teamAbbr":"TOR","teamConf":"East","teamLoc":"Home","teamRslt":"Win","teamPTS":103,"teamAST":22,"teamTO":15,"teamSTL":5,"teamBLK":9,"teamPF":28,"teamFGA":83,"teamFGM":35,"team2PA":42,"team2PM":23,"team3PA":41,"team3PM":12,"teamFTA":27,"teamFTM":21,"teamORB":9,"teamDRB":41,"teamPTS1":26,"teamPTS2":26,"teamPTS3":30,"teamPTS4":21,"teamPTS5":0,"teamPTS6":0,"teamPTS7":0,"teamPTS8":0,"opptAbbr":"CHA","opptConf":"East","opptLoc":"Away","opptRslt":"Loss","opptPTS":98,"opptAST":16,"opptTO":9,"opptSTL":7,"opptBLK":4,"opptPF":21,"opptFGA":85,"opptFGM":32,"oppt2PA":64,"oppt2PM":27,"oppt3PA":21,"oppt3PM":5,"opptFTA":35,"opptFTM":29,"opptORB":9,"opptDRB":37,"opptPTS1":21,"opptPTS2":22,"opptPTS3":26,"opptPTS4":29,"opptPTS5":0,"opptPTS6":0,"opptPTS7":0,"opptPTS8":0}
{"_id":{"$oid":"5cb552f6e0f627212ff3bf0a"},"gmDate":"2018/3/6","offLNm3":"Ayotte","offFNm3":"Mark","teamAbbr":"TOR","teamConf":"East","teamLoc":"Home","teamRslt":"Win","teamPTS":106,"teamAST":25,"teamTO":12,"teamSTL":12,"teamBLK":8,"teamPF":21,"teamFGA":88,"teamFGM":34,"team2PA":52,"team2PM":24,"team3PA":36,"team3PM":10,"teamFTA":33,"teamFTM":28,"teamORB":17,"teamDRB":28,"teamPTS1":27,"teamPTS2":23,"teamPTS3":26,"teamPTS4":30,"teamPTS5":0,"teamPTS6":0,"teamPTS7":0,"teamPTS8":0,"opptAbbr":"ATL","opptConf":"East","opptLoc":"Away","opptRslt":"Loss","opptPTS":90,"opptAST":22,"opptTO":22,"opptSTL":8,"opptBLK":6,"opptPF":25,"opptFGA":80,"opptFGM":34,"oppt2PA":59,"oppt2PM":28,"oppt3PA":21,"oppt3PM":6,"opptFTA":21,"opptFTM":16,"opptORB":12,"opptDRB":32,"opptPTS1":28,"opptPTS2":23,"opptPTS3":26,"opptPTS4":13,"opptPTS5":0,"opptPTS6":0,"opptPTS7":0,"opptPTS8":0}
{"_id":{"$oid":"5cb552f6e0f627212ff3bf13"},"gmDate":"2018/3/7","offLNm3":"Davis","offFNm3":"Marc","teamAbbr":"DET","teamConf":"East","teamLoc":"Home","teamRslt":"Loss","teamPTS":119,"teamAST":27,"teamTO":17,"teamSTL":3,"teamBLK":6,"teamPF":23,"teamFGA":89,"teamFGM":44,"team2PA":63,"team2PM":31,"team3PA":26,"team3PM":13,"teamFTA":23,"teamFTM":18,"teamORB":9,"teamDRB":41,"teamPTS1":23,"teamPTS2":36,"teamPTS3":25,"teamPTS4":30,"teamPTS5":5,"teamPTS6":0,"teamPTS7":0,"teamPTS8":0,"opptAbbr":"TOR","opptConf":"East","opptLoc":"Away","opptRslt":"Win","opptPTS":121,"opptAST":33,"opptTO":11,"opptSTL":9,"opptBLK":7,"opptPF":20,"opptFGA":100,"opptFGM":45,"oppt2PA":60,"oppt2PM":33,"oppt3PA":40,"oppt3PM":12,"opptFTA":21,"opptFTM":19,"opptORB":11,"opptDRB":36,"opptPTS1":27,"opptPTS2":18,"opptPTS3":40,"opptPTS4":29,"opptPTS5":7,"opptPTS6":0,"opptPTS7":0,"opptPTS8":0}
{"_id":{"$oid":"5cb552f6e0f627212ff3bf1f"},"gmDate":"2018/3/9","offLNm3":"Washington","offFNm3":"Tom","teamAbbr":"TOR","teamConf":"East","teamLoc":"Home","teamRslt":"Win","teamPTS":108,"teamAST":22,"teamTO":17,"teamSTL":7,"teamBLK":2,"teamPF":20,"teamFGA":85,"teamFGM":41,"team2PA":47,"team2PM":26,"team3PA":38,"team3PM":15,"teamFTA":14,"teamFTM":11,"teamORB":12,"teamDRB":30,"teamPTS1":32,"teamPTS2":26,"teamPTS3":25,"teamPTS4":25,"teamPTS5":0,"teamPTS6":0,"teamPTS7":0,"teamPTS8":0,"opptAbbr":"HOU","opptConf":"West","opptLoc":"Away","opptRslt":"Loss","opptPTS":105,"opptAST":15,"opptTO":14,"opptSTL":9,"opptBLK":3,"opptPF":13,"opptFGA":81,"opptFGM":40,"oppt2PA":54,"oppt2PM":31,"oppt3PA":27,"oppt3PM":9,"opptFTA":23,"opptFTM":16,"opptORB":7,"opptDRB":29,"opptPTS1":16,"opptPTS2":27,"opptPTS3":32,"opptPTS4":30,"opptPTS5":0,"opptPTS6":0,"opptPTS7":0,"opptPTS8":0}
{"_id":{"$oid":"5cb552f6e0f627212ff3bf2c"},"gmDate":"2018/3/11","offLNm3":"Boland","offFNm3":"Matt","teamAbbr":"NY","teamConf":"East","teamLoc":"Home","teamRslt":"Loss","teamPTS":106,"teamAST":21,"teamTO":10,"teamSTL":7,"teamBLK":4,"teamPF":19,"teamFGA":88,"teamFGM":40,"team2PA":67,"team2PM":33,"team3PA":21,"team3PM":7,"teamFTA":24,"teamFTM":19,"teamORB":8,"teamDRB":29,"teamPTS1":27,"teamPTS2":30,"teamPTS3":29,"teamPTS4":20,"teamPTS5":0,"teamPTS6":0,"teamPTS7":0,"teamPTS8":0,"opptAbbr":"TOR","opptConf":"East","opptLoc":"Away","opptRslt":"Win","opptPTS":132,"opptAST":32,"opptTO":11,"opptSTL":3,"opptBLK":3,"opptPF":19,"opptFGA":93,"opptFGM":47,"oppt2PA":58,"oppt2PM":31,"oppt3PA":35,"oppt3PM":16,"opptFTA":25,"opptFTM":22,"opptORB":14,"opptDRB":38,"opptPTS1":32,"opptPTS2":33,"opptPTS3":37,"opptPTS4":30,"opptPTS5":0,"opptPTS6":0,"opptPTS7":0,"opptPTS8":0}
{"_id":{"$oid":"5cb552f6e0f627212ff3bf3d"},"gmDate":"2018/3/13","offLNm3":"Phillips","offFNm3":"Jason","teamAbbr":"BKN","teamConf":"East","teamLoc":"Home","teamRslt":"Loss","teamPTS":102,"teamAST":21,"teamTO":12,"teamSTL":9,"teamBLK":6,"teamPF":19,"teamFGA":86,"teamFGM":35,"team2PA":50,"team2PM":20,"team3PA":36,"team3PM":15,"teamFTA":19,"teamFTM":17,"teamORB":9,"teamDRB":29,"teamPTS1":40,"teamPTS2":27,"teamPTS3":18,"teamPTS4":17,"teamPTS5":0,"teamPTS6":0,"teamPTS7":0,"teamPTS8":0,"opptAbbr":"TOR","opptConf":"East","opptLoc":"Away","opptRslt":"Win","opptPTS":116,"opptAST":27,"opptTO":11,"opptSTL":7,"opptBLK":6,"opptPF":20,"opptFGA":91,"opptFGM":44,"oppt2PA":60,"oppt2PM":33,"oppt3PA":31,"oppt3PM":11,"opptFTA":21,"opptFTM":17,"opptORB":13,"opptDRB":40,"opptPTS1":32,"opptPTS2":25,"opptPTS3":30,"opptPTS4":29,"opptPTS5":0,"opptPTS6":0,"opptPTS7":0,"opptPTS8":0}
{"_id":{"$oid":"5cb552f6e0f627212ff3bf49"},"gmDate":"2018/3/15","offLNm3":"Stafford","offFNm3":"Derrick","teamAbbr":"IND","teamConf":"East","teamLoc":"Home","teamRslt":"Loss","teamPTS":99,"teamAST":17,"teamTO":8,"teamSTL":11,"teamBLK":3,"teamPF":25,"teamFGA":93,"teamFGM":40,"team2PA":69,"team2PM":33,"team3PA":24,"team3PM":7,"teamFTA":17,"teamFTM":12,"teamORB":11,"teamDRB":24,"teamPTS1":27,"teamPTS2":30,"teamPTS3":22,"teamPTS4":20,"teamPTS5":0,"teamPTS6":0,"teamPTS7":0,"teamPTS8":0,"opptAbbr":"TOR","opptConf":"East","opptLoc":"Away","opptRslt":"Win","opptPTS":106,"opptAST":20,"opptTO":20,"opptSTL":4,"opptBLK":8,"opptPF":19,"opptFGA":80,"opptFGM":35,"oppt2PA":48,"oppt2PM":23,"oppt3PA":32,"oppt3PM":12,"opptFTA":28,"opptFTM":24,"opptORB":19,"opptDRB":39,"opptPTS1":25,"opptPTS2":24,"opptPTS3":28,"opptPTS4":29,"opptPTS5":0,"opptPTS6":0,"opptPTS7":0,"opptPTS8":0}
{"_id":{"$oid":"5cb552f6e0f627212ff3bf55"},"gmDate":"2018/3/16","offLNm3":"Ford","offFNm3":"Tyler","teamAbbr":"TOR","teamConf":"East","teamLoc":"Home","teamRslt":"Win","teamPTS":122,"teamAST":26,"teamTO":14,"teamSTL":5,"teamBLK":8,"teamPF":21,"teamFGA":91,"teamFGM":43,"team2PA":61,"team2PM":33,"team3PA":30,"team3PM":10,"teamFTA":31,"teamFTM":26,"teamORB":12,"teamDRB":33,"teamPTS1":29,"teamPTS2":25,"teamPTS3":24,"teamPTS4":28,"teamPTS5":16,"teamPTS6":0,"teamPTS7":0,"teamPTS8":0,"opptAbbr":"DAL","opptConf":"West","opptLoc":"Away","opptRslt":"Loss","opptPTS":115,"opptAST":25,"opptTO":12,"opptSTL":7,"opptBLK":5,"opptPF":27,"opptFGA":91,"opptFGM":48,"oppt2PA":69,"oppt2PM":42,"oppt3PA":22,"oppt3PM":6,"opptFTA":18,"opptFTM":13,"opptORB":6,"opptDRB":30,"opptPTS1":27,"opptPTS2":33,"opptPTS3":24,"opptPTS4":22,"opptPTS5":9,"opptPTS6":0,"opptPTS7":0,"opptPTS8":0}
{"_id":{"$oid":"5cb552f6e0f627212ff3bf63"},"gmDate":"2018/3/18","offLNm3":"Davis","offFNm3":"Marc","teamAbbr":"TOR","teamConf":"East","teamLoc":"Home","teamRslt":"Loss","teamPTS":125,"teamAST":31,"teamTO":19,"teamSTL":5,"teamBLK":1,"teamPF":25,"teamFGA":81,"teamFGM":46,"team2PA":51,"team2PM":31,"team3PA":30,"team3PM":15,"teamFTA":23,"teamFTM":18,"teamORB":8,"teamDRB":23,"teamPTS1":34,"teamPTS2":30,"teamPTS3":34,"teamPTS4":27,"teamPTS5":0,"teamPTS6":0,"teamPTS7":0,"teamPTS8":0,"opptAbbr":"OKC","opptConf":"West","opptLoc":"Away","opptRslt":"Win","opptPTS":132,"opptAST":27,"opptTO":18,"opptSTL":11,"opptBLK":2,"opptPF":24,"opptFGA":88,"opptFGM":49,"oppt2PA":67,"oppt2PM":39,"oppt3PA":21,"oppt3PM":10,"opptFTA":34,"opptFTM":24,"opptORB":14,"opptDRB":25,"opptPTS1":40,"opptPTS2":26,"opptPTS3":31,"opptPTS4":35,"opptPTS5":0,"opptPTS6":0,"opptPTS7":0,"opptPTS8":0}
{"_id":{"$oid":"5cb552f6e0f627212ff3bf6e"},"gmDate":"2018/3/20","offLNm3":"Ayotte","offFNm3":"Mark","teamAbbr":"ORL","teamConf":"East","teamLoc":"Home","teamRslt":"Loss","teamPTS":86,"teamAST":22,"teamTO":15,"teamSTL":13,"teamBLK":7,"teamPF":16,"teamFGA":90,"teamFGM":37,"team2PA":65,"team2PM":28,"team3PA":25,"team3PM":9,"teamFTA":5,"teamFTM":3,"teamORB":10,"teamDRB":35,"teamPTS1":25,"teamPTS2":26,"teamPTS3":25,"teamPTS4":10,"teamPTS5":0,"teamPTS6":0,"teamPTS7":0,"teamPTS8":0,"opptAbbr":"TOR","opptConf":"East","opptLoc":"Away","opptRslt":"Win","opptPTS":93,"opptAST":19,"opptTO":17,"opptSTL":7,"opptBLK":8,"opptPF":10,"opptFGA":77,"opptFGM":35,"oppt2PA":41,"oppt2PM":21,"oppt3PA":36,"oppt3PM":14,"opptFTA":17,"opptFTM":9,"opptORB":6,"opptDRB":39,"opptPTS1":24,"opptPTS2":28,"opptPTS3":16,"opptPTS4":25,"opptPTS5":0,"opptPTS6":0,"opptPTS7":0,"opptPTS8":0}
{"_id":{"$oid":"5cb552f6e0f627212ff3bf76"},"gmDate":"2018/3/21","offLNm3":"Callahan","offFNm3":"Mike","teamAbbr":"CLE","teamConf":"East","teamLoc":"Home","teamRslt":"Win","teamPTS":132,"teamAST":28,"teamTO":10,"teamSTL":4,"teamBLK":3,"teamPF":18,"teamFGA":78,"teamFGM":47,"team2PA":54,"team2PM":32,"team3PA":24,"team3PM":15,"teamFTA":28,"teamFTM":23,"teamORB":4,"teamDRB":28,"teamPTS1":42,"teamPTS2":22,"teamPTS3":34,"teamPTS4":34,"teamPTS5":0,"teamPTS6":0,"teamPTS7":0,"teamPTS8":0,"opptAbbr":"TOR","opptConf":"East","opptLoc":"Away","opptRslt":"Loss","opptPTS":129,"opptAST":32,"opptTO":8,"opptSTL":4,"opptBLK":5,"opptPF":23,"opptFGA":87,"opptFGM":47,"oppt2PA":53,"oppt2PM":32,"oppt3PA":34,"oppt3PM":15,"opptFTA":23,"opptFTM":20,"opptORB":10,"opptDRB":23,"opptPTS1":38,"opptPTS2":41,"opptPTS3":20,"opptPTS4":30,"opptPTS5":0,"opptPTS6":0,"opptPTS7":0,"opptPTS8":0}
{"_id":{"$oid":"5cb552f6e0f627212ff3bf89"},"gmDate":"2018/3/23","offLNm3":"Foster","offFNm3":"Scott","teamAbbr":"TOR","teamConf":"East","teamLoc":"Home","teamRslt":"Win","teamPTS":116,"teamAST":26,"teamTO":11,"teamSTL":5,"teamBLK":7,"teamPF":24,"teamFGA":86,"teamFGM":41,"team2PA":57,"team2PM":27,"team3PA":29,"team3PM":14,"teamFTA":29,"teamFTM":20,"teamORB":5,"teamDRB":38,"teamPTS1":31,"teamPTS2":28,"teamPTS3":25,"teamPTS4":32,"teamPTS5":0,"teamPTS6":0,"teamPTS7":0,"teamPTS8":0,"opptAbbr":"BKN","opptConf":"East","opptLoc":"Away","opptRslt":"Loss","opptPTS":112,"opptAST":21,"opptTO":11,"opptSTL":5,"opptBLK":9,"opptPF":23,"opptFGA":84,"opptFGM":41,"oppt2PA":57,"oppt2PM":30,"oppt3PA":27,"oppt3PM":11,"opptFTA":31,"opptFTM":19,"opptORB":5,"opptDRB":35,"opptPTS1":32,"opptPTS2":32,"opptPTS3":27,"opptPTS4":21,"opptPTS5":0,"opptPTS6":0,"opptPTS7":0,"opptPTS8":0}
{"_id":{"$oid":"5cb552f6e0f627212ff3bf97"},"gmDate":"2018/3/25","offLNm3":"Spooner","offFNm3":"Bill","teamAbbr":"TOR","teamConf":"East","teamLoc":"Home","teamRslt":"Loss","teamPTS":106,"teamAST":24,"teamTO":16,"teamSTL":3,"teamBLK":6,"teamPF":23,"teamFGA":92,"teamFGM":41,"team2PA":56,"team2PM":25,"team3PA":36,"team3PM":16,"teamFTA":14,"teamFTM":8,"teamORB":13,"teamDRB":35,"teamPTS1":35,"teamPTS2":25,"teamPTS3":20,"teamPTS4":26,"teamPTS5":0,"teamPTS6":0,"teamPTS7":0,"teamPTS8":0,"opptAbbr":"LAC","opptConf":"West","opptLoc":"Away","opptRslt":"Win","opptPTS":117,"opptAST":17,"opptTO":9,"opptSTL":7,"opptBLK":5,"opptPF":16,"opptFGA":95,"opptFGM":44,"oppt2PA":77,"oppt2PM":36,"oppt3PA":18,"oppt3PM":8,"opptFTA":27,"opptFTM":21,"opptORB":12,"opptDRB":32,"opptPTS1":28,"opptPTS2":25,"opptPTS3":27,"opptPTS4":37,"opptPTS5":0,"opptPTS6":0,"opptPTS7":0,"opptPTS8":0}
{"_id":{"$oid":"5cb552f6e0f627212ff3bfa3"},"gmDate":"2018/3/27","offLNm3":"Collins","offFNm3":"Derrick","teamAbbr":"TOR","teamConf":"East","teamLoc":"Home","teamRslt":"Win","teamPTS":114,"teamAST":33,"teamTO":9,"teamSTL":6,"teamBLK":16,"teamPF":18,"teamFGA":92,"teamFGM":47,"team2PA":58,"team2PM":34,"team3PA":34,"team3PM":13,"teamFTA":9,"teamFTM":7,"teamORB":9,"teamDRB":28,"teamPTS1":25,"teamPTS2":33,"teamPTS3":24,"teamPTS4":32,"teamPTS5":0,"teamPTS6":0,"teamPTS7":0,"teamPTS8":0,"opptAbbr":"DEN","opptConf":"West","opptLoc":"Away","opptRslt":"Loss","opptPTS":110,"opptAST":26,"opptTO":13,"opptSTL":6,"opptBLK":6,"opptPF":16,"opptFGA":89,"opptFGM":42,"oppt2PA":59,"oppt2PM":29,"oppt3PA":30,"oppt3PM":13,"opptFTA":14,"opptFTM":13,"opptORB":10,"opptDRB":30,"opptPTS1":23,"opptPTS2":35,"opptPTS3":27,"opptPTS4":25,"opptPTS5":0,"opptPTS6":0,"opptPTS7":0,"opptPTS8":0}
{"_id":{"$oid":"5cb552f6e0f627212ff3bfc2"},"gmDate":"2018/3/31","offLNm3":"Capers","offFNm3":"James","teamAbbr":"BOS","teamConf":"East","teamLoc":"Home","teamRslt":"Win","teamPTS":110,"teamAST":19,"teamTO":6,"teamSTL":6,"teamBLK":3,"teamPF":23,"teamFGA":88,"teamFGM":40,"team2PA":71,"team2PM":33,"team3PA":17,"team3PM":7,"teamFTA":27,"teamFTM":23,"teamORB":8,"teamDRB":33,"teamPTS1":31,"teamPTS2":22,"teamPTS3":29,"teamPTS4":28,"teamPTS5":0,"teamPTS6":0,"teamPTS7":0,"teamPTS8":0,"opptAbbr":"TOR","opptConf":"East","opptLoc":"Away","opptRslt":"Loss","opptPTS":99,"opptAST":23,"opptTO":15,"opptSTL":1,"opptBLK":5,"opptPF":26,"opptFGA":80,"opptFGM":37,"oppt2PA":45,"oppt2PM":29,"oppt3PA":35,"oppt3PM":8,"opptFTA":22,"opptFTM":17,"opptORB":9,"opptDRB":37,"opptPTS1":33,"opptPTS2":22,"opptPTS3":29,"opptPTS4":15,"opptPTS5":0,"opptPTS6":0,"opptPTS7":0,"opptPTS8":0}
{"_id":{"$oid":"5cb552f6e0f627212ff3bfd2"},"gmDate":"2018/4/3","offLNm3":"Lewis","offFNm3":"Eric","teamAbbr":"CLE","teamConf":"East","teamLoc":"Home","teamRslt":"Win","teamPTS":112,"teamAST":18,"teamTO":12,"teamSTL":8,"teamBLK":6,"teamPF":17,"teamFGA":77,"teamFGM":38,"team2PA":47,"team2PM":25,"team3PA":30,"team3PM":13,"teamFTA":26,"teamFTM":23,"teamORB":2,"teamDRB":40,"teamPTS1":28,"teamPTS2":32,"teamPTS3":26,"teamPTS4":26,"teamPTS5":0,"teamPTS6":0,"teamPTS7":0,"teamPTS8":0,"opptAbbr":"TOR","opptConf":"East","opptLoc":"Away","opptRslt":"Loss","opptPTS":106,"opptAST":28,"opptTO":11,"opptSTL":7,"opptBLK":1,"opptPF":23,"opptFGA":94,"opptFGM":42,"oppt2PA":60,"oppt2PM":31,"oppt3PA":34,"oppt3PM":11,"opptFTA":14,"opptFTM":11,"opptORB":9,"opptDRB":37,"opptPTS1":24,"opptPTS2":28,"opptPTS3":26,"opptPTS4":28,"opptPTS5":0,"opptPTS6":0,"opptPTS7":0,"opptPTS8":0}
{"_id":{"$oid":"5cb552f6e0f627212ff3bfe1"},"gmDate":"2018/4/4","offLNm3":"Malloy","offFNm3":"Ed","teamAbbr":"TOR","teamConf":"East","teamLoc":"Home","teamRslt":"Win","teamPTS":96,"teamAST":23,"teamTO":11,"teamSTL":10,"teamBLK":6,"teamPF":25,"teamFGA":92,"teamFGM":40,"team2PA":59,"team2PM":30,"team3PA":33,"team3PM":10,"teamFTA":8,"teamFTM":6,"teamORB":12,"teamDRB":36,"teamPTS1":14,"teamPTS2":29,"teamPTS3":24,"teamPTS4":29,"teamPTS5":0,"teamPTS6":0,"teamPTS7":0,"teamPTS8":0,"opptAbbr":"BOS","opptConf":"East","opptLoc":"Away","opptRslt":"Loss","opptPTS":78,"opptAST":10,"opptTO":17,"opptSTL":7,"opptBLK":3,"opptPF":16,"opptFGA":75,"opptFGM":25,"oppt2PA":53,"oppt2PM":22,"oppt3PA":22,"oppt3PM":3,"opptFTA":28,"opptFTM":25,"opptORB":8,"opptDRB":35,"opptPTS1":20,"opptPTS2":13,"opptPTS3":20,"opptPTS4":25,"opptPTS5":0,"opptPTS6":0,"opptPTS7":0,"opptPTS8":0}
{"_id":{"$oid":"5cb552f6e0f627212ff3bff3"},"gmDate":"2018/4/6","offLNm3":"Brown","offFNm3":"Tony","teamAbbr":"TOR","teamConf":"East","teamLoc":"Home","teamRslt":"Win","teamPTS":92,"teamAST":27,"teamTO":23,"teamSTL":9,"teamBLK":8,"teamPF":17,"teamFGA":84,"teamFGM":36,"team2PA":54,"team2PM":27,"team3PA":30,"team3PM":9,"teamFTA":16,"teamFTM":11,"teamORB":9,"teamDRB":43,"teamPTS1":26,"teamPTS2":19,"teamPTS3":27,"teamPTS4":20,"teamPTS5":0,"teamPTS6":0,"teamPTS7":0,"teamPTS8":0,"opptAbbr":"IND","opptConf":"East","opptLoc":"Away","opptRslt":"Loss","opptPTS":73,"opptAST":16,"opptTO":13,"opptSTL":8,"opptBLK":8,"opptPF":21,"opptFGA":87,"opptFGM":26,"oppt2PA":66,"oppt2PM":19,"oppt3PA":21,"oppt3PM":7,"opptFTA":20,"opptFTM":14,"opptORB":12,"opptDRB":32,"opptPTS1":14,"opptPTS2":19,"opptPTS3":16,"opptPTS4":24,"opptPTS5":0,"opptPTS6":0,"opptPTS7":0,"opptPTS8":0}
{"_id":{"$oid":"5cb552f6e0f627212ff3bfff"},"gmDate":"2018/4/8","offLNm3":"Phillips","offFNm3":"Jason","teamAbbr":"TOR","teamConf":"East","teamLoc":"Home","teamRslt":"Win","teamPTS":112,"teamAST":28,"teamTO":17,"teamSTL":8,"teamBLK":5,"teamPF":21,"teamFGA":78,"teamFGM":39,"team2PA":38,"team2PM":22,"team3PA":40,"team3PM":17,"teamFTA":24,"teamFTM":17,"teamORB":6,"teamDRB":41,"teamPTS1":35,"teamPTS2":26,"teamPTS3":28,"teamPTS4":23,"teamPTS5":0,"teamPTS6":0,"teamPTS7":0,"teamPTS8":0,"opptAbbr":"ORL","opptConf":"East","opptLoc":"Away","opptRslt":"Loss","opptPTS":101,"opptAST":25,"opptTO":11,"opptSTL":12,"opptBLK":4,"opptPF":17,"opptFGA":89,"opptFGM":42,"oppt2PA":66,"oppt2PM":35,"oppt3PA":23,"oppt3PM":7,"opptFTA":17,"opptFTM":10,"opptORB":6,"opptDRB":36,"opptPTS1":24,"opptPTS2":26,"opptPTS3":24,"opptPTS4":27,"opptPTS5":0,"opptPTS6":0,"opptPTS7":0,"opptPTS8":0}
{"_id":{"$oid":"5cb552f6e0f627212ff3c001"},"gmDate":"2018/4/9","offLNm3":"Callahan","offFNm3":"Mike","teamAbbr":"DET","teamConf":"East","teamLoc":"Home","teamRslt":"Loss","teamPTS":98,"teamAST":22,"teamTO":6,"teamSTL":7,"teamBLK":2,"teamPF":11,"teamFGA":78,"teamFGM":35,"team2PA":48,"team2PM":26,"team3PA":30,"team3PM":9,"teamFTA":25,"teamFTM":19,"teamORB":4,"teamDRB":29,"teamPTS1":32,"teamPTS2":28,"teamPTS3":20,"teamPTS4":18,"teamPTS5":0,"teamPTS6":0,"teamPTS7":0,"teamPTS8":0,"opptAbbr":"TOR","opptConf":"East","opptLoc":"Away","opptRslt":"Win","opptPTS":108,"opptAST":27,"opptTO":10,"opptSTL":3,"opptBLK":5,"opptPF":17,"opptFGA":87,"opptFGM":46,"oppt2PA":48,"oppt2PM":34,"oppt3PA":39,"oppt3PM":12,"opptFTA":4,"opptFTM":4,"opptORB":8,"opptDRB":40,"opptPTS1":32,"opptPTS2":25,"opptPTS3":28,"opptPTS4":23,"opptPTS5":0,"opptPTS6":0,"opptPTS7":0,"opptPTS8":0}
{"_id":{"$oid":"5cb552f6e0f627212ff3c014"},"gmDate":"2018/4/11","offLNm3":"Malloy","offFNm3":"Ed","teamAbbr":"MIA","teamConf":"East","teamLoc":"Home","teamRslt":"Win","teamPTS":116,"teamAST":26,"teamTO":9,"teamSTL":8,"teamBLK":7,"teamPF":18,"teamFGA":106,"teamFGM":46,"team2PA":80,"team2PM":35,"team3PA":26,"team3PM":11,"teamFTA":20,"teamFTM":13,"teamORB":19,"teamDRB":37,"teamPTS1":27,"teamPTS2":20,"teamPTS3":24,"teamPTS4":34,"teamPTS5":11,"teamPTS6":0,"teamPTS7":0,"teamPTS8":0,"opptAbbr":"TOR","opptConf":"East","opptLoc":"Away","opptRslt":"Loss","opptPTS":109,"opptAST":24,"opptTO":14,"opptSTL":5,"opptBLK":10,"opptPF":24,"opptFGA":92,"opptFGM":42,"oppt2PA":62,"oppt2PM":33,"oppt3PA":30,"oppt3PM":9,"opptFTA":21,"opptFTM":16,"opptORB":9,"opptDRB":38,"opptPTS1":29,"opptPTS2":24,"opptPTS3":25,"opptPTS4":27,"opptPTS5":4,"opptPTS6":0,"opptPTS7":0,"opptPTS8":0}
