{"_id":{"$oid":"5cb552e5e0f627212ff3a7b1"},"stDate":"2017/10/17","teamAbbr":"TOR","rank":2,"rankOrd":"2nd","gameWon":0,"gameLost":0,"stk":"-","homeWin":0,"homeLoss":0,"awayWin":0,"awayLoss":0}
{"_id":{"$oid":"5cb552e5e0f627212ff3a7ce"},"stDate":"2017/10/18","teamAbbr":"TOR","rank":8,"rankOrd":"8th","gameWon":0,"gameLost":0,"stk":"-","homeWin":0,"homeLoss":0,"awayWin":0,"awayLoss":0}
{"_id":{"$oid":"5cb552e5e0f627212ff3a7fa"},"stDate":"2017/10/19","teamAbbr":"TOR","rank":1,"rankOrd":"1st","gameWon":1,"gameLost":0,"stk":"W1","homeWin":1,"homeLoss":0,"awayWin":0,"awayLoss":0}
{"_id":{"$oid":"5cb552e5e0f627212ff3a80b"},"stDate":"2017/10/20","teamAbbr":"TOR","rank":3,"rankOrd":"3rd","gameWon":1,"gameLost":0,"stk":"W1","homeWin":1,"homeLoss":0,"awayWin":0,"awayLoss":0}
{"_id":{"$oid":"5cb552e5e0f627212ff3a826"},"stDate":"2017/10/21","teamAbbr":"TOR","rank":1,"rankOrd":"1st","gameWon":2,"gameLost":0,"stk":"W2","homeWin":2,"homeLoss":0,"awayWin":0,"awayLoss":0}
{"_id":{"$oid":"5cb552e5e0f627212ff3a846"},"stDate":"2017/10/22","teamAbbr":"TOR","rank":1,"rankOrd":"1st","gameWon":2,"gameLost":0,"stk":"W2","homeWin":2,"homeLoss":0,"awayWin":0,"awayLoss":0}
{"_id":{"$oid":"5cb552e5e0f627212ff3a864"},"stDate":"2017/10/23","teamAbbr":"TOR","rank":3,"rankOrd":"3rd","gameWon":2,"gameLost":1,"stk":"L1","homeWin":2,"homeLoss":0,"awayWin":0,"awayLoss":1}
{"_id":{"$oid":"5cb552e5e0f627212ff3a880"},"stDate":"2017/10/24","teamAbbr":"TOR","rank":5,"rankOrd":"5th","gameWon":2,"gameLost":1,"stk":"L1","homeWin":2,"homeLoss":0,"awayWin":0,"awayLoss":1}
{"_id":{"$oid":"5cb552e5e0f627212ff3a8a0"},"stDate":"2017/10/25","teamAbbr":"TOR","rank":7,"rankOrd":"7th","gameWon":2,"gameLost":2,"stk":"L2","homeWin":2,"homeLoss":0,"awayWin":0,"awayLoss":2}
{"_id":{"$oid":"5cb552e5e0f627212ff3a8be"},"stDate":"2017/10/26","teamAbbr":"TOR","rank":8,"rankOrd":"8th","gameWon":2,"gameLost":2,"stk":"L2","homeWin":2,"homeLoss":0,"awayWin":0,"awayLoss":2}
{"_id":{"$oid":"5cb552e5e0f627212ff3a8dc"},"stDate":"2017/10/27","teamAbbr":"TOR","rank":2,"rankOrd":"2nd","gameWon":3,"gameLost":2,"stk":"W1","homeWin":2,"homeLoss":0,"awayWin":1,"awayLoss":2}
{"_id":{"$oid":"5cb552e5e0f627212ff3a8ff"},"stDate":"2017/10/28","teamAbbr":"TOR","rank":4,"rankOrd":"4th","gameWon":3,"gameLost":2,"stk":"W1","homeWin":2,"homeLoss":0,"awayWin":1,"awayLoss":2}
{"_id":{"$oid":"5cb552e5e0f627212ff3a918"},"stDate":"2017/10/29","teamAbbr":"TOR","rank":6,"rankOrd":"6th","gameWon":3,"gameLost":2,"stk":"W1","homeWin":2,"homeLoss":0,"awayWin":1,"awayLoss":2}
{"_id":{"$oid":"5cb552e5e0f627212ff3a938"},"stDate":"2017/10/30","teamAbbr":"TOR","rank":4,"rankOrd":"4th","gameWon":4,"gameLost":2,"stk":"W2","homeWin":2,"homeLoss":0,"awayWin":2,"awayLoss":2}
{"_id":{"$oid":"5cb552e5e0f627212ff3a954"},"stDate":"2017/10/31","teamAbbr":"TOR","rank":3,"rankOrd":"3rd","gameWon":4,"gameLost":2,"stk":"W2","homeWin":2,"homeLoss":0,"awayWin":2,"awayLoss":2}
{"_id":{"$oid":"5cb552e5e0f627212ff3a972"},"stDate":"2017/11/1","teamAbbr":"TOR","rank":6,"rankOrd":"6th","gameWon":4,"gameLost":3,"stk":"L1","homeWin":2,"homeLoss":0,"awayWin":2,"awayLoss":3}
{"_id":{"$oid":"5cb552e5e0f627212ff3a993"},"stDate":"2017/11/2","teamAbbr":"TOR","rank":6,"rankOrd":"6th","gameWon":4,"gameLost":3,"stk":"L1","homeWin":2,"homeLoss":0,"awayWin":2,"awayLoss":3}
{"_id":{"$oid":"5cb552e5e0f627212ff3a9ac"},"stDate":"2017/11/3","teamAbbr":"TOR","rank":4,"rankOrd":"4th","gameWon":5,"gameLost":3,"stk":"W1","homeWin":2,"homeLoss":0,"awayWin":3,"awayLoss":3}
{"_id":{"$oid":"5cb552e5e0f627212ff3a9cb"},"stDate":"2017/11/4","teamAbbr":"TOR","rank":4,"rankOrd":"4th","gameWon":5,"gameLost":3,"stk":"W1","homeWin":2,"homeLoss":0,"awayWin":3,"awayLoss":3}
{"_id":{"$oid":"5cb552e5e0f627212ff3a9ea"},"stDate":"2017/11/5","teamAbbr":"TOR","rank":4,"rankOrd":"4th","gameWon":5,"gameLost":4,"stk":"L1","homeWin":2,"homeLoss":1,"awayWin":3,"awayLoss":3}
{"_id":{"$oid":"5cb552e5e0f627212ff3aa07"},"stDate":"2017/11/6","teamAbbr":"TOR","rank":4,"rankOrd":"4th","gameWon":5,"gameLost":4,"stk":"L1","homeWin":2,"homeLoss":1,"awayWin":3,"awayLoss":3}
{"_id":{"$oid":"5cb552e5e0f627212ff3aa26"},"stDate":"2017/11/7","teamAbbr":"TOR","rank":3,"rankOrd":"3rd","gameWon":6,"gameLost":4,"stk":"W1","homeWin":3,"homeLoss":1,"awayWin":3,"awayLoss":3}
{"_id":{"$oid":"5cb552e5e0f627212ff3aa44"},"stDate":"2017/11/8","teamAbbr":"TOR","rank":4,"rankOrd":"4th","gameWon":6,"gameLost":4,"stk":"W1","homeWin":3,"homeLoss":1,"awayWin":3,"awayLoss":3}
{"_id":{"$oid":"5cb552e5e0f627212ff3aa62"},"stDate":"2017/11/9","teamAbbr":"TOR","rank":3,"rankOrd":"3rd","gameWon":7,"gameLost":4,"stk":"W2","homeWin":4,"homeLoss":1,"awayWin":3,"awayLoss":3}
{"_id":{"$oid":"5cb552e5e0f627212ff3aa80"},"stDate":"2017/11/10","teamAbbr":"TOR","rank":4,"rankOrd":"4th","gameWon":7,"gameLost":4,"stk":"W2","homeWin":4,"homeLoss":1,"awayWin":3,"awayLoss":3}
{"_id":{"$oid":"5cb552e5e0f627212ff3aa9f"},"stDate":"2017/11/11","teamAbbr":"TOR","rank":3,"rankOrd":"3rd","gameWon":7,"gameLost":4,"stk":"W2","homeWin":4,"homeLoss":1,"awayWin":3,"awayLoss":3}
{"_id":{"$oid":"5cb552e5e0f627212ff3aabc"},"stDate":"2017/11/12","teamAbbr":"TOR","rank":4,"rankOrd":"4th","gameWon":7,"gameLost":5,"stk":"L1","homeWin":4,"homeLoss":1,"awayWin":3,"awayLoss":4}
{"_id":{"$oid":"5cb552e5e0f627212ff3aad9"},"stDate":"2017/11/13","teamAbbr":"TOR","rank":4,"rankOrd":"4th","gameWon":7,"gameLost":5,"stk":"L1","homeWin":4,"homeLoss":1,"awayWin":3,"awayLoss":4}
{"_id":{"$oid":"5cb552e5e0f627212ff3aaf8"},"stDate":"2017/11/14","teamAbbr":"TOR","rank":3,"rankOrd":"3rd","gameWon":8,"gameLost":5,"stk":"W1","homeWin":4,"homeLoss":1,"awayWin":4,"awayLoss":4}
{"_id":{"$oid":"5cb552e5e0f627212ff3ab11"},"stDate":"2017/11/15","teamAbbr":"TOR","rank":3,"rankOrd":"3rd","gameWon":9,"gameLost":5,"stk":"W2","homeWin":4,"homeLoss":1,"awayWin":5,"awayLoss":4}
{"_id":{"$oid":"5cb552e5e0f627212ff3ab34"},"stDate":"2017/11/16","teamAbbr":"TOR","rank":3,"rankOrd":"3rd","gameWon":9,"gameLost":5,"stk":"W2","homeWin":4,"homeLoss":1,"awayWin":5,"awayLoss":4}
{"_id":{"$oid":"5cb552e5e0f627212ff3ab52"},"stDate":"2017/11/17","teamAbbr":"TOR","rank":2,"rankOrd":"2nd","gameWon":10,"gameLost":5,"stk":"W3","homeWin":5,"homeLoss":1,"awayWin":5,"awayLoss":4}
{"_id":{"$oid":"5cb552e5e0f627212ff3ab70"},"stDate":"2017/11/18","teamAbbr":"TOR","rank":2,"rankOrd":"2nd","gameWon":10,"gameLost":5,"stk":"W3","homeWin":5,"homeLoss":1,"awayWin":5,"awayLoss":4}
{"_id":{"$oid":"5cb552e5e0f627212ff3ab8e"},"stDate":"2017/11/19","teamAbbr":"TOR","rank":2,"rankOrd":"2nd","gameWon":11,"gameLost":5,"stk":"W4","homeWin":6,"homeLoss":1,"awayWin":5,"awayLoss":4}
{"_id":{"$oid":"5cb552e5e0f627212ff3abb0"},"stDate":"2017/11/20","teamAbbr":"TOR","rank":2,"rankOrd":"2nd","gameWon":11,"gameLost":5,"stk":"W4","homeWin":6,"homeLoss":1,"awayWin":5,"awayLoss":4}
{"_id":{"$oid":"5cb552e5e0f627212ff3abca"},"stDate":"2017/11/21","teamAbbr":"TOR","rank":2,"rankOrd":"2nd","gameWon":11,"gameLost":5,"stk":"W4","homeWin":6,"homeLoss":1,"awayWin":5,"awayLoss":4}
{"_id":{"$oid":"5cb552e5e0f627212ff3abe9"},"stDate":"2017/11/22","teamAbbr":"TOR","rank":2,"rankOrd":"2nd","gameWon":11,"gameLost":6,"stk":"L1","homeWin":6,"homeLoss":1,"awayWin":5,"awayLoss":5}
{"_id":{"$oid":"5cb552e5e0f627212ff3ac06"},"stDate":"2017/11/24","teamAbbr":"TOR","rank":4,"rankOrd":"4th","gameWon":11,"gameLost":7,"stk":"L2","homeWin":6,"homeLoss":1,"awayWin":5,"awayLoss":6}
{"_id":{"$oid":"5cb552e5e0f627212ff3ac25"},"stDate":"2017/11/25","teamAbbr":"TOR","rank":3,"rankOrd":"3rd","gameWon":12,"gameLost":7,"stk":"W1","homeWin":6,"homeLoss":1,"awayWin":6,"awayLoss":6}
{"_id":{"$oid":"5cb552e5e0f627212ff3ac43"},"stDate":"2017/11/26","teamAbbr":"TOR","rank":3,"rankOrd":"3rd","gameWon":12,"gameLost":7,"stk":"W1","homeWin":6,"homeLoss":1,"awayWin":6,"awayLoss":6}
{"_id":{"$oid":"5cb552e5e0f627212ff3ac61"},"stDate":"2017/11/27","teamAbbr":"TOR","rank":4,"rankOrd":"4th","gameWon":12,"gameLost":7,"stk":"W1","homeWin":6,"homeLoss":1,"awayWin":6,"awayLoss":6}
{"_id":{"$oid":"5cb552e5e0f627212ff3ac89"},"stDate":"2017/11/28","teamAbbr":"TOR","rank":4,"rankOrd":"4th","gameWon":12,"gameLost":7,"stk":"W1","homeWin":6,"homeLoss":1,"awayWin":6,"awayLoss":6}
{"_id":{"$oid":"5cb552e5e0f627212ff3ac9d"},"stDate":"2017/11/29","teamAbbr":"TOR","rank":4,"rankOrd":"4th","gameWon":13,"gameLost":7,"stk":"W2","homeWin":7,"homeLoss":1,"awayWin":6,"awayLoss":6}
{"_id":{"$oid":"5cb552e5e0f627212ff3acbb"},"stDate":"2017/11/30","teamAbbr":"TOR","rank":4,"rankOrd":"4th","gameWon":13,"gameLost":7,"stk":"W2","homeWin":7,"homeLoss":1,"awayWin":6,"awayLoss":6}
{"_id":{"$oid":"5cb552e5e0f627212ff3acdc"},"stDate":"2017/12/1","teamAbbr":"TOR","rank":3,"rankOrd":"3rd","gameWon":14,"gameLost":7,"stk":"W3","homeWin":8,"homeLoss":1,"awayWin":6,"awayLoss":6}
{"_id":{"$oid":"5cb552e5e0f627212ff3acf1"},"stDate":"2017/12/2","teamAbbr":"TOR","rank":3,"rankOrd":"3rd","gameWon":14,"gameLost":7,"stk":"W3","homeWin":8,"homeLoss":1,"awayWin":6,"awayLoss":6}
{"_id":{"$oid":"5cb552e5e0f627212ff3ad0f"},"stDate":"2017/12/3","teamAbbr":"TOR","rank":3,"rankOrd":"3rd","gameWon":14,"gameLost":7,"stk":"W3","homeWin":8,"homeLoss":1,"awayWin":6,"awayLoss":6}
{"_id":{"$oid":"5cb552e5e0f627212ff3ad2e"},"stDate":"2017/12/4","teamAbbr":"TOR","rank":3,"rankOrd":"3rd","gameWon":14,"gameLost":7,"stk":"W3","homeWin":8,"homeLoss":1,"awayWin":6,"awayLoss":6}
{"_id":{"$oid":"5cb552e5e0f627212ff3ad51"},"stDate":"2017/12/5","teamAbbr":"TOR","rank":3,"rankOrd":"3rd","gameWon":15,"gameLost":7,"stk":"W4","homeWin":9,"homeLoss":1,"awayWin":6,"awayLoss":6}
{"_id":{"$oid":"5cb552e5e0f627212ff3ad6f"},"stDate":"2017/12/6","teamAbbr":"TOR","rank":3,"rankOrd":"3rd","gameWon":15,"gameLost":7,"stk":"W4","homeWin":9,"homeLoss":1,"awayWin":6,"awayLoss":6}
{"_id":{"$oid":"5cb552e5e0f627212ff3ad91"},"stDate":"2017/12/7","teamAbbr":"TOR","rank":3,"rankOrd":"3rd","gameWon":15,"gameLost":7,"stk":"W4","homeWin":9,"homeLoss":1,"awayWin":6,"awayLoss":6}
{"_id":{"$oid":"5cb552e5e0f627212ff3adab"},"stDate":"2017/12/8","teamAbbr":"TOR","rank":3,"rankOrd":"3rd","gameWon":16,"gameLost":7,"stk":"W5","homeWin":9,"homeLoss":1,"awayWin":7,"awayLoss":6}
{"_id":{"$oid":"5cb552e5e0f627212ff3adc9"},"stDate":"2017/12/9","teamAbbr":"TOR","rank":3,"rankOrd":"3rd","gameWon":16,"gameLost":7,"stk":"W5","homeWin":9,"homeLoss":1,"awayWin":7,"awayLoss":6}
{"_id":{"$oid":"5cb552e5e0f627212ff3ade6"},"stDate":"2017/12/10","teamAbbr":"TOR","rank":3,"rankOrd":"3rd","gameWon":17,"gameLost":7,"stk":"W6","homeWin":9,"homeLoss":1,"awayWin":8,"awayLoss":6}
{"_id":{"$oid":"5cb552e5e0f627212ff3ae05"},"stDate":"2017/12/11","teamAbbr":"TOR","rank":3,"rankOrd":"3rd","gameWon":17,"gameLost":8,"stk":"L1","homeWin":9,"homeLoss":1,"awayWin":8,"awayLoss":7}
{"_id":{"$oid":"5cb552e5e0f627212ff3ae22"},"stDate":"2017/12/12","teamAbbr":"TOR","rank":3,"rankOrd":"3rd","gameWon":17,"gameLost":8,"stk":"L1","homeWin":9,"homeLoss":1,"awayWin":8,"awayLoss":7}
{"_id":{"$oid":"5cb552e5e0f627212ff3ae41"},"stDate":"2017/12/13","teamAbbr":"TOR","rank":3,"rankOrd":"3rd","gameWon":18,"gameLost":8,"stk":"W1","homeWin":9,"homeLoss":1,"awayWin":9,"awayLoss":7}
{"_id":{"$oid":"5cb552e5e0f627212ff3ae5e"},"stDate":"2017/12/14","teamAbbr":"TOR","rank":3,"rankOrd":"3rd","gameWon":18,"gameLost":8,"stk":"W1","homeWin":9,"homeLoss":1,"awayWin":9,"awayLoss":7}
{"_id":{"$oid":"5cb552e5e0f627212ff3ae7d"},"stDate":"2017/12/15","teamAbbr":"TOR","rank":3,"rankOrd":"3rd","gameWon":19,"gameLost":8,"stk":"W2","homeWin":10,"homeLoss":1,"awayWin":9,"awayLoss":7}
{"_id":{"$oid":"5cb552e5e0f627212ff3ae9b"},"stDate":"2017/12/16","teamAbbr":"TOR","rank":3,"rankOrd":"3rd","gameWon":19,"gameLost":8,"stk":"W2","homeWin":10,"homeLoss":1,"awayWin":9,"awayLoss":7}
{"_id":{"$oid":"5cb552e5e0f627212ff3aeb9"},"stDate":"2017/12/17","teamAbbr":"TOR","rank":3,"rankOrd":"3rd","gameWon":20,"gameLost":8,"stk":"W3","homeWin":11,"homeLoss":1,"awayWin":9,"awayLoss":7}
{"_id":{"$oid":"5cb552e5e0f627212ff3aed7"},"stDate":"2017/12/18","teamAbbr":"TOR","rank":3,"rankOrd":"3rd","gameWon":20,"gameLost":8,"stk":"W3","homeWin":11,"homeLoss":1,"awayWin":9,"awayLoss":7}
{"_id":{"$oid":"5cb552e5e0f627212ff3aef4"},"stDate":"2017/12/19","teamAbbr":"TOR","rank":3,"rankOrd":"3rd","gameWon":20,"gameLost":8,"stk":"W3","homeWin":11,"homeLoss":1,"awayWin":9,"awayLoss":7}
{"_id":{"$oid":"5cb552e5e0f627212ff3af13"},"stDate":"2017/12/20","teamAbbr":"TOR","rank":3,"rankOrd":"3rd","gameWon":21,"gameLost":8,"stk":"W4","homeWin":11,"homeLoss":1,"awayWin":10,"awayLoss":7}
{"_id":{"$oid":"5cb552e5e0f627212ff3af31"},"stDate":"2017/12/21","teamAbbr":"TOR","rank":3,"rankOrd":"3rd","gameWon":22,"gameLost":8,"stk":"W5","homeWin":11,"homeLoss":1,"awayWin":11,"awayLoss":7}
{"_id":{"$oid":"5cb552e5e0f627212ff3af4f"},"stDate":"2017/12/22","teamAbbr":"TOR","rank":3,"rankOrd":"3rd","gameWon":22,"gameLost":8,"stk":"W5","homeWin":11,"homeLoss":1,"awayWin":11,"awayLoss":7}
{"_id":{"$oid":"5cb552e5e0f627212ff3af6f"},"stDate":"2017/12/23","teamAbbr":"TOR","rank":2,"rankOrd":"2nd","gameWon":23,"gameLost":8,"stk":"W6","homeWin":12,"homeLoss":1,"awayWin":11,"awayLoss":7}
{"_id":{"$oid":"5cb552e5e0f627212ff3af8f"},"stDate":"2017/12/25","teamAbbr":"TOR","rank":2,"rankOrd":"2nd","gameWon":23,"gameLost":8,"stk":"W6","homeWin":12,"homeLoss":1,"awayWin":11,"awayLoss":7}
{"_id":{"$oid":"5cb552e5e0f627212ff3afaa"},"stDate":"2017/12/26","teamAbbr":"TOR","rank":2,"rankOrd":"2nd","gameWon":23,"gameLost":9,"stk":"L1","homeWin":12,"homeLoss":1,"awayWin":11,"awayLoss":8}
{"_id":{"$oid":"5cb552e5e0f627212ff3afc9"},"stDate":"2017/12/27","teamAbbr":"TOR","rank":2,"rankOrd":"2nd","gameWon":23,"gameLost":10,"stk":"L2","homeWin":12,"homeLoss":1,"awayWin":11,"awayLoss":9}
{"_id":{"$oid":"5cb552e5e0f627212ff3aff1"},"stDate":"2017/12/28","teamAbbr":"TOR","rank":2,"rankOrd":"2nd","gameWon":23,"gameLost":10,"stk":"L2","homeWin":12,"homeLoss":1,"awayWin":11,"awayLoss":9}
{"_id":{"$oid":"5cb552e5e0f627212ff3affe"},"stDate":"2017/12/29","teamAbbr":"TOR","rank":2,"rankOrd":"2nd","gameWon":24,"gameLost":10,"stk":"W1","homeWin":13,"homeLoss":1,"awayWin":11,"awayLoss":9}
{"_id":{"$oid":"5cb552e5e0f627212ff3b023"},"stDate":"2017/12/30","teamAbbr":"TOR","rank":2,"rankOrd":"2nd","gameWon":24,"gameLost":10,"stk":"W1","homeWin":13,"homeLoss":1,"awayWin":11,"awayLoss":9}
{"_id":{"$oid":"5cb552e5e0f627212ff3b040"},"stDate":"2017/12/31","teamAbbr":"TOR","rank":2,"rankOrd":"2nd","gameWon":24,"gameLost":10,"stk":"W1","homeWin":13,"homeLoss":1,"awayWin":11,"awayLoss":9}
{"_id":{"$oid":"5cb552e5e0f627212ff3b06e"},"stDate":"2018/1/1","teamAbbr":"TOR","rank":2,"rankOrd":"2nd","gameWon":25,"gameLost":10,"stk":"W2","homeWin":14,"homeLoss":1,"awayWin":11,"awayLoss":9}
{"_id":{"$oid":"5cb552e5e0f627212ff3b07c"},"stDate":"2018/1/2","teamAbbr":"TOR","rank":2,"rankOrd":"2nd","gameWon":25,"gameLost":10,"stk":"W2","homeWin":14,"homeLoss":1,"awayWin":11,"awayLoss":9}
{"_id":{"$oid":"5cb552e5e0f627212ff3b09b"},"stDate":"2018/1/3","teamAbbr":"TOR","rank":2,"rankOrd":"2nd","gameWon":26,"gameLost":10,"stk":"W3","homeWin":14,"homeLoss":1,"awayWin":12,"awayLoss":9}
{"_id":{"$oid":"5cb552e5e0f627212ff3b0d3"},"stDate":"2018/1/4","teamAbbr":"TOR","rank":2,"rankOrd":"2nd","gameWon":26,"gameLost":10,"stk":"W3","homeWin":14,"homeLoss":1,"awayWin":12,"awayLoss":9}
{"_id":{"$oid":"5cb552e5e0f627212ff3b0d4"},"stDate":"2018/1/5","teamAbbr":"TOR","rank":2,"rankOrd":"2nd","gameWon":27,"gameLost":10,"stk":"W4","homeWin":14,"homeLoss":1,"awayWin":13,"awayLoss":9}
{"_id":{"$oid":"5cb552e5e0f627212ff3b0f4"},"stDate":"2018/1/6","teamAbbr":"TOR","rank":2,"rankOrd":"2nd","gameWon":27,"gameLost":10,"stk":"W4","homeWin":14,"homeLoss":1,"awayWin":13,"awayLoss":9}
{"_id":{"$oid":"5cb552e5e0f627212ff3b112"},"stDate":"2018/1/7","teamAbbr":"TOR","rank":2,"rankOrd":"2nd","gameWon":27,"gameLost":10,"stk":"W4","homeWin":14,"homeLoss":1,"awayWin":13,"awayLoss":9}
{"_id":{"$oid":"5cb552e5e0f627212ff3b129"},"stDate":"2018/1/8","teamAbbr":"TOR","rank":2,"rankOrd":"2nd","gameWon":28,"gameLost":10,"stk":"W5","homeWin":14,"homeLoss":1,"awayWin":14,"awayLoss":9}
{"_id":{"$oid":"5cb552e5e0f627212ff3b14d"},"stDate":"2018/1/9","teamAbbr":"TOR","rank":2,"rankOrd":"2nd","gameWon":28,"gameLost":11,"stk":"L1","homeWin":14,"homeLoss":2,"awayWin":14,"awayLoss":9}
{"_id":{"$oid":"5cb552e5e0f627212ff3b16c"},"stDate":"2018/1/10","teamAbbr":"TOR","rank":2,"rankOrd":"2nd","gameWon":28,"gameLost":11,"stk":"L1","homeWin":14,"homeLoss":2,"awayWin":14,"awayLoss":9}
{"_id":{"$oid":"5cb552e5e0f627212ff3b18a"},"stDate":"2018/1/11","teamAbbr":"TOR","rank":2,"rankOrd":"2nd","gameWon":29,"gameLost":11,"stk":"W1","homeWin":15,"homeLoss":2,"awayWin":14,"awayLoss":9}
{"_id":{"$oid":"5cb552e5e0f627212ff3b1a2"},"stDate":"2018/1/12","teamAbbr":"TOR","rank":2,"rankOrd":"2nd","gameWon":29,"gameLost":11,"stk":"W1","homeWin":15,"homeLoss":2,"awayWin":14,"awayLoss":9}
{"_id":{"$oid":"5cb552e5e0f627212ff3b1c6"},"stDate":"2018/1/13","teamAbbr":"TOR","rank":2,"rankOrd":"2nd","gameWon":29,"gameLost":12,"stk":"L1","homeWin":15,"homeLoss":3,"awayWin":14,"awayLoss":9}
{"_id":{"$oid":"5cb552e5e0f627212ff3b1e4"},"stDate":"2018/1/14","teamAbbr":"TOR","rank":2,"rankOrd":"2nd","gameWon":29,"gameLost":12,"stk":"L1","homeWin":15,"homeLoss":3,"awayWin":14,"awayLoss":9}
{"_id":{"$oid":"5cb552e5e0f627212ff3b202"},"stDate":"2018/1/15","teamAbbr":"TOR","rank":2,"rankOrd":"2nd","gameWon":29,"gameLost":13,"stk":"L2","homeWin":15,"homeLoss":3,"awayWin":14,"awayLoss":10}
{"_id":{"$oid":"5cb552e5e0f627212ff3b223"},"stDate":"2018/1/16","teamAbbr":"TOR","rank":2,"rankOrd":"2nd","gameWon":29,"gameLost":13,"stk":"L2","homeWin":15,"homeLoss":3,"awayWin":14,"awayLoss":10}
{"_id":{"$oid":"5cb552e5e0f627212ff3b23e"},"stDate":"2018/1/17","teamAbbr":"TOR","rank":2,"rankOrd":"2nd","gameWon":30,"gameLost":13,"stk":"W1","homeWin":16,"homeLoss":3,"awayWin":14,"awayLoss":10}
{"_id":{"$oid":"5cb552e5e0f627212ff3b25b"},"stDate":"2018/1/18","teamAbbr":"TOR","rank":2,"rankOrd":"2nd","gameWon":30,"gameLost":13,"stk":"W1","homeWin":16,"homeLoss":3,"awayWin":14,"awayLoss":10}
{"_id":{"$oid":"5cb552e5e0f627212ff3b27a"},"stDate":"2018/1/19","teamAbbr":"TOR","rank":2,"rankOrd":"2nd","gameWon":31,"gameLost":13,"stk":"W2","homeWin":17,"homeLoss":3,"awayWin":14,"awayLoss":10}
{"_id":{"$oid":"5cb552e5e0f627212ff3b298"},"stDate":"2018/1/20","teamAbbr":"TOR","rank":2,"rankOrd":"2nd","gameWon":31,"gameLost":14,"stk":"L1","homeWin":17,"homeLoss":3,"awayWin":14,"awayLoss":11}
{"_id":{"$oid":"5cb552e5e0f627212ff3b2b9"},"stDate":"2018/1/21","teamAbbr":"TOR","rank":2,"rankOrd":"2nd","gameWon":31,"gameLost":14,"stk":"L1","homeWin":17,"homeLoss":3,"awayWin":14,"awayLoss":11}
{"_id":{"$oid":"5cb552e5e0f627212ff3b2d4"},"stDate":"2018/1/22","teamAbbr":"TOR","rank":2,"rankOrd":"2nd","gameWon":31,"gameLost":14,"stk":"L1","homeWin":17,"homeLoss":3,"awayWin":14,"awayLoss":11}
{"_id":{"$oid":"5cb552e5e0f627212ff3b2f1"},"stDate":"2018/1/23","teamAbbr":"TOR","rank":2,"rankOrd":"2nd","gameWon":31,"gameLost":14,"stk":"L1","homeWin":17,"homeLoss":3,"awayWin":14,"awayLoss":11}
{"_id":{"$oid":"5cb552e5e0f627212ff3b30f"},"stDate":"2018/1/24","teamAbbr":"TOR","rank":2,"rankOrd":"2nd","gameWon":32,"gameLost":14,"stk":"W1","homeWin":17,"homeLoss":3,"awayWin":15,"awayLoss":11}
{"_id":{"$oid":"5cb552e5e0f627212ff3b32f"},"stDate":"2018/1/25","teamAbbr":"TOR","rank":2,"rankOrd":"2nd","gameWon":32,"gameLost":14,"stk":"W1","homeWin":17,"homeLoss":3,"awayWin":15,"awayLoss":11}
{"_id":{"$oid":"5cb552e5e0f627212ff3b34c"},"stDate":"2018/1/26","teamAbbr":"TOR","rank":2,"rankOrd":"2nd","gameWon":32,"gameLost":15,"stk":"L1","homeWin":17,"homeLoss":4,"awayWin":15,"awayLoss":11}
{"_id":{"$oid":"5cb552e5e0f627212ff3b36b"},"stDate":"2018/1/27","teamAbbr":"TOR","rank":2,"rankOrd":"2nd","gameWon":32,"gameLost":15,"stk":"L1","homeWin":17,"homeLoss":4,"awayWin":15,"awayLoss":11}
{"_id":{"$oid":"5cb552e5e0f627212ff3b388"},"stDate":"2018/1/28","teamAbbr":"TOR","rank":2,"rankOrd":"2nd","gameWon":33,"gameLost":15,"stk":"W1","homeWin":18,"homeLoss":4,"awayWin":15,"awayLoss":11}
{"_id":{"$oid":"5cb552e5e0f627212ff3b3a7"},"stDate":"2018/1/29","teamAbbr":"TOR","rank":2,"rankOrd":"2nd","gameWon":33,"gameLost":15,"stk":"W1","homeWin":18,"homeLoss":4,"awayWin":15,"awayLoss":11}
{"_id":{"$oid":"5cb552e5e0f627212ff3b3c4"},"stDate":"2018/1/30","teamAbbr":"TOR","rank":2,"rankOrd":"2nd","gameWon":34,"gameLost":15,"stk":"W2","homeWin":19,"homeLoss":4,"awayWin":15,"awayLoss":11}
{"_id":{"$oid":"5cb552e5e0f627212ff3b3dd"},"stDate":"2018/1/31","teamAbbr":"TOR","rank":2,"rankOrd":"2nd","gameWon":34,"gameLost":15,"stk":"W2","homeWin":19,"homeLoss":4,"awayWin":15,"awayLoss":11}
{"_id":{"$oid":"5cb552e5e0f627212ff3b400"},"stDate":"2018/2/1","teamAbbr":"TOR","rank":2,"rankOrd":"2nd","gameWon":34,"gameLost":16,"stk":"L1","homeWin":19,"homeLoss":4,"awayWin":15,"awayLoss":12}
{"_id":{"$oid":"5cb552e5e0f627212ff3b41d"},"stDate":"2018/2/2","teamAbbr":"TOR","rank":2,"rankOrd":"2nd","gameWon":35,"gameLost":16,"stk":"W1","homeWin":20,"homeLoss":4,"awayWin":15,"awayLoss":12}
{"_id":{"$oid":"5cb552e5e0f627212ff3b44c"},"stDate":"2018/2/3","teamAbbr":"TOR","rank":2,"rankOrd":"2nd","gameWon":35,"gameLost":16,"stk":"W1","homeWin":20,"homeLoss":4,"awayWin":15,"awayLoss":12}
{"_id":{"$oid":"5cb552e5e0f627212ff3b45b"},"stDate":"2018/2/4","teamAbbr":"TOR","rank":2,"rankOrd":"2nd","gameWon":36,"gameLost":16,"stk":"W2","homeWin":21,"homeLoss":4,"awayWin":15,"awayLoss":12}
{"_id":{"$oid":"5cb552e5e0f627212ff3b47a"},"stDate":"2018/2/5","teamAbbr":"TOR","rank":2,"rankOrd":"2nd","gameWon":36,"gameLost":16,"stk":"W2","homeWin":21,"homeLoss":4,"awayWin":15,"awayLoss":12}
{"_id":{"$oid":"5cb552e5e0f627212ff3b495"},"stDate":"2018/2/6","teamAbbr":"TOR","rank":2,"rankOrd":"2nd","gameWon":37,"gameLost":16,"stk":"W3","homeWin":22,"homeLoss":4,"awayWin":15,"awayLoss":12}
{"_id":{"$oid":"5cb552e5e0f627212ff3b4b5"},"stDate":"2018/2/7","teamAbbr":"TOR","rank":2,"rankOrd":"2nd","gameWon":37,"gameLost":16,"stk":"W3","homeWin":22,"homeLoss":4,"awayWin":15,"awayLoss":12}
{"_id":{"$oid":"5cb552e5e0f627212ff3b4d4"},"stDate":"2018/2/8","teamAbbr":"TOR","rank":2,"rankOrd":"2nd","gameWon":38,"gameLost":16,"stk":"W4","homeWin":23,"homeLoss":4,"awayWin":15,"awayLoss":12}
{"_id":{"$oid":"5cb552e5e0f627212ff3b4f1"},"stDate":"2018/2/9","teamAbbr":"TOR","rank":2,"rankOrd":"2nd","gameWon":38,"gameLost":16,"stk":"W4","homeWin":23,"homeLoss":4,"awayWin":15,"awayLoss":12}
{"_id":{"$oid":"5cb552e5e0f627212ff3b50f"},"stDate":"2018/2/10","teamAbbr":"TOR","rank":2,"rankOrd":"2nd","gameWon":38,"gameLost":16,"stk":"W4","homeWin":23,"homeLoss":4,"awayWin":15,"awayLoss":12}
{"_id":{"$oid":"5cb552e5e0f627212ff3b52e"},"stDate":"2018/2/11","teamAbbr":"TOR","rank":1,"rankOrd":"1st","gameWon":39,"gameLost":16,"stk":"W5","homeWin":23,"homeLoss":4,"awayWin":16,"awayLoss":12}
{"_id":{"$oid":"5cb552e5e0f627212ff3b55d"},"stDate":"2018/2/12","teamAbbr":"TOR","rank":1,"rankOrd":"1st","gameWon":39,"gameLost":16,"stk":"W5","homeWin":23,"homeLoss":4,"awayWin":16,"awayLoss":12}
{"_id":{"$oid":"5cb552e5e0f627212ff3b567"},"stDate":"2018/2/13","teamAbbr":"TOR","rank":1,"rankOrd":"1st","gameWon":40,"gameLost":16,"stk":"W6","homeWin":24,"homeLoss":4,"awayWin":16,"awayLoss":12}
{"_id":{"$oid":"5cb552e5e0f627212ff3b588"},"stDate":"2018/2/14","teamAbbr":"TOR","rank":1,"rankOrd":"1st","gameWon":41,"gameLost":16,"stk":"W7","homeWin":24,"homeLoss":4,"awayWin":17,"awayLoss":12}
{"_id":{"$oid":"5cb552e5e0f627212ff3b5a6"},"stDate":"2018/2/15","teamAbbr":"TOR","rank":1,"rankOrd":"1st","gameWon":41,"gameLost":16,"stk":"W7","homeWin":24,"homeLoss":4,"awayWin":17,"awayLoss":12}
{"_id":{"$oid":"5cb552e5e0f627212ff3b5c3"},"stDate":"2018/2/22","teamAbbr":"TOR","rank":1,"rankOrd":"1st","gameWon":41,"gameLost":16,"stk":"W7","homeWin":24,"homeLoss":4,"awayWin":17,"awayLoss":12}
{"_id":{"$oid":"5cb552e5e0f627212ff3b5e1"},"stDate":"2018/2/23","teamAbbr":"TOR","rank":1,"rankOrd":"1st","gameWon":41,"gameLost":17,"stk":"L1","homeWin":24,"homeLoss":5,"awayWin":17,"awayLoss":12}
{"_id":{"$oid":"5cb552e5e0f627212ff3b600"},"stDate":"2018/2/24","teamAbbr":"TOR","rank":1,"rankOrd":"1st","gameWon":41,"gameLost":17,"stk":"L1","homeWin":24,"homeLoss":5,"awayWin":17,"awayLoss":12}
{"_id":{"$oid":"5cb552e5e0f627212ff3b61d"},"stDate":"2018/2/25","teamAbbr":"TOR","rank":1,"rankOrd":"1st","gameWon":41,"gameLost":17,"stk":"L1","homeWin":24,"homeLoss":5,"awayWin":17,"awayLoss":12}
{"_id":{"$oid":"5cb552e5e0f627212ff3b63c"},"stDate":"2018/2/26","teamAbbr":"TOR","rank":1,"rankOrd":"1st","gameWon":42,"gameLost":17,"stk":"W1","homeWin":25,"homeLoss":5,"awayWin":17,"awayLoss":12}
{"_id":{"$oid":"5cb552e5e0f627212ff3b659"},"stDate":"2018/2/27","teamAbbr":"TOR","rank":1,"rankOrd":"1st","gameWon":42,"gameLost":17,"stk":"W1","homeWin":25,"homeLoss":5,"awayWin":17,"awayLoss":12}
{"_id":{"$oid":"5cb552e5e0f627212ff3b677"},"stDate":"2018/2/28","teamAbbr":"TOR","rank":1,"rankOrd":"1st","gameWon":43,"gameLost":17,"stk":"W2","homeWin":25,"homeLoss":5,"awayWin":18,"awayLoss":12}
{"_id":{"$oid":"5cb552e5e0f627212ff3b696"},"stDate":"2018/3/1","teamAbbr":"TOR","rank":1,"rankOrd":"1st","gameWon":43,"gameLost":17,"stk":"W2","homeWin":25,"homeLoss":5,"awayWin":18,"awayLoss":12}
{"_id":{"$oid":"5cb552e5e0f627212ff3b6b4"},"stDate":"2018/3/2","teamAbbr":"TOR","rank":1,"rankOrd":"1st","gameWon":44,"gameLost":17,"stk":"W3","homeWin":25,"homeLoss":5,"awayWin":19,"awayLoss":12}
{"_id":{"$oid":"5cb552e5e0f627212ff3b6d1"},"stDate":"2018/3/3","teamAbbr":"TOR","rank":1,"rankOrd":"1st","gameWon":44,"gameLost":17,"stk":"W3","homeWin":25,"homeLoss":5,"awayWin":19,"awayLoss":12}
{"_id":{"$oid":"5cb552e5e0f627212ff3b6fa"},"stDate":"2018/3/4","teamAbbr":"TOR","rank":1,"rankOrd":"1st","gameWon":45,"gameLost":17,"stk":"W4","homeWin":26,"homeLoss":5,"awayWin":19,"awayLoss":12}
{"_id":{"$oid":"5cb552e5e0f627212ff3b707"},"stDate":"2018/3/5","teamAbbr":"TOR","rank":1,"rankOrd":"1st","gameWon":45,"gameLost":17,"stk":"W4","homeWin":26,"homeLoss":5,"awayWin":19,"awayLoss":12}
{"_id":{"$oid":"5cb552e5e0f627212ff3b72b"},"stDate":"2018/3/6","teamAbbr":"TOR","rank":1,"rankOrd":"1st","gameWon":46,"gameLost":17,"stk":"W5","homeWin":27,"homeLoss":5,"awayWin":19,"awayLoss":12}
{"_id":{"$oid":"5cb552e5e0f627212ff3b74a"},"stDate":"2018/3/7","teamAbbr":"TOR","rank":1,"rankOrd":"1st","gameWon":47,"gameLost":17,"stk":"W6","homeWin":27,"homeLoss":5,"awayWin":20,"awayLoss":12}
{"_id":{"$oid":"5cb552e5e0f627212ff3b76a"},"stDate":"2018/3/8","teamAbbr":"TOR","rank":1,"rankOrd":"1st","gameWon":47,"gameLost":17,"stk":"W6","homeWin":27,"homeLoss":5,"awayWin":20,"awayLoss":12}
{"_id":{"$oid":"5cb552e5e0f627212ff3b786"},"stDate":"2018/3/9","teamAbbr":"TOR","rank":1,"rankOrd":"1st","gameWon":48,"gameLost":17,"stk":"W7","homeWin":28,"homeLoss":5,"awayWin":20,"awayLoss":12}
{"_id":{"$oid":"5cb552e5e0f627212ff3b7a4"},"stDate":"2018/3/10","teamAbbr":"TOR","rank":1,"rankOrd":"1st","gameWon":48,"gameLost":17,"stk":"W7","homeWin":28,"homeLoss":5,"awayWin":20,"awayLoss":12}
{"_id":{"$oid":"5cb552e5e0f627212ff3b7c2"},"stDate":"2018/3/11","teamAbbr":"TOR","rank":1,"rankOrd":"1st","gameWon":49,"gameLost":17,"stk":"W8","homeWin":28,"homeLoss":5,"awayWin":21,"awayLoss":12}
{"_id":{"$oid":"5cb552e5e0f627212ff3b7e0"},"stDate":"2018/3/12","teamAbbr":"TOR","rank":1,"rankOrd":"1st","gameWon":49,"gameLost":17,"stk":"W8","homeWin":28,"homeLoss":5,"awayWin":21,"awayLoss":12}
{"_id":{"$oid":"5cb552e5e0f627212ff3b7fd"},"stDate":"2018/3/13","teamAbbr":"TOR","rank":1,"rankOrd":"1st","gameWon":50,"gameLost":17,"stk":"W9","homeWin":28,"homeLoss":5,"awayWin":22,"awayLoss":12}
{"_id":{"$oid":"5cb552e5e0f627212ff3b81f"},"stDate":"2018/3/14","teamAbbr":"TOR","rank":1,"rankOrd":"1st","gameWon":50,"gameLost":17,"stk":"W9","homeWin":28,"homeLoss":5,"awayWin":22,"awayLoss":12}
{"_id":{"$oid":"5cb552e5e0f627212ff3b83a"},"stDate":"2018/3/15","teamAbbr":"TOR","rank":1,"rankOrd":"1st","gameWon":51,"gameLost":17,"stk":"W10","homeWin":28,"homeLoss":5,"awayWin":23,"awayLoss":12}
{"_id":{"$oid":"5cb552e5e0f627212ff3b858"},"stDate":"2018/3/16","teamAbbr":"TOR","rank":1,"rankOrd":"1st","gameWon":52,"gameLost":17,"stk":"W11","homeWin":29,"homeLoss":5,"awayWin":23,"awayLoss":12}
{"_id":{"$oid":"5cb552e5e0f627212ff3b877"},"stDate":"2018/3/17","teamAbbr":"TOR","rank":1,"rankOrd":"1st","gameWon":52,"gameLost":17,"stk":"W11","homeWin":29,"homeLoss":5,"awayWin":23,"awayLoss":12}
{"_id":{"$oid":"5cb552e5e0f627212ff3b896"},"stDate":"2018/3/18","teamAbbr":"TOR","rank":1,"rankOrd":"1st","gameWon":52,"gameLost":18,"stk":"L1","homeWin":29,"homeLoss":6,"awayWin":23,"awayLoss":12}
{"_id":{"$oid":"5cb552e5e0f627212ff3b8b2"},"stDate":"2018/3/19","teamAbbr":"TOR","rank":1,"rankOrd":"1st","gameWon":52,"gameLost":18,"stk":"L1","homeWin":29,"homeLoss":6,"awayWin":23,"awayLoss":12}
{"_id":{"$oid":"5cb552e5e0f627212ff3b8d0"},"stDate":"2018/3/20","teamAbbr":"TOR","rank":1,"rankOrd":"1st","gameWon":53,"gameLost":18,"stk":"W1","homeWin":29,"homeLoss":6,"awayWin":24,"awayLoss":12}
{"_id":{"$oid":"5cb552e5e0f627212ff3b8ee"},"stDate":"2018/3/21","teamAbbr":"TOR","rank":1,"rankOrd":"1st","gameWon":53,"gameLost":19,"stk":"L1","homeWin":29,"homeLoss":6,"awayWin":24,"awayLoss":13}
{"_id":{"$oid":"5cb552e5e0f627212ff3b90e"},"stDate":"2018/3/22","teamAbbr":"TOR","rank":1,"rankOrd":"1st","gameWon":53,"gameLost":19,"stk":"L1","homeWin":29,"homeLoss":6,"awayWin":24,"awayLoss":13}
{"_id":{"$oid":"5cb552e5e0f627212ff3b923"},"stDate":"2018/3/23","teamAbbr":"TOR","rank":1,"rankOrd":"1st","gameWon":54,"gameLost":19,"stk":"W1","homeWin":30,"homeLoss":6,"awayWin":24,"awayLoss":13}
{"_id":{"$oid":"5cb552e5e0f627212ff3b949"},"stDate":"2018/3/24","teamAbbr":"TOR","rank":1,"rankOrd":"1st","gameWon":54,"gameLost":19,"stk":"W1","homeWin":30,"homeLoss":6,"awayWin":24,"awayLoss":13}
{"_id":{"$oid":"5cb552e5e0f627212ff3b966"},"stDate":"2018/3/25","teamAbbr":"TOR","rank":1,"rankOrd":"1st","gameWon":54,"gameLost":20,"stk":"L1","homeWin":30,"homeLoss":7,"awayWin":24,"awayLoss":13}
{"_id":{"$oid":"5cb552e5e0f627212ff3b984"},"stDate":"2018/3/26","teamAbbr":"TOR","rank":1,"rankOrd":"1st","gameWon":54,"gameLost":20,"stk":"L1","homeWin":30,"homeLoss":7,"awayWin":24,"awayLoss":13}
{"_id":{"$oid":"5cb552e5e0f627212ff3b9a2"},"stDate":"2018/3/27","teamAbbr":"TOR","rank":1,"rankOrd":"1st","gameWon":55,"gameLost":20,"stk":"W1","homeWin":31,"homeLoss":7,"awayWin":24,"awayLoss":13}
{"_id":{"$oid":"5cb552e5e0f627212ff3b9c0"},"stDate":"2018/3/28","teamAbbr":"TOR","rank":1,"rankOrd":"1st","gameWon":55,"gameLost":20,"stk":"W1","homeWin":31,"homeLoss":7,"awayWin":24,"awayLoss":13}
{"_id":{"$oid":"5cb552e5e0f627212ff3b9df"},"stDate":"2018/3/29","teamAbbr":"TOR","rank":1,"rankOrd":"1st","gameWon":55,"gameLost":20,"stk":"W1","homeWin":31,"homeLoss":7,"awayWin":24,"awayLoss":13}
{"_id":{"$oid":"5cb552e5e0f627212ff3b9fc"},"stDate":"2018/3/30","teamAbbr":"TOR","rank":1,"rankOrd":"1st","gameWon":55,"gameLost":20,"stk":"W1","homeWin":31,"homeLoss":7,"awayWin":24,"awayLoss":13}
{"_id":{"$oid":"5cb552e5e0f627212ff3ba1a"},"stDate":"2018/3/31","teamAbbr":"TOR","rank":1,"rankOrd":"1st","gameWon":55,"gameLost":21,"stk":"L1","homeWin":31,"homeLoss":7,"awayWin":24,"awayLoss":14}
{"_id":{"$oid":"5cb552e5e0f627212ff3ba38"},"stDate":"2018/4/1","teamAbbr":"TOR","rank":1,"rankOrd":"1st","gameWon":55,"gameLost":21,"stk":"L1","homeWin":31,"homeLoss":7,"awayWin":24,"awayLoss":14}
{"_id":{"$oid":"5cb552e5e0f627212ff3ba56"},"stDate":"2018/4/3","teamAbbr":"TOR","rank":1,"rankOrd":"1st","gameWon":55,"gameLost":22,"stk":"L2","homeWin":31,"homeLoss":7,"awayWin":24,"awayLoss":15}
{"_id":{"$oid":"5cb552e5e0f627212ff3ba74"},"stDate":"2018/4/4","teamAbbr":"TOR","rank":1,"rankOrd":"1st","gameWon":56,"gameLost":22,"stk":"W1","homeWin":32,"homeLoss":7,"awayWin":24,"awayLoss":15}
{"_id":{"$oid":"5cb552e5e0f627212ff3ba93"},"stDate":"2018/4/5","teamAbbr":"TOR","rank":1,"rankOrd":"1st","gameWon":56,"gameLost":22,"stk":"W1","homeWin":32,"homeLoss":7,"awayWin":24,"awayLoss":15}
{"_id":{"$oid":"5cb552e5e0f627212ff3bab0"},"stDate":"2018/4/6","teamAbbr":"TOR","rank":1,"rankOrd":"1st","gameWon":57,"gameLost":22,"stk":"W2","homeWin":33,"homeLoss":7,"awayWin":24,"awayLoss":15}
{"_id":{"$oid":"5cb552e5e0f627212ff3bacf"},"stDate":"2018/4/7","teamAbbr":"TOR","rank":1,"rankOrd":"1st","gameWon":57,"gameLost":22,"stk":"W2","homeWin":33,"homeLoss":7,"awayWin":24,"awayLoss":15}
{"_id":{"$oid":"5cb552e5e0f627212ff3baec"},"stDate":"2018/4/8","teamAbbr":"TOR","rank":1,"rankOrd":"1st","gameWon":58,"gameLost":22,"stk":"W3","homeWin":34,"homeLoss":7,"awayWin":24,"awayLoss":15}
{"_id":{"$oid":"5cb552e5e0f627212ff3bb09"},"stDate":"2018/4/9","teamAbbr":"TOR","rank":1,"rankOrd":"1st","gameWon":59,"gameLost":22,"stk":"W4","homeWin":34,"homeLoss":7,"awayWin":25,"awayLoss":15}
{"_id":{"$oid":"5cb552e5e0f627212ff3bb2d"},"stDate":"2018/4/10","teamAbbr":"TOR","rank":1,"rankOrd":"1st","gameWon":59,"gameLost":22,"stk":"W4","homeWin":34,"homeLoss":7,"awayWin":25,"awayLoss":15}
{"_id":{"$oid":"5cb552e5e0f627212ff3bb46"},"stDate":"2018/4/11","teamAbbr":"TOR","rank":1,"rankOrd":"1st","gameWon":59,"gameLost":23,"stk":"L1","homeWin":34,"homeLoss":7,"awayWin":25,"awayLoss":16}
