{"_id":{"$oid":"5cb552f6e0f627212ff3bb56"},"gmDate":"2017/10/18","offLNm3":"Sterling","offFNm3":"Jonathan","teamAbbr":"UTA","teamConf":"West","teamLoc":"Home","teamRslt":"Win","teamPTS":106,"teamAST":28,"teamTO":15,"teamSTL":9,"teamBLK":5,"teamPF":18,"teamFGA":81,"teamFGM":41,"team2PA":57,"team2PM":32,"team3PA":24,"team3PM":9,"teamFTA":16,"teamFTM":15,"teamORB":6,"teamDRB":30,"teamPTS1":21,"teamPTS2":28,"teamPTS3":29,"teamPTS4":28,"teamPTS5":0,"teamPTS6":0,"teamPTS7":0,"teamPTS8":0,"opptAbbr":"DEN","opptConf":"West","opptLoc":"Away","opptRslt":"Loss","opptPTS":96,"opptAST":21,"opptTO":22,"opptSTL":4,"opptBLK":3,"opptPF":18,"opptFGA":77,"opptFGM":36,"oppt2PA":50,"oppt2PM":23,"oppt3PA":27,"oppt3PM":13,"opptFTA":12,"opptFTM":11,"opptORB":7,"opptDRB":31,"opptPTS1":30,"opptPTS2":28,"opptPTS3":25,"opptPTS4":13,"opptPTS5":0,"opptPTS6":0,"opptPTS7":0,"opptPTS8":0}
{"_id":{"$oid":"5cb552f6e0f627212ff3bb64"},"gmDate":"2017/10/20","offLNm3":"Richardson","offFNm3":"Leroy","teamAbbr":"MIN","teamConf":"West","teamLoc":"Home","teamRslt":"Win","teamPTS":100,"teamAST":17,"teamTO":16,"teamSTL":11,"teamBLK":2,"teamPF":17,"teamFGA":81,"teamFGM":36,"team2PA":59,"team2PM":29,"team3PA":22,"team3PM":7,"teamFTA":26,"teamFTM":21,"teamORB":10,"teamDRB":34,"teamPTS1":19,"teamPTS2":27,"teamPTS3":24,"teamPTS4":30,"teamPTS5":0,"teamPTS6":0,"teamPTS7":0,"teamPTS8":0,"opptAbbr":"UTA","opptConf":"West","opptLoc":"Away","opptRslt":"Loss","opptPTS":97,"opptAST":23,"opptTO":19,"opptSTL":10,"opptBLK":8,"opptPF":21,"opptFGA":77,"opptFGM":37,"oppt2PA":55,"oppt2PM":28,"oppt3PA":22,"oppt3PM":9,"opptFTA":17,"opptFTM":14,"opptORB":7,"opptDRB":31,"opptPTS1":16,"opptPTS2":26,"opptPTS3":23,"opptPTS4":32,"opptPTS5":0,"opptPTS6":0,"opptPTS7":0,"opptPTS8":0}
{"_id":{"$oid":"5cb552f6e0f627212ff3bb71"},"gmDate":"2017/10/21","offLNm3":"Scott","offFNm3":"Kevin","teamAbbr":"UTA","teamConf":"West","teamLoc":"Home","teamRslt":"Win","teamPTS":96,"teamAST":22,"teamTO":19,"teamSTL":11,"teamBLK":4,"teamPF":21,"teamFGA":77,"teamFGM":38,"team2PA":48,"team2PM":29,"team3PA":29,"team3PM":9,"teamFTA":14,"teamFTM":11,"teamORB":7,"teamDRB":34,"teamPTS1":21,"teamPTS2":23,"teamPTS3":29,"teamPTS4":23,"teamPTS5":0,"teamPTS6":0,"teamPTS7":0,"teamPTS8":0,"opptAbbr":"OKC","opptConf":"West","opptLoc":"Away","opptRslt":"Loss","opptPTS":87,"opptAST":15,"opptTO":17,"opptSTL":14,"opptBLK":4,"opptPF":16,"opptFGA":78,"opptFGM":32,"oppt2PA":45,"oppt2PM":21,"oppt3PA":33,"oppt3PM":11,"opptFTA":19,"opptFTM":12,"opptORB":8,"opptDRB":30,"opptPTS1":14,"opptPTS2":20,"opptPTS3":23,"opptPTS4":30,"opptPTS5":0,"opptPTS6":0,"opptPTS7":0,"opptPTS8":0}
{"_id":{"$oid":"5cb552f6e0f627212ff3bb82"},"gmDate":"2017/10/24","offLNm3":"Boland","offFNm3":"Matt","teamAbbr":"LAC","teamConf":"West","teamLoc":"Home","teamRslt":"Win","teamPTS":102,"teamAST":21,"teamTO":13,"teamSTL":12,"teamBLK":4,"teamPF":16,"teamFGA":83,"teamFGM":39,"team2PA":54,"team2PM":29,"team3PA":29,"team3PM":10,"teamFTA":21,"teamFTM":14,"teamORB":11,"teamDRB":33,"teamPTS1":27,"teamPTS2":15,"teamPTS3":33,"teamPTS4":27,"teamPTS5":0,"teamPTS6":0,"teamPTS7":0,"teamPTS8":0,"opptAbbr":"UTA","opptConf":"West","opptLoc":"Away","opptRslt":"Loss","opptPTS":84,"opptAST":20,"opptTO":18,"opptSTL":7,"opptBLK":7,"opptPF":23,"opptFGA":79,"opptFGM":34,"oppt2PA":51,"oppt2PM":27,"oppt3PA":28,"oppt3PM":7,"opptFTA":11,"opptFTM":9,"opptORB":8,"opptDRB":33,"opptPTS1":20,"opptPTS2":21,"opptPTS3":15,"opptPTS4":28,"opptPTS5":0,"opptPTS6":0,"opptPTS7":0,"opptPTS8":0}
{"_id":{"$oid":"5cb552f6e0f627212ff3bb8b"},"gmDate":"2017/10/25","offLNm3":"Wall","offFNm3":"Scott","teamAbbr":"PHO","teamConf":"West","teamLoc":"Home","teamRslt":"Win","teamPTS":97,"teamAST":18,"teamTO":16,"teamSTL":8,"teamBLK":5,"teamPF":25,"teamFGA":96,"teamFGM":42,"team2PA":77,"team2PM":36,"team3PA":19,"team3PM":6,"teamFTA":9,"teamFTM":7,"teamORB":16,"teamDRB":39,"teamPTS1":23,"teamPTS2":25,"teamPTS3":23,"teamPTS4":26,"teamPTS5":0,"teamPTS6":0,"teamPTS7":0,"teamPTS8":0,"opptAbbr":"UTA","opptConf":"West","opptLoc":"Away","opptRslt":"Loss","opptPTS":88,"opptAST":20,"opptTO":24,"opptSTL":8,"opptBLK":10,"opptPF":19,"opptFGA":77,"opptFGM":32,"oppt2PA":52,"oppt2PM":26,"oppt3PA":25,"oppt3PM":6,"opptFTA":25,"opptFTM":18,"opptORB":7,"opptDRB":37,"opptPTS1":13,"opptPTS2":28,"opptPTS3":18,"opptPTS4":29,"opptPTS5":0,"opptPTS6":0,"opptPTS7":0,"opptPTS8":0}
{"_id":{"$oid":"5cb552f6e0f627212ff3bb9f"},"gmDate":"2017/10/28","offLNm3":"Ervin","offFNm3":"Mitchell","teamAbbr":"UTA","teamConf":"West","teamLoc":"Home","teamRslt":"Win","teamPTS":96,"teamAST":18,"teamTO":23,"teamSTL":9,"teamBLK":5,"teamPF":20,"teamFGA":79,"teamFGM":37,"team2PA":48,"team2PM":24,"team3PA":31,"team3PM":13,"teamFTA":13,"teamFTM":9,"teamORB":14,"teamDRB":35,"teamPTS1":31,"teamPTS2":25,"teamPTS3":19,"teamPTS4":21,"teamPTS5":0,"teamPTS6":0,"teamPTS7":0,"teamPTS8":0,"opptAbbr":"LAL","opptConf":"West","opptLoc":"Away","opptRslt":"Loss","opptPTS":81,"opptAST":17,"opptTO":16,"opptSTL":12,"opptBLK":4,"opptPF":20,"opptFGA":81,"opptFGM":31,"oppt2PA":59,"oppt2PM":26,"oppt3PA":22,"oppt3PM":5,"opptFTA":20,"opptFTM":14,"opptORB":14,"opptDRB":25,"opptPTS1":16,"opptPTS2":29,"opptPTS3":19,"opptPTS4":17,"opptPTS5":0,"opptPTS6":0,"opptPTS7":0,"opptPTS8":0}
{"_id":{"$oid":"5cb552f6e0f627212ff3bbb0"},"gmDate":"2017/10/30","offLNm3":"Washington","offFNm3":"Tom","teamAbbr":"UTA","teamConf":"West","teamLoc":"Home","teamRslt":"Win","teamPTS":104,"teamAST":25,"teamTO":14,"teamSTL":16,"teamBLK":8,"teamPF":17,"teamFGA":80,"teamFGM":38,"team2PA":45,"team2PM":22,"team3PA":35,"team3PM":16,"teamFTA":15,"teamFTM":12,"teamORB":5,"teamDRB":29,"teamPTS1":21,"teamPTS2":23,"teamPTS3":32,"teamPTS4":28,"teamPTS5":0,"teamPTS6":0,"teamPTS7":0,"teamPTS8":0,"opptAbbr":"DAL","opptConf":"West","opptLoc":"Away","opptRslt":"Loss","opptPTS":89,"opptAST":17,"opptTO":24,"opptSTL":4,"opptBLK":2,"opptPF":16,"opptFGA":76,"opptFGM":34,"oppt2PA":52,"oppt2PM":22,"oppt3PA":24,"oppt3PM":12,"opptFTA":11,"opptFTM":9,"opptORB":9,"opptDRB":33,"opptPTS1":27,"opptPTS2":26,"opptPTS3":15,"opptPTS4":21,"opptPTS5":0,"opptPTS6":0,"opptPTS7":0,"opptPTS8":0}
{"_id":{"$oid":"5cb552f6e0f627212ff3bbc0"},"gmDate":"2017/11/1","offLNm3":"Smith","offFNm3":"Aaron","teamAbbr":"UTA","teamConf":"West","teamLoc":"Home","teamRslt":"Win","teamPTS":112,"teamAST":16,"teamTO":14,"teamSTL":9,"teamBLK":8,"teamPF":21,"teamFGA":90,"teamFGM":34,"team2PA":61,"team2PM":21,"team3PA":29,"team3PM":13,"teamFTA":36,"teamFTM":31,"teamORB":10,"teamDRB":45,"teamPTS1":22,"teamPTS2":17,"teamPTS3":25,"teamPTS4":30,"teamPTS5":18,"teamPTS6":0,"teamPTS7":0,"teamPTS8":0,"opptAbbr":"POR","opptConf":"West","opptLoc":"Away","opptRslt":"Loss","opptPTS":103,"opptAST":17,"opptTO":17,"opptSTL":8,"opptBLK":8,"opptPF":25,"opptFGA":93,"opptFGM":37,"oppt2PA":59,"oppt2PM":28,"oppt3PA":34,"oppt3PM":9,"opptFTA":27,"opptFTM":20,"opptORB":11,"opptDRB":42,"opptPTS1":20,"opptPTS2":19,"opptPTS3":30,"opptPTS4":25,"opptPTS5":9,"opptPTS6":0,"opptPTS7":0,"opptPTS8":0}
{"_id":{"$oid":"5cb552f6e0f627212ff3bbce"},"gmDate":"2017/11/3","offLNm3":"Ayotte","offFNm3":"Mark","teamAbbr":"UTA","teamConf":"West","teamLoc":"Home","teamRslt":"Loss","teamPTS":100,"teamAST":11,"teamTO":14,"teamSTL":9,"teamBLK":5,"teamPF":25,"teamFGA":80,"teamFGM":35,"team2PA":57,"team2PM":27,"team3PA":23,"team3PM":8,"teamFTA":24,"teamFTM":22,"teamORB":10,"teamDRB":23,"teamPTS1":26,"teamPTS2":28,"teamPTS3":28,"teamPTS4":18,"teamPTS5":0,"teamPTS6":0,"teamPTS7":0,"teamPTS8":0,"opptAbbr":"TOR","opptConf":"East","opptLoc":"Away","opptRslt":"Win","opptPTS":109,"opptAST":20,"opptTO":17,"opptSTL":9,"opptBLK":4,"opptPF":27,"opptFGA":71,"opptFGM":38,"oppt2PA":41,"oppt2PM":27,"oppt3PA":30,"oppt3PM":11,"opptFTA":28,"opptFTM":22,"opptORB":5,"opptDRB":34,"opptPTS1":29,"opptPTS2":24,"opptPTS3":36,"opptPTS4":20,"opptPTS5":0,"opptPTS6":0,"opptPTS7":0,"opptPTS8":0}
{"_id":{"$oid":"5cb552f6e0f627212ff3bbd9"},"gmDate":"2017/11/5","offLNm3":"Lewis","offFNm3":"Eric","teamAbbr":"HOU","teamConf":"West","teamLoc":"Home","teamRslt":"Win","teamPTS":137,"teamAST":26,"teamTO":21,"teamSTL":9,"teamBLK":7,"teamPF":24,"teamFGA":81,"teamFGM":48,"team2PA":42,"team2PM":25,"team3PA":39,"team3PM":23,"teamFTA":21,"teamFTM":18,"teamORB":5,"teamDRB":37,"teamPTS1":39,"teamPTS2":28,"teamPTS3":48,"teamPTS4":22,"teamPTS5":0,"teamPTS6":0,"teamPTS7":0,"teamPTS8":0,"opptAbbr":"UTA","opptConf":"West","opptLoc":"Away","opptRslt":"Loss","opptPTS":110,"opptAST":22,"opptTO":14,"opptSTL":7,"opptBLK":3,"opptPF":18,"opptFGA":88,"opptFGM":38,"oppt2PA":54,"oppt2PM":25,"oppt3PA":34,"oppt3PM":13,"opptFTA":24,"opptFTM":21,"opptORB":8,"opptDRB":25,"opptPTS1":28,"opptPTS2":21,"opptPTS3":36,"opptPTS4":25,"opptPTS5":0,"opptPTS6":0,"opptPTS7":0,"opptPTS8":0}
{"_id":{"$oid":"5cb552f6e0f627212ff3bbe9"},"gmDate":"2017/11/7","offLNm3":"Wood","offFNm3":"Leon","teamAbbr":"UTA","teamConf":"West","teamLoc":"Home","teamRslt":"Loss","teamPTS":97,"teamAST":15,"teamTO":12,"teamSTL":14,"teamBLK":6,"teamPF":23,"teamFGA":99,"teamFGM":30,"team2PA":60,"team2PM":21,"team3PA":39,"team3PM":9,"teamFTA":35,"teamFTM":28,"teamORB":14,"teamDRB":31,"teamPTS1":21,"teamPTS2":23,"teamPTS3":27,"teamPTS4":26,"teamPTS5":0,"teamPTS6":0,"teamPTS7":0,"teamPTS8":0,"opptAbbr":"PHI","opptConf":"East","opptLoc":"Away","opptRslt":"Win","opptPTS":104,"opptAST":23,"opptTO":22,"opptSTL":5,"opptBLK":6,"opptPF":34,"opptFGA":81,"opptFGM":34,"oppt2PA":54,"oppt2PM":22,"oppt3PA":27,"oppt3PM":12,"opptFTA":30,"opptFTM":24,"opptORB":8,"opptDRB":48,"opptPTS1":32,"opptPTS2":14,"opptPTS3":34,"opptPTS4":24,"opptPTS5":0,"opptPTS6":0,"opptPTS7":0,"opptPTS8":0}
{"_id":{"$oid":"5cb552f6e0f627212ff3bbfc"},"gmDate":"2017/11/10","offLNm3":"Collins","offFNm3":"Derrick","teamAbbr":"UTA","teamConf":"West","teamLoc":"Home","teamRslt":"Loss","teamPTS":74,"teamAST":12,"teamTO":18,"teamSTL":10,"teamBLK":7,"teamPF":20,"teamFGA":74,"teamFGM":25,"team2PA":53,"team2PM":20,"team3PA":21,"team3PM":5,"teamFTA":22,"teamFTM":19,"teamORB":4,"teamDRB":36,"teamPTS1":22,"teamPTS2":27,"teamPTS3":8,"teamPTS4":17,"teamPTS5":0,"teamPTS6":0,"teamPTS7":0,"teamPTS8":0,"opptAbbr":"MIA","opptConf":"East","opptLoc":"Away","opptRslt":"Win","opptPTS":84,"opptAST":10,"opptTO":21,"opptSTL":9,"opptBLK":6,"opptPF":20,"opptFGA":77,"opptFGM":30,"oppt2PA":52,"oppt2PM":20,"oppt3PA":25,"oppt3PM":10,"opptFTA":18,"opptFTM":14,"opptORB":7,"opptDRB":41,"opptPTS1":25,"opptPTS2":12,"opptPTS3":20,"opptPTS4":27,"opptPTS5":0,"opptPTS6":0,"opptPTS7":0,"opptPTS8":0}
{"_id":{"$oid":"5cb552f6e0f627212ff3bc08"},"gmDate":"2017/11/11","offLNm3":"Malloy","offFNm3":"Ed","teamAbbr":"UTA","teamConf":"West","teamLoc":"Home","teamRslt":"Win","teamPTS":114,"teamAST":19,"teamTO":16,"teamSTL":13,"teamBLK":3,"teamPF":29,"teamFGA":85,"teamFGM":41,"team2PA":56,"team2PM":30,"team3PA":29,"team3PM":11,"teamFTA":25,"teamFTM":21,"teamORB":12,"teamDRB":32,"teamPTS1":25,"teamPTS2":36,"teamPTS3":24,"teamPTS4":29,"teamPTS5":0,"teamPTS6":0,"teamPTS7":0,"teamPTS8":0,"opptAbbr":"BKN","opptConf":"East","opptLoc":"Away","opptRslt":"Loss","opptPTS":106,"opptAST":13,"opptTO":17,"opptSTL":7,"opptBLK":4,"opptPF":22,"opptFGA":76,"opptFGM":35,"oppt2PA":53,"oppt2PM":28,"oppt3PA":23,"oppt3PM":7,"opptFTA":39,"opptFTM":29,"opptORB":10,"opptDRB":31,"opptPTS1":25,"opptPTS2":20,"opptPTS3":30,"opptPTS4":31,"opptPTS5":0,"opptPTS6":0,"opptPTS7":0,"opptPTS8":0}
{"_id":{"$oid":"5cb552f6e0f627212ff3bc12"},"gmDate":"2017/11/13","offLNm3":"Richardson","offFNm3":"Randy","teamAbbr":"UTA","teamConf":"West","teamLoc":"Home","teamRslt":"Loss","teamPTS":98,"teamAST":23,"teamTO":15,"teamSTL":8,"teamBLK":4,"teamPF":23,"teamFGA":84,"teamFGM":37,"team2PA":44,"team2PM":23,"team3PA":40,"team3PM":14,"teamFTA":11,"teamFTM":10,"teamORB":8,"teamDRB":23,"teamPTS1":14,"teamPTS2":28,"teamPTS3":23,"teamPTS4":33,"teamPTS5":0,"teamPTS6":0,"teamPTS7":0,"teamPTS8":0,"opptAbbr":"MIN","opptConf":"West","opptLoc":"Away","opptRslt":"Win","opptPTS":109,"opptAST":22,"opptTO":17,"opptSTL":9,"opptBLK":5,"opptPF":13,"opptFGA":71,"opptFGM":37,"oppt2PA":51,"oppt2PM":27,"oppt3PA":20,"oppt3PM":10,"opptFTA":29,"opptFTM":25,"opptORB":5,"opptDRB":35,"opptPTS1":33,"opptPTS2":24,"opptPTS3":31,"opptPTS4":21,"opptPTS5":0,"opptPTS6":0,"opptPTS7":0,"opptPTS8":0}
{"_id":{"$oid":"5cb552f6e0f627212ff3bc1b"},"gmDate":"2017/11/15","offLNm3":"Ayotte","offFNm3":"Mark","teamAbbr":"NY","teamConf":"East","teamLoc":"Home","teamRslt":"Win","teamPTS":106,"teamAST":18,"teamTO":11,"teamSTL":4,"teamBLK":5,"teamPF":19,"teamFGA":81,"teamFGM":38,"team2PA":60,"team2PM":29,"team3PA":21,"team3PM":9,"teamFTA":25,"teamFTM":21,"teamORB":12,"teamDRB":33,"teamPTS1":27,"teamPTS2":23,"teamPTS3":27,"teamPTS4":29,"teamPTS5":0,"teamPTS6":0,"teamPTS7":0,"teamPTS8":0,"opptAbbr":"UTA","opptConf":"West","opptLoc":"Away","opptRslt":"Loss","opptPTS":101,"opptAST":19,"opptTO":14,"opptSTL":5,"opptBLK":10,"opptPF":23,"opptFGA":79,"opptFGM":34,"oppt2PA":44,"oppt2PM":17,"oppt3PA":35,"oppt3PM":17,"opptFTA":17,"opptFTM":16,"opptORB":9,"opptDRB":28,"opptPTS1":30,"opptPTS2":30,"opptPTS3":22,"opptPTS4":19,"opptPTS5":0,"opptPTS6":0,"opptPTS7":0,"opptPTS8":0}
{"_id":{"$oid":"5cb552f6e0f627212ff3bc28"},"gmDate":"2017/11/17","offLNm3":"Foster","offFNm3":"Scott","teamAbbr":"BKN","teamConf":"East","teamLoc":"Home","teamRslt":"Win","teamPTS":118,"teamAST":27,"teamTO":13,"teamSTL":8,"teamBLK":2,"teamPF":21,"teamFGA":84,"teamFGM":43,"team2PA":47,"team2PM":26,"team3PA":37,"team3PM":17,"teamFTA":20,"teamFTM":15,"teamORB":4,"teamDRB":32,"teamPTS1":39,"teamPTS2":26,"teamPTS3":24,"teamPTS4":29,"teamPTS5":0,"teamPTS6":0,"teamPTS7":0,"teamPTS8":0,"opptAbbr":"UTA","opptConf":"West","opptLoc":"Away","opptRslt":"Loss","opptPTS":107,"opptAST":21,"opptTO":16,"opptSTL":6,"opptBLK":6,"opptPF":19,"opptFGA":79,"opptFGM":39,"oppt2PA":53,"oppt2PM":27,"oppt3PA":26,"oppt3PM":12,"opptFTA":24,"opptFTM":17,"opptORB":10,"opptDRB":29,"opptPTS1":25,"opptPTS2":24,"opptPTS3":31,"opptPTS4":27,"opptPTS5":0,"opptPTS6":0,"opptPTS7":0,"opptPTS8":0}
{"_id":{"$oid":"5cb552f6e0f627212ff3bc32"},"gmDate":"2017/11/18","offLNm3":"Sterling","offFNm3":"Jonathan","teamAbbr":"ORL","teamConf":"East","teamLoc":"Home","teamRslt":"Loss","teamPTS":85,"teamAST":13,"teamTO":16,"teamSTL":10,"teamBLK":5,"teamPF":20,"teamFGA":81,"teamFGM":31,"team2PA":52,"team2PM":23,"team3PA":29,"team3PM":8,"teamFTA":23,"teamFTM":15,"teamORB":11,"teamDRB":35,"teamPTS1":26,"teamPTS2":22,"teamPTS3":19,"teamPTS4":18,"teamPTS5":0,"teamPTS6":0,"teamPTS7":0,"teamPTS8":0,"opptAbbr":"UTA","opptConf":"West","opptLoc":"Away","opptRslt":"Win","opptPTS":125,"opptAST":31,"opptTO":11,"opptSTL":10,"opptBLK":4,"opptPF":19,"opptFGA":98,"opptFGM":47,"oppt2PA":64,"oppt2PM":33,"oppt3PA":34,"oppt3PM":14,"opptFTA":18,"opptFTM":17,"opptORB":14,"opptDRB":40,"opptPTS1":29,"opptPTS2":34,"opptPTS3":34,"opptPTS4":28,"opptPTS5":0,"opptPTS6":0,"opptPTS7":0,"opptPTS8":0}
{"_id":{"$oid":"5cb552f6e0f627212ff3bc41"},"gmDate":"2017/11/20","offLNm3":"Acosta","offFNm3":"Ray","teamAbbr":"PHI","teamConf":"East","teamLoc":"Home","teamRslt":"Win","teamPTS":107,"teamAST":20,"teamTO":20,"teamSTL":11,"teamBLK":7,"teamPF":18,"teamFGA":85,"teamFGM":44,"team2PA":70,"team2PM":40,"team3PA":15,"team3PM":4,"teamFTA":22,"teamFTM":15,"teamORB":9,"teamDRB":46,"teamPTS1":25,"teamPTS2":22,"teamPTS3":28,"teamPTS4":32,"teamPTS5":0,"teamPTS6":0,"teamPTS7":0,"teamPTS8":0,"opptAbbr":"UTA","opptConf":"West","opptLoc":"Away","opptRslt":"Loss","opptPTS":86,"opptAST":18,"opptTO":14,"opptSTL":16,"opptBLK":4,"opptPF":19,"opptFGA":85,"opptFGM":30,"oppt2PA":57,"oppt2PM":21,"oppt3PA":28,"oppt3PM":9,"opptFTA":19,"opptFTM":17,"opptORB":7,"opptDRB":27,"opptPTS1":15,"opptPTS2":21,"opptPTS3":27,"opptPTS4":23,"opptPTS5":0,"opptPTS6":0,"opptPTS7":0,"opptPTS8":0}
{"_id":{"$oid":"5cb552f6e0f627212ff3bc56"},"gmDate":"2017/11/22","offLNm3":"Kennedy","offFNm3":"Bill","teamAbbr":"UTA","teamConf":"West","teamLoc":"Home","teamRslt":"Win","teamPTS":110,"teamAST":23,"teamTO":7,"teamSTL":10,"teamBLK":5,"teamPF":15,"teamFGA":86,"teamFGM":40,"team2PA":51,"team2PM":26,"team3PA":35,"team3PM":14,"teamFTA":19,"teamFTM":16,"teamORB":8,"teamDRB":37,"teamPTS1":25,"teamPTS2":30,"teamPTS3":32,"teamPTS4":23,"teamPTS5":0,"teamPTS6":0,"teamPTS7":0,"teamPTS8":0,"opptAbbr":"CHI","opptConf":"East","opptLoc":"Away","opptRslt":"Loss","opptPTS":80,"opptAST":15,"opptTO":16,"opptSTL":3,"opptBLK":1,"opptPF":21,"opptFGA":78,"opptFGM":29,"oppt2PA":57,"oppt2PM":24,"oppt3PA":21,"oppt3PM":5,"opptFTA":20,"opptFTM":17,"opptORB":8,"opptDRB":35,"opptPTS1":24,"opptPTS2":22,"opptPTS3":23,"opptPTS4":11,"opptPTS5":0,"opptPTS6":0,"opptPTS7":0,"opptPTS8":0}
{"_id":{"$oid":"5cb552f6e0f627212ff3bc6a"},"gmDate":"2017/11/25","offLNm3":"Brothers","offFNm3":"Tony","teamAbbr":"UTA","teamConf":"West","teamLoc":"Home","teamRslt":"Win","teamPTS":121,"teamAST":31,"teamTO":10,"teamSTL":8,"teamBLK":2,"teamPF":19,"teamFGA":81,"teamFGM":46,"team2PA":49,"team2PM":28,"team3PA":32,"team3PM":18,"teamFTA":19,"teamFTM":11,"teamORB":5,"teamDRB":25,"teamPTS1":31,"teamPTS2":33,"teamPTS3":31,"teamPTS4":26,"teamPTS5":0,"teamPTS6":0,"teamPTS7":0,"teamPTS8":0,"opptAbbr":"MIL","opptConf":"East","opptLoc":"Away","opptRslt":"Loss","opptPTS":108,"opptAST":19,"opptTO":17,"opptSTL":5,"opptBLK":6,"opptPF":21,"opptFGA":77,"opptFGM":41,"oppt2PA":56,"oppt2PM":33,"oppt3PA":21,"oppt3PM":8,"opptFTA":23,"opptFTM":18,"opptORB":8,"opptDRB":32,"opptPTS1":30,"opptPTS2":27,"opptPTS3":28,"opptPTS4":23,"opptPTS5":0,"opptPTS6":0,"opptPTS7":0,"opptPTS8":0}
{"_id":{"$oid":"5cb552f6e0f627212ff3bc7b"},"gmDate":"2017/11/28","offLNm3":"Callahan","offFNm3":"Mike","teamAbbr":"UTA","teamConf":"West","teamLoc":"Home","teamRslt":"Win","teamPTS":106,"teamAST":24,"teamTO":11,"teamSTL":7,"teamBLK":6,"teamPF":20,"teamFGA":87,"teamFGM":42,"team2PA":55,"team2PM":28,"team3PA":32,"team3PM":14,"teamFTA":9,"teamFTM":8,"teamORB":9,"teamDRB":34,"teamPTS1":26,"teamPTS2":22,"teamPTS3":28,"teamPTS4":30,"teamPTS5":0,"teamPTS6":0,"teamPTS7":0,"teamPTS8":0,"opptAbbr":"DEN","opptConf":"West","opptLoc":"Away","opptRslt":"Loss","opptPTS":77,"opptAST":13,"opptTO":18,"opptSTL":6,"opptBLK":4,"opptPF":13,"opptFGA":78,"opptFGM":28,"oppt2PA":44,"oppt2PM":21,"oppt3PA":34,"oppt3PM":7,"opptFTA":16,"opptFTM":14,"opptORB":12,"opptDRB":30,"opptPTS1":24,"opptPTS2":25,"opptPTS3":17,"opptPTS4":11,"opptPTS5":0,"opptPTS6":0,"opptPTS7":0,"opptPTS8":0}
{"_id":{"$oid":"5cb552f6e0f627212ff3bc8a"},"gmDate":"2017/11/30","offLNm3":"Malloy","offFNm3":"Ed","teamAbbr":"LAC","teamConf":"West","teamLoc":"Home","teamRslt":"Loss","teamPTS":107,"teamAST":23,"teamTO":19,"teamSTL":8,"teamBLK":6,"teamPF":16,"teamFGA":70,"teamFGM":38,"team2PA":41,"team2PM":28,"team3PA":29,"team3PM":10,"teamFTA":30,"teamFTM":21,"teamORB":10,"teamDRB":26,"teamPTS1":27,"teamPTS2":34,"teamPTS3":26,"teamPTS4":20,"teamPTS5":0,"teamPTS6":0,"teamPTS7":0,"teamPTS8":0,"opptAbbr":"UTA","opptConf":"West","opptLoc":"Away","opptRslt":"Win","opptPTS":126,"opptAST":38,"opptTO":13,"opptSTL":13,"opptBLK":2,"opptPF":20,"opptFGA":85,"opptFGM":49,"oppt2PA":50,"oppt2PM":32,"oppt3PA":35,"oppt3PM":17,"opptFTA":14,"opptFTM":11,"opptORB":10,"opptDRB":23,"opptPTS1":26,"opptPTS2":35,"opptPTS3":33,"opptPTS4":32,"opptPTS5":0,"opptPTS6":0,"opptPTS7":0,"opptPTS8":0}
{"_id":{"$oid":"5cb552f6e0f627212ff3bc92"},"gmDate":"2017/12/1","offLNm3":"Richardson","offFNm3":"Derek","teamAbbr":"UTA","teamConf":"West","teamLoc":"Home","teamRslt":"Win","teamPTS":114,"teamAST":25,"teamTO":9,"teamSTL":7,"teamBLK":3,"teamPF":15,"teamFGA":85,"teamFGM":42,"team2PA":55,"team2PM":30,"team3PA":30,"team3PM":12,"teamFTA":25,"teamFTM":18,"teamORB":8,"teamDRB":38,"teamPTS1":27,"teamPTS2":16,"teamPTS3":37,"teamPTS4":34,"teamPTS5":0,"teamPTS6":0,"teamPTS7":0,"teamPTS8":0,"opptAbbr":"NO","opptConf":"West","opptLoc":"Away","opptRslt":"Loss","opptPTS":108,"opptAST":28,"opptTO":10,"opptSTL":4,"opptBLK":7,"opptPF":20,"opptFGA":87,"opptFGM":42,"oppt2PA":57,"oppt2PM":27,"oppt3PA":30,"oppt3PM":15,"opptFTA":15,"opptFTM":9,"opptORB":6,"opptDRB":36,"opptPTS1":29,"opptPTS2":26,"opptPTS3":29,"opptPTS4":24,"opptPTS5":0,"opptPTS6":0,"opptPTS7":0,"opptPTS8":0}
{"_id":{"$oid":"5cb552f6e0f627212ff3bcaa"},"gmDate":"2017/12/4","offLNm3":"Davis","offFNm3":"Marc","teamAbbr":"UTA","teamConf":"West","teamLoc":"Home","teamRslt":"Win","teamPTS":116,"teamAST":29,"teamTO":16,"teamSTL":9,"teamBLK":3,"teamPF":20,"teamFGA":76,"teamFGM":43,"team2PA":42,"team2PM":27,"team3PA":34,"team3PM":16,"teamFTA":18,"teamFTM":14,"teamORB":10,"teamDRB":42,"teamPTS1":29,"teamPTS2":35,"teamPTS3":24,"teamPTS4":28,"teamPTS5":0,"teamPTS6":0,"teamPTS7":0,"teamPTS8":0,"opptAbbr":"WAS","opptConf":"East","opptLoc":"Away","opptRslt":"Loss","opptPTS":69,"opptAST":9,"opptTO":13,"opptSTL":8,"opptBLK":2,"opptPF":21,"opptFGA":80,"opptFGM":23,"oppt2PA":60,"oppt2PM":19,"oppt3PA":20,"oppt3PM":4,"opptFTA":23,"opptFTM":19,"opptORB":12,"opptDRB":19,"opptPTS1":15,"opptPTS2":15,"opptPTS3":22,"opptPTS4":17,"opptPTS5":0,"opptPTS6":0,"opptPTS7":0,"opptPTS8":0}
{"_id":{"$oid":"5cb552f6e0f627212ff3bcac"},"gmDate":"2017/12/5","offLNm3":"DeRosa","offFNm3":"Joe","teamAbbr":"OKC","teamConf":"West","teamLoc":"Home","teamRslt":"Win","teamPTS":100,"teamAST":18,"teamTO":19,"teamSTL":11,"teamBLK":6,"teamPF":18,"teamFGA":81,"teamFGM":39,"team2PA":63,"team2PM":35,"team3PA":18,"team3PM":4,"teamFTA":26,"teamFTM":18,"teamORB":12,"teamDRB":34,"teamPTS1":19,"teamPTS2":20,"teamPTS3":29,"teamPTS4":32,"teamPTS5":0,"teamPTS6":0,"teamPTS7":0,"teamPTS8":0,"opptAbbr":"UTA","opptConf":"West","opptLoc":"Away","opptRslt":"Loss","opptPTS":94,"opptAST":18,"opptTO":18,"opptSTL":16,"opptBLK":5,"opptPF":21,"opptFGA":79,"opptFGM":34,"oppt2PA":46,"oppt2PM":23,"oppt3PA":33,"oppt3PM":11,"opptFTA":21,"opptFTM":15,"opptORB":9,"opptDRB":26,"opptPTS1":28,"opptPTS2":19,"opptPTS3":33,"opptPTS4":14,"opptPTS5":0,"opptPTS6":0,"opptPTS7":0,"opptPTS8":0}
{"_id":{"$oid":"5cb552f6e0f627212ff3bcbb"},"gmDate":"2017/12/7","offLNm3":"Mauer","offFNm3":"Ken","teamAbbr":"UTA","teamConf":"West","teamLoc":"Home","teamRslt":"Loss","teamPTS":101,"teamAST":17,"teamTO":13,"teamSTL":10,"teamBLK":5,"teamPF":21,"teamFGA":77,"teamFGM":34,"team2PA":47,"team2PM":23,"team3PA":30,"team3PM":11,"teamFTA":27,"teamFTM":22,"teamORB":4,"teamDRB":28,"teamPTS1":20,"teamPTS2":26,"teamPTS3":20,"teamPTS4":35,"teamPTS5":0,"teamPTS6":0,"teamPTS7":0,"teamPTS8":0,"opptAbbr":"HOU","opptConf":"West","opptLoc":"Away","opptRslt":"Win","opptPTS":112,"opptAST":22,"opptTO":17,"opptSTL":10,"opptBLK":5,"opptPF":25,"opptFGA":81,"opptFGM":38,"oppt2PA":39,"oppt2PM":20,"oppt3PA":42,"oppt3PM":18,"opptFTA":24,"opptFTM":18,"opptORB":8,"opptDRB":38,"opptPTS1":25,"opptPTS2":26,"opptPTS3":37,"opptPTS4":24,"opptPTS5":0,"opptPTS6":0,"opptPTS7":0,"opptPTS8":0}
{"_id":{"$oid":"5cb552f6e0f627212ff3bcca"},"gmDate":"2017/12/9","offLNm3":"Sterling","offFNm3":"Jonathan","teamAbbr":"MIL","teamConf":"East","teamLoc":"Home","teamRslt":"Win","teamPTS":117,"teamAST":22,"teamTO":11,"teamSTL":8,"teamBLK":6,"teamPF":29,"teamFGA":81,"teamFGM":44,"team2PA":64,"team2PM":37,"team3PA":17,"team3PM":7,"teamFTA":26,"teamFTM":22,"teamORB":8,"teamDRB":33,"teamPTS1":29,"teamPTS2":22,"teamPTS3":32,"teamPTS4":34,"teamPTS5":0,"teamPTS6":0,"teamPTS7":0,"teamPTS8":0,"opptAbbr":"UTA","opptConf":"West","opptLoc":"Away","opptRslt":"Loss","opptPTS":100,"opptAST":20,"opptTO":16,"opptSTL":7,"opptBLK":3,"opptPF":23,"opptFGA":76,"opptFGM":33,"oppt2PA":53,"oppt2PM":25,"oppt3PA":23,"oppt3PM":8,"opptFTA":37,"opptFTM":26,"opptORB":9,"opptDRB":26,"opptPTS1":19,"opptPTS2":23,"opptPTS3":24,"opptPTS4":34,"opptPTS5":0,"opptPTS6":0,"opptPTS7":0,"opptPTS8":0}
{"_id":{"$oid":"5cb552f6e0f627212ff3bce6"},"gmDate":"2017/12/13","offLNm3":"Davis","offFNm3":"Marc","teamAbbr":"CHI","teamConf":"East","teamLoc":"Home","teamRslt":"Win","teamPTS":103,"teamAST":21,"teamTO":9,"teamSTL":9,"teamBLK":3,"teamPF":14,"teamFGA":93,"teamFGM":41,"team2PA":76,"team2PM":34,"team3PA":17,"team3PM":7,"teamFTA":21,"teamFTM":14,"teamORB":9,"teamDRB":37,"teamPTS1":30,"teamPTS2":19,"teamPTS3":28,"teamPTS4":26,"teamPTS5":0,"teamPTS6":0,"teamPTS7":0,"teamPTS8":0,"opptAbbr":"UTA","opptConf":"West","opptLoc":"Away","opptRslt":"Loss","opptPTS":100,"opptAST":24,"opptTO":17,"opptSTL":3,"opptBLK":8,"opptPF":19,"opptFGA":91,"opptFGM":42,"oppt2PA":61,"oppt2PM":33,"oppt3PA":30,"oppt3PM":9,"opptFTA":7,"opptFTM":7,"opptORB":5,"opptDRB":43,"opptPTS1":24,"opptPTS2":24,"opptPTS3":26,"opptPTS4":26,"opptPTS5":0,"opptPTS6":0,"opptPTS7":0,"opptPTS8":0}
{"_id":{"$oid":"5cb552f6e0f627212ff3bcf4"},"gmDate":"2017/12/15","offLNm3":"Acosta","offFNm3":"Ray","teamAbbr":"BOS","teamConf":"East","teamLoc":"Home","teamRslt":"Loss","teamPTS":95,"teamAST":20,"teamTO":9,"teamSTL":10,"teamBLK":5,"teamPF":18,"teamFGA":86,"teamFGM":35,"team2PA":55,"team2PM":26,"team3PA":31,"team3PM":9,"teamFTA":19,"teamFTM":16,"teamORB":2,"teamDRB":29,"teamPTS1":26,"teamPTS2":13,"teamPTS3":28,"teamPTS4":28,"teamPTS5":0,"teamPTS6":0,"teamPTS7":0,"teamPTS8":0,"opptAbbr":"UTA","opptConf":"West","opptLoc":"Away","opptRslt":"Win","opptPTS":107,"opptAST":19,"opptTO":16,"opptSTL":6,"opptBLK":3,"opptPF":20,"opptFGA":83,"opptFGM":40,"oppt2PA":58,"oppt2PM":27,"oppt3PA":25,"oppt3PM":13,"opptFTA":18,"opptFTM":14,"opptORB":9,"opptDRB":46,"opptPTS1":21,"opptPTS2":25,"opptPTS3":33,"opptPTS4":28,"opptPTS5":0,"opptPTS6":0,"opptPTS7":0,"opptPTS8":0}
{"_id":{"$oid":"5cb552f6e0f627212ff3bcfb"},"gmDate":"2017/12/16","offLNm3":"Malloy","offFNm3":"Ed","teamAbbr":"CLE","teamConf":"East","teamLoc":"Home","teamRslt":"Win","teamPTS":109,"teamAST":30,"teamTO":12,"teamSTL":9,"teamBLK":1,"teamPF":15,"teamFGA":79,"teamFGM":42,"team2PA":57,"team2PM":32,"team3PA":22,"team3PM":10,"teamFTA":17,"teamFTM":15,"teamORB":8,"teamDRB":33,"teamPTS1":23,"teamPTS2":28,"teamPTS3":29,"teamPTS4":29,"teamPTS5":0,"teamPTS6":0,"teamPTS7":0,"teamPTS8":0,"opptAbbr":"UTA","opptConf":"West","opptLoc":"Away","opptRslt":"Loss","opptPTS":100,"opptAST":24,"opptTO":12,"opptSTL":9,"opptBLK":7,"opptPF":14,"opptFGA":81,"opptFGM":37,"oppt2PA":47,"oppt2PM":20,"oppt3PA":34,"oppt3PM":17,"opptFTA":14,"opptFTM":9,"opptORB":11,"opptDRB":27,"opptPTS1":24,"opptPTS2":24,"opptPTS3":25,"opptPTS4":27,"opptPTS5":0,"opptPTS6":0,"opptPTS7":0,"opptPTS8":0}
{"_id":{"$oid":"5cb552f6e0f627212ff3bd0a"},"gmDate":"2017/12/18","offLNm3":"Ayotte","offFNm3":"Mark","teamAbbr":"HOU","teamConf":"West","teamLoc":"Home","teamRslt":"Win","teamPTS":120,"teamAST":25,"teamTO":14,"teamSTL":5,"teamBLK":7,"teamPF":13,"teamFGA":77,"teamFGM":40,"team2PA":34,"team2PM":23,"team3PA":43,"team3PM":17,"teamFTA":27,"teamFTM":23,"teamORB":12,"teamDRB":40,"teamPTS1":25,"teamPTS2":26,"teamPTS3":28,"teamPTS4":41,"teamPTS5":0,"teamPTS6":0,"teamPTS7":0,"teamPTS8":0,"opptAbbr":"UTA","opptConf":"West","opptLoc":"Away","opptRslt":"Loss","opptPTS":99,"opptAST":17,"opptTO":6,"opptSTL":12,"opptBLK":1,"opptPF":22,"opptFGA":91,"opptFGM":42,"oppt2PA":64,"oppt2PM":34,"oppt3PA":27,"oppt3PM":8,"opptFTA":8,"opptFTM":7,"opptORB":5,"opptDRB":27,"opptPTS1":26,"opptPTS2":24,"opptPTS3":34,"opptPTS4":15,"opptPTS5":0,"opptPTS6":0,"opptPTS7":0,"opptPTS8":0}
{"_id":{"$oid":"5cb552f6e0f627212ff3bd19"},"gmDate":"2017/12/20","offLNm3":"Zielinski","offFNm3":"Gary","teamAbbr":"OKC","teamConf":"West","teamLoc":"Home","teamRslt":"Win","teamPTS":107,"teamAST":23,"teamTO":14,"teamSTL":15,"teamBLK":5,"teamPF":26,"teamFGA":77,"teamFGM":40,"team2PA":54,"team2PM":32,"team3PA":23,"team3PM":8,"teamFTA":22,"teamFTM":19,"teamORB":8,"teamDRB":34,"teamPTS1":25,"teamPTS2":28,"teamPTS3":34,"teamPTS4":20,"teamPTS5":0,"teamPTS6":0,"teamPTS7":0,"teamPTS8":0,"opptAbbr":"UTA","opptConf":"West","opptLoc":"Away","opptRslt":"Loss","opptPTS":79,"opptAST":13,"opptTO":19,"opptSTL":6,"opptBLK":3,"opptPF":15,"opptFGA":73,"opptFGM":26,"oppt2PA":42,"oppt2PM":19,"oppt3PA":31,"oppt3PM":7,"opptFTA":27,"opptFTM":20,"opptORB":11,"opptDRB":28,"opptPTS1":9,"opptPTS2":28,"opptPTS3":23,"opptPTS4":19,"opptPTS5":0,"opptPTS6":0,"opptPTS7":0,"opptPTS8":0}
{"_id":{"$oid":"5cb552f6e0f627212ff3bd23"},"gmDate":"2017/12/21","offLNm3":"Kennedy","offFNm3":"Bill","teamAbbr":"UTA","teamConf":"West","teamLoc":"Home","teamRslt":"Win","teamPTS":100,"teamAST":18,"teamTO":15,"teamSTL":7,"teamBLK":4,"teamPF":18,"teamFGA":74,"teamFGM":34,"team2PA":48,"team2PM":22,"team3PA":26,"team3PM":12,"teamFTA":24,"teamFTM":20,"teamORB":5,"teamDRB":36,"teamPTS1":24,"teamPTS2":26,"teamPTS3":22,"teamPTS4":28,"teamPTS5":0,"teamPTS6":0,"teamPTS7":0,"teamPTS8":0,"opptAbbr":"SA","opptConf":"West","opptLoc":"Away","opptRslt":"Loss","opptPTS":89,"opptAST":14,"opptTO":14,"opptSTL":7,"opptBLK":3,"opptPF":21,"opptFGA":78,"opptFGM":34,"oppt2PA":57,"oppt2PM":24,"oppt3PA":21,"oppt3PM":10,"opptFTA":16,"opptFTM":11,"opptORB":5,"opptDRB":33,"opptPTS1":17,"opptPTS2":21,"opptPTS3":32,"opptPTS4":19,"opptPTS5":0,"opptPTS6":0,"opptPTS7":0,"opptPTS8":0}
{"_id":{"$oid":"5cb552f6e0f627212ff3bd35"},"gmDate":"2017/12/23","offLNm3":"Richardson","offFNm3":"Derek","teamAbbr":"UTA","teamConf":"West","teamLoc":"Home","teamRslt":"Loss","teamPTS":89,"teamAST":16,"teamTO":14,"teamSTL":3,"teamBLK":2,"teamPF":13,"teamFGA":72,"teamFGM":33,"team2PA":46,"team2PM":27,"team3PA":26,"team3PM":6,"teamFTA":20,"teamFTM":17,"teamORB":6,"teamDRB":31,"teamPTS1":22,"teamPTS2":21,"teamPTS3":21,"teamPTS4":25,"teamPTS5":0,"teamPTS6":0,"teamPTS7":0,"teamPTS8":0,"opptAbbr":"OKC","opptConf":"West","opptLoc":"Away","opptRslt":"Win","opptPTS":103,"opptAST":18,"opptTO":8,"opptSTL":9,"opptBLK":5,"opptPF":16,"opptFGA":88,"opptFGM":39,"oppt2PA":59,"oppt2PM":27,"oppt3PA":29,"oppt3PM":12,"opptFTA":16,"opptFTM":13,"opptORB":15,"opptDRB":30,"opptPTS1":28,"opptPTS2":19,"opptPTS3":29,"opptPTS4":27,"opptPTS5":0,"opptPTS6":0,"opptPTS7":0,"opptPTS8":0}
{"_id":{"$oid":"5cb552f6e0f627212ff3bd44"},"gmDate":"2017/12/26","offLNm3":"Davis","offFNm3":"Marc","teamAbbr":"DEN","teamConf":"West","teamLoc":"Home","teamRslt":"Win","teamPTS":107,"teamAST":23,"teamTO":10,"teamSTL":3,"teamBLK":1,"teamPF":21,"teamFGA":81,"teamFGM":39,"team2PA":51,"team2PM":28,"team3PA":30,"team3PM":11,"teamFTA":22,"teamFTM":18,"teamORB":10,"teamDRB":43,"teamPTS1":28,"teamPTS2":22,"teamPTS3":26,"teamPTS4":31,"teamPTS5":0,"teamPTS6":0,"teamPTS7":0,"teamPTS8":0,"opptAbbr":"UTA","opptConf":"West","opptLoc":"Away","opptRslt":"Loss","opptPTS":83,"opptAST":19,"opptTO":7,"opptSTL":7,"opptBLK":0,"opptPF":22,"opptFGA":84,"opptFGM":27,"oppt2PA":49,"oppt2PM":17,"oppt3PA":35,"oppt3PM":10,"opptFTA":23,"opptFTM":19,"opptORB":12,"opptDRB":30,"opptPTS1":20,"opptPTS2":14,"opptPTS3":25,"opptPTS4":24,"opptPTS5":0,"opptPTS6":0,"opptPTS7":0,"opptPTS8":0}
{"_id":{"$oid":"5cb552f6e0f627212ff3bd4f"},"gmDate":"2017/12/27","offLNm3":"Corbin","offFNm3":"Sean","teamAbbr":"GS","teamConf":"West","teamLoc":"Home","teamRslt":"Win","teamPTS":126,"teamAST":37,"teamTO":16,"teamSTL":8,"teamBLK":7,"teamPF":18,"teamFGA":86,"teamFGM":51,"team2PA":63,"team2PM":40,"team3PA":23,"team3PM":11,"teamFTA":17,"teamFTM":13,"teamORB":4,"teamDRB":46,"teamPTS1":23,"teamPTS2":25,"teamPTS3":42,"teamPTS4":36,"teamPTS5":0,"teamPTS6":0,"teamPTS7":0,"teamPTS8":0,"opptAbbr":"UTA","opptConf":"West","opptLoc":"Away","opptRslt":"Loss","opptPTS":101,"opptAST":21,"opptTO":13,"opptSTL":10,"opptBLK":2,"opptPF":22,"opptFGA":92,"opptFGM":37,"oppt2PA":69,"oppt2PM":31,"oppt3PA":23,"oppt3PM":6,"opptFTA":27,"opptFTM":21,"opptORB":10,"opptDRB":33,"opptPTS1":24,"opptPTS2":23,"opptPTS3":22,"opptPTS4":32,"opptPTS5":0,"opptPTS6":0,"opptPTS7":0,"opptPTS8":0}
{"_id":{"$oid":"5cb552f6e0f627212ff3bd63"},"gmDate":"2017/12/30","offLNm3":"Ayotte","offFNm3":"Mark","teamAbbr":"UTA","teamConf":"West","teamLoc":"Home","teamRslt":"Win","teamPTS":104,"teamAST":24,"teamTO":11,"teamSTL":12,"teamBLK":4,"teamPF":24,"teamFGA":82,"teamFGM":38,"team2PA":51,"team2PM":28,"team3PA":31,"team3PM":10,"teamFTA":21,"teamFTM":18,"teamORB":5,"teamDRB":38,"teamPTS1":22,"teamPTS2":26,"teamPTS3":28,"teamPTS4":28,"teamPTS5":0,"teamPTS6":0,"teamPTS7":0,"teamPTS8":0,"opptAbbr":"CLE","opptConf":"East","opptLoc":"Away","opptRslt":"Loss","opptPTS":101,"opptAST":20,"opptTO":15,"opptSTL":6,"opptBLK":5,"opptPF":19,"opptFGA":81,"opptFGM":34,"oppt2PA":41,"oppt2PM":22,"oppt3PA":40,"oppt3PM":12,"opptFTA":26,"opptFTM":21,"opptORB":9,"opptDRB":37,"opptPTS1":32,"opptPTS2":21,"opptPTS3":16,"opptPTS4":32,"opptPTS5":0,"opptPTS6":0,"opptPTS7":0,"opptPTS8":0}
{"_id":{"$oid":"5cb552f6e0f627212ff3bd81"},"gmDate":"2018/1/3","offLNm3":"Wood","offFNm3":"Leon","teamAbbr":"UTA","teamConf":"West","teamLoc":"Home","teamRslt":"Loss","teamPTS":98,"teamAST":23,"teamTO":14,"teamSTL":12,"teamBLK":1,"teamPF":21,"teamFGA":84,"teamFGM":38,"team2PA":52,"team2PM":31,"team3PA":32,"team3PM":7,"teamFTA":17,"teamFTM":15,"teamORB":6,"teamDRB":30,"teamPTS1":28,"teamPTS2":27,"teamPTS3":17,"teamPTS4":26,"teamPTS5":0,"teamPTS6":0,"teamPTS7":0,"teamPTS8":0,"opptAbbr":"NO","opptConf":"West","opptLoc":"Away","opptRslt":"Win","opptPTS":108,"opptAST":23,"opptTO":20,"opptSTL":8,"opptBLK":2,"opptPF":18,"opptFGA":82,"opptFGM":41,"oppt2PA":52,"oppt2PM":27,"oppt3PA":30,"oppt3PM":14,"opptFTA":12,"opptFTM":12,"opptORB":7,"opptDRB":35,"opptPTS1":27,"opptPTS2":31,"opptPTS3":23,"opptPTS4":27,"opptPTS5":0,"opptPTS6":0,"opptPTS7":0,"opptPTS8":0}
{"_id":{"$oid":"5cb552f6e0f627212ff3bd8b"},"gmDate":"2018/1/5","offLNm3":"Acosta","offFNm3":"Ray","teamAbbr":"DEN","teamConf":"West","teamLoc":"Home","teamRslt":"Win","teamPTS":99,"teamAST":24,"teamTO":10,"teamSTL":9,"teamBLK":1,"teamPF":11,"teamFGA":86,"teamFGM":38,"team2PA":51,"team2PM":24,"team3PA":35,"team3PM":14,"teamFTA":15,"teamFTM":9,"teamORB":4,"teamDRB":33,"teamPTS1":23,"teamPTS2":23,"teamPTS3":38,"teamPTS4":15,"teamPTS5":0,"teamPTS6":0,"teamPTS7":0,"teamPTS8":0,"opptAbbr":"UTA","opptConf":"West","opptLoc":"Away","opptRslt":"Loss","opptPTS":91,"opptAST":26,"opptTO":17,"opptSTL":7,"opptBLK":5,"opptPF":16,"opptFGA":84,"opptFGM":38,"oppt2PA":51,"oppt2PM":26,"oppt3PA":33,"oppt3PM":12,"opptFTA":6,"opptFTM":3,"opptORB":8,"opptDRB":45,"opptPTS1":26,"opptPTS2":23,"opptPTS3":16,"opptPTS4":26,"opptPTS5":0,"opptPTS6":0,"opptPTS7":0,"opptPTS8":0}
{"_id":{"$oid":"5cb552f6e0f627212ff3bd97"},"gmDate":"2018/1/7","offLNm3":"DeRosa","offFNm3":"Joe","teamAbbr":"MIA","teamConf":"East","teamLoc":"Home","teamRslt":"Win","teamPTS":103,"teamAST":21,"teamTO":8,"teamSTL":6,"teamBLK":6,"teamPF":16,"teamFGA":83,"teamFGM":40,"team2PA":54,"team2PM":31,"team3PA":29,"team3PM":9,"teamFTA":20,"teamFTM":14,"teamORB":8,"teamDRB":29,"teamPTS1":27,"teamPTS2":22,"teamPTS3":25,"teamPTS4":29,"teamPTS5":0,"teamPTS6":0,"teamPTS7":0,"teamPTS8":0,"opptAbbr":"UTA","opptConf":"West","opptLoc":"Away","opptRslt":"Loss","opptPTS":102,"opptAST":15,"opptTO":11,"opptSTL":6,"opptBLK":5,"opptPF":18,"opptFGA":82,"opptFGM":37,"oppt2PA":50,"oppt2PM":27,"oppt3PA":32,"oppt3PM":10,"opptFTA":20,"opptFTM":18,"opptORB":8,"opptDRB":36,"opptPTS1":22,"opptPTS2":25,"opptPTS3":28,"opptPTS4":27,"opptPTS5":0,"opptPTS6":0,"opptPTS7":0,"opptPTS8":0}
{"_id":{"$oid":"5cb552f6e0f627212ff3bdaa"},"gmDate":"2018/1/10","offLNm3":"Brothers","offFNm3":"Tony","teamAbbr":"WAS","teamConf":"East","teamLoc":"Home","teamRslt":"Loss","teamPTS":104,"teamAST":25,"teamTO":23,"teamSTL":8,"teamBLK":1,"teamPF":17,"teamFGA":78,"teamFGM":41,"team2PA":53,"team2PM":31,"team3PA":25,"team3PM":10,"teamFTA":17,"teamFTM":12,"teamORB":9,"teamDRB":36,"teamPTS1":32,"teamPTS2":18,"teamPTS3":27,"teamPTS4":27,"teamPTS5":0,"teamPTS6":0,"teamPTS7":0,"teamPTS8":0,"opptAbbr":"UTA","opptConf":"West","opptLoc":"Away","opptRslt":"Win","opptPTS":107,"opptAST":23,"opptTO":13,"opptSTL":15,"opptBLK":3,"opptPF":17,"opptFGA":92,"opptFGM":43,"oppt2PA":59,"oppt2PM":32,"oppt3PA":33,"oppt3PM":11,"opptFTA":13,"opptFTM":10,"opptORB":11,"opptDRB":28,"opptPTS1":25,"opptPTS2":21,"opptPTS3":37,"opptPTS4":24,"opptPTS5":0,"opptPTS6":0,"opptPTS7":0,"opptPTS8":0}
{"_id":{"$oid":"5cb552f6e0f627212ff3bdb7"},"gmDate":"2018/1/12","offLNm3":"Spooner","offFNm3":"Bill","teamAbbr":"CHA","teamConf":"East","teamLoc":"Home","teamRslt":"Win","teamPTS":99,"teamAST":17,"teamTO":13,"teamSTL":8,"teamBLK":2,"teamPF":19,"teamFGA":78,"teamFGM":32,"team2PA":51,"team2PM":23,"team3PA":27,"team3PM":9,"teamFTA":34,"teamFTM":26,"teamORB":8,"teamDRB":38,"teamPTS1":25,"teamPTS2":27,"teamPTS3":22,"teamPTS4":25,"teamPTS5":0,"teamPTS6":0,"teamPTS7":0,"teamPTS8":0,"opptAbbr":"UTA","opptConf":"West","opptLoc":"Away","opptRslt":"Loss","opptPTS":88,"opptAST":19,"opptTO":15,"opptSTL":5,"opptBLK":8,"opptPF":26,"opptFGA":77,"opptFGM":28,"oppt2PA":42,"oppt2PM":16,"oppt3PA":35,"oppt3PM":12,"opptFTA":23,"opptFTM":20,"opptORB":8,"opptDRB":37,"opptPTS1":25,"opptPTS2":21,"opptPTS3":26,"opptPTS4":16,"opptPTS5":0,"opptPTS6":0,"opptPTS7":0,"opptPTS8":0}
{"_id":{"$oid":"5cb552f6e0f627212ff3bdd3"},"gmDate":"2018/1/15","offLNm3":"Washington","offFNm3":"Tom","teamAbbr":"UTA","teamConf":"West","teamLoc":"Home","teamRslt":"Loss","teamPTS":94,"teamAST":11,"teamTO":13,"teamSTL":11,"teamBLK":7,"teamPF":12,"teamFGA":81,"teamFGM":36,"team2PA":48,"team2PM":27,"team3PA":33,"team3PM":9,"teamFTA":17,"teamFTM":13,"teamORB":9,"teamDRB":29,"teamPTS1":21,"teamPTS2":26,"teamPTS3":18,"teamPTS4":29,"teamPTS5":0,"teamPTS6":0,"teamPTS7":0,"teamPTS8":0,"opptAbbr":"IND","opptConf":"East","opptLoc":"Away","opptRslt":"Win","opptPTS":109,"opptAST":26,"opptTO":14,"opptSTL":7,"opptBLK":2,"opptPF":18,"opptFGA":77,"opptFGM":41,"oppt2PA":51,"oppt2PM":27,"oppt3PA":26,"oppt3PM":14,"opptFTA":15,"opptFTM":13,"opptORB":8,"opptDRB":35,"opptPTS1":31,"opptPTS2":27,"opptPTS3":27,"opptPTS4":24,"opptPTS5":0,"opptPTS6":0,"opptPTS7":0,"opptPTS8":0}
{"_id":{"$oid":"5cb552f6e0f627212ff3bde2"},"gmDate":"2018/1/17","offLNm3":"Callahan","offFNm3":"Mike","teamAbbr":"SAC","teamConf":"West","teamLoc":"Home","teamRslt":"Loss","teamPTS":105,"teamAST":19,"teamTO":19,"teamSTL":9,"teamBLK":4,"teamPF":21,"teamFGA":72,"teamFGM":38,"team2PA":51,"team2PM":25,"team3PA":21,"team3PM":13,"teamFTA":20,"teamFTM":16,"teamORB":8,"teamDRB":28,"teamPTS1":21,"teamPTS2":21,"teamPTS3":31,"teamPTS4":32,"teamPTS5":0,"teamPTS6":0,"teamPTS7":0,"teamPTS8":0,"opptAbbr":"UTA","opptConf":"West","opptLoc":"Away","opptRslt":"Win","opptPTS":120,"opptAST":26,"opptTO":10,"opptSTL":15,"opptBLK":4,"opptPF":20,"opptFGA":81,"opptFGM":46,"oppt2PA":52,"oppt2PM":34,"oppt3PA":29,"oppt3PM":12,"opptFTA":20,"opptFTM":16,"opptORB":6,"opptDRB":23,"opptPTS1":23,"opptPTS2":29,"opptPTS3":36,"opptPTS4":32,"opptPTS5":0,"opptPTS6":0,"opptPTS7":0,"opptPTS8":0}
{"_id":{"$oid":"5cb552f6e0f627212ff3bdee"},"gmDate":"2018/1/19","offLNm3":"Malloy","offFNm3":"Ed","teamAbbr":"UTA","teamConf":"West","teamLoc":"Home","teamRslt":"Loss","teamPTS":115,"teamAST":19,"teamTO":17,"teamSTL":4,"teamBLK":6,"teamPF":20,"teamFGA":91,"teamFGM":42,"team2PA":60,"team2PM":31,"team3PA":31,"team3PM":11,"teamFTA":30,"teamFTM":20,"teamORB":15,"teamDRB":37,"teamPTS1":25,"teamPTS2":30,"teamPTS3":23,"teamPTS4":37,"teamPTS5":0,"teamPTS6":0,"teamPTS7":0,"teamPTS8":0,"opptAbbr":"NY","opptConf":"East","opptLoc":"Away","opptRslt":"Win","opptPTS":117,"opptAST":23,"opptTO":12,"opptSTL":6,"opptBLK":6,"opptPF":26,"opptFGA":89,"opptFGM":44,"oppt2PA":69,"oppt2PM":33,"oppt3PA":20,"oppt3PM":11,"opptFTA":23,"opptFTM":18,"opptORB":7,"opptDRB":29,"opptPTS1":22,"opptPTS2":27,"opptPTS3":36,"opptPTS4":32,"opptPTS5":0,"opptPTS6":0,"opptPTS7":0,"opptPTS8":0}
{"_id":{"$oid":"5cb552f6e0f627212ff3bdf6"},"gmDate":"2018/1/20","offLNm3":"Sterling","offFNm3":"Jonathan","teamAbbr":"UTA","teamConf":"West","teamLoc":"Home","teamRslt":"Win","teamPTS":125,"teamAST":21,"teamTO":21,"teamSTL":9,"teamBLK":3,"teamPF":29,"teamFGA":82,"teamFGM":45,"team2PA":54,"team2PM":34,"team3PA":28,"team3PM":11,"teamFTA":32,"teamFTM":24,"teamORB":11,"teamDRB":45,"teamPTS1":39,"teamPTS2":37,"teamPTS3":28,"teamPTS4":21,"teamPTS5":0,"teamPTS6":0,"teamPTS7":0,"teamPTS8":0,"opptAbbr":"LAC","opptConf":"West","opptLoc":"Away","opptRslt":"Loss","opptPTS":113,"opptAST":18,"opptTO":14,"opptSTL":17,"opptBLK":2,"opptPF":24,"opptFGA":82,"opptFGM":36,"oppt2PA":46,"oppt2PM":25,"oppt3PA":36,"oppt3PM":11,"opptFTA":38,"opptFTM":30,"opptORB":7,"opptDRB":27,"opptPTS1":29,"opptPTS2":30,"opptPTS3":28,"opptPTS4":26,"opptPTS5":0,"opptPTS6":0,"opptPTS7":0,"opptPTS8":0}
{"_id":{"$oid":"5cb552f6e0f627212ff3bdfd"},"gmDate":"2018/1/22","offLNm3":"Kirkland","offFNm3":"Courtney","teamAbbr":"ATL","teamConf":"East","teamLoc":"Home","teamRslt":"Win","teamPTS":104,"teamAST":24,"teamTO":18,"teamSTL":8,"teamBLK":5,"teamPF":24,"teamFGA":83,"teamFGM":40,"team2PA":57,"team2PM":28,"team3PA":26,"team3PM":12,"teamFTA":12,"teamFTM":12,"teamORB":10,"teamDRB":34,"teamPTS1":19,"teamPTS2":23,"teamPTS3":32,"teamPTS4":30,"teamPTS5":0,"teamPTS6":0,"teamPTS7":0,"teamPTS8":0,"opptAbbr":"UTA","opptConf":"West","opptLoc":"Away","opptRslt":"Loss","opptPTS":90,"opptAST":20,"opptTO":17,"opptSTL":8,"opptBLK":6,"opptPF":15,"opptFGA":76,"opptFGM":33,"oppt2PA":61,"oppt2PM":29,"oppt3PA":15,"oppt3PM":4,"opptFTA":28,"opptFTM":20,"opptORB":7,"opptDRB":32,"opptPTS1":20,"opptPTS2":21,"opptPTS3":22,"opptPTS4":27,"opptPTS5":0,"opptPTS6":0,"opptPTS7":0,"opptPTS8":0}
{"_id":{"$oid":"5cb552f6e0f627212ff3be0b"},"gmDate":"2018/1/24","offLNm3":"Acosta","offFNm3":"Ray","teamAbbr":"DET","teamConf":"East","teamLoc":"Home","teamRslt":"Loss","teamPTS":95,"teamAST":23,"teamTO":20,"teamSTL":10,"teamBLK":7,"teamPF":16,"teamFGA":97,"teamFGM":38,"team2PA":66,"team2PM":31,"team3PA":31,"team3PM":7,"teamFTA":18,"teamFTM":12,"teamORB":15,"teamDRB":42,"teamPTS1":24,"teamPTS2":25,"teamPTS3":15,"teamPTS4":25,"teamPTS5":6,"teamPTS6":0,"teamPTS7":0,"teamPTS8":0,"opptAbbr":"UTA","opptConf":"West","opptLoc":"Away","opptRslt":"Win","opptPTS":98,"opptAST":24,"opptTO":15,"opptSTL":11,"opptBLK":9,"opptPF":15,"opptFGA":96,"opptFGM":38,"oppt2PA":65,"oppt2PM":28,"oppt3PA":31,"oppt3PM":10,"opptFTA":16,"opptFTM":12,"opptORB":9,"opptDRB":35,"opptPTS1":24,"opptPTS2":19,"opptPTS3":22,"opptPTS4":24,"opptPTS5":9,"opptPTS6":0,"opptPTS7":0,"opptPTS8":0}
{"_id":{"$oid":"5cb552f6e0f627212ff3be19"},"gmDate":"2018/1/26","offLNm3":"Callahan","offFNm3":"Mike","teamAbbr":"TOR","teamConf":"East","teamLoc":"Home","teamRslt":"Loss","teamPTS":93,"teamAST":23,"teamTO":11,"teamSTL":10,"teamBLK":13,"teamPF":18,"teamFGA":95,"teamFGM":37,"team2PA":68,"team2PM":30,"team3PA":27,"team3PM":7,"teamFTA":17,"teamFTM":12,"teamORB":16,"teamDRB":36,"teamPTS1":24,"teamPTS2":24,"teamPTS3":21,"teamPTS4":24,"teamPTS5":0,"teamPTS6":0,"teamPTS7":0,"teamPTS8":0,"opptAbbr":"UTA","opptConf":"West","opptLoc":"Away","opptRslt":"Win","opptPTS":97,"opptAST":20,"opptTO":13,"opptSTL":7,"opptBLK":5,"opptPF":16,"opptFGA":87,"opptFGM":36,"oppt2PA":66,"oppt2PM":26,"oppt3PA":21,"oppt3PM":10,"opptFTA":21,"opptFTM":15,"opptORB":10,"opptDRB":37,"opptPTS1":30,"opptPTS2":15,"opptPTS3":30,"opptPTS4":22,"opptPTS5":0,"opptPTS6":0,"opptPTS7":0,"opptPTS8":0}
{"_id":{"$oid":"5cb552f6e0f627212ff3be3c"},"gmDate":"2018/1/30","offLNm3":"Ayotte","offFNm3":"Mark","teamAbbr":"UTA","teamConf":"West","teamLoc":"Home","teamRslt":"Win","teamPTS":129,"teamAST":25,"teamTO":12,"teamSTL":16,"teamBLK":3,"teamPF":22,"teamFGA":91,"teamFGM":53,"team2PA":63,"team2PM":39,"team3PA":28,"team3PM":14,"teamFTA":14,"teamFTM":9,"teamORB":7,"teamDRB":35,"teamPTS1":35,"teamPTS2":34,"teamPTS3":34,"teamPTS4":26,"teamPTS5":0,"teamPTS6":0,"teamPTS7":0,"teamPTS8":0,"opptAbbr":"GS","opptConf":"West","opptLoc":"Away","opptRslt":"Loss","opptPTS":99,"opptAST":27,"opptTO":20,"opptSTL":10,"opptBLK":7,"opptPF":16,"opptFGA":85,"opptFGM":39,"oppt2PA":60,"oppt2PM":34,"oppt3PA":25,"oppt3PM":5,"opptFTA":21,"opptFTM":16,"opptORB":11,"opptDRB":26,"opptPTS1":30,"opptPTS2":26,"opptPTS3":29,"opptPTS4":14,"opptPTS5":0,"opptPTS6":0,"opptPTS7":0,"opptPTS8":0}
{"_id":{"$oid":"5cb552f6e0f627212ff3be52"},"gmDate":"2018/2/2","offLNm3":"Nansel","offFNm3":"Brett","teamAbbr":"PHO","teamConf":"West","teamLoc":"Home","teamRslt":"Loss","teamPTS":97,"teamAST":19,"teamTO":12,"teamSTL":7,"teamBLK":5,"teamPF":25,"teamFGA":87,"teamFGM":36,"team2PA":54,"team2PM":27,"team3PA":33,"team3PM":9,"teamFTA":19,"teamFTM":16,"teamORB":6,"teamDRB":26,"teamPTS1":23,"teamPTS2":17,"teamPTS3":33,"teamPTS4":24,"teamPTS5":0,"teamPTS6":0,"teamPTS7":0,"teamPTS8":0,"opptAbbr":"UTA","opptConf":"West","opptLoc":"Away","opptRslt":"Win","opptPTS":129,"opptAST":30,"opptTO":11,"opptSTL":7,"opptBLK":6,"opptPF":21,"opptFGA":90,"opptFGM":51,"oppt2PA":61,"oppt2PM":36,"oppt3PA":29,"oppt3PM":15,"opptFTA":17,"opptFTM":12,"opptORB":9,"opptDRB":42,"opptPTS1":28,"opptPTS2":34,"opptPTS3":32,"opptPTS4":35,"opptPTS5":0,"opptPTS6":0,"opptPTS7":0,"opptPTS8":0}
{"_id":{"$oid":"5cb552f6e0f627212ff3be5b"},"gmDate":"2018/2/3","offLNm3":"DeRosa","offFNm3":"Joe","teamAbbr":"SA","teamConf":"West","teamLoc":"Home","teamRslt":"Loss","teamPTS":111,"teamAST":25,"teamTO":12,"teamSTL":9,"teamBLK":5,"teamPF":27,"teamFGA":91,"teamFGM":44,"team2PA":65,"team2PM":34,"team3PA":26,"team3PM":10,"teamFTA":18,"teamFTM":13,"teamORB":11,"teamDRB":25,"teamPTS1":24,"teamPTS2":25,"teamPTS3":29,"teamPTS4":33,"teamPTS5":0,"teamPTS6":0,"teamPTS7":0,"teamPTS8":0,"opptAbbr":"UTA","opptConf":"West","opptLoc":"Away","opptRslt":"Win","opptPTS":120,"opptAST":26,"opptTO":18,"opptSTL":6,"opptBLK":5,"opptPF":19,"opptFGA":69,"opptFGM":39,"oppt2PA":46,"oppt2PM":27,"oppt3PA":23,"oppt3PM":12,"opptFTA":36,"opptFTM":30,"opptORB":5,"opptDRB":32,"opptPTS1":33,"opptPTS2":28,"opptPTS3":26,"opptPTS4":33,"opptPTS5":0,"opptPTS6":0,"opptPTS7":0,"opptPTS8":0}
{"_id":{"$oid":"5cb552f6e0f627212ff3be66"},"gmDate":"2018/2/5","offLNm3":"Collins","offFNm3":"Derrick","teamAbbr":"NO","teamConf":"West","teamLoc":"Home","teamRslt":"Loss","teamPTS":109,"teamAST":24,"teamTO":14,"teamSTL":10,"teamBLK":6,"teamPF":15,"teamFGA":93,"teamFGM":47,"team2PA":71,"team2PM":39,"team3PA":22,"team3PM":8,"teamFTA":13,"teamFTM":7,"teamORB":6,"teamDRB":24,"teamPTS1":23,"teamPTS2":41,"teamPTS3":22,"teamPTS4":23,"teamPTS5":0,"teamPTS6":0,"teamPTS7":0,"teamPTS8":0,"opptAbbr":"UTA","opptConf":"West","opptLoc":"Away","opptRslt":"Win","opptPTS":133,"opptAST":29,"opptTO":15,"opptSTL":6,"opptBLK":5,"opptPF":18,"opptFGA":89,"opptFGM":52,"oppt2PA":68,"oppt2PM":38,"oppt3PA":21,"oppt3PM":14,"opptFTA":17,"opptFTM":15,"opptORB":9,"opptDRB":36,"opptPTS1":34,"opptPTS2":36,"opptPTS3":29,"opptPTS4":34,"opptPTS5":0,"opptPTS6":0,"opptPTS7":0,"opptPTS8":0}
{"_id":{"$oid":"5cb552f6e0f627212ff3be75"},"gmDate":"2018/2/7","offLNm3":"Davis","offFNm3":"Marc","teamAbbr":"MEM","teamConf":"West","teamLoc":"Home","teamRslt":"Loss","teamPTS":88,"teamAST":18,"teamTO":16,"teamSTL":12,"teamBLK":5,"teamPF":26,"teamFGA":81,"teamFGM":34,"team2PA":58,"team2PM":26,"team3PA":23,"team3PM":8,"teamFTA":16,"teamFTM":12,"teamORB":9,"teamDRB":27,"teamPTS1":16,"teamPTS2":23,"teamPTS3":24,"teamPTS4":25,"teamPTS5":0,"teamPTS6":0,"teamPTS7":0,"teamPTS8":0,"opptAbbr":"UTA","opptConf":"West","opptLoc":"Away","opptRslt":"Win","opptPTS":92,"opptAST":14,"opptTO":20,"opptSTL":6,"opptBLK":4,"opptPF":16,"opptFGA":69,"opptFGM":29,"oppt2PA":47,"oppt2PM":23,"oppt3PA":22,"oppt3PM":6,"opptFTA":33,"opptFTM":28,"opptORB":9,"opptDRB":34,"opptPTS1":21,"opptPTS2":23,"opptPTS3":24,"opptPTS4":24,"opptPTS5":0,"opptPTS6":0,"opptPTS7":0,"opptPTS8":0}
{"_id":{"$oid":"5cb552f6e0f627212ff3be84"},"gmDate":"2018/2/9","offLNm3":"Phillips","offFNm3":"Jason","teamAbbr":"UTA","teamConf":"West","teamLoc":"Home","teamRslt":"Win","teamPTS":106,"teamAST":29,"teamTO":14,"teamSTL":5,"teamBLK":7,"teamPF":17,"teamFGA":84,"teamFGM":41,"team2PA":55,"team2PM":31,"team3PA":29,"team3PM":10,"teamFTA":17,"teamFTM":14,"teamORB":7,"teamDRB":42,"teamPTS1":28,"teamPTS2":27,"teamPTS3":29,"teamPTS4":22,"teamPTS5":0,"teamPTS6":0,"teamPTS7":0,"teamPTS8":0,"opptAbbr":"CHA","opptConf":"East","opptLoc":"Away","opptRslt":"Loss","opptPTS":94,"opptAST":17,"opptTO":7,"opptSTL":8,"opptBLK":2,"opptPF":18,"opptFGA":85,"opptFGM":35,"oppt2PA":61,"oppt2PM":26,"oppt3PA":24,"oppt3PM":9,"opptFTA":19,"opptFTM":15,"opptORB":5,"opptDRB":28,"opptPTS1":24,"opptPTS2":22,"opptPTS3":31,"opptPTS4":17,"opptPTS5":0,"opptPTS6":0,"opptPTS7":0,"opptPTS8":0}
{"_id":{"$oid":"5cb552f6e0f627212ff3be94"},"gmDate":"2018/2/11","offLNm3":"Ayotte","offFNm3":"Mark","teamAbbr":"POR","teamConf":"West","teamLoc":"Home","teamRslt":"Loss","teamPTS":96,"teamAST":16,"teamTO":13,"teamSTL":7,"teamBLK":4,"teamPF":22,"teamFGA":81,"teamFGM":33,"team2PA":56,"team2PM":24,"team3PA":25,"team3PM":9,"teamFTA":25,"teamFTM":21,"teamORB":6,"teamDRB":31,"teamPTS1":26,"teamPTS2":18,"teamPTS3":19,"teamPTS4":33,"teamPTS5":0,"teamPTS6":0,"teamPTS7":0,"teamPTS8":0,"opptAbbr":"UTA","opptConf":"West","opptLoc":"Away","opptRslt":"Win","opptPTS":115,"opptAST":23,"opptTO":13,"opptSTL":8,"opptBLK":4,"opptPF":22,"opptFGA":88,"opptFGM":41,"oppt2PA":62,"oppt2PM":28,"oppt3PA":26,"oppt3PM":13,"opptFTA":22,"opptFTM":20,"opptORB":16,"opptDRB":42,"opptPTS1":19,"opptPTS2":24,"opptPTS3":38,"opptPTS4":34,"opptPTS5":0,"opptPTS6":0,"opptPTS7":0,"opptPTS8":0}
{"_id":{"$oid":"5cb552f6e0f627212ff3be99"},"gmDate":"2018/2/12","offLNm3":"Brown","offFNm3":"Tony","teamAbbr":"UTA","teamConf":"West","teamLoc":"Home","teamRslt":"Win","teamPTS":101,"teamAST":15,"teamTO":10,"teamSTL":7,"teamBLK":5,"teamPF":24,"teamFGA":84,"teamFGM":35,"team2PA":60,"team2PM":24,"team3PA":24,"team3PM":11,"teamFTA":30,"teamFTM":20,"teamORB":9,"teamDRB":34,"teamPTS1":25,"teamPTS2":29,"teamPTS3":15,"teamPTS4":32,"teamPTS5":0,"teamPTS6":0,"teamPTS7":0,"teamPTS8":0,"opptAbbr":"SA","opptConf":"West","opptLoc":"Away","opptRslt":"Loss","opptPTS":99,"opptAST":23,"opptTO":11,"opptSTL":5,"opptBLK":8,"opptPF":24,"opptFGA":85,"opptFGM":38,"oppt2PA":60,"oppt2PM":32,"oppt3PA":25,"oppt3PM":6,"opptFTA":25,"opptFTM":17,"opptORB":8,"opptDRB":36,"opptPTS1":22,"opptPTS2":26,"opptPTS3":29,"opptPTS4":22,"opptPTS5":0,"opptPTS6":0,"opptPTS7":0,"opptPTS8":0}
{"_id":{"$oid":"5cb552f6e0f627212ff3beab"},"gmDate":"2018/2/14","offLNm3":"Kennedy","offFNm3":"Bill","teamAbbr":"UTA","teamConf":"West","teamLoc":"Home","teamRslt":"Win","teamPTS":107,"teamAST":22,"teamTO":9,"teamSTL":6,"teamBLK":3,"teamPF":17,"teamFGA":92,"teamFGM":39,"team2PA":58,"team2PM":29,"team3PA":34,"team3PM":10,"teamFTA":22,"teamFTM":19,"teamORB":14,"teamDRB":40,"teamPTS1":27,"teamPTS2":23,"teamPTS3":22,"teamPTS4":35,"teamPTS5":0,"teamPTS6":0,"teamPTS7":0,"teamPTS8":0,"opptAbbr":"PHO","opptConf":"West","opptLoc":"Away","opptRslt":"Loss","opptPTS":97,"opptAST":19,"opptTO":12,"opptSTL":5,"opptBLK":5,"opptPF":25,"opptFGA":79,"opptFGM":34,"oppt2PA":50,"oppt2PM":22,"oppt3PA":29,"oppt3PM":12,"opptFTA":24,"opptFTM":17,"opptORB":5,"opptDRB":36,"opptPTS1":23,"opptPTS2":18,"opptPTS3":30,"opptPTS4":26,"opptPTS5":0,"opptPTS6":0,"opptPTS7":0,"opptPTS8":0}
{"_id":{"$oid":"5cb552f6e0f627212ff3bebe"},"gmDate":"2018/2/23","offLNm3":"Spooner","offFNm3":"Bill","teamAbbr":"UTA","teamConf":"West","teamLoc":"Home","teamRslt":"Loss","teamPTS":81,"teamAST":15,"teamTO":20,"teamSTL":7,"teamBLK":6,"teamPF":13,"teamFGA":78,"teamFGM":33,"team2PA":53,"team2PM":27,"team3PA":25,"team3PM":6,"teamFTA":11,"teamFTM":9,"teamORB":8,"teamDRB":35,"teamPTS1":30,"teamPTS2":17,"teamPTS3":17,"teamPTS4":17,"teamPTS5":0,"teamPTS6":0,"teamPTS7":0,"teamPTS8":0,"opptAbbr":"POR","opptConf":"West","opptLoc":"Away","opptRslt":"Win","opptPTS":100,"opptAST":14,"opptTO":12,"opptSTL":11,"opptBLK":5,"opptPF":20,"opptFGA":87,"opptFGM":39,"oppt2PA":63,"oppt2PM":30,"oppt3PA":24,"oppt3PM":9,"opptFTA":14,"opptFTM":13,"opptORB":6,"opptDRB":34,"opptPTS1":31,"opptPTS2":22,"opptPTS3":27,"opptPTS4":20,"opptPTS5":0,"opptPTS6":0,"opptPTS7":0,"opptPTS8":0}
{"_id":{"$oid":"5cb552f6e0f627212ff3bec6"},"gmDate":"2018/2/24","offLNm3":"Sterling","offFNm3":"Jonathan","teamAbbr":"UTA","teamConf":"West","teamLoc":"Home","teamRslt":"Win","teamPTS":97,"teamAST":26,"teamTO":12,"teamSTL":6,"teamBLK":3,"teamPF":19,"teamFGA":85,"teamFGM":34,"team2PA":53,"team2PM":25,"team3PA":32,"team3PM":9,"teamFTA":26,"teamFTM":20,"teamORB":9,"teamDRB":35,"teamPTS1":35,"teamPTS2":18,"teamPTS3":21,"teamPTS4":23,"teamPTS5":0,"teamPTS6":0,"teamPTS7":0,"teamPTS8":0,"opptAbbr":"DAL","opptConf":"West","opptLoc":"Away","opptRslt":"Loss","opptPTS":90,"opptAST":19,"opptTO":16,"opptSTL":6,"opptBLK":4,"opptPF":23,"opptFGA":83,"opptFGM":34,"oppt2PA":48,"oppt2PM":24,"oppt3PA":35,"oppt3PM":10,"opptFTA":14,"opptFTM":12,"opptORB":5,"opptDRB":39,"opptPTS1":23,"opptPTS2":27,"opptPTS3":21,"opptPTS4":19,"opptPTS5":0,"opptPTS6":0,"opptPTS7":0,"opptPTS8":0}
{"_id":{"$oid":"5cb552f6e0f627212ff3bed5"},"gmDate":"2018/2/26","offLNm3":"Callahan","offFNm3":"Mike","teamAbbr":"UTA","teamConf":"West","teamLoc":"Home","teamRslt":"Loss","teamPTS":85,"teamAST":21,"teamTO":22,"teamSTL":6,"teamBLK":4,"teamPF":19,"teamFGA":71,"teamFGM":31,"team2PA":42,"team2PM":24,"team3PA":29,"team3PM":7,"teamFTA":22,"teamFTM":16,"teamORB":7,"teamDRB":32,"teamPTS1":21,"teamPTS2":23,"teamPTS3":19,"teamPTS4":22,"teamPTS5":0,"teamPTS6":0,"teamPTS7":0,"teamPTS8":0,"opptAbbr":"HOU","opptConf":"West","opptLoc":"Away","opptRslt":"Win","opptPTS":96,"opptAST":15,"opptTO":16,"opptSTL":15,"opptBLK":2,"opptPF":21,"opptFGA":79,"opptFGM":34,"oppt2PA":46,"oppt2PM":25,"oppt3PA":33,"oppt3PM":9,"opptFTA":25,"opptFTM":19,"opptORB":9,"opptDRB":31,"opptPTS1":19,"opptPTS2":20,"opptPTS3":31,"opptPTS4":26,"opptPTS5":0,"opptPTS6":0,"opptPTS7":0,"opptPTS8":0}
{"_id":{"$oid":"5cb552f6e0f627212ff3bef3"},"gmDate":"2018/3/2","offLNm3":"Maddox","offFNm3":"Tre","teamAbbr":"UTA","teamConf":"West","teamLoc":"Home","teamRslt":"Win","teamPTS":116,"teamAST":21,"teamTO":19,"teamSTL":7,"teamBLK":5,"teamPF":21,"teamFGA":78,"teamFGM":40,"team2PA":49,"team2PM":31,"team3PA":29,"team3PM":9,"teamFTA":35,"teamFTM":27,"teamORB":11,"teamDRB":34,"teamPTS1":23,"teamPTS2":33,"teamPTS3":29,"teamPTS4":31,"teamPTS5":0,"teamPTS6":0,"teamPTS7":0,"teamPTS8":0,"opptAbbr":"MIN","opptConf":"West","opptLoc":"Away","opptRslt":"Loss","opptPTS":108,"opptAST":14,"opptTO":13,"opptSTL":9,"opptBLK":0,"opptPF":23,"opptFGA":74,"opptFGM":38,"oppt2PA":57,"oppt2PM":29,"oppt3PA":17,"oppt3PM":9,"opptFTA":31,"opptFTM":23,"opptORB":2,"opptDRB":25,"opptPTS1":24,"opptPTS2":21,"opptPTS3":32,"opptPTS4":31,"opptPTS5":0,"opptPTS6":0,"opptPTS7":0,"opptPTS8":0}
{"_id":{"$oid":"5cb552f6e0f627212ff3befa"},"gmDate":"2018/3/3","offLNm3":"Stafford","offFNm3":"Derrick","teamAbbr":"SAC","teamConf":"West","teamLoc":"Home","teamRslt":"Loss","teamPTS":91,"teamAST":15,"teamTO":13,"teamSTL":7,"teamBLK":7,"teamPF":24,"teamFGA":89,"teamFGM":34,"team2PA":59,"team2PM":25,"team3PA":30,"team3PM":9,"teamFTA":17,"teamFTM":14,"teamORB":11,"teamDRB":37,"teamPTS1":17,"teamPTS2":26,"teamPTS3":23,"teamPTS4":25,"teamPTS5":0,"teamPTS6":0,"teamPTS7":0,"teamPTS8":0,"opptAbbr":"UTA","opptConf":"West","opptLoc":"Away","opptRslt":"Win","opptPTS":98,"opptAST":20,"opptTO":13,"opptSTL":9,"opptBLK":7,"opptPF":19,"opptFGA":82,"opptFGM":34,"oppt2PA":50,"oppt2PM":23,"oppt3PA":32,"oppt3PM":11,"opptFTA":29,"opptFTM":19,"opptORB":11,"opptDRB":41,"opptPTS1":25,"opptPTS2":27,"opptPTS3":23,"opptPTS4":23,"opptPTS5":0,"opptPTS6":0,"opptPTS7":0,"opptPTS8":0}
{"_id":{"$oid":"5cb552f6e0f627212ff3bf07"},"gmDate":"2018/3/5","offLNm3":"Adams","offFNm3":"Bennie","teamAbbr":"UTA","teamConf":"West","teamLoc":"Home","teamRslt":"Win","teamPTS":94,"teamAST":23,"teamTO":16,"teamSTL":8,"teamBLK":7,"teamPF":22,"teamFGA":73,"teamFGM":36,"team2PA":42,"team2PM":26,"team3PA":31,"team3PM":10,"teamFTA":18,"teamFTM":12,"teamORB":6,"teamDRB":42,"teamPTS1":25,"teamPTS2":29,"teamPTS3":20,"teamPTS4":20,"teamPTS5":0,"teamPTS6":0,"teamPTS7":0,"teamPTS8":0,"opptAbbr":"ORL","opptConf":"East","opptLoc":"Away","opptRslt":"Loss","opptPTS":80,"opptAST":18,"opptTO":15,"opptSTL":7,"opptBLK":4,"opptPF":19,"opptFGA":85,"opptFGM":29,"oppt2PA":51,"oppt2PM":18,"oppt3PA":34,"oppt3PM":11,"opptFTA":14,"opptFTM":11,"opptORB":6,"opptDRB":30,"opptPTS1":29,"opptPTS2":15,"opptPTS3":23,"opptPTS4":13,"opptPTS5":0,"opptPTS6":0,"opptPTS7":0,"opptPTS8":0}
{"_id":{"$oid":"5cb552f6e0f627212ff3bf11"},"gmDate":"2018/3/7","offLNm3":"Smith","offFNm3":"Michael","teamAbbr":"IND","teamConf":"East","teamLoc":"Home","teamRslt":"Loss","teamPTS":84,"teamAST":12,"teamTO":12,"teamSTL":9,"teamBLK":4,"teamPF":17,"teamFGA":88,"teamFGM":34,"team2PA":65,"team2PM":31,"team3PA":23,"team3PM":3,"teamFTA":17,"teamFTM":13,"teamORB":14,"teamDRB":31,"teamPTS1":20,"teamPTS2":24,"teamPTS3":25,"teamPTS4":15,"teamPTS5":0,"teamPTS6":0,"teamPTS7":0,"teamPTS8":0,"opptAbbr":"UTA","opptConf":"West","opptLoc":"Away","opptRslt":"Win","opptPTS":104,"opptAST":30,"opptTO":13,"opptSTL":9,"opptBLK":5,"opptPF":18,"opptFGA":80,"opptFGM":41,"oppt2PA":49,"oppt2PM":30,"oppt3PA":31,"oppt3PM":11,"opptFTA":16,"opptFTM":11,"opptORB":7,"opptDRB":35,"opptPTS1":32,"opptPTS2":22,"opptPTS3":25,"opptPTS4":25,"opptPTS5":0,"opptPTS6":0,"opptPTS7":0,"opptPTS8":0}
{"_id":{"$oid":"5cb552f6e0f627212ff3bf20"},"gmDate":"2018/3/9","offLNm3":"Spooner","offFNm3":"Bill","teamAbbr":"MEM","teamConf":"West","teamLoc":"Home","teamRslt":"Loss","teamPTS":78,"teamAST":16,"teamTO":15,"teamSTL":4,"teamBLK":5,"teamPF":22,"teamFGA":83,"teamFGM":31,"team2PA":61,"team2PM":25,"team3PA":22,"team3PM":6,"teamFTA":14,"teamFTM":10,"teamORB":10,"teamDRB":29,"teamPTS1":23,"teamPTS2":15,"teamPTS3":20,"teamPTS4":20,"teamPTS5":0,"teamPTS6":0,"teamPTS7":0,"teamPTS8":0,"opptAbbr":"UTA","opptConf":"West","opptLoc":"Away","opptRslt":"Win","opptPTS":95,"opptAST":26,"opptTO":20,"opptSTL":10,"opptBLK":8,"opptPF":17,"opptFGA":74,"opptFGM":33,"oppt2PA":42,"oppt2PM":20,"oppt3PA":32,"oppt3PM":13,"opptFTA":22,"opptFTM":16,"opptORB":8,"opptDRB":40,"opptPTS1":24,"opptPTS2":26,"opptPTS3":21,"opptPTS4":24,"opptPTS5":0,"opptPTS6":0,"opptPTS7":0,"opptPTS8":0}
{"_id":{"$oid":"5cb552f6e0f627212ff3bf2f"},"gmDate":"2018/3/11","offLNm3":"Sterling","offFNm3":"Jonathan","teamAbbr":"NO","teamConf":"West","teamLoc":"Home","teamRslt":"Loss","teamPTS":99,"teamAST":28,"teamTO":13,"teamSTL":7,"teamBLK":14,"teamPF":25,"teamFGA":93,"teamFGM":41,"team2PA":72,"team2PM":35,"team3PA":21,"team3PM":6,"teamFTA":13,"teamFTM":11,"teamORB":10,"teamDRB":28,"teamPTS1":23,"teamPTS2":28,"teamPTS3":23,"teamPTS4":25,"teamPTS5":0,"teamPTS6":0,"teamPTS7":0,"teamPTS8":0,"opptAbbr":"UTA","opptConf":"West","opptLoc":"Away","opptRslt":"Win","opptPTS":116,"opptAST":24,"opptTO":17,"opptSTL":4,"opptBLK":3,"opptPF":20,"opptFGA":96,"opptFGM":40,"oppt2PA":64,"oppt2PM":28,"oppt3PA":32,"oppt3PM":12,"opptFTA":25,"opptFTM":24,"opptORB":17,"opptDRB":38,"opptPTS1":29,"opptPTS2":19,"opptPTS3":30,"opptPTS4":38,"opptPTS5":0,"opptPTS6":0,"opptPTS7":0,"opptPTS8":0}
{"_id":{"$oid":"5cb552f6e0f627212ff3bf42"},"gmDate":"2018/3/13","offLNm3":"Capers","offFNm3":"James","teamAbbr":"UTA","teamConf":"West","teamLoc":"Home","teamRslt":"Win","teamPTS":110,"teamAST":29,"teamTO":24,"teamSTL":10,"teamBLK":5,"teamPF":22,"teamFGA":76,"teamFGM":42,"team2PA":42,"team2PM":29,"team3PA":34,"team3PM":13,"teamFTA":23,"teamFTM":13,"teamORB":11,"teamDRB":41,"teamPTS1":42,"teamPTS2":22,"teamPTS3":22,"teamPTS4":24,"teamPTS5":0,"teamPTS6":0,"teamPTS7":0,"teamPTS8":0,"opptAbbr":"DET","opptConf":"East","opptLoc":"Away","opptRslt":"Loss","opptPTS":79,"opptAST":14,"opptTO":18,"opptSTL":14,"opptBLK":4,"opptPF":23,"opptFGA":80,"opptFGM":30,"oppt2PA":55,"oppt2PM":25,"oppt3PA":25,"oppt3PM":5,"opptFTA":19,"opptFTM":14,"opptORB":8,"opptDRB":24,"opptPTS1":21,"opptPTS2":18,"opptPTS3":20,"opptPTS4":20,"opptPTS5":0,"opptPTS6":0,"opptPTS7":0,"opptPTS8":0}
{"_id":{"$oid":"5cb552f6e0f627212ff3bf50"},"gmDate":"2018/3/15","offLNm3":"Van Duyne","offFNm3":"Justin","teamAbbr":"UTA","teamConf":"West","teamLoc":"Home","teamRslt":"Win","teamPTS":116,"teamAST":29,"teamTO":7,"teamSTL":12,"teamBLK":8,"teamPF":20,"teamFGA":97,"teamFGM":42,"team2PA":61,"team2PM":30,"team3PA":36,"team3PM":12,"teamFTA":32,"teamFTM":20,"teamORB":14,"teamDRB":39,"teamPTS1":20,"teamPTS2":36,"teamPTS3":25,"teamPTS4":35,"teamPTS5":0,"teamPTS6":0,"teamPTS7":0,"teamPTS8":0,"opptAbbr":"PHO","opptConf":"West","opptLoc":"Away","opptRslt":"Loss","opptPTS":88,"opptAST":14,"opptTO":22,"opptSTL":4,"opptBLK":4,"opptPF":25,"opptFGA":83,"opptFGM":32,"oppt2PA":67,"oppt2PM":25,"oppt3PA":16,"oppt3PM":7,"opptFTA":24,"opptFTM":17,"opptORB":9,"opptDRB":42,"opptPTS1":23,"opptPTS2":20,"opptPTS3":23,"opptPTS4":22,"opptPTS5":0,"opptPTS6":0,"opptPTS7":0,"opptPTS8":0}
{"_id":{"$oid":"5cb552f6e0f627212ff3bf60"},"gmDate":"2018/3/17","offLNm3":"Callahan","offFNm3":"Mike","teamAbbr":"UTA","teamConf":"West","teamLoc":"Home","teamRslt":"Win","teamPTS":103,"teamAST":21,"teamTO":16,"teamSTL":8,"teamBLK":8,"teamPF":13,"teamFGA":74,"teamFGM":33,"team2PA":50,"team2PM":27,"team3PA":24,"team3PM":6,"teamFTA":38,"teamFTM":31,"teamORB":8,"teamDRB":40,"teamPTS1":32,"teamPTS2":18,"teamPTS3":30,"teamPTS4":23,"teamPTS5":0,"teamPTS6":0,"teamPTS7":0,"teamPTS8":0,"opptAbbr":"SAC","opptConf":"West","opptLoc":"Away","opptRslt":"Loss","opptPTS":97,"opptAST":23,"opptTO":14,"opptSTL":11,"opptBLK":5,"opptPF":30,"opptFGA":86,"opptFGM":37,"oppt2PA":65,"oppt2PM":23,"oppt3PA":21,"oppt3PM":14,"opptFTA":14,"opptFTM":9,"opptORB":3,"opptDRB":30,"opptPTS1":27,"opptPTS2":27,"opptPTS3":25,"opptPTS4":18,"opptPTS5":0,"opptPTS6":0,"opptPTS7":0,"opptPTS8":0}
{"_id":{"$oid":"5cb552f6e0f627212ff3bf72"},"gmDate":"2018/3/20","offLNm3":"Taylor","offFNm3":"Dedric","teamAbbr":"UTA","teamConf":"West","teamLoc":"Home","teamRslt":"Loss","teamPTS":94,"teamAST":16,"teamTO":16,"teamSTL":8,"teamBLK":8,"teamPF":22,"teamFGA":89,"teamFGM":33,"team2PA":55,"team2PM":27,"team3PA":34,"team3PM":6,"teamFTA":25,"teamFTM":22,"teamORB":12,"teamDRB":39,"teamPTS1":27,"teamPTS2":15,"teamPTS3":25,"teamPTS4":27,"teamPTS5":0,"teamPTS6":0,"teamPTS7":0,"teamPTS8":0,"opptAbbr":"ATL","opptConf":"East","opptLoc":"Away","opptRslt":"Win","opptPTS":99,"opptAST":21,"opptTO":13,"opptSTL":7,"opptBLK":3,"opptPF":23,"opptFGA":94,"opptFGM":38,"oppt2PA":61,"oppt2PM":29,"oppt3PA":33,"oppt3PM":9,"opptFTA":19,"opptFTM":14,"opptORB":11,"opptDRB":41,"opptPTS1":21,"opptPTS2":20,"opptPTS3":22,"opptPTS4":36,"opptPTS5":0,"opptPTS6":0,"opptPTS7":0,"opptPTS8":0}
{"_id":{"$oid":"5cb552f6e0f627212ff3bf82"},"gmDate":"2018/3/22","offLNm3":"Zarba","offFNm3":"Zach","teamAbbr":"DAL","teamConf":"West","teamLoc":"Home","teamRslt":"Loss","teamPTS":112,"teamAST":22,"teamTO":15,"teamSTL":5,"teamBLK":7,"teamPF":16,"teamFGA":85,"teamFGM":42,"team2PA":53,"team2PM":25,"team3PA":32,"team3PM":17,"teamFTA":14,"teamFTM":11,"teamORB":8,"teamDRB":27,"teamPTS1":34,"teamPTS2":24,"teamPTS3":23,"teamPTS4":31,"teamPTS5":0,"teamPTS6":0,"teamPTS7":0,"teamPTS8":0,"opptAbbr":"UTA","opptConf":"West","opptLoc":"Away","opptRslt":"Win","opptPTS":119,"opptAST":32,"opptTO":11,"opptSTL":11,"opptBLK":6,"opptPF":19,"opptFGA":87,"opptFGM":46,"oppt2PA":58,"oppt2PM":34,"oppt3PA":29,"oppt3PM":12,"opptFTA":16,"opptFTM":15,"opptORB":8,"opptDRB":31,"opptPTS1":37,"opptPTS2":28,"opptPTS3":31,"opptPTS4":23,"opptPTS5":0,"opptPTS6":0,"opptPTS7":0,"opptPTS8":0}
{"_id":{"$oid":"5cb552f6e0f627212ff3bf8b"},"gmDate":"2018/3/23","offLNm3":"Davis","offFNm3":"Marc","teamAbbr":"SA","teamConf":"West","teamLoc":"Home","teamRslt":"Win","teamPTS":124,"teamAST":21,"teamTO":14,"teamSTL":9,"teamBLK":7,"teamPF":25,"teamFGA":92,"teamFGM":47,"team2PA":75,"team2PM":40,"team3PA":17,"team3PM":7,"teamFTA":27,"teamFTM":23,"teamORB":11,"teamDRB":38,"teamPTS1":29,"teamPTS2":27,"teamPTS3":21,"teamPTS4":37,"teamPTS5":10,"teamPTS6":0,"teamPTS7":0,"teamPTS8":0,"opptAbbr":"UTA","opptConf":"West","opptLoc":"Away","opptRslt":"Loss","opptPTS":120,"opptAST":24,"opptTO":15,"opptSTL":10,"opptBLK":3,"opptPF":23,"opptFGA":88,"opptFGM":43,"oppt2PA":60,"oppt2PM":32,"oppt3PA":28,"oppt3PM":11,"opptFTA":29,"opptFTM":23,"opptORB":5,"opptDRB":29,"opptPTS1":21,"opptPTS2":30,"opptPTS3":22,"opptPTS4":41,"opptPTS5":6,"opptPTS6":0,"opptPTS7":0,"opptPTS8":0}
{"_id":{"$oid":"5cb552f6e0f627212ff3bf9c"},"gmDate":"2018/3/25","offLNm3":"Wall","offFNm3":"Scott","teamAbbr":"GS","teamConf":"West","teamLoc":"Home","teamRslt":"Loss","teamPTS":91,"teamAST":24,"teamTO":11,"teamSTL":9,"teamBLK":7,"teamPF":19,"teamFGA":91,"teamFGM":38,"team2PA":76,"team2PM":32,"team3PA":15,"team3PM":6,"teamFTA":10,"teamFTM":9,"teamORB":14,"teamDRB":27,"teamPTS1":22,"teamPTS2":25,"teamPTS3":18,"teamPTS4":26,"teamPTS5":0,"teamPTS6":0,"teamPTS7":0,"teamPTS8":0,"opptAbbr":"UTA","opptConf":"West","opptLoc":"Away","opptRslt":"Win","opptPTS":110,"opptAST":27,"opptTO":14,"opptSTL":6,"opptBLK":8,"opptPF":16,"opptFGA":87,"opptFGM":42,"oppt2PA":59,"oppt2PM":30,"oppt3PA":28,"oppt3PM":12,"opptFTA":18,"opptFTM":14,"opptORB":11,"opptDRB":36,"opptPTS1":18,"opptPTS2":35,"opptPTS3":36,"opptPTS4":21,"opptPTS5":0,"opptPTS6":0,"opptPTS7":0,"opptPTS8":0}
{"_id":{"$oid":"5cb552f6e0f627212ff3bfaf"},"gmDate":"2018/3/28","offLNm3":"Zarba","offFNm3":"Zach","teamAbbr":"UTA","teamConf":"West","teamLoc":"Home","teamRslt":"Loss","teamPTS":94,"teamAST":25,"teamTO":16,"teamSTL":7,"teamBLK":6,"teamPF":18,"teamFGA":82,"teamFGM":34,"team2PA":49,"team2PM":25,"team3PA":33,"team3PM":9,"teamFTA":21,"teamFTM":17,"teamORB":12,"teamDRB":33,"teamPTS1":24,"teamPTS2":15,"teamPTS3":32,"teamPTS4":23,"teamPTS5":0,"teamPTS6":0,"teamPTS7":0,"teamPTS8":0,"opptAbbr":"BOS","opptConf":"East","opptLoc":"Away","opptRslt":"Win","opptPTS":97,"opptAST":20,"opptTO":18,"opptSTL":11,"opptBLK":2,"opptPF":18,"opptFGA":79,"opptFGM":35,"oppt2PA":58,"oppt2PM":23,"oppt3PA":21,"oppt3PM":12,"opptFTA":20,"opptFTM":15,"opptORB":11,"opptDRB":31,"opptPTS1":18,"opptPTS2":30,"opptPTS3":19,"opptPTS4":30,"opptPTS5":0,"opptPTS6":0,"opptPTS7":0,"opptPTS8":0}
{"_id":{"$oid":"5cb552f6e0f627212ff3bfbd"},"gmDate":"2018/3/30","offLNm3":"Phillips","offFNm3":"Jason","teamAbbr":"UTA","teamConf":"West","teamLoc":"Home","teamRslt":"Win","teamPTS":107,"teamAST":24,"teamTO":17,"teamSTL":7,"teamBLK":5,"teamPF":19,"teamFGA":74,"teamFGM":40,"team2PA":43,"team2PM":28,"team3PA":31,"team3PM":12,"teamFTA":26,"teamFTM":15,"teamORB":7,"teamDRB":31,"teamPTS1":29,"teamPTS2":23,"teamPTS3":28,"teamPTS4":27,"teamPTS5":0,"teamPTS6":0,"teamPTS7":0,"teamPTS8":0,"opptAbbr":"MEM","opptConf":"West","opptLoc":"Away","opptRslt":"Loss","opptPTS":97,"opptAST":24,"opptTO":15,"opptSTL":8,"opptBLK":4,"opptPF":21,"opptFGA":81,"opptFGM":39,"oppt2PA":58,"oppt2PM":30,"oppt3PA":23,"oppt3PM":9,"opptFTA":15,"opptFTM":10,"opptORB":7,"opptDRB":26,"opptPTS1":14,"opptPTS2":33,"opptPTS3":29,"opptPTS4":21,"opptPTS5":0,"opptPTS6":0,"opptPTS7":0,"opptPTS8":0}
{"_id":{"$oid":"5cb552f6e0f627212ff3bfcd"},"gmDate":"2018/4/1","offLNm3":"Washington","offFNm3":"Tom","teamAbbr":"MIN","teamConf":"West","teamLoc":"Home","teamRslt":"Loss","teamPTS":97,"teamAST":19,"teamTO":14,"teamSTL":10,"teamBLK":1,"teamPF":17,"teamFGA":90,"teamFGM":38,"team2PA":66,"team2PM":30,"team3PA":24,"team3PM":8,"teamFTA":14,"teamFTM":13,"teamORB":7,"teamDRB":25,"teamPTS1":26,"teamPTS2":24,"teamPTS3":21,"teamPTS4":26,"teamPTS5":0,"teamPTS6":0,"teamPTS7":0,"teamPTS8":0,"opptAbbr":"UTA","opptConf":"West","opptLoc":"Away","opptRslt":"Win","opptPTS":121,"opptAST":29,"opptTO":17,"opptSTL":8,"opptBLK":7,"opptPF":19,"opptFGA":76,"opptFGM":46,"oppt2PA":48,"oppt2PM":35,"oppt3PA":28,"oppt3PM":11,"opptFTA":25,"opptFTM":18,"opptORB":6,"opptDRB":39,"opptPTS1":28,"opptPTS2":33,"opptPTS3":26,"opptPTS4":34,"opptPTS5":0,"opptPTS6":0,"opptPTS7":0,"opptPTS8":0}
{"_id":{"$oid":"5cb552f6e0f627212ff3bfdc"},"gmDate":"2018/4/3","offLNm3":"Van Duyne","offFNm3":"Justin","teamAbbr":"UTA","teamConf":"West","teamLoc":"Home","teamRslt":"Win","teamPTS":117,"teamAST":29,"teamTO":14,"teamSTL":10,"teamBLK":5,"teamPF":22,"teamFGA":89,"teamFGM":43,"team2PA":56,"team2PM":29,"team3PA":33,"team3PM":14,"teamFTA":27,"teamFTM":17,"teamORB":14,"teamDRB":33,"teamPTS1":24,"teamPTS2":41,"teamPTS3":30,"teamPTS4":22,"teamPTS5":0,"teamPTS6":0,"teamPTS7":0,"teamPTS8":0,"opptAbbr":"LAL","opptConf":"West","opptLoc":"Away","opptRslt":"Loss","opptPTS":110,"opptAST":23,"opptTO":16,"opptSTL":7,"opptBLK":5,"opptPF":23,"opptFGA":74,"opptFGM":36,"oppt2PA":46,"oppt2PM":22,"oppt3PA":28,"oppt3PM":14,"opptFTA":36,"opptFTM":24,"opptORB":7,"opptDRB":32,"opptPTS1":31,"opptPTS2":29,"opptPTS3":29,"opptPTS4":21,"opptPTS5":0,"opptPTS6":0,"opptPTS7":0,"opptPTS8":0}
{"_id":{"$oid":"5cb552f6e0f627212ff3bfeb"},"gmDate":"2018/4/5","offLNm3":"Capers","offFNm3":"James","teamAbbr":"UTA","teamConf":"West","teamLoc":"Home","teamRslt":"Win","teamPTS":117,"teamAST":27,"teamTO":11,"teamSTL":7,"teamBLK":8,"teamPF":22,"teamFGA":83,"teamFGM":44,"team2PA":56,"team2PM":34,"team3PA":27,"team3PM":10,"teamFTA":28,"teamFTM":19,"teamORB":10,"teamDRB":28,"teamPTS1":36,"teamPTS2":29,"teamPTS3":29,"teamPTS4":23,"teamPTS5":0,"teamPTS6":0,"teamPTS7":0,"teamPTS8":0,"opptAbbr":"LAC","opptConf":"West","opptLoc":"Away","opptRslt":"Loss","opptPTS":95,"opptAST":18,"opptTO":16,"opptSTL":7,"opptBLK":3,"opptPF":25,"opptFGA":79,"opptFGM":35,"oppt2PA":62,"oppt2PM":32,"oppt3PA":17,"oppt3PM":3,"opptFTA":28,"opptFTM":22,"opptORB":11,"opptDRB":28,"opptPTS1":26,"opptPTS2":23,"opptPTS3":18,"opptPTS4":28,"opptPTS5":0,"opptPTS6":0,"opptPTS7":0,"opptPTS8":0}
{"_id":{"$oid":"5cb552f6e0f627212ff3bffe"},"gmDate":"2018/4/8","offLNm3":"Boland","offFNm3":"Matt","teamAbbr":"LAL","teamConf":"West","teamLoc":"Home","teamRslt":"Loss","teamPTS":97,"teamAST":20,"teamTO":14,"teamSTL":8,"teamBLK":4,"teamPF":22,"teamFGA":93,"teamFGM":37,"team2PA":68,"team2PM":32,"team3PA":25,"team3PM":5,"teamFTA":22,"teamFTM":18,"teamORB":12,"teamDRB":32,"teamPTS1":21,"teamPTS2":23,"teamPTS3":23,"teamPTS4":30,"teamPTS5":0,"teamPTS6":0,"teamPTS7":0,"teamPTS8":0,"opptAbbr":"UTA","opptConf":"West","opptLoc":"Away","opptRslt":"Win","opptPTS":112,"opptAST":35,"opptTO":18,"opptSTL":8,"opptBLK":4,"opptPF":24,"opptFGA":83,"opptFGM":42,"oppt2PA":47,"oppt2PM":29,"oppt3PA":36,"oppt3PM":13,"opptFTA":22,"opptFTM":15,"opptORB":7,"opptDRB":38,"opptPTS1":30,"opptPTS2":20,"opptPTS3":32,"opptPTS4":30,"opptPTS5":0,"opptPTS6":0,"opptPTS7":0,"opptPTS8":0}
{"_id":{"$oid":"5cb552f6e0f627212ff3c00f"},"gmDate":"2018/4/10","offLNm3":"Ayotte","offFNm3":"Mark","teamAbbr":"UTA","teamConf":"West","teamLoc":"Home","teamRslt":"Win","teamPTS":119,"teamAST":25,"teamTO":15,"teamSTL":10,"teamBLK":6,"teamPF":20,"teamFGA":90,"teamFGM":48,"team2PA":55,"team2PM":35,"team3PA":35,"team3PM":13,"teamFTA":13,"teamFTM":10,"teamORB":12,"teamDRB":42,"teamPTS1":33,"teamPTS2":29,"teamPTS3":31,"teamPTS4":26,"teamPTS5":0,"teamPTS6":0,"teamPTS7":0,"teamPTS8":0,"opptAbbr":"GS","opptConf":"West","opptLoc":"Away","opptRslt":"Loss","opptPTS":79,"opptAST":14,"opptTO":16,"opptSTL":7,"opptBLK":3,"opptPF":18,"opptFGA":86,"opptFGM":30,"oppt2PA":67,"oppt2PM":25,"oppt3PA":19,"oppt3PM":5,"opptFTA":16,"opptFTM":14,"opptORB":9,"opptDRB":30,"opptPTS1":16,"opptPTS2":17,"opptPTS3":23,"opptPTS4":23,"opptPTS5":0,"opptPTS6":0,"opptPTS7":0,"opptPTS8":0}
{"_id":{"$oid":"5cb552f6e0f627212ff3c01b"},"gmDate":"2018/4/11","offLNm3":"Lewis","offFNm3":"Eric","teamAbbr":"POR","teamConf":"West","teamLoc":"Home","teamRslt":"Win","teamPTS":102,"teamAST":19,"teamTO":10,"teamSTL":9,"teamBLK":9,"teamPF":22,"teamFGA":89,"teamFGM":41,"team2PA":65,"team2PM":32,"team3PA":24,"team3PM":9,"teamFTA":16,"teamFTM":11,"teamORB":7,"teamDRB":39,"teamPTS1":28,"teamPTS2":27,"teamPTS3":25,"teamPTS4":22,"teamPTS5":0,"teamPTS6":0,"teamPTS7":0,"teamPTS8":0,"opptAbbr":"UTA","opptConf":"West","opptLoc":"Away","opptRslt":"Loss","opptPTS":93,"opptAST":18,"opptTO":15,"opptSTL":5,"opptBLK":7,"opptPF":19,"opptFGA":89,"opptFGM":33,"oppt2PA":66,"oppt2PM":25,"oppt3PA":23,"oppt3PM":8,"opptFTA":24,"opptFTM":19,"opptORB":14,"opptDRB":39,"opptPTS1":21,"opptPTS2":20,"opptPTS3":18,"opptPTS4":34,"opptPTS5":0,"opptPTS6":0,"opptPTS7":0,"opptPTS8":0}
