{"_id":{"$oid":"5cb552f6e0f627212ff3bb54"},"gmDate":"2017/10/18","offLNm3":"Zarba","offFNm3":"Zach","teamAbbr":"WAS","teamConf":"East","teamLoc":"Home","teamRslt":"Win","teamPTS":120,"teamAST":21,"teamTO":10,"teamSTL":8,"teamBLK":10,"teamPF":20,"teamFGA":97,"teamFGM":42,"team2PA":75,"team2PM":36,"team3PA":22,"team3PM":6,"teamFTA":38,"teamFTM":30,"teamORB":16,"teamDRB":36,"teamPTS1":32,"teamPTS2":24,"teamPTS3":34,"teamPTS4":30,"teamPTS5":0,"teamPTS6":0,"teamPTS7":0,"teamPTS8":0,"opptAbbr":"PHI","opptConf":"East","opptLoc":"Away","opptRslt":"Loss","opptPTS":115,"opptAST":25,"opptTO":17,"opptSTL":6,"opptBLK":6,"opptPF":28,"opptFGA":94,"opptFGM":43,"oppt2PA":59,"oppt2PM":28,"oppt3PA":35,"oppt3PM":15,"opptFTA":19,"opptFTM":14,"opptORB":11,"opptDRB":37,"opptPTS1":23,"opptPTS2":36,"opptPTS3":23,"opptPTS4":33,"opptPTS5":0,"opptPTS6":0,"opptPTS7":0,"opptPTS8":0}
{"_id":{"$oid":"5cb552f6e0f627212ff3bb63"},"gmDate":"2017/10/20","offLNm3":"Corbin","offFNm3":"Sean","teamAbbr":"WAS","teamConf":"East","teamLoc":"Home","teamRslt":"Win","teamPTS":115,"teamAST":25,"teamTO":17,"teamSTL":12,"teamBLK":7,"teamPF":18,"teamFGA":75,"teamFGM":40,"team2PA":58,"team2PM":34,"team3PA":17,"team3PM":6,"teamFTA":35,"teamFTM":29,"teamORB":7,"teamDRB":30,"teamPTS1":29,"teamPTS2":29,"teamPTS3":33,"teamPTS4":24,"teamPTS5":0,"teamPTS6":0,"teamPTS7":0,"teamPTS8":0,"opptAbbr":"DET","opptConf":"East","opptLoc":"Away","opptRslt":"Loss","opptPTS":111,"opptAST":19,"opptTO":19,"opptSTL":12,"opptBLK":1,"opptPF":31,"opptFGA":87,"opptFGM":43,"oppt2PA":64,"oppt2PM":33,"oppt3PA":23,"oppt3PM":10,"opptFTA":20,"opptFTM":15,"opptORB":10,"opptDRB":23,"opptPTS1":31,"opptPTS2":34,"opptPTS3":16,"opptPTS4":30,"opptPTS5":0,"opptPTS6":0,"opptPTS7":0,"opptPTS8":0}
{"_id":{"$oid":"5cb552f6e0f627212ff3bb7c"},"gmDate":"2017/10/23","offLNm3":"Wall","offFNm3":"Scott","teamAbbr":"DEN","teamConf":"West","teamLoc":"Home","teamRslt":"Loss","teamPTS":104,"teamAST":27,"teamTO":24,"teamSTL":5,"teamBLK":2,"teamPF":22,"teamFGA":80,"teamFGM":39,"team2PA":57,"team2PM":31,"team3PA":23,"team3PM":8,"teamFTA":23,"teamFTM":18,"teamORB":9,"teamDRB":35,"teamPTS1":29,"teamPTS2":26,"teamPTS3":22,"teamPTS4":27,"teamPTS5":0,"teamPTS6":0,"teamPTS7":0,"teamPTS8":0,"opptAbbr":"WAS","opptConf":"East","opptLoc":"Away","opptRslt":"Win","opptPTS":109,"opptAST":24,"opptTO":15,"opptSTL":13,"opptBLK":3,"opptPF":24,"opptFGA":84,"opptFGM":37,"oppt2PA":54,"oppt2PM":28,"oppt3PA":30,"oppt3PM":9,"opptFTA":28,"opptFTM":26,"opptORB":10,"opptDRB":28,"opptPTS1":29,"opptPTS2":27,"opptPTS3":22,"opptPTS4":31,"opptPTS5":0,"opptPTS6":0,"opptPTS7":0,"opptPTS8":0}
{"_id":{"$oid":"5cb552f6e0f627212ff3bb8d"},"gmDate":"2017/10/25","offLNm3":"Adams","offFNm3":"Bennie","teamAbbr":"LAL","teamConf":"West","teamLoc":"Home","teamRslt":"Win","teamPTS":102,"teamAST":27,"teamTO":22,"teamSTL":9,"teamBLK":5,"teamPF":26,"teamFGA":92,"teamFGM":41,"team2PA":62,"team2PM":34,"team3PA":30,"team3PM":7,"teamFTA":16,"teamFTM":13,"teamORB":6,"teamDRB":47,"teamPTS1":23,"teamPTS2":22,"teamPTS3":24,"teamPTS4":23,"teamPTS5":10,"teamPTS6":0,"teamPTS7":0,"teamPTS8":0,"opptAbbr":"WAS","opptConf":"East","opptLoc":"Away","opptRslt":"Loss","opptPTS":99,"opptAST":20,"opptTO":15,"opptSTL":11,"opptBLK":5,"opptPF":19,"opptFGA":95,"opptFGM":39,"oppt2PA":69,"oppt2PM":33,"oppt3PA":26,"oppt3PM":6,"opptFTA":23,"opptFTM":15,"opptORB":7,"opptDRB":38,"opptPTS1":18,"opptPTS2":31,"opptPTS3":30,"opptPTS4":13,"opptPTS5":7,"opptPTS6":0,"opptPTS7":0,"opptPTS8":0}
{"_id":{"$oid":"5cb552f6e0f627212ff3bb98"},"gmDate":"2017/10/27","offLNm3":"Kennedy","offFNm3":"Bill","teamAbbr":"GS","teamConf":"West","teamLoc":"Home","teamRslt":"Win","teamPTS":120,"teamAST":33,"teamTO":18,"teamSTL":7,"teamBLK":13,"teamPF":20,"teamFGA":95,"teamFGM":46,"team2PA":57,"team2PM":36,"team3PA":38,"team3PM":10,"teamFTA":20,"teamFTM":18,"teamORB":15,"teamDRB":38,"teamPTS1":27,"teamPTS2":26,"teamPTS3":34,"teamPTS4":33,"teamPTS5":0,"teamPTS6":0,"teamPTS7":0,"teamPTS8":0,"opptAbbr":"WAS","opptConf":"East","opptLoc":"Away","opptRslt":"Loss","opptPTS":117,"opptAST":30,"opptTO":15,"opptSTL":7,"opptBLK":6,"opptPF":21,"opptFGA":97,"opptFGM":43,"oppt2PA":64,"oppt2PM":28,"oppt3PA":33,"oppt3PM":15,"opptFTA":22,"opptFTM":16,"opptORB":12,"opptDRB":29,"opptPTS1":34,"opptPTS2":33,"opptPTS3":30,"opptPTS4":20,"opptPTS5":0,"opptPTS6":0,"opptPTS7":0,"opptPTS8":0}
{"_id":{"$oid":"5cb552f6e0f627212ff3bba7"},"gmDate":"2017/10/29","offLNm3":"Wood","offFNm3":"Leon","teamAbbr":"SAC","teamConf":"West","teamLoc":"Home","teamRslt":"Loss","teamPTS":83,"teamAST":13,"teamTO":20,"teamSTL":8,"teamBLK":2,"teamPF":20,"teamFGA":82,"teamFGM":32,"team2PA":60,"team2PM":26,"team3PA":22,"team3PM":6,"teamFTA":16,"teamFTM":13,"teamORB":11,"teamDRB":32,"teamPTS1":16,"teamPTS2":16,"teamPTS3":28,"teamPTS4":23,"teamPTS5":0,"teamPTS6":0,"teamPTS7":0,"teamPTS8":0,"opptAbbr":"WAS","opptConf":"East","opptLoc":"Away","opptRslt":"Win","opptPTS":110,"opptAST":28,"opptTO":17,"opptSTL":9,"opptBLK":3,"opptPF":18,"opptFGA":85,"opptFGM":40,"oppt2PA":51,"oppt2PM":23,"oppt3PA":34,"oppt3PM":17,"opptFTA":20,"opptFTM":13,"opptORB":13,"opptDRB":36,"opptPTS1":35,"opptPTS2":28,"opptPTS3":25,"opptPTS4":22,"opptPTS5":0,"opptPTS6":0,"opptPTS7":0,"opptPTS8":0}
{"_id":{"$oid":"5cb552f6e0f627212ff3bbb9"},"gmDate":"2017/11/1","offLNm3":"Collins","offFNm3":"Derrick","teamAbbr":"WAS","teamConf":"East","teamLoc":"Home","teamRslt":"Loss","teamPTS":116,"teamAST":20,"teamTO":12,"teamSTL":5,"teamBLK":4,"teamPF":28,"teamFGA":92,"teamFGM":41,"team2PA":62,"team2PM":31,"team3PA":30,"team3PM":10,"teamFTA":30,"teamFTM":24,"teamORB":15,"teamDRB":30,"teamPTS1":32,"teamPTS2":32,"teamPTS3":26,"teamPTS4":26,"teamPTS5":0,"teamPTS6":0,"teamPTS7":0,"teamPTS8":0,"opptAbbr":"PHO","opptConf":"West","opptLoc":"Away","opptRslt":"Win","opptPTS":122,"opptAST":23,"opptTO":10,"opptSTL":5,"opptBLK":5,"opptPF":24,"opptFGA":83,"opptFGM":41,"oppt2PA":59,"oppt2PM":32,"oppt3PA":24,"oppt3PM":9,"opptFTA":38,"opptFTM":31,"opptORB":11,"opptDRB":34,"opptPTS1":15,"opptPTS2":37,"opptPTS3":35,"opptPTS4":35,"opptPTS5":0,"opptPTS6":0,"opptPTS7":0,"opptPTS8":0}
{"_id":{"$oid":"5cb552f6e0f627212ff3bbc7"},"gmDate":"2017/11/3","offLNm3":"Kennedy","offFNm3":"Bill","teamAbbr":"WAS","teamConf":"East","teamLoc":"Home","teamRslt":"Loss","teamPTS":122,"teamAST":25,"teamTO":16,"teamSTL":5,"teamBLK":2,"teamPF":24,"teamFGA":84,"teamFGM":45,"team2PA":56,"team2PM":34,"team3PA":28,"team3PM":11,"teamFTA":31,"teamFTM":21,"teamORB":9,"teamDRB":28,"teamPTS1":36,"teamPTS2":30,"teamPTS3":27,"teamPTS4":29,"teamPTS5":0,"teamPTS6":0,"teamPTS7":0,"teamPTS8":0,"opptAbbr":"CLE","opptConf":"East","opptLoc":"Away","opptRslt":"Win","opptPTS":130,"opptAST":20,"opptTO":15,"opptSTL":11,"opptBLK":4,"opptPF":27,"opptFGA":82,"opptFGM":46,"oppt2PA":55,"oppt2PM":34,"oppt3PA":27,"oppt3PM":12,"opptFTA":28,"opptFTM":26,"opptORB":8,"opptDRB":26,"opptPTS1":42,"opptPTS2":32,"opptPTS3":30,"opptPTS4":26,"opptPTS5":0,"opptPTS6":0,"opptPTS7":0,"opptPTS8":0}
{"_id":{"$oid":"5cb552f6e0f627212ff3bbd8"},"gmDate":"2017/11/5","offLNm3":"DeRosa","offFNm3":"Joe","teamAbbr":"TOR","teamConf":"East","teamLoc":"Home","teamRslt":"Loss","teamPTS":96,"teamAST":17,"teamTO":13,"teamSTL":7,"teamBLK":8,"teamPF":24,"teamFGA":80,"teamFGM":37,"team2PA":56,"team2PM":32,"team3PA":24,"team3PM":5,"teamFTA":27,"teamFTM":17,"teamORB":9,"teamDRB":27,"teamPTS1":17,"teamPTS2":29,"teamPTS3":30,"teamPTS4":20,"teamPTS5":0,"teamPTS6":0,"teamPTS7":0,"teamPTS8":0,"opptAbbr":"WAS","opptConf":"East","opptLoc":"Away","opptRslt":"Win","opptPTS":107,"opptAST":19,"opptTO":17,"opptSTL":9,"opptBLK":3,"opptPF":26,"opptFGA":85,"opptFGM":40,"oppt2PA":62,"oppt2PM":29,"oppt3PA":23,"oppt3PM":11,"opptFTA":23,"opptFTM":16,"opptORB":11,"opptDRB":35,"opptPTS1":32,"opptPTS2":30,"opptPTS3":22,"opptPTS4":23,"opptPTS5":0,"opptPTS6":0,"opptPTS7":0,"opptPTS8":0}
{"_id":{"$oid":"5cb552f6e0f627212ff3bbe4"},"gmDate":"2017/11/7","offLNm3":"Richardson","offFNm3":"Leroy","teamAbbr":"WAS","teamConf":"East","teamLoc":"Home","teamRslt":"Loss","teamPTS":99,"teamAST":21,"teamTO":15,"teamSTL":5,"teamBLK":5,"teamPF":19,"teamFGA":75,"teamFGM":32,"team2PA":50,"team2PM":22,"team3PA":25,"team3PM":10,"teamFTA":32,"teamFTM":25,"teamORB":3,"teamDRB":36,"teamPTS1":34,"teamPTS2":19,"teamPTS3":23,"teamPTS4":23,"teamPTS5":0,"teamPTS6":0,"teamPTS7":0,"teamPTS8":0,"opptAbbr":"DAL","opptConf":"West","opptLoc":"Away","opptRslt":"Win","opptPTS":113,"opptAST":26,"opptTO":12,"opptSTL":6,"opptBLK":8,"opptPF":23,"opptFGA":91,"opptFGM":43,"oppt2PA":61,"oppt2PM":32,"oppt3PA":30,"oppt3PM":11,"opptFTA":20,"opptFTM":16,"opptORB":11,"opptDRB":42,"opptPTS1":36,"opptPTS2":28,"opptPTS3":26,"opptPTS4":23,"opptPTS5":0,"opptPTS6":0,"opptPTS7":0,"opptPTS8":0}
{"_id":{"$oid":"5cb552f6e0f627212ff3bbf1"},"gmDate":"2017/11/9","offLNm3":"Stafford","offFNm3":"Derrick","teamAbbr":"WAS","teamConf":"East","teamLoc":"Home","teamRslt":"Win","teamPTS":111,"teamAST":20,"teamTO":22,"teamSTL":7,"teamBLK":4,"teamPF":31,"teamFGA":83,"teamFGM":43,"team2PA":62,"team2PM":36,"team3PA":21,"team3PM":7,"teamFTA":20,"teamFTM":18,"teamORB":7,"teamDRB":38,"teamPTS1":37,"teamPTS2":32,"teamPTS3":22,"teamPTS4":20,"teamPTS5":0,"teamPTS6":0,"teamPTS7":0,"teamPTS8":0,"opptAbbr":"LAL","opptConf":"West","opptLoc":"Away","opptRslt":"Loss","opptPTS":95,"opptAST":17,"opptTO":19,"opptSTL":9,"opptBLK":4,"opptPF":19,"opptFGA":86,"opptFGM":31,"oppt2PA":63,"oppt2PM":28,"oppt3PA":23,"oppt3PM":3,"opptFTA":41,"opptFTM":30,"opptORB":17,"opptDRB":29,"opptPTS1":34,"opptPTS2":22,"opptPTS3":21,"opptPTS4":18,"opptPTS5":0,"opptPTS6":0,"opptPTS7":0,"opptPTS8":0}
{"_id":{"$oid":"5cb552f6e0f627212ff3bbff"},"gmDate":"2017/11/11","offLNm3":"Sterling","offFNm3":"Jonathan","teamAbbr":"WAS","teamConf":"East","teamLoc":"Home","teamRslt":"Win","teamPTS":113,"teamAST":22,"teamTO":23,"teamSTL":14,"teamBLK":10,"teamPF":22,"teamFGA":78,"teamFGM":42,"team2PA":54,"team2PM":35,"team3PA":24,"team3PM":7,"teamFTA":28,"teamFTM":22,"teamORB":11,"teamDRB":31,"teamPTS1":20,"teamPTS2":29,"teamPTS3":27,"teamPTS4":37,"teamPTS5":0,"teamPTS6":0,"teamPTS7":0,"teamPTS8":0,"opptAbbr":"ATL","opptConf":"East","opptLoc":"Away","opptRslt":"Loss","opptPTS":94,"opptAST":19,"opptTO":24,"opptSTL":11,"opptBLK":1,"opptPF":23,"opptFGA":83,"opptFGM":34,"oppt2PA":50,"oppt2PM":20,"oppt3PA":33,"oppt3PM":14,"opptFTA":17,"opptFTM":12,"opptORB":10,"opptDRB":22,"opptPTS1":19,"opptPTS2":23,"opptPTS3":25,"opptPTS4":27,"opptPTS5":0,"opptPTS6":0,"opptPTS7":0,"opptPTS8":0}
{"_id":{"$oid":"5cb552f6e0f627212ff3bc0d"},"gmDate":"2017/11/13","offLNm3":"Ayotte","offFNm3":"Mark","teamAbbr":"WAS","teamConf":"East","teamLoc":"Home","teamRslt":"Win","teamPTS":110,"teamAST":30,"teamTO":12,"teamSTL":7,"teamBLK":1,"teamPF":21,"teamFGA":85,"teamFGM":44,"team2PA":51,"team2PM":33,"team3PA":34,"team3PM":11,"teamFTA":12,"teamFTM":11,"teamORB":10,"teamDRB":40,"teamPTS1":25,"teamPTS2":32,"teamPTS3":29,"teamPTS4":24,"teamPTS5":0,"teamPTS6":0,"teamPTS7":0,"teamPTS8":0,"opptAbbr":"SAC","opptConf":"West","opptLoc":"Away","opptRslt":"Loss","opptPTS":92,"opptAST":19,"opptTO":10,"opptSTL":9,"opptBLK":3,"opptPF":15,"opptFGA":84,"opptFGM":34,"oppt2PA":61,"oppt2PM":22,"oppt3PA":23,"oppt3PM":12,"opptFTA":18,"opptFTM":12,"opptORB":10,"opptDRB":24,"opptPTS1":32,"opptPTS2":19,"opptPTS3":20,"opptPTS4":21,"opptPTS5":0,"opptPTS6":0,"opptPTS7":0,"opptPTS8":0}
{"_id":{"$oid":"5cb552f6e0f627212ff3bc1a"},"gmDate":"2017/11/15","offLNm3":"Wood","offFNm3":"Leon","teamAbbr":"MIA","teamConf":"East","teamLoc":"Home","teamRslt":"Loss","teamPTS":93,"teamAST":15,"teamTO":17,"teamSTL":3,"teamBLK":3,"teamPF":20,"teamFGA":78,"teamFGM":32,"team2PA":48,"team2PM":19,"team3PA":30,"team3PM":13,"teamFTA":19,"teamFTM":16,"teamORB":12,"teamDRB":30,"teamPTS1":19,"teamPTS2":30,"teamPTS3":25,"teamPTS4":19,"teamPTS5":0,"teamPTS6":0,"teamPTS7":0,"teamPTS8":0,"opptAbbr":"WAS","opptConf":"East","opptLoc":"Away","opptRslt":"Win","opptPTS":102,"opptAST":9,"opptTO":12,"opptSTL":8,"opptBLK":2,"opptPF":19,"opptFGA":78,"opptFGM":32,"oppt2PA":59,"oppt2PM":23,"oppt3PA":19,"oppt3PM":9,"opptFTA":31,"opptFTM":29,"opptORB":11,"opptDRB":29,"opptPTS1":30,"opptPTS2":31,"opptPTS3":10,"opptPTS4":31,"opptPTS5":0,"opptPTS6":0,"opptPTS7":0,"opptPTS8":0}
{"_id":{"$oid":"5cb552f6e0f627212ff3bc27"},"gmDate":"2017/11/17","offLNm3":"Van Duyne","offFNm3":"Justin","teamAbbr":"WAS","teamConf":"East","teamLoc":"Home","teamRslt":"Loss","teamPTS":88,"teamAST":18,"teamTO":12,"teamSTL":4,"teamBLK":4,"teamPF":17,"teamFGA":84,"teamFGM":32,"team2PA":49,"team2PM":22,"team3PA":35,"team3PM":10,"teamFTA":16,"teamFTM":14,"teamORB":7,"teamDRB":39,"teamPTS1":17,"teamPTS2":12,"teamPTS3":28,"teamPTS4":31,"teamPTS5":0,"teamPTS6":0,"teamPTS7":0,"teamPTS8":0,"opptAbbr":"MIA","opptConf":"East","opptLoc":"Away","opptRslt":"Win","opptPTS":91,"opptAST":21,"opptTO":15,"opptSTL":6,"opptBLK":7,"opptPF":19,"opptFGA":83,"opptFGM":34,"oppt2PA":48,"oppt2PM":24,"oppt3PA":35,"oppt3PM":10,"opptFTA":18,"opptFTM":13,"opptORB":10,"opptDRB":42,"opptPTS1":26,"opptPTS2":24,"opptPTS3":16,"opptPTS4":25,"opptPTS5":0,"opptPTS6":0,"opptPTS7":0,"opptPTS8":0}
{"_id":{"$oid":"5cb552f6e0f627212ff3bc39"},"gmDate":"2017/11/19","offLNm3":"Malloy","offFNm3":"Ed","teamAbbr":"TOR","teamConf":"East","teamLoc":"Home","teamRslt":"Win","teamPTS":100,"teamAST":20,"teamTO":8,"teamSTL":8,"teamBLK":7,"teamPF":19,"teamFGA":90,"teamFGM":40,"team2PA":51,"team2PM":30,"team3PA":39,"team3PM":10,"teamFTA":14,"teamFTM":10,"teamORB":11,"teamDRB":37,"teamPTS1":28,"teamPTS2":32,"teamPTS3":19,"teamPTS4":21,"teamPTS5":0,"teamPTS6":0,"teamPTS7":0,"teamPTS8":0,"opptAbbr":"WAS","opptConf":"East","opptLoc":"Away","opptRslt":"Loss","opptPTS":91,"opptAST":20,"opptTO":14,"opptSTL":5,"opptBLK":3,"opptPF":12,"opptFGA":81,"opptFGM":34,"oppt2PA":62,"oppt2PM":23,"oppt3PA":19,"oppt3PM":11,"opptFTA":21,"opptFTM":12,"opptORB":8,"opptDRB":35,"opptPTS1":28,"opptPTS2":27,"opptPTS3":21,"opptPTS4":15,"opptPTS5":0,"opptPTS6":0,"opptPTS7":0,"opptPTS8":0}
{"_id":{"$oid":"5cb552f6e0f627212ff3bc45"},"gmDate":"2017/11/20","offLNm3":"Smith","offFNm3":"Michael","teamAbbr":"MIL","teamConf":"East","teamLoc":"Home","teamRslt":"Loss","teamPTS":88,"teamAST":17,"teamTO":10,"teamSTL":10,"teamBLK":7,"teamPF":19,"teamFGA":79,"teamFGM":35,"team2PA":57,"team2PM":31,"team3PA":22,"team3PM":4,"teamFTA":19,"teamFTM":14,"teamORB":6,"teamDRB":27,"teamPTS1":19,"teamPTS2":27,"teamPTS3":20,"teamPTS4":22,"teamPTS5":0,"teamPTS6":0,"teamPTS7":0,"teamPTS8":0,"opptAbbr":"WAS","opptConf":"East","opptLoc":"Away","opptRslt":"Win","opptPTS":99,"opptAST":23,"opptTO":18,"opptSTL":4,"opptBLK":1,"opptPF":18,"opptFGA":74,"opptFGM":39,"oppt2PA":50,"oppt2PM":30,"oppt3PA":24,"oppt3PM":9,"opptFTA":17,"opptFTM":12,"opptORB":8,"opptDRB":38,"opptPTS1":27,"opptPTS2":20,"opptPTS3":26,"opptPTS4":26,"opptPTS5":0,"opptPTS6":0,"opptPTS7":0,"opptPTS8":0}
{"_id":{"$oid":"5cb552f6e0f627212ff3bc4a"},"gmDate":"2017/11/22","offLNm3":"Capers","offFNm3":"James","teamAbbr":"CHA","teamConf":"East","teamLoc":"Home","teamRslt":"Win","teamPTS":129,"teamAST":23,"teamTO":12,"teamSTL":5,"teamBLK":5,"teamPF":20,"teamFGA":91,"teamFGM":43,"team2PA":63,"team2PM":33,"team3PA":28,"team3PM":10,"teamFTA":40,"teamFTM":33,"teamORB":14,"teamDRB":34,"teamPTS1":25,"teamPTS2":30,"teamPTS3":29,"teamPTS4":30,"teamPTS5":15,"teamPTS6":0,"teamPTS7":0,"teamPTS8":0,"opptAbbr":"WAS","opptConf":"East","opptLoc":"Away","opptRslt":"Loss","opptPTS":124,"opptAST":25,"opptTO":13,"opptSTL":4,"opptBLK":6,"opptPF":29,"opptFGA":99,"opptFGM":48,"oppt2PA":66,"oppt2PM":37,"oppt3PA":33,"oppt3PM":11,"opptFTA":22,"opptFTM":17,"opptORB":9,"opptDRB":34,"opptPTS1":26,"opptPTS2":33,"opptPTS3":29,"opptPTS4":26,"opptPTS5":10,"opptPTS6":0,"opptPTS7":0,"opptPTS8":0}
{"_id":{"$oid":"5cb552f6e0f627212ff3bc64"},"gmDate":"2017/11/25","offLNm3":"Lewis","offFNm3":"Eric","teamAbbr":"WAS","teamConf":"East","teamLoc":"Home","teamRslt":"Loss","teamPTS":105,"teamAST":20,"teamTO":11,"teamSTL":9,"teamBLK":4,"teamPF":17,"teamFGA":89,"teamFGM":41,"team2PA":66,"team2PM":33,"team3PA":23,"team3PM":8,"teamFTA":16,"teamFTM":15,"teamORB":7,"teamDRB":30,"teamPTS1":30,"teamPTS2":22,"teamPTS3":31,"teamPTS4":22,"teamPTS5":0,"teamPTS6":0,"teamPTS7":0,"teamPTS8":0,"opptAbbr":"POR","opptConf":"West","opptLoc":"Away","opptRslt":"Win","opptPTS":108,"opptAST":18,"opptTO":16,"opptSTL":3,"opptBLK":6,"opptPF":16,"opptFGA":80,"opptFGM":41,"oppt2PA":56,"oppt2PM":32,"oppt3PA":24,"oppt3PM":9,"opptFTA":22,"opptFTM":17,"opptORB":6,"opptDRB":35,"opptPTS1":27,"opptPTS2":14,"opptPTS3":32,"opptPTS4":35,"opptPTS5":0,"opptPTS6":0,"opptPTS7":0,"opptPTS8":0}
{"_id":{"$oid":"5cb552f6e0f627212ff3bc79"},"gmDate":"2017/11/28","offLNm3":"Sterling","offFNm3":"Jonathan","teamAbbr":"MIN","teamConf":"West","teamLoc":"Home","teamRslt":"Loss","teamPTS":89,"teamAST":27,"teamTO":10,"teamSTL":3,"teamBLK":1,"teamPF":17,"teamFGA":85,"teamFGM":35,"team2PA":55,"team2PM":25,"team3PA":30,"team3PM":10,"teamFTA":14,"teamFTM":9,"teamORB":13,"teamDRB":36,"teamPTS1":30,"teamPTS2":21,"teamPTS3":20,"teamPTS4":18,"teamPTS5":0,"teamPTS6":0,"teamPTS7":0,"teamPTS8":0,"opptAbbr":"WAS","opptConf":"East","opptLoc":"Away","opptRslt":"Win","opptPTS":92,"opptAST":23,"opptTO":7,"opptSTL":5,"opptBLK":4,"opptPF":16,"opptFGA":83,"opptFGM":36,"oppt2PA":55,"oppt2PM":26,"oppt3PA":28,"oppt3PM":10,"opptFTA":17,"opptFTM":10,"opptORB":9,"opptDRB":35,"opptPTS1":23,"opptPTS2":20,"opptPTS3":25,"opptPTS4":24,"opptPTS5":0,"opptPTS6":0,"opptPTS7":0,"opptPTS8":0}
{"_id":{"$oid":"5cb552f6e0f627212ff3bc7e"},"gmDate":"2017/11/29","offLNm3":"Spooner","offFNm3":"Bill","teamAbbr":"PHI","teamConf":"East","teamLoc":"Home","teamRslt":"Win","teamPTS":118,"teamAST":23,"teamTO":17,"teamSTL":6,"teamBLK":8,"teamPF":27,"teamFGA":81,"teamFGM":37,"team2PA":63,"team2PM":34,"team3PA":18,"team3PM":3,"teamFTA":64,"teamFTM":41,"teamORB":21,"teamDRB":43,"teamPTS1":28,"teamPTS2":30,"teamPTS3":26,"teamPTS4":34,"teamPTS5":0,"teamPTS6":0,"teamPTS7":0,"teamPTS8":0,"opptAbbr":"WAS","opptConf":"East","opptLoc":"Away","opptRslt":"Loss","opptPTS":113,"opptAST":22,"opptTO":12,"opptSTL":8,"opptBLK":4,"opptPF":42,"opptFGA":89,"opptFGM":36,"oppt2PA":67,"oppt2PM":27,"oppt3PA":22,"oppt3PM":9,"opptFTA":37,"opptFTM":32,"opptORB":7,"opptDRB":28,"opptPTS1":18,"opptPTS2":22,"opptPTS3":25,"opptPTS4":48,"opptPTS5":0,"opptPTS6":0,"opptPTS7":0,"opptPTS8":0}
{"_id":{"$oid":"5cb552f6e0f627212ff3bc8c"},"gmDate":"2017/12/1","offLNm3":"Ayotte","offFNm3":"Mark","teamAbbr":"WAS","teamConf":"East","teamLoc":"Home","teamRslt":"Win","teamPTS":109,"teamAST":28,"teamTO":11,"teamSTL":12,"teamBLK":6,"teamPF":20,"teamFGA":89,"teamFGM":43,"team2PA":68,"team2PM":36,"team3PA":21,"team3PM":7,"teamFTA":19,"teamFTM":16,"teamORB":16,"teamDRB":33,"teamPTS1":26,"teamPTS2":20,"teamPTS3":35,"teamPTS4":28,"teamPTS5":0,"teamPTS6":0,"teamPTS7":0,"teamPTS8":0,"opptAbbr":"DET","opptConf":"East","opptLoc":"Away","opptRslt":"Loss","opptPTS":91,"opptAST":20,"opptTO":15,"opptSTL":7,"opptBLK":5,"opptPF":21,"opptFGA":79,"opptFGM":35,"oppt2PA":49,"oppt2PM":26,"oppt3PA":30,"oppt3PM":9,"opptFTA":19,"opptFTM":12,"opptORB":4,"opptDRB":28,"opptPTS1":26,"opptPTS2":26,"opptPTS3":15,"opptPTS4":24,"opptPTS5":0,"opptPTS6":0,"opptPTS7":0,"opptPTS8":0}
{"_id":{"$oid":"5cb552f6e0f627212ff3bcaa"},"gmDate":"2017/12/4","offLNm3":"Davis","offFNm3":"Marc","teamAbbr":"UTA","teamConf":"West","teamLoc":"Home","teamRslt":"Win","teamPTS":116,"teamAST":29,"teamTO":16,"teamSTL":9,"teamBLK":3,"teamPF":20,"teamFGA":76,"teamFGM":43,"team2PA":42,"team2PM":27,"team3PA":34,"team3PM":16,"teamFTA":18,"teamFTM":14,"teamORB":10,"teamDRB":42,"teamPTS1":29,"teamPTS2":35,"teamPTS3":24,"teamPTS4":28,"teamPTS5":0,"teamPTS6":0,"teamPTS7":0,"teamPTS8":0,"opptAbbr":"WAS","opptConf":"East","opptLoc":"Away","opptRslt":"Loss","opptPTS":69,"opptAST":9,"opptTO":13,"opptSTL":8,"opptBLK":2,"opptPF":21,"opptFGA":80,"opptFGM":23,"oppt2PA":60,"oppt2PM":19,"oppt3PA":20,"oppt3PM":4,"opptFTA":23,"opptFTM":19,"opptORB":12,"opptDRB":19,"opptPTS1":15,"opptPTS2":15,"opptPTS3":22,"opptPTS4":17,"opptPTS5":0,"opptPTS6":0,"opptPTS7":0,"opptPTS8":0}
{"_id":{"$oid":"5cb552f6e0f627212ff3bcad"},"gmDate":"2017/12/5","offLNm3":"McCutchen","offFNm3":"Monty","teamAbbr":"POR","teamConf":"West","teamLoc":"Home","teamRslt":"Loss","teamPTS":92,"teamAST":18,"teamTO":19,"teamSTL":2,"teamBLK":5,"teamPF":20,"teamFGA":78,"teamFGM":32,"team2PA":51,"team2PM":20,"team3PA":27,"team3PM":12,"teamFTA":21,"teamFTM":16,"teamORB":7,"teamDRB":34,"teamPTS1":22,"teamPTS2":15,"teamPTS3":29,"teamPTS4":26,"teamPTS5":0,"teamPTS6":0,"teamPTS7":0,"teamPTS8":0,"opptAbbr":"WAS","opptConf":"East","opptLoc":"Away","opptRslt":"Win","opptPTS":106,"opptAST":20,"opptTO":10,"opptSTL":16,"opptBLK":6,"opptPF":22,"opptFGA":89,"opptFGM":42,"oppt2PA":64,"oppt2PM":31,"oppt3PA":25,"oppt3PM":11,"opptFTA":14,"opptFTM":11,"opptORB":11,"opptDRB":33,"opptPTS1":24,"opptPTS2":27,"opptPTS3":28,"opptPTS4":27,"opptPTS5":0,"opptPTS6":0,"opptPTS7":0,"opptPTS8":0}
{"_id":{"$oid":"5cb552f6e0f627212ff3bcb9"},"gmDate":"2017/12/7","offLNm3":"Zarba","offFNm3":"Zach","teamAbbr":"PHO","teamConf":"West","teamLoc":"Home","teamRslt":"Loss","teamPTS":99,"teamAST":22,"teamTO":14,"teamSTL":5,"teamBLK":5,"teamPF":21,"teamFGA":78,"teamFGM":36,"team2PA":55,"team2PM":29,"team3PA":23,"team3PM":7,"teamFTA":28,"teamFTM":20,"teamORB":10,"teamDRB":32,"teamPTS1":28,"teamPTS2":24,"teamPTS3":32,"teamPTS4":15,"teamPTS5":0,"teamPTS6":0,"teamPTS7":0,"teamPTS8":0,"opptAbbr":"WAS","opptConf":"East","opptLoc":"Away","opptRslt":"Win","opptPTS":109,"opptAST":25,"opptTO":11,"opptSTL":6,"opptBLK":4,"opptPF":23,"opptFGA":81,"opptFGM":41,"oppt2PA":60,"oppt2PM":33,"oppt3PA":21,"oppt3PM":8,"opptFTA":25,"opptFTM":19,"opptORB":8,"opptDRB":30,"opptPTS1":26,"opptPTS2":31,"opptPTS3":28,"opptPTS4":24,"opptPTS5":0,"opptPTS6":0,"opptPTS7":0,"opptPTS8":0}
{"_id":{"$oid":"5cb552f6e0f627212ff3bcc4"},"gmDate":"2017/12/9","offLNm3":"Spooner","offFNm3":"Bill","teamAbbr":"LAC","teamConf":"West","teamLoc":"Home","teamRslt":"Win","teamPTS":113,"teamAST":22,"teamTO":10,"teamSTL":8,"teamBLK":4,"teamPF":19,"teamFGA":80,"teamFGM":39,"team2PA":48,"team2PM":25,"team3PA":32,"team3PM":14,"teamFTA":24,"teamFTM":21,"teamORB":4,"teamDRB":29,"teamPTS1":30,"teamPTS2":32,"teamPTS3":23,"teamPTS4":28,"teamPTS5":0,"teamPTS6":0,"teamPTS7":0,"teamPTS8":0,"opptAbbr":"WAS","opptConf":"East","opptLoc":"Away","opptRslt":"Loss","opptPTS":112,"opptAST":33,"opptTO":14,"opptSTL":5,"opptBLK":2,"opptPF":18,"opptFGA":82,"opptFGM":42,"oppt2PA":50,"oppt2PM":29,"oppt3PA":32,"oppt3PM":13,"opptFTA":23,"opptFTM":15,"opptORB":9,"opptDRB":35,"opptPTS1":27,"opptPTS2":22,"opptPTS3":32,"opptPTS4":31,"opptPTS5":0,"opptPTS6":0,"opptPTS7":0,"opptPTS8":0}
{"_id":{"$oid":"5cb552f6e0f627212ff3bcdd"},"gmDate":"2017/12/12","offLNm3":"Richardson","offFNm3":"Derek","teamAbbr":"BKN","teamConf":"East","teamLoc":"Home","teamRslt":"Win","teamPTS":103,"teamAST":26,"teamTO":14,"teamSTL":4,"teamBLK":6,"teamPF":21,"teamFGA":84,"teamFGM":34,"team2PA":41,"team2PM":24,"team3PA":43,"team3PM":10,"teamFTA":33,"teamFTM":25,"teamORB":9,"teamDRB":44,"teamPTS1":30,"teamPTS2":21,"teamPTS3":28,"teamPTS4":24,"teamPTS5":0,"teamPTS6":0,"teamPTS7":0,"teamPTS8":0,"opptAbbr":"WAS","opptConf":"East","opptLoc":"Away","opptRslt":"Loss","opptPTS":98,"opptAST":18,"opptTO":11,"opptSTL":8,"opptBLK":3,"opptPF":26,"opptFGA":95,"opptFGM":38,"oppt2PA":73,"oppt2PM":34,"oppt3PA":22,"oppt3PM":4,"opptFTA":22,"opptFTM":18,"opptORB":12,"opptDRB":37,"opptPTS1":22,"opptPTS2":29,"opptPTS3":27,"opptPTS4":20,"opptPTS5":0,"opptPTS6":0,"opptPTS7":0,"opptPTS8":0}
{"_id":{"$oid":"5cb552f6e0f627212ff3bce3"},"gmDate":"2017/12/13","offLNm3":"Garretson","offFNm3":"Ron","teamAbbr":"WAS","teamConf":"East","teamLoc":"Home","teamRslt":"Win","teamPTS":93,"teamAST":21,"teamTO":15,"teamSTL":7,"teamBLK":8,"teamPF":22,"teamFGA":77,"teamFGM":36,"team2PA":55,"team2PM":27,"team3PA":22,"team3PM":9,"teamFTA":24,"teamFTM":12,"teamORB":6,"teamDRB":38,"teamPTS1":22,"teamPTS2":19,"teamPTS3":19,"teamPTS4":33,"teamPTS5":0,"teamPTS6":0,"teamPTS7":0,"teamPTS8":0,"opptAbbr":"MEM","opptConf":"West","opptLoc":"Away","opptRslt":"Loss","opptPTS":87,"opptAST":18,"opptTO":18,"opptSTL":6,"opptBLK":2,"opptPF":23,"opptFGA":81,"opptFGM":31,"oppt2PA":53,"oppt2PM":21,"oppt3PA":28,"oppt3PM":10,"opptFTA":16,"opptFTM":15,"opptORB":10,"opptDRB":37,"opptPTS1":12,"opptPTS2":17,"opptPTS3":28,"opptPTS4":30,"opptPTS5":0,"opptPTS6":0,"opptPTS7":0,"opptPTS8":0}
{"_id":{"$oid":"5cb552f6e0f627212ff3bcf3"},"gmDate":"2017/12/15","offLNm3":"Wall","offFNm3":"Scott","teamAbbr":"WAS","teamConf":"East","teamLoc":"Home","teamRslt":"Win","teamPTS":100,"teamAST":21,"teamTO":19,"teamSTL":13,"teamBLK":7,"teamPF":26,"teamFGA":88,"teamFGM":39,"team2PA":57,"team2PM":32,"team3PA":31,"team3PM":7,"teamFTA":23,"teamFTM":15,"teamORB":11,"teamDRB":38,"teamPTS1":25,"teamPTS2":23,"teamPTS3":27,"teamPTS4":25,"teamPTS5":0,"teamPTS6":0,"teamPTS7":0,"teamPTS8":0,"opptAbbr":"LAC","opptConf":"West","opptLoc":"Away","opptRslt":"Loss","opptPTS":91,"opptAST":17,"opptTO":21,"opptSTL":12,"opptBLK":6,"opptPF":20,"opptFGA":85,"opptFGM":33,"oppt2PA":61,"oppt2PM":26,"oppt3PA":24,"oppt3PM":7,"opptFTA":29,"opptFTM":18,"opptORB":12,"opptDRB":35,"opptPTS1":18,"opptPTS2":25,"opptPTS3":21,"opptPTS4":27,"opptPTS5":0,"opptPTS6":0,"opptPTS7":0,"opptPTS8":0}
{"_id":{"$oid":"5cb552f6e0f627212ff3bd05"},"gmDate":"2017/12/17","offLNm3":"Callahan","offFNm3":"Mike","teamAbbr":"WAS","teamConf":"East","teamLoc":"Home","teamRslt":"Loss","teamPTS":99,"teamAST":20,"teamTO":10,"teamSTL":4,"teamBLK":5,"teamPF":18,"teamFGA":91,"teamFGM":39,"team2PA":58,"team2PM":27,"team3PA":33,"team3PM":12,"teamFTA":16,"teamFTM":9,"teamORB":13,"teamDRB":38,"teamPTS1":23,"teamPTS2":37,"teamPTS3":23,"teamPTS4":16,"teamPTS5":0,"teamPTS6":0,"teamPTS7":0,"teamPTS8":0,"opptAbbr":"CLE","opptConf":"East","opptLoc":"Away","opptRslt":"Win","opptPTS":106,"opptAST":24,"opptTO":10,"opptSTL":6,"opptBLK":4,"opptPF":16,"opptFGA":87,"opptFGM":41,"oppt2PA":53,"oppt2PM":27,"oppt3PA":34,"oppt3PM":14,"opptFTA":12,"opptFTM":10,"opptORB":4,"opptDRB":38,"opptPTS1":27,"opptPTS2":33,"opptPTS3":23,"opptPTS4":23,"opptPTS5":0,"opptPTS6":0,"opptPTS7":0,"opptPTS8":0}
{"_id":{"$oid":"5cb552f6e0f627212ff3bd11"},"gmDate":"2017/12/19","offLNm3":"Sterling","offFNm3":"Jonathan","teamAbbr":"WAS","teamConf":"East","teamLoc":"Home","teamRslt":"Win","teamPTS":116,"teamAST":29,"teamTO":16,"teamSTL":8,"teamBLK":3,"teamPF":31,"teamFGA":92,"teamFGM":46,"team2PA":57,"team2PM":32,"team3PA":35,"team3PM":14,"teamFTA":14,"teamFTM":10,"teamORB":10,"teamDRB":34,"teamPTS1":36,"teamPTS2":25,"teamPTS3":32,"teamPTS4":23,"teamPTS5":0,"teamPTS6":0,"teamPTS7":0,"teamPTS8":0,"opptAbbr":"NO","opptConf":"West","opptLoc":"Away","opptRslt":"Loss","opptPTS":106,"opptAST":20,"opptTO":16,"opptSTL":7,"opptBLK":1,"opptPF":16,"opptFGA":80,"opptFGM":34,"oppt2PA":60,"oppt2PM":29,"oppt3PA":20,"oppt3PM":5,"opptFTA":40,"opptFTM":33,"opptORB":11,"opptDRB":31,"opptPTS1":19,"opptPTS2":36,"opptPTS3":15,"opptPTS4":36,"opptPTS5":0,"opptPTS6":0,"opptPTS7":0,"opptPTS8":0}
{"_id":{"$oid":"5cb552f6e0f627212ff3bd26"},"gmDate":"2017/12/22","offLNm3":"Petraitis","offFNm3":"Gediminas","teamAbbr":"BKN","teamConf":"East","teamLoc":"Home","teamRslt":"Win","teamPTS":119,"teamAST":29,"teamTO":18,"teamSTL":4,"teamBLK":4,"teamPF":17,"teamFGA":88,"teamFGM":44,"team2PA":47,"team2PM":30,"team3PA":41,"team3PM":14,"teamFTA":21,"teamFTM":17,"teamORB":13,"teamDRB":47,"teamPTS1":26,"teamPTS2":27,"teamPTS3":35,"teamPTS4":31,"teamPTS5":0,"teamPTS6":0,"teamPTS7":0,"teamPTS8":0,"opptAbbr":"WAS","opptConf":"East","opptLoc":"Away","opptRslt":"Loss","opptPTS":84,"opptAST":22,"opptTO":7,"opptSTL":7,"opptBLK":1,"opptPF":18,"opptFGA":93,"opptFGM":34,"oppt2PA":73,"oppt2PM":29,"oppt3PA":20,"oppt3PM":5,"opptFTA":15,"opptFTM":11,"opptORB":7,"opptDRB":28,"opptPTS1":23,"opptPTS2":20,"opptPTS3":18,"opptPTS4":23,"opptPTS5":0,"opptPTS6":0,"opptPTS7":0,"opptPTS8":0}
{"_id":{"$oid":"5cb552f6e0f627212ff3bd30"},"gmDate":"2017/12/23","offLNm3":"Washington","offFNm3":"C.J.","teamAbbr":"WAS","teamConf":"East","teamLoc":"Home","teamRslt":"Win","teamPTS":130,"teamAST":29,"teamTO":17,"teamSTL":5,"teamBLK":2,"teamPF":18,"teamFGA":86,"teamFGM":47,"team2PA":56,"team2PM":31,"team3PA":30,"team3PM":16,"teamFTA":23,"teamFTM":20,"teamORB":12,"teamDRB":37,"teamPTS1":37,"teamPTS2":35,"teamPTS3":28,"teamPTS4":30,"teamPTS5":0,"teamPTS6":0,"teamPTS7":0,"teamPTS8":0,"opptAbbr":"ORL","opptConf":"East","opptLoc":"Away","opptRslt":"Loss","opptPTS":103,"opptAST":17,"opptTO":12,"opptSTL":7,"opptBLK":3,"opptPF":22,"opptFGA":87,"opptFGM":42,"oppt2PA":61,"oppt2PM":34,"oppt3PA":26,"oppt3PM":8,"opptFTA":17,"opptFTM":11,"opptORB":4,"opptDRB":24,"opptPTS1":29,"opptPTS2":19,"opptPTS3":35,"opptPTS4":20,"opptPTS5":0,"opptPTS6":0,"opptPTS7":0,"opptPTS8":0}
{"_id":{"$oid":"5cb552f6e0f627212ff3bd3b"},"gmDate":"2017/12/25","offLNm3":"Boland","offFNm3":"Matt","teamAbbr":"BOS","teamConf":"East","teamLoc":"Home","teamRslt":"Loss","teamPTS":103,"teamAST":20,"teamTO":17,"teamSTL":2,"teamBLK":4,"teamPF":23,"teamFGA":81,"teamFGM":39,"team2PA":52,"team2PM":25,"team3PA":29,"team3PM":14,"teamFTA":17,"teamFTM":11,"teamORB":8,"teamDRB":37,"teamPTS1":24,"teamPTS2":26,"teamPTS3":26,"teamPTS4":27,"teamPTS5":0,"teamPTS6":0,"teamPTS7":0,"teamPTS8":0,"opptAbbr":"WAS","opptConf":"East","opptLoc":"Away","opptRslt":"Win","opptPTS":111,"opptAST":26,"opptTO":9,"opptSTL":6,"opptBLK":4,"opptPF":17,"opptFGA":93,"opptFGM":43,"oppt2PA":67,"oppt2PM":37,"oppt3PA":26,"oppt3PM":6,"opptFTA":28,"opptFTM":19,"opptORB":14,"opptDRB":33,"opptPTS1":30,"opptPTS2":22,"opptPTS3":28,"opptPTS4":31,"opptPTS5":0,"opptPTS6":0,"opptPTS7":0,"opptPTS8":0}
{"_id":{"$oid":"5cb552f6e0f627212ff3bd49"},"gmDate":"2017/12/27","offLNm3":"DeRosa","offFNm3":"Joe","teamAbbr":"ATL","teamConf":"East","teamLoc":"Home","teamRslt":"Win","teamPTS":113,"teamAST":28,"teamTO":12,"teamSTL":7,"teamBLK":7,"teamPF":21,"teamFGA":94,"teamFGM":41,"team2PA":57,"team2PM":30,"team3PA":37,"team3PM":11,"teamFTA":29,"teamFTM":20,"teamORB":16,"teamDRB":37,"teamPTS1":29,"teamPTS2":26,"teamPTS3":23,"teamPTS4":35,"teamPTS5":0,"teamPTS6":0,"teamPTS7":0,"teamPTS8":0,"opptAbbr":"WAS","opptConf":"East","opptLoc":"Away","opptRslt":"Loss","opptPTS":99,"opptAST":24,"opptTO":14,"opptSTL":6,"opptBLK":5,"opptPF":24,"opptFGA":81,"opptFGM":35,"oppt2PA":57,"oppt2PM":26,"oppt3PA":24,"oppt3PM":9,"opptFTA":26,"opptFTM":20,"opptORB":9,"opptDRB":31,"opptPTS1":29,"opptPTS2":28,"opptPTS3":19,"opptPTS4":23,"opptPTS5":0,"opptPTS6":0,"opptPTS7":0,"opptPTS8":0}
{"_id":{"$oid":"5cb552f6e0f627212ff3bd56"},"gmDate":"2017/12/29","offLNm3":"Malloy","offFNm3":"Ed","teamAbbr":"WAS","teamConf":"East","teamLoc":"Home","teamRslt":"Win","teamPTS":121,"teamAST":23,"teamTO":18,"teamSTL":12,"teamBLK":5,"teamPF":15,"teamFGA":88,"teamFGM":47,"team2PA":52,"team2PM":29,"team3PA":36,"team3PM":18,"teamFTA":12,"teamFTM":9,"teamORB":10,"teamDRB":35,"teamPTS1":27,"teamPTS2":32,"teamPTS3":28,"teamPTS4":34,"teamPTS5":0,"teamPTS6":0,"teamPTS7":0,"teamPTS8":0,"opptAbbr":"HOU","opptConf":"West","opptLoc":"Away","opptRslt":"Loss","opptPTS":103,"opptAST":15,"opptTO":14,"opptSTL":11,"opptBLK":2,"opptPF":13,"opptFGA":89,"opptFGM":38,"oppt2PA":41,"oppt2PM":24,"oppt3PA":48,"oppt3PM":14,"opptFTA":16,"opptFTM":13,"opptORB":8,"opptDRB":27,"opptPTS1":23,"opptPTS2":25,"opptPTS3":30,"opptPTS4":25,"opptPTS5":0,"opptPTS6":0,"opptPTS7":0,"opptPTS8":0}
{"_id":{"$oid":"5cb552f6e0f627212ff3bd66"},"gmDate":"2017/12/31","offLNm3":"Acosta","offFNm3":"Ray","teamAbbr":"WAS","teamConf":"East","teamLoc":"Home","teamRslt":"Win","teamPTS":114,"teamAST":27,"teamTO":10,"teamSTL":7,"teamBLK":6,"teamPF":24,"teamFGA":93,"teamFGM":43,"team2PA":57,"team2PM":27,"team3PA":36,"team3PM":16,"teamFTA":17,"teamFTM":12,"teamORB":13,"teamDRB":34,"teamPTS1":30,"teamPTS2":29,"teamPTS3":24,"teamPTS4":31,"teamPTS5":0,"teamPTS6":0,"teamPTS7":0,"teamPTS8":0,"opptAbbr":"CHI","opptConf":"East","opptLoc":"Away","opptRslt":"Loss","opptPTS":110,"opptAST":24,"opptTO":13,"opptSTL":6,"opptBLK":1,"opptPF":22,"opptFGA":90,"opptFGM":42,"oppt2PA":55,"oppt2PM":34,"oppt3PA":35,"oppt3PM":8,"opptFTA":22,"opptFTM":18,"opptORB":9,"opptDRB":36,"opptPTS1":38,"opptPTS2":25,"opptPTS3":26,"opptPTS4":21,"opptPTS5":0,"opptPTS6":0,"opptPTS7":0,"opptPTS8":0}
{"_id":{"$oid":"5cb552f6e0f627212ff3bd79"},"gmDate":"2018/1/3","offLNm3":"Ayotte","offFNm3":"Mark","teamAbbr":"WAS","teamConf":"East","teamLoc":"Home","teamRslt":"Win","teamPTS":121,"teamAST":27,"teamTO":13,"teamSTL":9,"teamBLK":5,"teamPF":21,"teamFGA":81,"teamFGM":48,"team2PA":58,"team2PM":39,"team3PA":23,"team3PM":9,"teamFTA":26,"teamFTM":16,"teamORB":6,"teamDRB":36,"teamPTS1":33,"teamPTS2":31,"teamPTS3":26,"teamPTS4":31,"teamPTS5":0,"teamPTS6":0,"teamPTS7":0,"teamPTS8":0,"opptAbbr":"NY","opptConf":"East","opptLoc":"Away","opptRslt":"Loss","opptPTS":103,"opptAST":19,"opptTO":14,"opptSTL":7,"opptBLK":5,"opptPF":20,"opptFGA":86,"opptFGM":41,"oppt2PA":67,"oppt2PM":34,"oppt3PA":19,"oppt3PM":7,"opptFTA":18,"opptFTM":14,"opptORB":8,"opptDRB":28,"opptPTS1":32,"opptPTS2":31,"opptPTS3":14,"opptPTS4":26,"opptPTS5":0,"opptPTS6":0,"opptPTS7":0,"opptPTS8":0}
{"_id":{"$oid":"5cb552f6e0f627212ff3bd8c"},"gmDate":"2018/1/5","offLNm3":"Kennedy","offFNm3":"Bill","teamAbbr":"MEM","teamConf":"West","teamLoc":"Home","teamRslt":"Loss","teamPTS":100,"teamAST":20,"teamTO":16,"teamSTL":6,"teamBLK":9,"teamPF":25,"teamFGA":86,"teamFGM":35,"team2PA":56,"team2PM":25,"team3PA":30,"team3PM":10,"teamFTA":26,"teamFTM":20,"teamORB":11,"teamDRB":35,"teamPTS1":24,"teamPTS2":26,"teamPTS3":22,"teamPTS4":28,"teamPTS5":0,"teamPTS6":0,"teamPTS7":0,"teamPTS8":0,"opptAbbr":"WAS","opptConf":"East","opptLoc":"Away","opptRslt":"Win","opptPTS":102,"opptAST":21,"opptTO":14,"opptSTL":7,"opptBLK":7,"opptPF":23,"opptFGA":84,"opptFGM":33,"oppt2PA":57,"oppt2PM":23,"oppt3PA":27,"oppt3PM":10,"opptFTA":34,"opptFTM":26,"opptORB":12,"opptDRB":36,"opptPTS1":33,"opptPTS2":25,"opptPTS3":29,"opptPTS4":15,"opptPTS5":0,"opptPTS6":0,"opptPTS7":0,"opptPTS8":0}
{"_id":{"$oid":"5cb552f6e0f627212ff3bd94"},"gmDate":"2018/1/6","offLNm3":"Wood","offFNm3":"Leon","teamAbbr":"WAS","teamConf":"East","teamLoc":"Home","teamRslt":"Loss","teamPTS":103,"teamAST":25,"teamTO":14,"teamSTL":6,"teamBLK":6,"teamPF":22,"teamFGA":78,"teamFGM":37,"team2PA":57,"team2PM":29,"team3PA":21,"team3PM":8,"teamFTA":29,"teamFTM":21,"teamORB":4,"teamDRB":30,"teamPTS1":32,"teamPTS2":21,"teamPTS3":32,"teamPTS4":18,"teamPTS5":0,"teamPTS6":0,"teamPTS7":0,"teamPTS8":0,"opptAbbr":"MIL","opptConf":"East","opptLoc":"Away","opptRslt":"Win","opptPTS":110,"opptAST":20,"opptTO":16,"opptSTL":11,"opptBLK":6,"opptPF":26,"opptFGA":80,"opptFGM":39,"oppt2PA":58,"oppt2PM":32,"oppt3PA":22,"oppt3PM":7,"opptFTA":30,"opptFTM":25,"opptORB":10,"opptDRB":35,"opptPTS1":24,"opptPTS2":29,"opptPTS3":29,"opptPTS4":28,"opptPTS5":0,"opptPTS6":0,"opptPTS7":0,"opptPTS8":0}
{"_id":{"$oid":"5cb552f6e0f627212ff3bdaa"},"gmDate":"2018/1/10","offLNm3":"Brothers","offFNm3":"Tony","teamAbbr":"WAS","teamConf":"East","teamLoc":"Home","teamRslt":"Loss","teamPTS":104,"teamAST":25,"teamTO":23,"teamSTL":8,"teamBLK":1,"teamPF":17,"teamFGA":78,"teamFGM":41,"team2PA":53,"team2PM":31,"team3PA":25,"team3PM":10,"teamFTA":17,"teamFTM":12,"teamORB":9,"teamDRB":36,"teamPTS1":32,"teamPTS2":18,"teamPTS3":27,"teamPTS4":27,"teamPTS5":0,"teamPTS6":0,"teamPTS7":0,"teamPTS8":0,"opptAbbr":"UTA","opptConf":"West","opptLoc":"Away","opptRslt":"Win","opptPTS":107,"opptAST":23,"opptTO":13,"opptSTL":15,"opptBLK":3,"opptPF":17,"opptFGA":92,"opptFGM":43,"oppt2PA":59,"oppt2PM":32,"oppt3PA":33,"oppt3PM":11,"opptFTA":13,"opptFTM":10,"opptORB":11,"opptDRB":28,"opptPTS1":25,"opptPTS2":21,"opptPTS3":37,"opptPTS4":24,"opptPTS5":0,"opptPTS6":0,"opptPTS7":0,"opptPTS8":0}
{"_id":{"$oid":"5cb552f6e0f627212ff3bdb9"},"gmDate":"2018/1/12","offLNm3":"Garretson","offFNm3":"Ron","teamAbbr":"WAS","teamConf":"East","teamLoc":"Home","teamRslt":"Win","teamPTS":125,"teamAST":26,"teamTO":12,"teamSTL":9,"teamBLK":6,"teamPF":22,"teamFGA":95,"teamFGM":54,"team2PA":79,"team2PM":50,"team3PA":16,"team3PM":4,"teamFTA":19,"teamFTM":13,"teamORB":14,"teamDRB":27,"teamPTS1":34,"teamPTS2":31,"teamPTS3":33,"teamPTS4":27,"teamPTS5":0,"teamPTS6":0,"teamPTS7":0,"teamPTS8":0,"opptAbbr":"ORL","opptConf":"East","opptLoc":"Away","opptRslt":"Loss","opptPTS":119,"opptAST":32,"opptTO":16,"opptSTL":7,"opptBLK":3,"opptPF":21,"opptFGA":80,"opptFGM":41,"oppt2PA":51,"oppt2PM":29,"oppt3PA":29,"oppt3PM":12,"opptFTA":31,"opptFTM":25,"opptORB":12,"opptDRB":28,"opptPTS1":33,"opptPTS2":30,"opptPTS3":35,"opptPTS4":21,"opptPTS5":0,"opptPTS6":0,"opptPTS7":0,"opptPTS8":0}
{"_id":{"$oid":"5cb552f6e0f627212ff3bdc3"},"gmDate":"2018/1/13","offLNm3":"DeRosa","offFNm3":"Joe","teamAbbr":"WAS","teamConf":"East","teamLoc":"Home","teamRslt":"Win","teamPTS":119,"teamAST":31,"teamTO":15,"teamSTL":10,"teamBLK":3,"teamPF":19,"teamFGA":93,"teamFGM":46,"team2PA":70,"team2PM":36,"team3PA":23,"team3PM":10,"teamFTA":23,"teamFTM":17,"teamORB":6,"teamDRB":41,"teamPTS1":33,"teamPTS2":26,"teamPTS3":24,"teamPTS4":24,"teamPTS5":12,"teamPTS6":0,"teamPTS7":0,"teamPTS8":0,"opptAbbr":"BKN","opptConf":"East","opptLoc":"Away","opptRslt":"Loss","opptPTS":113,"opptAST":28,"opptTO":16,"opptSTL":6,"opptBLK":3,"opptPF":22,"opptFGA":99,"opptFGM":42,"oppt2PA":56,"oppt2PM":30,"oppt3PA":43,"oppt3PM":12,"opptFTA":20,"opptFTM":17,"opptORB":13,"opptDRB":34,"opptPTS1":18,"opptPTS2":21,"opptPTS3":35,"opptPTS4":33,"opptPTS5":6,"opptPTS6":0,"opptPTS7":0,"opptPTS8":0}
{"_id":{"$oid":"5cb552f6e0f627212ff3bdcc"},"gmDate":"2018/1/15","offLNm3":"Davis","offFNm3":"Marc","teamAbbr":"WAS","teamConf":"East","teamLoc":"Home","teamRslt":"Loss","teamPTS":95,"teamAST":19,"teamTO":24,"teamSTL":10,"teamBLK":8,"teamPF":22,"teamFGA":76,"teamFGM":32,"team2PA":55,"team2PM":26,"team3PA":21,"team3PM":6,"teamFTA":31,"teamFTM":25,"teamORB":11,"teamDRB":28,"teamPTS1":30,"teamPTS2":21,"teamPTS3":21,"teamPTS4":23,"teamPTS5":0,"teamPTS6":0,"teamPTS7":0,"teamPTS8":0,"opptAbbr":"MIL","opptConf":"East","opptLoc":"Away","opptRslt":"Win","opptPTS":104,"opptAST":21,"opptTO":19,"opptSTL":14,"opptBLK":6,"opptPF":25,"opptFGA":81,"opptFGM":38,"oppt2PA":65,"oppt2PM":30,"oppt3PA":16,"oppt3PM":8,"opptFTA":29,"opptFTM":20,"opptORB":15,"opptDRB":29,"opptPTS1":28,"opptPTS2":25,"opptPTS3":25,"opptPTS4":26,"opptPTS5":0,"opptPTS6":0,"opptPTS7":0,"opptPTS8":0}
{"_id":{"$oid":"5cb552f6e0f627212ff3bdda"},"gmDate":"2018/1/17","offLNm3":"Collins","offFNm3":"Derrick","teamAbbr":"CHA","teamConf":"East","teamLoc":"Home","teamRslt":"Win","teamPTS":133,"teamAST":27,"teamTO":10,"teamSTL":10,"teamBLK":6,"teamPF":18,"teamFGA":98,"teamFGM":48,"team2PA":67,"team2PM":33,"team3PA":31,"team3PM":15,"teamFTA":26,"teamFTM":22,"teamORB":13,"teamDRB":36,"teamPTS1":38,"teamPTS2":39,"teamPTS3":25,"teamPTS4":31,"teamPTS5":0,"teamPTS6":0,"teamPTS7":0,"teamPTS8":0,"opptAbbr":"WAS","opptConf":"East","opptLoc":"Away","opptRslt":"Loss","opptPTS":109,"opptAST":31,"opptTO":16,"opptSTL":3,"opptBLK":7,"opptPF":23,"opptFGA":82,"opptFGM":40,"oppt2PA":59,"oppt2PM":27,"oppt3PA":23,"oppt3PM":13,"opptFTA":23,"opptFTM":16,"opptORB":7,"opptDRB":33,"opptPTS1":36,"opptPTS2":25,"opptPTS3":18,"opptPTS4":30,"opptPTS5":0,"opptPTS6":0,"opptPTS7":0,"opptPTS8":0}
{"_id":{"$oid":"5cb552f6e0f627212ff3bdea"},"gmDate":"2018/1/19","offLNm3":"Van Duyne","offFNm3":"Justin","teamAbbr":"DET","teamConf":"East","teamLoc":"Home","teamRslt":"Loss","teamPTS":112,"teamAST":25,"teamTO":14,"teamSTL":8,"teamBLK":3,"teamPF":22,"teamFGA":80,"teamFGM":40,"team2PA":50,"team2PM":30,"team3PA":30,"team3PM":10,"teamFTA":26,"teamFTM":22,"teamORB":7,"teamDRB":28,"teamPTS1":29,"teamPTS2":17,"teamPTS3":28,"teamPTS4":38,"teamPTS5":0,"teamPTS6":0,"teamPTS7":0,"teamPTS8":0,"opptAbbr":"WAS","opptConf":"East","opptLoc":"Away","opptRslt":"Win","opptPTS":122,"opptAST":28,"opptTO":13,"opptSTL":10,"opptBLK":4,"opptPF":20,"opptFGA":82,"opptFGM":41,"oppt2PA":47,"oppt2PM":25,"oppt3PA":35,"oppt3PM":16,"opptFTA":27,"opptFTM":24,"opptORB":8,"opptDRB":26,"opptPTS1":19,"opptPTS2":27,"opptPTS3":45,"opptPTS4":31,"opptPTS5":0,"opptPTS6":0,"opptPTS7":0,"opptPTS8":0}
{"_id":{"$oid":"5cb552f6e0f627212ff3be02"},"gmDate":"2018/1/22","offLNm3":"Forte","offFNm3":"Brian","teamAbbr":"DAL","teamConf":"West","teamLoc":"Home","teamRslt":"Win","teamPTS":98,"teamAST":20,"teamTO":12,"teamSTL":9,"teamBLK":8,"teamPF":21,"teamFGA":86,"teamFGM":38,"team2PA":55,"team2PM":28,"team3PA":31,"team3PM":10,"teamFTA":17,"teamFTM":12,"teamORB":9,"teamDRB":43,"teamPTS1":22,"teamPTS2":31,"teamPTS3":18,"teamPTS4":27,"teamPTS5":0,"teamPTS6":0,"teamPTS7":0,"teamPTS8":0,"opptAbbr":"WAS","opptConf":"East","opptLoc":"Away","opptRslt":"Loss","opptPTS":75,"opptAST":15,"opptTO":12,"opptSTL":8,"opptBLK":4,"opptPF":18,"opptFGA":85,"opptFGM":26,"oppt2PA":53,"oppt2PM":19,"oppt3PA":32,"oppt3PM":7,"opptFTA":27,"opptFTM":16,"opptORB":16,"opptDRB":29,"opptPTS1":22,"opptPTS2":15,"opptPTS3":17,"opptPTS4":21,"opptPTS5":0,"opptPTS6":0,"opptPTS7":0,"opptPTS8":0}
{"_id":{"$oid":"5cb552f6e0f627212ff3be14"},"gmDate":"2018/1/25","offLNm3":"Zarba","offFNm3":"Zach","teamAbbr":"OKC","teamConf":"West","teamLoc":"Home","teamRslt":"Win","teamPTS":121,"teamAST":18,"teamTO":14,"teamSTL":16,"teamBLK":6,"teamPF":15,"teamFGA":87,"teamFGM":45,"team2PA":60,"team2PM":36,"team3PA":27,"team3PM":9,"teamFTA":29,"teamFTM":22,"teamORB":13,"teamDRB":27,"teamPTS1":25,"teamPTS2":29,"teamPTS3":28,"teamPTS4":39,"teamPTS5":0,"teamPTS6":0,"teamPTS7":0,"teamPTS8":0,"opptAbbr":"WAS","opptConf":"East","opptLoc":"Away","opptRslt":"Loss","opptPTS":112,"opptAST":25,"opptTO":23,"opptSTL":10,"opptBLK":2,"opptPF":25,"opptFGA":86,"opptFGM":42,"oppt2PA":51,"oppt2PM":26,"oppt3PA":35,"oppt3PM":16,"opptFTA":16,"opptFTM":12,"opptORB":12,"opptDRB":27,"opptPTS1":20,"opptPTS2":20,"opptPTS3":34,"opptPTS4":38,"opptPTS5":0,"opptPTS6":0,"opptPTS7":0,"opptPTS8":0}
{"_id":{"$oid":"5cb552f6e0f627212ff3be23"},"gmDate":"2018/1/27","offLNm3":"Sterling","offFNm3":"Jonathan","teamAbbr":"ATL","teamConf":"East","teamLoc":"Home","teamRslt":"Loss","teamPTS":104,"teamAST":24,"teamTO":12,"teamSTL":2,"teamBLK":4,"teamPF":15,"teamFGA":89,"teamFGM":38,"team2PA":46,"team2PM":26,"team3PA":43,"team3PM":12,"teamFTA":21,"teamFTM":16,"teamORB":11,"teamDRB":21,"teamPTS1":18,"teamPTS2":27,"teamPTS3":26,"teamPTS4":33,"teamPTS5":0,"teamPTS6":0,"teamPTS7":0,"teamPTS8":0,"opptAbbr":"WAS","opptConf":"East","opptLoc":"Away","opptRslt":"Win","opptPTS":129,"opptAST":40,"opptTO":13,"opptSTL":6,"opptBLK":7,"opptPF":21,"opptFGA":85,"opptFGM":49,"oppt2PA":53,"oppt2PM":31,"oppt3PA":32,"oppt3PM":18,"opptFTA":14,"opptFTM":13,"opptORB":7,"opptDRB":32,"opptPTS1":27,"opptPTS2":34,"opptPTS3":31,"opptPTS4":37,"opptPTS5":0,"opptPTS6":0,"opptPTS7":0,"opptPTS8":0}
{"_id":{"$oid":"5cb552f6e0f627212ff3be35"},"gmDate":"2018/1/30","offLNm3":"Brothers","offFNm3":"Tony","teamAbbr":"WAS","teamConf":"East","teamLoc":"Home","teamRslt":"Win","teamPTS":102,"teamAST":27,"teamTO":12,"teamSTL":8,"teamBLK":7,"teamPF":28,"teamFGA":89,"teamFGM":34,"team2PA":64,"team2PM":27,"team3PA":25,"team3PM":7,"teamFTA":29,"teamFTM":27,"teamORB":7,"teamDRB":36,"teamPTS1":30,"teamPTS2":23,"teamPTS3":22,"teamPTS4":27,"teamPTS5":0,"teamPTS6":0,"teamPTS7":0,"teamPTS8":0,"opptAbbr":"OKC","opptConf":"West","opptLoc":"Away","opptRslt":"Loss","opptPTS":96,"opptAST":19,"opptTO":21,"opptSTL":7,"opptBLK":8,"opptPF":24,"opptFGA":80,"opptFGM":30,"oppt2PA":48,"oppt2PM":21,"oppt3PA":32,"oppt3PM":9,"opptFTA":34,"opptFTM":27,"opptORB":14,"opptDRB":38,"opptPTS1":25,"opptPTS2":29,"opptPTS3":22,"opptPTS4":20,"opptPTS5":0,"opptPTS6":0,"opptPTS7":0,"opptPTS8":0}
{"_id":{"$oid":"5cb552f6e0f627212ff3be48"},"gmDate":"2018/2/1","offLNm3":"Washington","offFNm3":"Tom","teamAbbr":"WAS","teamConf":"East","teamLoc":"Home","teamRslt":"Win","teamPTS":122,"teamAST":30,"teamTO":16,"teamSTL":10,"teamBLK":2,"teamPF":21,"teamFGA":85,"teamFGM":44,"team2PA":55,"team2PM":34,"team3PA":30,"team3PM":10,"teamFTA":26,"teamFTM":24,"teamORB":12,"teamDRB":32,"teamPTS1":27,"teamPTS2":28,"teamPTS3":33,"teamPTS4":34,"teamPTS5":0,"teamPTS6":0,"teamPTS7":0,"teamPTS8":0,"opptAbbr":"TOR","opptConf":"East","opptLoc":"Away","opptRslt":"Loss","opptPTS":119,"opptAST":20,"opptTO":18,"opptSTL":7,"opptBLK":3,"opptPF":26,"opptFGA":83,"opptFGM":44,"oppt2PA":54,"oppt2PM":32,"oppt3PA":29,"oppt3PM":12,"opptFTA":24,"opptFTM":19,"opptORB":8,"opptDRB":24,"opptPTS1":34,"opptPTS2":28,"opptPTS3":25,"opptPTS4":32,"opptPTS5":0,"opptPTS6":0,"opptPTS7":0,"opptPTS8":0}
{"_id":{"$oid":"5cb552f6e0f627212ff3be57"},"gmDate":"2018/2/3","offLNm3":"Foster","offFNm3":"Scott","teamAbbr":"ORL","teamConf":"East","teamLoc":"Home","teamRslt":"Loss","teamPTS":98,"teamAST":17,"teamTO":20,"teamSTL":12,"teamBLK":4,"teamPF":15,"teamFGA":77,"teamFGM":34,"team2PA":45,"team2PM":24,"team3PA":32,"team3PM":10,"teamFTA":22,"teamFTM":20,"teamORB":10,"teamDRB":25,"teamPTS1":25,"teamPTS2":22,"teamPTS3":22,"teamPTS4":29,"teamPTS5":0,"teamPTS6":0,"teamPTS7":0,"teamPTS8":0,"opptAbbr":"WAS","opptConf":"East","opptLoc":"Away","opptRslt":"Win","opptPTS":115,"opptAST":35,"opptTO":15,"opptSTL":14,"opptBLK":6,"opptPF":19,"opptFGA":85,"opptFGM":46,"oppt2PA":59,"oppt2PM":39,"oppt3PA":26,"oppt3PM":7,"opptFTA":18,"opptFTM":16,"opptORB":12,"opptDRB":26,"opptPTS1":31,"opptPTS2":25,"opptPTS3":31,"opptPTS4":28,"opptPTS5":0,"opptPTS6":0,"opptPTS7":0,"opptPTS8":0}
{"_id":{"$oid":"5cb552f6e0f627212ff3be64"},"gmDate":"2018/2/5","offLNm3":"Lewis","offFNm3":"Eric","teamAbbr":"IND","teamConf":"East","teamLoc":"Home","teamRslt":"Loss","teamPTS":102,"teamAST":19,"teamTO":15,"teamSTL":5,"teamBLK":2,"teamPF":18,"teamFGA":80,"teamFGM":37,"team2PA":51,"team2PM":25,"team3PA":29,"team3PM":12,"teamFTA":25,"teamFTM":16,"teamORB":8,"teamDRB":27,"teamPTS1":23,"teamPTS2":26,"teamPTS3":25,"teamPTS4":28,"teamPTS5":0,"teamPTS6":0,"teamPTS7":0,"teamPTS8":0,"opptAbbr":"WAS","opptConf":"East","opptLoc":"Away","opptRslt":"Win","opptPTS":111,"opptAST":29,"opptTO":13,"opptSTL":7,"opptBLK":1,"opptPF":23,"opptFGA":82,"opptFGM":45,"oppt2PA":57,"oppt2PM":38,"oppt3PA":25,"oppt3PM":7,"opptFTA":17,"opptFTM":14,"opptORB":7,"opptDRB":36,"opptPTS1":28,"opptPTS2":30,"opptPTS3":28,"opptPTS4":25,"opptPTS5":0,"opptPTS6":0,"opptPTS7":0,"opptPTS8":0}
{"_id":{"$oid":"5cb552f6e0f627212ff3be6f"},"gmDate":"2018/2/6","offLNm3":"Ayotte","offFNm3":"Mark","teamAbbr":"PHI","teamConf":"East","teamLoc":"Home","teamRslt":"Win","teamPTS":115,"teamAST":27,"teamTO":17,"teamSTL":9,"teamBLK":4,"teamPF":14,"teamFGA":81,"teamFGM":45,"team2PA":53,"team2PM":31,"team3PA":28,"team3PM":14,"teamFTA":14,"teamFTM":11,"teamORB":11,"teamDRB":33,"teamPTS1":37,"teamPTS2":28,"teamPTS3":29,"teamPTS4":21,"teamPTS5":0,"teamPTS6":0,"teamPTS7":0,"teamPTS8":0,"opptAbbr":"WAS","opptConf":"East","opptLoc":"Away","opptRslt":"Loss","opptPTS":102,"opptAST":23,"opptTO":12,"opptSTL":14,"opptBLK":1,"opptPF":18,"opptFGA":93,"opptFGM":41,"oppt2PA":66,"oppt2PM":34,"oppt3PA":27,"oppt3PM":7,"opptFTA":18,"opptFTM":13,"opptORB":16,"opptDRB":23,"opptPTS1":20,"opptPTS2":35,"opptPTS3":29,"opptPTS4":18,"opptPTS5":0,"opptPTS6":0,"opptPTS7":0,"opptPTS8":0}
{"_id":{"$oid":"5cb552f6e0f627212ff3be79"},"gmDate":"2018/2/8","offLNm3":"Kennedy","offFNm3":"Bill","teamAbbr":"WAS","teamConf":"East","teamLoc":"Home","teamRslt":"Loss","teamPTS":104,"teamAST":28,"teamTO":22,"teamSTL":11,"teamBLK":4,"teamPF":23,"teamFGA":95,"teamFGM":38,"team2PA":69,"team2PM":26,"team3PA":26,"team3PM":12,"teamFTA":20,"teamFTM":16,"teamORB":17,"teamDRB":35,"teamPTS1":27,"teamPTS2":24,"teamPTS3":19,"teamPTS4":28,"teamPTS5":6,"teamPTS6":0,"teamPTS7":0,"teamPTS8":0,"opptAbbr":"BOS","opptConf":"East","opptLoc":"Away","opptRslt":"Win","opptPTS":110,"opptAST":16,"opptTO":17,"opptSTL":9,"opptBLK":6,"opptPF":20,"opptFGA":84,"opptFGM":39,"oppt2PA":58,"oppt2PM":30,"oppt3PA":26,"oppt3PM":9,"opptFTA":34,"opptFTM":23,"opptORB":7,"opptDRB":38,"opptPTS1":26,"opptPTS2":23,"opptPTS3":26,"opptPTS4":23,"opptPTS5":12,"opptPTS6":0,"opptPTS7":0,"opptPTS8":0}
{"_id":{"$oid":"5cb552f6e0f627212ff3be89"},"gmDate":"2018/2/10","offLNm3":"Mauer","offFNm3":"Ken","teamAbbr":"CHI","teamConf":"East","teamLoc":"Home","teamRslt":"Loss","teamPTS":90,"teamAST":23,"teamTO":16,"teamSTL":11,"teamBLK":2,"teamPF":16,"teamFGA":80,"teamFGM":34,"team2PA":48,"team2PM":25,"team3PA":32,"team3PM":9,"teamFTA":16,"teamFTM":13,"teamORB":9,"teamDRB":36,"teamPTS1":22,"teamPTS2":24,"teamPTS3":24,"teamPTS4":20,"teamPTS5":0,"teamPTS6":0,"teamPTS7":0,"teamPTS8":0,"opptAbbr":"WAS","opptConf":"East","opptLoc":"Away","opptRslt":"Win","opptPTS":101,"opptAST":31,"opptTO":14,"opptSTL":8,"opptBLK":3,"opptPF":17,"opptFGA":82,"opptFGM":38,"oppt2PA":44,"oppt2PM":25,"oppt3PA":38,"oppt3PM":13,"opptFTA":14,"opptFTM":12,"opptORB":6,"opptDRB":35,"opptPTS1":30,"opptPTS2":26,"opptPTS3":26,"opptPTS4":19,"opptPTS5":0,"opptPTS6":0,"opptPTS7":0,"opptPTS8":0}
{"_id":{"$oid":"5cb552f6e0f627212ff3bea5"},"gmDate":"2018/2/14","offLNm3":"Callahan","offFNm3":"Mike","teamAbbr":"NY","teamConf":"East","teamLoc":"Home","teamRslt":"Loss","teamPTS":113,"teamAST":21,"teamTO":10,"teamSTL":7,"teamBLK":1,"teamPF":17,"teamFGA":97,"teamFGM":45,"team2PA":78,"team2PM":36,"team3PA":19,"team3PM":9,"teamFTA":18,"teamFTM":14,"teamORB":11,"teamDRB":31,"teamPTS1":39,"teamPTS2":33,"teamPTS3":15,"teamPTS4":26,"teamPTS5":0,"teamPTS6":0,"teamPTS7":0,"teamPTS8":0,"opptAbbr":"WAS","opptConf":"East","opptLoc":"Away","opptRslt":"Win","opptPTS":118,"opptAST":31,"opptTO":12,"opptSTL":7,"opptBLK":9,"opptPF":16,"opptFGA":88,"opptFGM":48,"oppt2PA":66,"oppt2PM":41,"oppt3PA":22,"oppt3PM":7,"opptFTA":19,"opptFTM":15,"opptORB":6,"opptDRB":39,"opptPTS1":26,"opptPTS2":25,"opptPTS3":39,"opptPTS4":28,"opptPTS5":0,"opptPTS6":0,"opptPTS7":0,"opptPTS8":0}
{"_id":{"$oid":"5cb552f6e0f627212ff3beb2"},"gmDate":"2018/2/22","offLNm3":"Phillips","offFNm3":"Jason","teamAbbr":"CLE","teamConf":"East","teamLoc":"Home","teamRslt":"Loss","teamPTS":103,"teamAST":20,"teamTO":13,"teamSTL":5,"teamBLK":2,"teamPF":15,"teamFGA":84,"teamFGM":42,"team2PA":49,"team2PM":34,"team3PA":35,"team3PM":8,"teamFTA":19,"teamFTM":11,"teamORB":6,"teamDRB":30,"teamPTS1":31,"teamPTS2":23,"teamPTS3":25,"teamPTS4":24,"teamPTS5":0,"teamPTS6":0,"teamPTS7":0,"teamPTS8":0,"opptAbbr":"WAS","opptConf":"East","opptLoc":"Away","opptRslt":"Win","opptPTS":110,"opptAST":29,"opptTO":11,"opptSTL":9,"opptBLK":3,"opptPF":23,"opptFGA":92,"opptFGM":44,"oppt2PA":62,"oppt2PM":32,"oppt3PA":30,"oppt3PM":12,"opptFTA":10,"opptFTM":10,"opptORB":9,"opptDRB":34,"opptPTS1":22,"opptPTS2":35,"opptPTS3":25,"opptPTS4":28,"opptPTS5":0,"opptPTS6":0,"opptPTS7":0,"opptPTS8":0}
{"_id":{"$oid":"5cb552f6e0f627212ff3beb7"},"gmDate":"2018/2/23","offLNm3":"Ervin","offFNm3":"Mitchell","teamAbbr":"WAS","teamConf":"East","teamLoc":"Home","teamRslt":"Loss","teamPTS":105,"teamAST":25,"teamTO":14,"teamSTL":3,"teamBLK":0,"teamPF":21,"teamFGA":81,"teamFGM":40,"team2PA":56,"team2PM":31,"team3PA":25,"team3PM":9,"teamFTA":17,"teamFTM":16,"teamORB":6,"teamDRB":30,"teamPTS1":26,"teamPTS2":29,"teamPTS3":27,"teamPTS4":23,"teamPTS5":0,"teamPTS6":0,"teamPTS7":0,"teamPTS8":0,"opptAbbr":"CHA","opptConf":"East","opptLoc":"Away","opptRslt":"Win","opptPTS":122,"opptAST":26,"opptTO":9,"opptSTL":7,"opptBLK":5,"opptPF":18,"opptFGA":90,"opptFGM":44,"oppt2PA":51,"oppt2PM":27,"oppt3PA":39,"oppt3PM":17,"opptFTA":20,"opptFTM":17,"opptORB":13,"opptDRB":28,"opptPTS1":36,"opptPTS2":31,"opptPTS3":27,"opptPTS4":28,"opptPTS5":0,"opptPTS6":0,"opptPTS7":0,"opptPTS8":0}
{"_id":{"$oid":"5cb552f6e0f627212ff3becb"},"gmDate":"2018/2/25","offLNm3":"Brown","offFNm3":"Tony","teamAbbr":"WAS","teamConf":"East","teamLoc":"Home","teamRslt":"Win","teamPTS":109,"teamAST":35,"teamTO":19,"teamSTL":9,"teamBLK":6,"teamPF":28,"teamFGA":79,"teamFGM":43,"team2PA":54,"team2PM":31,"team3PA":25,"team3PM":12,"teamFTA":12,"teamFTM":11,"teamORB":10,"teamDRB":38,"teamPTS1":30,"teamPTS2":37,"teamPTS3":20,"teamPTS4":22,"teamPTS5":0,"teamPTS6":0,"teamPTS7":0,"teamPTS8":0,"opptAbbr":"PHI","opptConf":"East","opptLoc":"Away","opptRslt":"Loss","opptPTS":94,"opptAST":24,"opptTO":16,"opptSTL":13,"opptBLK":3,"opptPF":16,"opptFGA":86,"opptFGM":31,"oppt2PA":53,"oppt2PM":22,"oppt3PA":33,"oppt3PM":9,"opptFTA":31,"opptFTM":23,"opptORB":17,"opptDRB":26,"opptPTS1":28,"opptPTS2":20,"opptPTS3":25,"opptPTS4":21,"opptPTS5":0,"opptPTS6":0,"opptPTS7":0,"opptPTS8":0}
{"_id":{"$oid":"5cb552f6e0f627212ff3beda"},"gmDate":"2018/2/27","offLNm3":"Malloy","offFNm3":"Ed","teamAbbr":"MIL","teamConf":"East","teamLoc":"Home","teamRslt":"Loss","teamPTS":104,"teamAST":20,"teamTO":17,"teamSTL":10,"teamBLK":9,"teamPF":20,"teamFGA":77,"teamFGM":35,"team2PA":51,"team2PM":25,"team3PA":26,"team3PM":10,"teamFTA":28,"teamFTM":24,"teamORB":8,"teamDRB":32,"teamPTS1":22,"teamPTS2":28,"teamPTS3":31,"teamPTS4":23,"teamPTS5":0,"teamPTS6":0,"teamPTS7":0,"teamPTS8":0,"opptAbbr":"WAS","opptConf":"East","opptLoc":"Away","opptRslt":"Win","opptPTS":107,"opptAST":30,"opptTO":14,"opptSTL":10,"opptBLK":6,"opptPF":22,"opptFGA":88,"opptFGM":42,"oppt2PA":68,"oppt2PM":35,"oppt3PA":20,"oppt3PM":7,"opptFTA":22,"opptFTM":16,"opptORB":9,"opptDRB":31,"opptPTS1":40,"opptPTS2":24,"opptPTS3":20,"opptPTS4":23,"opptPTS5":0,"opptPTS6":0,"opptPTS7":0,"opptPTS8":0}
{"_id":{"$oid":"5cb552f6e0f627212ff3bee2"},"gmDate":"2018/2/28","offLNm3":"Davis","offFNm3":"Marc","teamAbbr":"WAS","teamConf":"East","teamLoc":"Home","teamRslt":"Loss","teamPTS":101,"teamAST":25,"teamTO":18,"teamSTL":7,"teamBLK":3,"teamPF":24,"teamFGA":90,"teamFGM":36,"team2PA":58,"team2PM":25,"team3PA":32,"team3PM":11,"teamFTA":21,"teamFTM":18,"teamORB":18,"teamDRB":32,"teamPTS1":21,"teamPTS2":35,"teamPTS3":14,"teamPTS4":31,"teamPTS5":0,"teamPTS6":0,"teamPTS7":0,"teamPTS8":0,"opptAbbr":"GS","opptConf":"West","opptLoc":"Away","opptRslt":"Win","opptPTS":109,"opptAST":24,"opptTO":15,"opptSTL":10,"opptBLK":8,"opptPF":21,"opptFGA":71,"opptFGM":37,"oppt2PA":47,"oppt2PM":27,"oppt3PA":24,"oppt3PM":10,"opptFTA":30,"opptFTM":25,"opptORB":3,"opptDRB":33,"opptPTS1":36,"opptPTS2":22,"opptPTS3":27,"opptPTS4":24,"opptPTS5":0,"opptPTS6":0,"opptPTS7":0,"opptPTS8":0}
{"_id":{"$oid":"5cb552f6e0f627212ff3bef0"},"gmDate":"2018/3/2","offLNm3":"Zarba","offFNm3":"Zach","teamAbbr":"WAS","teamConf":"East","teamLoc":"Home","teamRslt":"Loss","teamPTS":95,"teamAST":24,"teamTO":18,"teamSTL":2,"teamBLK":5,"teamPF":25,"teamFGA":79,"teamFGM":36,"team2PA":55,"team2PM":27,"team3PA":24,"team3PM":9,"teamFTA":21,"teamFTM":14,"teamORB":15,"teamDRB":32,"teamPTS1":27,"teamPTS2":20,"teamPTS3":27,"teamPTS4":21,"teamPTS5":0,"teamPTS6":0,"teamPTS7":0,"teamPTS8":0,"opptAbbr":"TOR","opptConf":"East","opptLoc":"Away","opptRslt":"Win","opptPTS":102,"opptAST":19,"opptTO":7,"opptSTL":9,"opptBLK":5,"opptPF":22,"opptFGA":78,"opptFGM":36,"oppt2PA":45,"oppt2PM":26,"oppt3PA":33,"oppt3PM":10,"opptFTA":32,"opptFTM":20,"opptORB":8,"opptDRB":26,"opptPTS1":19,"opptPTS2":32,"opptPTS3":26,"opptPTS4":25,"opptPTS5":0,"opptPTS6":0,"opptPTS7":0,"opptPTS8":0}
{"_id":{"$oid":"5cb552f6e0f627212ff3befd"},"gmDate":"2018/3/4","offLNm3":"Callahan","offFNm3":"Mike","teamAbbr":"WAS","teamConf":"East","teamLoc":"Home","teamRslt":"Loss","teamPTS":95,"teamAST":21,"teamTO":15,"teamSTL":9,"teamBLK":2,"teamPF":21,"teamFGA":83,"teamFGM":35,"team2PA":56,"team2PM":25,"team3PA":27,"team3PM":10,"teamFTA":19,"teamFTM":15,"teamORB":10,"teamDRB":32,"teamPTS1":20,"teamPTS2":25,"teamPTS3":20,"teamPTS4":30,"teamPTS5":0,"teamPTS6":0,"teamPTS7":0,"teamPTS8":0,"opptAbbr":"IND","opptConf":"East","opptLoc":"Away","opptRslt":"Win","opptPTS":98,"opptAST":11,"opptTO":16,"opptSTL":10,"opptBLK":0,"opptPF":18,"opptFGA":77,"opptFGM":34,"oppt2PA":52,"oppt2PM":26,"oppt3PA":25,"oppt3PM":8,"opptFTA":24,"opptFTM":22,"opptORB":11,"opptDRB":32,"opptPTS1":30,"opptPTS2":25,"opptPTS3":25,"opptPTS4":18,"opptPTS5":0,"opptPTS6":0,"opptPTS7":0,"opptPTS8":0}
{"_id":{"$oid":"5cb552f6e0f627212ff3bf0b"},"gmDate":"2018/3/6","offLNm3":"Acosta","offFNm3":"Ray","teamAbbr":"WAS","teamConf":"East","teamLoc":"Home","teamRslt":"Win","teamPTS":117,"teamAST":25,"teamTO":19,"teamSTL":7,"teamBLK":2,"teamPF":22,"teamFGA":79,"teamFGM":40,"team2PA":55,"team2PM":26,"team3PA":24,"team3PM":14,"teamFTA":27,"teamFTM":23,"teamORB":7,"teamDRB":33,"teamPTS1":31,"teamPTS2":28,"teamPTS3":27,"teamPTS4":19,"teamPTS5":12,"teamPTS6":0,"teamPTS7":0,"teamPTS8":0,"opptAbbr":"MIA","opptConf":"East","opptLoc":"Away","opptRslt":"Loss","opptPTS":113,"opptAST":26,"opptTO":15,"opptSTL":11,"opptBLK":2,"opptPF":24,"opptFGA":93,"opptFGM":42,"oppt2PA":60,"oppt2PM":33,"oppt3PA":33,"oppt3PM":9,"opptFTA":27,"opptFTM":20,"opptORB":13,"opptDRB":28,"opptPTS1":26,"opptPTS2":24,"opptPTS3":30,"opptPTS4":25,"opptPTS5":8,"opptPTS6":0,"opptPTS7":0,"opptPTS8":0}
{"_id":{"$oid":"5cb552f6e0f627212ff3bf22"},"gmDate":"2018/3/9","offLNm3":"Stafford","offFNm3":"Derrick","teamAbbr":"NO","teamConf":"West","teamLoc":"Home","teamRslt":"Loss","teamPTS":97,"teamAST":23,"teamTO":15,"teamSTL":3,"teamBLK":10,"teamPF":18,"teamFGA":82,"teamFGM":38,"team2PA":62,"team2PM":32,"team3PA":20,"team3PM":6,"teamFTA":18,"teamFTM":15,"teamORB":2,"teamDRB":36,"teamPTS1":19,"teamPTS2":19,"teamPTS3":24,"teamPTS4":35,"teamPTS5":0,"teamPTS6":0,"teamPTS7":0,"teamPTS8":0,"opptAbbr":"WAS","opptConf":"East","opptLoc":"Away","opptRslt":"Win","opptPTS":116,"opptAST":34,"opptTO":12,"opptSTL":10,"opptBLK":4,"opptPF":16,"opptFGA":96,"opptFGM":46,"oppt2PA":70,"oppt2PM":37,"oppt3PA":26,"oppt3PM":9,"opptFTA":20,"opptFTM":15,"opptORB":10,"opptDRB":39,"opptPTS1":22,"opptPTS2":31,"opptPTS3":30,"opptPTS4":33,"opptPTS5":0,"opptPTS6":0,"opptPTS7":0,"opptPTS8":0}
{"_id":{"$oid":"5cb552f6e0f627212ff3bf28"},"gmDate":"2018/3/10","offLNm3":"Taylor","offFNm3":"Ben","teamAbbr":"MIA","teamConf":"East","teamLoc":"Home","teamRslt":"Win","teamPTS":129,"teamAST":27,"teamTO":10,"teamSTL":9,"teamBLK":5,"teamPF":25,"teamFGA":88,"teamFGM":52,"team2PA":60,"team2PM":42,"team3PA":28,"team3PM":10,"teamFTA":21,"teamFTM":15,"teamORB":5,"teamDRB":37,"teamPTS1":26,"teamPTS2":34,"teamPTS3":43,"teamPTS4":26,"teamPTS5":0,"teamPTS6":0,"teamPTS7":0,"teamPTS8":0,"opptAbbr":"WAS","opptConf":"East","opptLoc":"Away","opptRslt":"Loss","opptPTS":102,"opptAST":22,"opptTO":15,"opptSTL":4,"opptBLK":2,"opptPF":20,"opptFGA":77,"opptFGM":34,"oppt2PA":57,"oppt2PM":27,"oppt3PA":20,"oppt3PM":7,"opptFTA":34,"opptFTM":27,"opptORB":8,"opptDRB":32,"opptPTS1":20,"opptPTS2":28,"opptPTS3":28,"opptPTS4":26,"opptPTS5":0,"opptPTS6":0,"opptPTS7":0,"opptPTS8":0}
{"_id":{"$oid":"5cb552f6e0f627212ff3bf3b"},"gmDate":"2018/3/13","offLNm3":"Holtkamp","offFNm3":"Lauren","teamAbbr":"WAS","teamConf":"East","teamLoc":"Home","teamRslt":"Loss","teamPTS":111,"teamAST":26,"teamTO":11,"teamSTL":6,"teamBLK":4,"teamPF":17,"teamFGA":82,"teamFGM":42,"team2PA":62,"team2PM":34,"team3PA":20,"team3PM":8,"teamFTA":25,"teamFTM":19,"teamORB":14,"teamDRB":25,"teamPTS1":26,"teamPTS2":33,"teamPTS3":31,"teamPTS4":21,"teamPTS5":0,"teamPTS6":0,"teamPTS7":0,"teamPTS8":0,"opptAbbr":"MIN","opptConf":"West","opptLoc":"Away","opptRslt":"Win","opptPTS":116,"opptAST":23,"opptTO":10,"opptSTL":10,"opptBLK":7,"opptPF":21,"opptFGA":87,"opptFGM":46,"oppt2PA":66,"oppt2PM":39,"oppt3PA":21,"oppt3PM":7,"opptFTA":19,"opptFTM":17,"opptORB":11,"opptDRB":26,"opptPTS1":25,"opptPTS2":28,"opptPTS3":29,"opptPTS4":34,"opptPTS5":0,"opptPTS6":0,"opptPTS7":0,"opptPTS8":0}
{"_id":{"$oid":"5cb552f6e0f627212ff3bf46"},"gmDate":"2018/3/14","offLNm3":"Mauer","offFNm3":"Ken","teamAbbr":"BOS","teamConf":"East","teamLoc":"Home","teamRslt":"Loss","teamPTS":124,"teamAST":30,"teamTO":17,"teamSTL":9,"teamBLK":6,"teamPF":22,"teamFGA":99,"teamFGM":48,"team2PA":73,"team2PM":36,"team3PA":26,"team3PM":12,"teamFTA":23,"teamFTM":16,"teamORB":10,"teamDRB":34,"teamPTS1":37,"teamPTS2":22,"teamPTS3":21,"teamPTS4":26,"teamPTS5":9,"teamPTS6":9,"teamPTS7":0,"teamPTS8":0,"opptAbbr":"WAS","opptConf":"East","opptLoc":"Away","opptRslt":"Win","opptPTS":125,"opptAST":29,"opptTO":20,"opptSTL":10,"opptBLK":6,"opptPF":26,"opptFGA":97,"opptFGM":46,"oppt2PA":65,"oppt2PM":34,"oppt3PA":32,"oppt3PM":12,"opptFTA":28,"opptFTM":21,"opptORB":13,"opptDRB":39,"opptPTS1":23,"opptPTS2":29,"opptPTS3":29,"opptPTS4":25,"opptPTS5":9,"opptPTS6":10,"opptPTS7":0,"opptPTS8":0}
{"_id":{"$oid":"5cb552f6e0f627212ff3bf59"},"gmDate":"2018/3/17","offLNm3":"Brown","offFNm3":"Tony","teamAbbr":"WAS","teamConf":"East","teamLoc":"Home","teamRslt":"Win","teamPTS":109,"teamAST":29,"teamTO":15,"teamSTL":9,"teamBLK":2,"teamPF":17,"teamFGA":73,"teamFGM":40,"team2PA":53,"team2PM":30,"team3PA":20,"team3PM":10,"teamFTA":23,"teamFTM":19,"teamORB":6,"teamDRB":32,"teamPTS1":25,"teamPTS2":32,"teamPTS3":29,"teamPTS4":23,"teamPTS5":0,"teamPTS6":0,"teamPTS7":0,"teamPTS8":0,"opptAbbr":"IND","opptConf":"East","opptLoc":"Away","opptRslt":"Loss","opptPTS":102,"opptAST":24,"opptTO":15,"opptSTL":7,"opptBLK":3,"opptPF":18,"opptFGA":86,"opptFGM":39,"oppt2PA":62,"oppt2PM":27,"oppt3PA":24,"oppt3PM":12,"opptFTA":15,"opptFTM":12,"opptORB":10,"opptDRB":27,"opptPTS1":20,"opptPTS2":25,"opptPTS3":26,"opptPTS4":31,"opptPTS5":0,"opptPTS6":0,"opptPTS7":0,"opptPTS8":0}
{"_id":{"$oid":"5cb552f6e0f627212ff3bf7c"},"gmDate":"2018/3/21","offLNm3":"Phillips","offFNm3":"Jason","teamAbbr":"SA","teamConf":"West","teamLoc":"Home","teamRslt":"Win","teamPTS":98,"teamAST":21,"teamTO":15,"teamSTL":7,"teamBLK":10,"teamPF":17,"teamFGA":79,"teamFGM":39,"team2PA":56,"team2PM":32,"team3PA":23,"team3PM":7,"teamFTA":18,"teamFTM":13,"teamORB":12,"teamDRB":30,"teamPTS1":18,"teamPTS2":32,"teamPTS3":27,"teamPTS4":21,"teamPTS5":0,"teamPTS6":0,"teamPTS7":0,"teamPTS8":0,"opptAbbr":"WAS","opptConf":"East","opptLoc":"Away","opptRslt":"Loss","opptPTS":90,"opptAST":27,"opptTO":14,"opptSTL":11,"opptBLK":4,"opptPF":16,"opptFGA":83,"opptFGM":35,"oppt2PA":58,"oppt2PM":27,"oppt3PA":25,"oppt3PM":8,"opptFTA":16,"opptFTM":12,"opptORB":9,"opptDRB":26,"opptPTS1":18,"opptPTS2":26,"opptPTS3":16,"opptPTS4":30,"opptPTS5":0,"opptPTS6":0,"opptPTS7":0,"opptPTS8":0}
{"_id":{"$oid":"5cb552f6e0f627212ff3bf85"},"gmDate":"2018/3/23","offLNm3":"Corbin","offFNm3":"Sean","teamAbbr":"WAS","teamConf":"East","teamLoc":"Home","teamRslt":"Loss","teamPTS":100,"teamAST":28,"teamTO":17,"teamSTL":3,"teamBLK":2,"teamPF":21,"teamFGA":80,"teamFGM":38,"team2PA":52,"team2PM":24,"team3PA":28,"team3PM":14,"teamFTA":14,"teamFTM":10,"teamORB":8,"teamDRB":38,"teamPTS1":16,"teamPTS2":27,"teamPTS3":33,"teamPTS4":24,"teamPTS5":0,"teamPTS6":0,"teamPTS7":0,"teamPTS8":0,"opptAbbr":"DEN","opptConf":"West","opptLoc":"Away","opptRslt":"Win","opptPTS":108,"opptAST":25,"opptTO":10,"opptSTL":5,"opptBLK":10,"opptPF":16,"opptFGA":85,"opptFGM":37,"oppt2PA":51,"oppt2PM":20,"oppt3PA":34,"oppt3PM":17,"opptFTA":18,"opptFTM":17,"opptORB":7,"opptDRB":31,"opptPTS1":23,"opptPTS2":32,"opptPTS3":23,"opptPTS4":30,"opptPTS5":0,"opptPTS6":0,"opptPTS7":0,"opptPTS8":0}
{"_id":{"$oid":"5cb552f6e0f627212ff3bf99"},"gmDate":"2018/3/25","offLNm3":"Callahan","offFNm3":"Mike","teamAbbr":"WAS","teamConf":"East","teamLoc":"Home","teamRslt":"Loss","teamPTS":97,"teamAST":25,"teamTO":14,"teamSTL":10,"teamBLK":7,"teamPF":16,"teamFGA":87,"teamFGM":37,"team2PA":68,"team2PM":31,"team3PA":19,"team3PM":6,"teamFTA":23,"teamFTM":17,"teamORB":14,"teamDRB":32,"teamPTS1":21,"teamPTS2":32,"teamPTS3":18,"teamPTS4":26,"teamPTS5":0,"teamPTS6":0,"teamPTS7":0,"teamPTS8":0,"opptAbbr":"NY","opptConf":"East","opptLoc":"Away","opptRslt":"Win","opptPTS":101,"opptAST":26,"opptTO":15,"opptSTL":10,"opptBLK":6,"opptPF":19,"opptFGA":88,"opptFGM":41,"oppt2PA":66,"oppt2PM":35,"oppt3PA":22,"oppt3PM":6,"opptFTA":15,"opptFTM":13,"opptORB":10,"opptDRB":34,"opptPTS1":19,"opptPTS2":42,"opptPTS3":16,"opptPTS4":24,"opptPTS5":0,"opptPTS6":0,"opptPTS7":0,"opptPTS8":0}
{"_id":{"$oid":"5cb552f6e0f627212ff3bfa2"},"gmDate":"2018/3/27","offLNm3":"Boland","offFNm3":"Matt","teamAbbr":"WAS","teamConf":"East","teamLoc":"Home","teamRslt":"Win","teamPTS":116,"teamAST":33,"teamTO":16,"teamSTL":5,"teamBLK":7,"teamPF":27,"teamFGA":85,"teamFGM":46,"team2PA":61,"team2PM":36,"team3PA":24,"team3PM":10,"teamFTA":18,"teamFTM":14,"teamORB":10,"teamDRB":40,"teamPTS1":21,"teamPTS2":38,"teamPTS3":29,"teamPTS4":28,"teamPTS5":0,"teamPTS6":0,"teamPTS7":0,"teamPTS8":0,"opptAbbr":"SA","opptConf":"West","opptLoc":"Away","opptRslt":"Loss","opptPTS":106,"opptAST":29,"opptTO":8,"opptSTL":7,"opptBLK":5,"opptPF":17,"opptFGA":87,"opptFGM":39,"oppt2PA":62,"oppt2PM":29,"oppt3PA":25,"oppt3PM":10,"opptFTA":33,"opptFTM":18,"opptORB":10,"opptDRB":27,"opptPTS1":24,"opptPTS2":21,"opptPTS3":21,"opptPTS4":40,"opptPTS5":0,"opptPTS6":0,"opptPTS7":0,"opptPTS8":0}
{"_id":{"$oid":"5cb552f6e0f627212ff3bfb2"},"gmDate":"2018/3/29","offLNm3":"Foster","offFNm3":"Scott","teamAbbr":"DET","teamConf":"East","teamLoc":"Home","teamRslt":"Win","teamPTS":103,"teamAST":26,"teamTO":18,"teamSTL":9,"teamBLK":3,"teamPF":14,"teamFGA":84,"teamFGM":41,"team2PA":63,"team2PM":35,"team3PA":21,"team3PM":6,"teamFTA":20,"teamFTM":15,"teamORB":10,"teamDRB":34,"teamPTS1":23,"teamPTS2":26,"teamPTS3":32,"teamPTS4":22,"teamPTS5":0,"teamPTS6":0,"teamPTS7":0,"teamPTS8":0,"opptAbbr":"WAS","opptConf":"East","opptLoc":"Away","opptRslt":"Loss","opptPTS":92,"opptAST":28,"opptTO":15,"opptSTL":9,"opptBLK":6,"opptPF":19,"opptFGA":89,"opptFGM":37,"oppt2PA":57,"oppt2PM":31,"oppt3PA":32,"oppt3PM":6,"opptFTA":15,"opptFTM":12,"opptORB":12,"opptDRB":31,"opptPTS1":24,"opptPTS2":25,"opptPTS3":17,"opptPTS4":26,"opptPTS5":0,"opptPTS6":0,"opptPTS7":0,"opptPTS8":0}
{"_id":{"$oid":"5cb552f6e0f627212ff3bfc0"},"gmDate":"2018/3/31","offLNm3":"Brown","offFNm3":"Tony","teamAbbr":"WAS","teamConf":"East","teamLoc":"Home","teamRslt":"Win","teamPTS":107,"teamAST":30,"teamTO":12,"teamSTL":11,"teamBLK":4,"teamPF":23,"teamFGA":88,"teamFGM":40,"team2PA":49,"team2PM":22,"team3PA":39,"team3PM":18,"teamFTA":12,"teamFTM":9,"teamORB":11,"teamDRB":33,"teamPTS1":30,"teamPTS2":20,"teamPTS3":37,"teamPTS4":20,"teamPTS5":0,"teamPTS6":0,"teamPTS7":0,"teamPTS8":0,"opptAbbr":"CHA","opptConf":"East","opptLoc":"Away","opptRslt":"Loss","opptPTS":93,"opptAST":22,"opptTO":17,"opptSTL":6,"opptBLK":2,"opptPF":14,"opptFGA":77,"opptFGM":35,"oppt2PA":54,"oppt2PM":29,"oppt3PA":23,"oppt3PM":6,"opptFTA":27,"opptFTM":17,"opptORB":9,"opptDRB":37,"opptPTS1":27,"opptPTS2":24,"opptPTS3":23,"opptPTS4":19,"opptPTS5":0,"opptPTS6":0,"opptPTS7":0,"opptPTS8":0}
{"_id":{"$oid":"5cb552f6e0f627212ff3bfc6"},"gmDate":"2018/4/1","offLNm3":"Stafford","offFNm3":"Derrick","teamAbbr":"CHI","teamConf":"East","teamLoc":"Home","teamRslt":"Win","teamPTS":113,"teamAST":30,"teamTO":17,"teamSTL":7,"teamBLK":1,"teamPF":17,"teamFGA":82,"teamFGM":43,"team2PA":48,"team2PM":25,"team3PA":34,"team3PM":18,"teamFTA":13,"teamFTM":9,"teamORB":6,"teamDRB":34,"teamPTS1":36,"teamPTS2":32,"teamPTS3":19,"teamPTS4":26,"teamPTS5":0,"teamPTS6":0,"teamPTS7":0,"teamPTS8":0,"opptAbbr":"WAS","opptConf":"East","opptLoc":"Away","opptRslt":"Loss","opptPTS":94,"opptAST":27,"opptTO":17,"opptSTL":5,"opptBLK":4,"opptPF":12,"opptFGA":81,"opptFGM":37,"oppt2PA":51,"oppt2PM":29,"oppt3PA":30,"oppt3PM":8,"opptFTA":12,"opptFTM":12,"opptORB":6,"opptDRB":31,"opptPTS1":27,"opptPTS2":32,"opptPTS3":16,"opptPTS4":19,"opptPTS5":0,"opptPTS6":0,"opptPTS7":0,"opptPTS8":0}
{"_id":{"$oid":"5cb552f6e0f627212ff3bfd7"},"gmDate":"2018/4/3","offLNm3":"Davis","offFNm3":"Marc","teamAbbr":"HOU","teamConf":"West","teamLoc":"Home","teamRslt":"Win","teamPTS":120,"teamAST":26,"teamTO":12,"teamSTL":13,"teamBLK":3,"teamPF":14,"teamFGA":84,"teamFGM":43,"team2PA":38,"team2PM":27,"team3PA":46,"team3PM":16,"teamFTA":27,"teamFTM":18,"teamORB":10,"teamDRB":36,"teamPTS1":35,"teamPTS2":36,"teamPTS3":24,"teamPTS4":25,"teamPTS5":0,"teamPTS6":0,"teamPTS7":0,"teamPTS8":0,"opptAbbr":"WAS","opptConf":"East","opptLoc":"Away","opptRslt":"Loss","opptPTS":104,"opptAST":25,"opptTO":17,"opptSTL":6,"opptBLK":1,"opptPF":21,"opptFGA":72,"opptFGM":38,"oppt2PA":47,"oppt2PM":26,"oppt3PA":25,"oppt3PM":12,"opptFTA":23,"opptFTM":16,"opptORB":3,"opptDRB":33,"opptPTS1":24,"opptPTS2":25,"opptPTS3":26,"opptPTS4":29,"opptPTS5":0,"opptPTS6":0,"opptPTS7":0,"opptPTS8":0}
{"_id":{"$oid":"5cb552f6e0f627212ff3bfe6"},"gmDate":"2018/4/5","offLNm3":"Richardson","offFNm3":"Derek","teamAbbr":"CLE","teamConf":"East","teamLoc":"Home","teamRslt":"Win","teamPTS":119,"teamAST":26,"teamTO":16,"teamSTL":10,"teamBLK":3,"teamPF":14,"teamFGA":77,"teamFGM":42,"team2PA":50,"team2PM":29,"team3PA":27,"team3PM":13,"teamFTA":28,"teamFTM":22,"teamORB":5,"teamDRB":30,"teamPTS1":39,"teamPTS2":20,"teamPTS3":23,"teamPTS4":37,"teamPTS5":0,"teamPTS6":0,"teamPTS7":0,"teamPTS8":0,"opptAbbr":"WAS","opptConf":"East","opptLoc":"Away","opptRslt":"Loss","opptPTS":115,"opptAST":34,"opptTO":15,"opptSTL":8,"opptBLK":7,"opptPF":23,"opptFGA":94,"opptFGM":47,"oppt2PA":73,"oppt2PM":38,"oppt3PA":21,"oppt3PM":9,"opptFTA":14,"opptFTM":12,"opptORB":12,"opptDRB":29,"opptPTS1":26,"opptPTS2":28,"opptPTS3":36,"opptPTS4":25,"opptPTS5":0,"opptPTS6":0,"opptPTS7":0,"opptPTS8":0}
{"_id":{"$oid":"5cb552f6e0f627212ff3bfed"},"gmDate":"2018/4/6","offLNm3":"Malloy","offFNm3":"Ed","teamAbbr":"WAS","teamConf":"East","teamLoc":"Home","teamRslt":"Loss","teamPTS":97,"teamAST":18,"teamTO":12,"teamSTL":8,"teamBLK":4,"teamPF":15,"teamFGA":87,"teamFGM":35,"team2PA":62,"team2PM":26,"team3PA":25,"team3PM":9,"teamFTA":23,"teamFTM":18,"teamORB":9,"teamDRB":36,"teamPTS1":22,"teamPTS2":26,"teamPTS3":29,"teamPTS4":20,"teamPTS5":0,"teamPTS6":0,"teamPTS7":0,"teamPTS8":0,"opptAbbr":"ATL","opptConf":"East","opptLoc":"Away","opptRslt":"Win","opptPTS":103,"opptAST":24,"opptTO":18,"opptSTL":5,"opptBLK":5,"opptPF":22,"opptFGA":79,"opptFGM":38,"oppt2PA":46,"oppt2PM":27,"oppt3PA":33,"oppt3PM":11,"opptFTA":23,"opptFTM":16,"opptORB":7,"opptDRB":43,"opptPTS1":21,"opptPTS2":31,"opptPTS3":29,"opptPTS4":22,"opptPTS5":0,"opptPTS6":0,"opptPTS7":0,"opptPTS8":0}
{"_id":{"$oid":"5cb552f6e0f627212ff3c00d"},"gmDate":"2018/4/10","offLNm3":"Zarba","offFNm3":"Zach","teamAbbr":"WAS","teamConf":"East","teamLoc":"Home","teamRslt":"Win","teamPTS":113,"teamAST":32,"teamTO":20,"teamSTL":8,"teamBLK":3,"teamPF":24,"teamFGA":83,"teamFGM":41,"team2PA":53,"team2PM":26,"team3PA":30,"team3PM":15,"teamFTA":20,"teamFTM":16,"teamORB":10,"teamDRB":41,"teamPTS1":22,"teamPTS2":30,"teamPTS3":27,"teamPTS4":34,"teamPTS5":0,"teamPTS6":0,"teamPTS7":0,"teamPTS8":0,"opptAbbr":"BOS","opptConf":"East","opptLoc":"Away","opptRslt":"Loss","opptPTS":101,"opptAST":22,"opptTO":17,"opptSTL":14,"opptBLK":1,"opptPF":18,"opptFGA":87,"opptFGM":33,"oppt2PA":54,"oppt2PM":20,"oppt3PA":33,"oppt3PM":13,"opptFTA":27,"opptFTM":22,"opptORB":13,"opptDRB":31,"opptPTS1":30,"opptPTS2":24,"opptPTS3":18,"opptPTS4":29,"opptPTS5":0,"opptPTS6":0,"opptPTS7":0,"opptPTS8":0}
{"_id":{"$oid":"5cb552f6e0f627212ff3c018"},"gmDate":"2018/4/11","offLNm3":"Corbin","offFNm3":"Sean","teamAbbr":"ORL","teamConf":"East","teamLoc":"Home","teamRslt":"Win","teamPTS":101,"teamAST":20,"teamTO":16,"teamSTL":6,"teamBLK":7,"teamPF":27,"teamFGA":77,"teamFGM":33,"team2PA":45,"team2PM":20,"team3PA":32,"team3PM":13,"teamFTA":27,"teamFTM":22,"teamORB":6,"teamDRB":36,"teamPTS1":26,"teamPTS2":29,"teamPTS3":21,"teamPTS4":25,"teamPTS5":0,"teamPTS6":0,"teamPTS7":0,"teamPTS8":0,"opptAbbr":"WAS","opptConf":"East","opptLoc":"Away","opptRslt":"Loss","opptPTS":92,"opptAST":17,"opptTO":12,"opptSTL":5,"opptBLK":1,"opptPF":25,"opptFGA":95,"opptFGM":33,"oppt2PA":61,"oppt2PM":23,"oppt3PA":34,"oppt3PM":10,"opptFTA":27,"opptFTM":16,"opptORB":18,"opptDRB":32,"opptPTS1":23,"opptPTS2":22,"opptPTS3":30,"opptPTS4":17,"opptPTS5":0,"opptPTS6":0,"opptPTS7":0,"opptPTS8":0}
